ENSG00000186092	1	65417	71587
ENSG00000237683	1	134899	139381
ENSG00000235249	1	367638	368636
ENSG00000284662	1	621094	622036
ENSG00000187634	1	859273	879972
ENSG00000188976	1	878905	896096
ENSG00000187961	1	895933	901103
ENSG00000187583	1	901815	911247
ENSG00000187642	1	910572	917519
ENSG00000188290	1	934340	936207
ENSG00000187608	1	936516	949922
ENSG00000188157	1	955447	991501
ENSG00000237330	1	1006345	1009688
ENSG00000131591	1	1017189	1051743
ENSG00000162571	1	1109258	1133322
ENSG00000186891	1	1138886	1142196
ENSG00000186827	1	1146704	1149535
ENSG00000078808	1	1152265	1176346
ENSG00000176022	1	1167615	1170423
ENSG00000184163	1	1177824	1182316
ENSG00000160087	1	1189285	1209859
ENSG00000162572	1	1215814	1227411
ENSG00000131584	1	1227754	1244991
ENSG00000169972	1	1243925	1247061
ENSG00000127054	1	1246963	1260070
ENSG00000224051	1	1260134	1264279
ENSG00000169962	1	1266653	1270696
ENSG00000107404	1	1270653	1285344
ENSG00000162576	1	1288061	1297182
ENSG00000175756	1	1309088	1310903
ENSG00000221978	1	1321087	1336291
ENSG00000242485	1	1337285	1342688
ENSG00000235098	1	1351015	1357151
ENSG00000205116	1	1361249	1365637
ENSG00000179403	1	1370239	1381394
ENSG00000215915	1	1385067	1405545
ENSG00000160072	1	1407120	1433230
ENSG00000197785	1	1447496	1470071
ENSG00000205090	1	1470156	1476006
ENSG00000160075	1	1477051	1510269
ENSG00000228594	1	1533390	1535517
ENSG00000197530	1	1550811	1565992
ENSG00000189409	1	1567037	1570641
ENSG00000248333	1	1570599	1590730
ENSG00000189339	1	1590988	1624500
ENSG00000008128	1	1633816	1656012
ENSG00000008130	1	1682669	1711985
ENSG00000078369	1	1716722	1823733
ENSG00000169885	1	1846518	1848737
ENSG00000178821	1	1849026	1850770
ENSG00000142609	1	1853388	1935278
ENSG00000187730	1	1950742	1962199
ENSG00000067606	1	1981833	2117162
ENSG00000162585	1	2115848	2144161
ENSG00000157933	1	2158825	2241654
ENSG00000116151	1	2250645	2323163
ENSG00000157916	1	2322107	2336885
ENSG00000157911	1	2335221	2345238
ENSG00000149527	1	2357417	2437248
ENSG00000157881	1	2439968	2458058
ENSG00000197921	1	2460182	2461712
ENSG00000157873	1	2485681	2496823
ENSG00000157870	1	2517928	2522911
ENSG00000142606	1	2522076	2564460
ENSG00000215912	1	2568423	2718260
ENSG00000169717	1	2938029	2939469
ENSG00000142611	1	2985565	3355187
ENSG00000130762	1	3371112	3402534
ENSG00000162591	1	3404504	3528109
ENSG00000158109	1	3541541	3546697
ENSG00000116213	1	3547329	3569327
ENSG00000078900	1	3568869	3652767
ENSG00000162592	1	3663022	3688211
ENSG00000235169	1	3689210	3698744
ENSG00000130764	1	3695121	3713083
ENSG00000116198	1	3728648	3774289
ENSG00000169598	1	3773804	3802057
ENSG00000198912	1	3805687	3816863
ENSG00000196581	1	4714647	4852596
ENSG00000131697	1	5922862	6053517
ENSG00000069424	1	6050985	6161255
ENSG00000116254	1	6161845	6240418
ENSG00000285629	1	6219488	6257819
ENSG00000116251	1	6245078	6269451
ENSG00000158286	1	6265450	6284696
ENSG00000116237	1	6281251	6296059
ENSG00000173673	1	6301539	6306718
ENSG00000158292	1	6307405	6321166
ENSG00000097021	1	6324326	6453851
ENSG00000069812	1	6472476	6484752
ENSG00000187017	1	6484828	6521429
ENSG00000215788	1	6520844	6526252
ENSG00000171680	1	6527180	6580136
ENSG00000162408	1	6581405	6614598
ENSG00000173662	1	6615361	6639817
ENSG00000204859	1	6640052	6649352
ENSG00000162413	1	6650782	6674669
ENSG00000116273	1	6673781	6684092
ENSG00000041988	1	6684903	6695674
ENSG00000007923	1	6694225	6761986
ENSG00000171735	1	6845490	7829768
ENSG00000049245	1	7831322	7841509
ENSG00000049246	1	7844241	7905243
ENSG00000049247	1	7903066	7913574
ENSG00000049249	1	7975929	8003227
ENSG00000116288	1	8012712	8046053
ENSG00000116285	1	8063254	8086380
ENSG00000162426	1	8378139	8404358
ENSG00000142599	1	8412455	8908982
ENSG00000074800	1	8914100	8939369
ENSG00000131686	1	9005924	9035153
ENSG00000197241	1	9063030	9086484
ENSG00000142583	1	9095163	9148539
ENSG00000180758	1	9160362	9189261
ENSG00000049239	1	9294796	9338278
ENSG00000171621	1	9352158	9429593
ENSG00000171612	1	9599494	9645233
ENSG00000188807	1	9648774	9674939
ENSG00000171608	1	9689945	9790179
ENSG00000171603	1	9788967	9884053
ENSG00000178585	1	9908325	9970438
ENSG00000162441	1	9982169	10003467
ENSG00000173614	1	10003484	10056958
ENSG00000162444	1	10057106	10076082
ENSG00000130939	1	10092888	10241304
ENSG00000054523	1	10270537	10441666
ENSG00000142657	1	10458647	10480570
ENSG00000251503	1	10490157	10512212
ENSG00000175279	1	10490445	10502872
ENSG00000241563	1	10510065	10512142
ENSG00000160049	1	10516577	10532641
ENSG00000142655	1	10532343	10690817
ENSG00000130940	1	10696656	10856717
ENSG00000175262	1	11006526	11042135
ENSG00000120948	1	11072399	11098050
ENSG00000009724	1	11082064	11107332
ENSG00000116649	1	11114639	11120137
ENSG00000171824	1	11126668	11159966
ENSG00000198793	1	11166586	11322615
ENSG00000171819	1	11249403	11256040
ENSG00000120942	1	11333244	11357163
ENSG00000204624	1	11538960	11597642
ENSG00000116661	1	11697073	11715844
ENSG00000132879	1	11710673	11723386
ENSG00000116670	1	11717285	11752664
ENSG00000116663	1	11724196	11734413
ENSG00000162490	1	11751013	11785916
ENSG00000177674	1	11796125	11814861
ENSG00000215910	1	11821842	11849644
ENSG00000177000	1	11845778	11866514
ENSG00000011021	1	11866151	11908139
ENSG00000175206	1	11905756	11908404
ENSG00000120937	1	11917509	11919707
ENSG00000116685	1	11979645	11986487
ENSG00000083444	1	11994260	12035601
ENSG00000116688	1	12040236	12075270
ENSG00000116691	1	12079521	12092107
ENSG00000120949	1	12123134	12204280
ENSG00000028137	1	12227025	12269287
ENSG00000048707	1	12290062	12572101
ENSG00000162496	1	12623646	12680191
ENSG00000204518	1	12704102	12727089
ENSG00000188984	1	12776110	12788729
ENSG00000157330	1	12806140	12823849
ENSG00000116726	1	12833879	12838051
ENSG00000116721	1	12851544	12856779
ENSG00000204513	1	12884466	12891266
ENSG00000179172	1	12907228	12908575
ENSG00000120952	1	12916939	12921766
ENSG00000243073	1	12939031	12946027
ENSG00000187545	1	12952079	12958103
ENSG00000204510	1	12976428	12980573
ENSG00000232423	1	12998300	13007408
ENSG00000204508	1	13035541	13038383
ENSG00000239810	1	13052392	13053000
ENSG00000275774	1	13182958	13184328
ENSG00000229571	1	13216354	13219583
ENSG00000204503	1	13328194	13331694
ENSG00000204502	1	13359817	13369059
ENSG00000182330	1	13386644	13390767
ENSG00000204501	1	13421174	13428193
ENSG00000279169	1	13447427	13452658
ENSG00000204491	1	13474687	13477524
ENSG00000204488	1	13495252	13498262
ENSG00000204486	1	13516064	13526945
ENSG00000157358	1	13641971	13648990
ENSG00000204481	1	13668267	13673513
ENSG00000204480	1	13694887	13698407
ENSG00000204479	1	13716090	13719091
ENSG00000204478	1	13736905	13747805
ENSG00000162494	1	13801439	13841023
ENSG00000162493	1	13909958	13944457
ENSG00000116731	1	14026482	14151590
ENSG00000189337	1	14219285	15444541
ENSG00000171729	1	15478992	15546982
ENSG00000142621	1	15563015	15726781
ENSG00000142634	1	15736066	15756841
ENSG00000162438	1	15764936	15775739
ENSG00000142615	1	15783221	15798590
ENSG00000215704	1	15792402	15817897
ENSG00000132906	1	15816217	15853031
ENSG00000116138	1	15853306	15918876
ENSG00000116771	1	15898192	15911581
ENSG00000197312	1	15943909	15995541
ENSG00000215695	1	15986206	15988530
ENSG00000116786	1	16007954	16061268
ENSG00000162461	1	16062669	16067889
ENSG00000162460	1	16068981	16074479
ENSG00000162458	1	16083097	16113091
ENSG00000233954	1	16133662	16135845
ENSG00000065526	1	16162588	16266953
ENSG00000116809	1	16266641	16302629
ENSG00000183888	1	16330722	16335879
ENSG00000173641	1	16340511	16347094
ENSG00000186510	1	16344639	16360606
ENSG00000184908	1	16366745	16383864
ENSG00000185519	1	16384262	16400161
ENSG00000142627	1	16450830	16482638
ENSG00000142632	1	16524347	16539390
ENSG00000204377	1	16555366	16556040
ENSG00000132881	1	16558185	16563711
ENSG00000037637	1	16573333	16678991
ENSG00000055070	1	16679068	16724644
ENSG00000187144	1	16713610	16763921
ENSG00000157191	1	16767157	16786589
ENSG00000268674	1	16865559	16866072
ENSG00000219481	1	16888812	16940059
ENSG00000237847	1	16999496	17000009
ENSG00000268991	1	17060445	17060958
ENSG00000058453	1	17066766	17299461
ENSG00000117122	1	17299426	17308113
ENSG00000159363	1	17312451	17338483
ENSG00000288636	1	17331561	17338254
ENSG00000117118	1	17345157	17380707
ENSG00000117115	1	17393254	17445956
ENSG00000142623	1	17531613	17572504
ENSG00000142619	1	17575586	17610730
ENSG00000159339	1	17634688	17690501
ENSG00000269468	1	17655505	17676072
ENSG00000276747	1	17698689	17728197
ENSG00000179051	1	17733249	17766490
ENSG00000074964	1	17865861	18024373
ENSG00000117148	1	18081803	18153560
ENSG00000117154	1	18433982	18704979
ENSG00000179023	1	18807422	18812470
ENSG00000009709	1	18957338	19075372
ENSG00000179002	1	19166091	19186156
ENSG00000255275	1	19175765	19247617
ENSG00000159423	1	19197917	19229295
ENSG00000169991	1	19230772	19283172
ENSG00000127481	1	19401002	19536825
ENSG00000127463	1	19542152	19578048
ENSG00000053372	1	19578047	19586624
ENSG00000211454	1	19592474	19600690
ENSG00000162482	1	19607548	19615319
ENSG00000040487	1	19614536	19658923
ENSG00000053371	1	19618015	19638645
ENSG00000077549	1	19665267	19812146
ENSG00000173436	1	19810895	19956317
ENSG00000158747	1	19923471	19985908
ENSG00000270136	1	19923559	19983422
ENSG00000158748	1	19991328	20007461
ENSG00000162542	1	20008698	20126995
ENSG00000178828	1	20140520	20141778
ENSG00000169914	1	20208859	20239440
ENSG00000188784	1	20246500	20250112
ENSG00000188257	1	20301922	20306957
ENSG00000127472	1	20354670	20418406
ENSG00000117215	1	20438430	20446061
ENSG00000158786	1	20465813	20476876
ENSG00000187980	1	20487744	20513019
ENSG00000162543	1	20509784	20522545
ENSG00000158816	1	20617366	20686029
ENSG00000162545	1	20808882	20812765
ENSG00000090432	1	20822213	20834658
ENSG00000183114	1	20879064	20881515
ENSG00000158825	1	20915389	20945408
ENSG00000158828	1	20959927	20978726
ENSG00000244038	1	20973958	20988039
ENSG00000117245	1	20990502	21044513
ENSG00000189410	1	21046215	21059332
ENSG00000127483	1	21064592	21113834
ENSG00000075151	1	21132480	21503780
ENSG00000117298	1	21543738	21672407
ENSG00000142794	1	21766344	21811500
ENSG00000162551	1	21835304	21905936
ENSG00000289715	1	21873895	21880497
ENSG00000076864	1	21922706	21996341
ENSG00000090686	1	22002012	22110113
ENSG00000187942	1	22138756	22151720
ENSG00000142798	1	22147084	22263813
ENSG00000219073	1	22303513	22325137
ENSG00000142789	1	22328148	22339037
ENSG00000289694	1	22351633	22419438
ENSG00000070831	1	22379118	22427855
ENSG00000162552	1	22443804	22470464
ENSG00000184677	1	22755329	22857652
ENSG00000070886	1	22889952	22930090
ENSG00000173372	1	22961548	22966696
ENSG00000289692	1	22962997	22970562
ENSG00000159189	1	22969049	22974617
ENSG00000173369	1	22979204	22988132
ENSG00000133216	1	23037289	23247995
ENSG00000215906	1	23279534	23299361
ENSG00000227868	1	23337324	23345595
ENSG00000004487	1	23345886	23410199
ENSG00000169641	1	23410521	23504647
ENSG00000293565	1	23420817	23420871
ENSG00000179546	1	23516669	23544042
ENSG00000125944	1	23630262	23671153
ENSG00000125945	1	23685939	23696455
ENSG00000204219	1	23697082	23751664
ENSG00000088280	1	23755051	23811132
ENSG00000007968	1	23832913	23857735
ENSG00000117318	1	23883929	23887079
ENSG00000142676	1	24018173	24024918
ENSG00000011007	1	24069641	24088551
ENSG00000057757	1	24104853	24114724
ENSG00000011009	1	24117598	24122037
ENSG00000117308	1	24122087	24127296
ENSG00000117305	1	24128365	24165112
ENSG00000179163	1	24171565	24194853
ENSG00000188822	1	24197003	24239888
ENSG00000189266	1	24283327	24290268
ENSG00000188529	1	24288962	24307419
ENSG00000142661	1	24381310	24438682
ENSG00000142677	1	24446257	24469793
ENSG00000185436	1	24480656	24514451
ENSG00000158055	1	24526046	24690974
ENSG00000001460	1	24682318	24743426
ENSG00000001461	1	24740003	24803227
ENSG00000117602	1	24828808	24867532
ENSG00000184454	1	24882550	24935821
ENSG00000133226	1	24958205	24999774
ENSG00000169504	1	25071831	25170817
ENSG00000020633	1	25226000	25291614
ENSG00000117614	1	25547191	25559002
ENSG00000117616	1	25568737	25664737
ENSG00000187010	1	25598882	25656938
ENSG00000183726	1	25664404	25688855
ENSG00000188672	1	25688738	25756685
ENSG00000204178	1	25757342	25826702
ENSG00000157978	1	25870039	25917789
ENSG00000117643	1	25943277	26112699
ENSG00000162430	1	26126669	26144714
ENSG00000255054	1	26137959	26150237
ENSG00000117640	1	26145129	26162372
ENSG00000127423	1	26158402	26185956
ENSG00000182749	1	26187700	26202461
ENSG00000117632	1	26210670	26234963
ENSG00000158006	1	26286256	26325699
ENSG00000158008	1	26346373	26362957
ENSG00000158014	1	26363741	26372667
ENSG00000158022	1	26377790	26394929
ENSG00000175087	1	26437630	26452399
ENSG00000197245	1	26485522	26490455
ENSG00000282872	1	26490590	26495456
ENSG00000236782	1	26496005	26498325
ENSG00000142684	1	26496381	26497366
ENSG00000142675	1	26503948	26516379
ENSG00000188782	1	26517050	26529461
ENSG00000130695	1	26560158	26605307
ENSG00000142669	1	26605617	26608015
ENSG00000158062	1	26607817	26644856
ENSG00000169442	1	26644396	26647020
ENSG00000176092	1	26648187	26686573
ENSG00000176083	1	26688123	26701015
ENSG00000131914	1	26737277	26756221
ENSG00000117682	1	26758762	26797815
ENSG00000198830	1	26797984	26814030
ENSG00000117676	1	26856235	26901525
ENSG00000117713	1	27019725	27108597
ENSG00000060642	1	27113543	27127152
ENSG00000204160	1	27153157	27184097
ENSG00000175793	1	27189638	27190949
ENSG00000142751	1	27202621	27216776
ENSG00000198746	1	27216977	27226971
ENSG00000090273	1	27226727	27273379
ENSG00000131910	1	27237973	27240566
ENSG00000175707	1	27276045	27287281
ENSG00000253368	1	27320138	27329305
ENSG00000158246	1	27326622	27339377
ENSG00000090020	1	27425298	27493474
ENSG00000142784	1	27560265	27635208
ENSG00000186501	1	27648628	27662894
ENSG00000142765	1	27668498	27680430
ENSG00000142733	1	27681668	27693479
ENSG00000142748	1	27695597	27701413
ENSG00000174950	1	27705664	27709831
ENSG00000181773	1	27719116	27722320
ENSG00000158195	1	27730728	27816821
ENSG00000126705	1	27860544	27930944
ENSG00000000938	1	27937897	27962078
ENSG00000126709	1	27992573	27998725
ENSG00000009780	1	28052455	28089631
ENSG00000117758	1	28099662	28150963
ENSG00000117751	1	28157272	28178189
ENSG00000268552	1	28177083	28177257
ENSG00000130775	1	28199046	28213580
ENSG00000117748	1	28218033	28241264
ENSG00000130768	1	28261476	28285670
ENSG00000158156	1	28286097	28294607
ENSG00000158161	1	28296853	28415244
ENSG00000169403	1	28473675	28520596
ENSG00000126698	1	28525135	28559600
ENSG00000215902	1	28527011	28527154
ENSG00000269804	1	28527068	28527421
ENSG00000130770	1	28562581	28573421
ENSG00000130766	1	28585982	28609004
ENSG00000130772	1	28655511	28662489
ENSG00000204138	1	28696072	28826883
ENSG00000180198	1	28832442	28865814
ENSG00000180098	1	28879501	28905063
ENSG00000120656	1	28914339	28974878
ENSG00000188060	1	28918710	28922794
ENSG00000162419	1	28994790	29045867
ENSG00000198492	1	29063118	29096728
ENSG00000116329	1	29138599	29197781
ENSG00000159023	1	29213583	29446566
ENSG00000253304	1	29445936	29450449
ENSG00000116350	1	29474253	29508508
ENSG00000116353	1	29519167	29557472
ENSG00000060656	1	29563010	29653327
ENSG00000289710	1	31049500	31049674
ENSG00000162510	1	31184122	31196434
ENSG00000162511	1	31205304	31230704
ENSG00000162512	1	31342311	31381662
ENSG00000134644	1	31404350	31538840
ENSG00000084628	1	31651929	31712841
ENSG00000060688	1	31731887	31769672
ENSG00000121766	1	31769787	31843881
ENSG00000121769	1	31832428	31849699
ENSG00000168528	1	31882410	31907529
ENSG00000268950	1	31902190	31902616
ENSG00000142910	1	32041956	32053294
ENSG00000121764	1	32083259	32098121
ENSG00000162517	1	32095461	32110513
ENSG00000084636	1	32117846	32169990
ENSG00000121753	1	32192716	32230496
ENSG00000134668	1	32256020	32281625
ENSG00000184007	1	32372020	32410459
ENSG00000212673	1	32379172	32380747
ENSG00000288678	1	32385162	32403613
ENSG00000121774	1	32479286	32526453
ENSG00000121775	1	32537630	32568469
ENSG00000025800	1	32573627	32642166
ENSG00000084652	1	32643696	32663902
ENSG00000160050	1	32665982	32671056
ENSG00000160051	1	32671237	32674291
ENSG00000222046	1	32674678	32681799
ENSG00000160055	1	32680031	32687964
ENSG00000084623	1	32686676	32711000
ENSG00000183615	1	32712814	32714459
ENSG00000182866	1	32716843	32751773
ENSG00000116478	1	32757518	32799238
ENSG00000175130	1	32799163	32801844
ENSG00000162526	1	32817120	32829915
ENSG00000225828	1	32826869	32829881
ENSG00000160058	1	32830232	32860334
ENSG00000273274	1	32930646	32962289
ENSG00000254553	1	32930656	33066395
ENSG00000160062	1	33004733	33071544
ENSG00000176261	1	33065489	33116614
ENSG00000162521	1	33116642	33171502
ENSG00000162520	1	33145011	33169199
ENSG00000162522	1	33207295	33240573
ENSG00000134684	1	33240375	33283634
ENSG00000116497	1	33282007	33324482
ENSG00000160097	1	33327867	33338085
ENSG00000121905	1	33347097	33364044
ENSG00000121900	1	33360192	33367043
ENSG00000116514	1	33394635	33430541
ENSG00000267885	1	33439266	33439644
ENSG00000004455	1	33472159	33546599
ENSG00000142920	1	33546703	33589095
ENSG00000116525	1	33610998	33647695
ENSG00000160094	1	33721872	33766322
ENSG00000184389	1	33772365	33786701
ENSG00000134686	1	33787354	33896698
ENSG00000121903	1	33938066	33967245
ENSG00000121904	1	33979596	34631445
ENSG00000176256	1	34326074	34330394
ENSG00000142698	1	34632482	34684734
ENSG00000163866	1	35178336	35325433
ENSG00000189280	1	35220612	35224115
ENSG00000189433	1	35225339	35229327
ENSG00000188910	1	35246774	35251972
ENSG00000187513	1	35258591	35261359
ENSG00000116544	1	35327006	35395267
ENSG00000284773	1	35439955	35450916
ENSG00000243749	1	35446979	35450953
ENSG00000271741	1	35447132	35497344
ENSG00000163867	1	35451743	35497576
ENSG00000197056	1	35497771	35584421
ENSG00000116560	1	35641977	35659049
ENSG00000146463	1	35734263	35888816
ENSG00000142687	1	35859482	36023553
ENSG00000020129	1	36023041	36032877
ENSG00000116819	1	36038908	36061193
ENSG00000126067	1	36065140	36107171
ENSG00000142686	1	36179474	36184497
ENSG00000092853	1	36185801	36235605
ENSG00000134698	1	36273575	36323493
ENSG00000092847	1	36335407	36396135
ENSG00000126070	1	36396295	36538103
ENSG00000092850	1	36549679	36553881
ENSG00000116863	1	36554472	36561064
ENSG00000171812	1	36560838	36590837
ENSG00000054116	1	36602169	36621656
ENSG00000116871	1	36621140	36646452
ENSG00000054118	1	36689991	36770979
ENSG00000214193	1	36771913	36794943
ENSG00000142694	1	36787629	36789757
ENSG00000196182	1	36805219	36851535
ENSG00000181817	1	36854413	36863548
ENSG00000116885	1	36880872	36916094
ENSG00000116898	1	36921317	36930021
ENSG00000119535	1	36931268	36948925
ENSG00000163873	1	37261126	37500136
ENSG00000163874	1	37940095	37949982
ENSG00000163875	1	37955592	37980703
ENSG00000163877	1	38000048	38019907
ENSG00000163879	1	38022517	38032460
ENSG00000134697	1	38031480	38061558
ENSG00000169218	1	38076401	38101278
ENSG00000116922	1	38147240	38157970
ENSG00000134690	1	38158143	38175393
ENSG00000183317	1	38179550	38230829
ENSG00000185090	1	38259458	38270419
ENSG00000196449	1	38268615	38273890
ENSG00000197982	1	38272649	38275560
ENSG00000188786	1	38275244	38325288
ENSG00000230610	1	38292230	38293888
ENSG00000204084	1	38326366	38412915
ENSG00000183431	1	38422645	38456355
ENSG00000183386	1	38460064	38472054
ENSG00000183520	1	38474781	38490502
ENSG00000185668	1	38509499	38512467
ENSG00000116954	1	39303868	39325446
ENSG00000214114	1	39328026	39339062
ENSG00000274944	1	39330171	39347291
ENSG00000131233	1	39339739	39347261
ENSG00000158315	1	39351476	39407519
ENSG00000174574	1	39456924	39473366
ENSG00000168653	1	39491988	39515392
ENSG00000127603	1	39546986	39953429
ENSG00000183682	1	39956739	39995543
ENSG00000090621	1	40026379	40042574
ENSG00000163909	1	40074531	40105360
ENSG00000116981	1	40116899	40139002
ENSG00000116983	1	40144318	40157392
ENSG00000084072	1	40157852	40231782
ENSG00000116985	1	40222435	40254539
ENSG00000198754	1	40235193	40237022
ENSG00000043514	1	40303780	40349185
ENSG00000116990	1	40359267	40367930
ENSG00000168389	1	40420782	40437808
ENSG00000131236	1	40505405	40538441
ENSG00000131238	1	40538380	40562941
ENSG00000117000	1	40627027	40706597
ENSG00000188800	1	40711617	40717358
ENSG00000084073	1	40723711	40759873
ENSG00000049089	1	40766157	40783487
ENSG00000084070	1	40810520	40889000
ENSG00000187801	1	40915723	40929816
ENSG00000187815	1	40942903	40963005
ENSG00000164002	1	40974111	40984543
ENSG00000117010	1	40997227	41058939
ENSG00000117016	1	41086349	41131402
ENSG00000066136	1	41157240	41237280
ENSG00000117013	1	41249345	41306131
ENSG00000179862	1	41326724	41328037
ENSG00000171793	1	41444970	41522058
ENSG00000171790	1	41481259	41490225
ENSG00000010803	1	41491070	41707998
ENSG00000204060	1	41827592	41849264
ENSG00000127129	1	41944443	41966175
ENSG00000127124	1	41972034	42501598
ENSG00000284895	1	42050975	42094489
ENSG00000044012	1	42619069	42621493
ENSG00000197273	1	42628359	42630488
ENSG00000198815	1	42642204	42801586
ENSG00000177181	1	42846441	42889905
ENSG00000066185	1	42895984	42921926
ENSG00000127125	1	42921786	42939090
ENSG00000186409	1	42928890	43122863
ENSG00000171960	1	43123854	43142431
ENSG00000065978	1	43147813	43169478
ENSG00000164007	1	43198762	43205959
ENSG00000117385	1	43212004	43232757
ENSG00000164008	1	43232914	43247653
ENSG00000283580	1	43232961	43260166
ENSG00000274386	1	43250660	43282292
ENSG00000177868	1	43253993	43290483
ENSG00000164010	1	43282747	43311593
ENSG00000164011	1	43312242	43319696
ENSG00000117394	1	43391022	43424577
ENSG00000186973	1	43610822	43622069
ENSG00000117395	1	43627754	43736609
ENSG00000243710	1	43637995	43720031
ENSG00000179178	1	43735645	43739680
ENSG00000253313	1	43746940	43751581
ENSG00000066056	1	43766627	43790888
ENSG00000117400	1	43803477	43820139
ENSG00000117399	1	43824576	43828885
ENSG00000066322	1	43828810	43833748
ENSG00000159479	1	43849575	43855496
ENSG00000198198	1	43855551	43919920
ENSG00000178922	1	43916266	43919672
ENSG00000142949	1	43990755	44092252
ENSG00000066135	1	44114925	44171191
ENSG00000284989	1	44115818	44396688
ENSG00000126091	1	44171493	44396841
ENSG00000117407	1	44398942	44402918
ENSG00000117408	1	44412342	44433698
ENSG00000132768	1	44435645	44439047
ENSG00000117410	1	44440157	44443973
ENSG00000117411	1	44444613	44456847
ENSG00000196517	1	44455023	44497441
ENSG00000159214	1	44457022	44462203
ENSG00000171872	1	44584491	44601061
ENSG00000283039	1	44603491	44607305
ENSG00000178028	1	44679097	44695712
ENSG00000117419	1	44686740	44820941
ENSG00000187147	1	44870812	45117398
ENSG00000126106	1	45100907	45140293
ENSG00000198520	1	45140362	45191265
ENSG00000142945	1	45205480	45233441
ENSG00000142937	1	45240921	45244798
ENSG00000142959	1	45247506	45257224
ENSG00000173846	1	45265585	45271669
ENSG00000188396	1	45271555	45273091
ENSG00000222009	1	45274176	45283055
ENSG00000117425	1	45284824	45308927
ENSG00000070785	1	45316134	45452396
ENSG00000126107	1	45468210	45477043
ENSG00000126088	1	45476620	45481251
ENSG00000162415	1	45482065	45771883
ENSG00000186603	1	45792565	45794384
ENSG00000132781	1	45794833	45806567
ENSG00000288208	1	45794932	45956829
ENSG00000132773	1	45805608	45811297
ENSG00000070759	1	45809547	45956877
ENSG00000280670	1	45959533	45965837
ENSG00000132763	1	45965856	45979056
ENSG00000117450	1	45976584	46008490
ENSG00000117448	1	46016145	46035725
ENSG00000132780	1	46049246	46084579
ENSG00000159588	1	46085714	46089736
ENSG00000159592	1	46092954	46154082
ENSG00000159596	1	46153819	46183824
ENSG00000197429	1	46158040	46216479
ENSG00000086015	1	46252657	46501902
ENSG00000117461	1	46505810	46599020
ENSG00000278139	1	46509331	46642162
ENSG00000250719	1	46636687	46642162
ENSG00000117472	1	46639450	46662164
ENSG00000085998	1	46654351	46685979
ENSG00000171357	1	46668861	46689392
ENSG00000085999	1	46712131	46748133
ENSG00000132128	1	46726865	46769304
ENSG00000173660	1	46766570	46800584
ENSG00000117481	1	46806361	46834892
ENSG00000117480	1	46859935	46881428
ENSG00000197587	1	46955492	46981892
ENSG00000282881	1	46997836	47010240
ENSG00000162456	1	47011311	47017321
ENSG00000079277	1	47023077	47082524
ENSG00000142961	1	47073377	47082563
ENSG00000123472	1	47097741	47139541
ENSG00000186118	1	47134525	47139269
ENSG00000159658	1	47140329	47184820
ENSG00000142973	1	47223508	47335895
ENSG00000187048	1	47394532	47407268
ENSG00000186377	1	47489263	47516425
ENSG00000186160	1	47532901	47583992
ENSG00000162365	1	47603058	47640002
ENSG00000162366	1	47649252	47657072
ENSG00000162367	1	47681960	47697899
ENSG00000123473	1	47715809	47780566
ENSG00000162368	1	47799450	47874724
ENSG00000186790	1	47881955	47883726
ENSG00000186564	1	47903714	47906365
ENSG00000269113	1	48226198	48463065
ENSG00000273395	1	48226977	48227292
ENSG00000269709	1	48569304	48569880
ENSG00000117834	1	48688355	48714585
ENSG00000132122	1	48760660	48937953
ENSG00000186094	1	48998524	50489652
ENSG00000162373	1	49193189	49242694
ENSG00000227839	1	50459988	50461876
ENSG00000162374	1	50489699	50669446
ENSG00000142700	1	50883220	50889147
ENSG00000185104	1	50902698	51425962
ENSG00000123080	1	51426415	51441328
ENSG00000204006	1	51567891	51613760
ENSG00000123091	1	51701295	51754906
ENSG00000085831	1	51751982	51810795
ENSG00000085832	1	51819933	51985061
ENSG00000117859	1	52042849	52264101
ENSG00000078618	1	52253187	52344485
ENSG00000169213	1	52373626	52456420
ENSG00000117862	1	52485800	52521862
ENSG00000285839	1	52485823	52499024
ENSG00000198841	1	52497773	52499484
ENSG00000134717	1	52521869	52567127
ENSG00000157077	1	52607553	52814345
ENSG00000154222	1	52811384	52831992
ENSG00000085840	1	52836664	52870166
ENSG00000134748	1	52869730	52886900
ENSG00000134744	1	52873952	53019178
ENSG00000116157	1	53067950	53074817
ENSG00000182183	1	53098838	53135817
ENSG00000162377	1	53128555	53164043
ENSG00000162378	1	53192060	53293010
ENSG00000203995	1	53308181	53360672
ENSG00000121310	1	53361580	53392886
ENSG00000116171	1	53392925	53517382
ENSG00000174348	1	53526963	53559355
ENSG00000162383	1	53552849	53608312
ENSG00000157184	1	53662440	53679871
ENSG00000162384	1	53679769	53686331
ENSG00000162385	1	53692308	53704300
ENSG00000157193	1	53708034	53794143
ENSG00000293253	1	53878819	53905693
ENSG00000143006	1	53925062	53933163
ENSG00000174332	1	53971903	54204900
ENSG00000058804	1	54231131	54304257
ENSG00000058799	1	54313202	54356358
ENSG00000211452	1	54356910	54376761
ENSG00000081870	1	54377244	54412263
ENSG00000116212	1	54411716	54433843
ENSG00000203985	1	54472969	54483869
ENSG00000116209	1	54492352	54519179
ENSG00000116205	1	54518538	54578199
ENSG00000256407	1	54598357	54665748
ENSG00000157211	1	54598358	54619445
ENSG00000215883	1	54635317	54665748
ENSG00000248835	1	54635331	54637999
ENSG00000116221	1	54649712	54691164
ENSG00000157216	1	54690984	54879154
ENSG00000162390	1	55007928	55104890
ENSG00000162391	1	55074848	55089231
ENSG00000184313	1	55107425	55175941
ENSG00000271723	1	55107457	55207983
ENSG00000243725	1	55181489	55209140
ENSG00000162396	1	55222262	55230224
ENSG00000006555	1	55245383	55267183
ENSG00000162398	1	55271734	55308217
ENSG00000116133	1	55297933	55352899
ENSG00000143001	1	55352504	55457971
ENSG00000162399	1	55464577	55482847
ENSG00000169174	1	55505116	55530527
ENSG00000162402	1	55531893	55681428
ENSG00000284686	1	56639103	56990169
ENSG00000162407	1	56960421	57110976
ENSG00000162409	1	57110877	57181010
ENSG00000187889	1	57184460	57285410
ENSG00000157131	1	57320423	57383898
ENSG00000021852	1	57393953	57440058
ENSG00000173406	1	57460449	59012408
ENSG00000162600	1	58881054	59012512
ENSG00000184292	1	59041103	59042926
ENSG00000162601	1	59109110	59165782
ENSG00000177606	1	59242515	59249722
ENSG00000172456	1	59761580	60276321
ENSG00000134709	1	60280456	60342044
ENSG00000134716	1	60358961	60392502
ENSG00000162598	1	60452939	60539449
ENSG00000162599	1	61330929	61928462
ENSG00000162604	1	62139306	62191097
ENSG00000132849	1	62207961	62646227
ENSG00000240563	1	62659927	62700734
ENSG00000132854	1	62701835	62785107
ENSG00000162607	1	62901710	62920130
ENSG00000116641	1	62919967	63154222
ENSG00000132855	1	63063133	63073372
ENSG00000269624	1	63073435	63075251
ENSG00000125703	1	63249490	63331890
ENSG00000142856	1	63786553	64059394
ENSG00000088035	1	63787399	63906121
ENSG00000187140	1	63788236	63790801
ENSG00000203965	1	63988986	64038366
ENSG00000079739	1	64058820	64125918
ENSG00000185483	1	64239656	64647310
ENSG00000177414	1	64669304	64733053
ENSG00000158966	1	64935446	65158743
ENSG00000162437	1	65210542	65298918
ENSG00000162434	1	65298904	65533439
ENSG00000162433	1	65612583	65697881
ENSG00000116675	1	65713900	65881556
ENSG00000116678	1	65886224	66107244
ENSG00000213625	1	65886228	65901736
ENSG00000184588	1	66258195	66840267
ENSG00000118473	1	66998948	67216824
ENSG00000152760	1	67217422	67244736
ENSG00000172410	1	67263421	67266961
ENSG00000152763	1	67278566	67390575
ENSG00000198160	1	67390576	67455096
ENSG00000116704	1	67411586	67520085
ENSG00000203963	1	67557686	67697538
ENSG00000162594	1	67604588	67731558
ENSG00000081985	1	67773045	67864409
ENSG00000142864	1	67872070	67896103
ENSG00000116717	1	68150729	68156850
ENSG00000172380	1	68167142	68299496
ENSG00000162595	1	68511194	68517402
ENSG00000116729	1	68561079	68698805
ENSG00000116745	1	68894503	68916788
ENSG00000024526	1	68939833	68962915
ENSG00000033122	1	70033552	70617630
ENSG00000066557	1	70608896	70671350
ENSG00000116754	1	70671351	70718737
ENSG00000118454	1	70724680	70820432
ENSG00000116761	1	70871875	70909204
ENSG00000050628	1	71317986	71513508
ENSG00000132485	1	71528932	71546974
ENSG00000172260	1	71861624	72748224
ENSG00000162620	1	74491697	74663882
ENSG00000254685	1	74663892	74700101
ENSG00000259030	1	74663917	75010079
ENSG00000116783	1	74700967	75010118
ENSG00000162621	1	74935058	74978297
ENSG00000178965	1	75033799	75139608
ENSG00000116791	1	75166211	75198814
ENSG00000162623	1	75198796	75233241
ENSG00000162624	1	75594117	75627220
ENSG00000137968	1	75667812	76076801
ENSG00000117054	1	76190114	76253262
ENSG00000137955	1	76251854	76261024
ENSG00000057468	1	76262565	76378929
ENSG00000154007	1	76384556	76398096
ENSG00000184005	1	76540385	77100290
ENSG00000117069	1	77333008	77533536
ENSG00000142892	1	77554664	77685195
ENSG00000154027	1	77747536	78025653
ENSG00000036549	1	78028099	78149237
ENSG00000077254	1	78160407	78225591
ENSG00000180488	1	78245302	78345282
ENSG00000162614	1	78353857	78409585
ENSG00000162613	1	78409738	78445213
ENSG00000162616	1	78444752	78485550
ENSG00000137960	1	78445224	78604149
ENSG00000122420	1	78769566	79006388
ENSG00000137959	1	79085585	79111832
ENSG00000137965	1	79112761	79130099
ENSG00000162618	1	79353856	79747811
ENSG00000117114	1	81771782	82459626
ENSG00000137941	1	84330705	84465098
ENSG00000142875	1	84543630	84705365
ENSG00000203943	1	84764047	84855642
ENSG00000137976	1	84864165	84881329
ENSG00000117133	1	84944926	84965362
ENSG00000174021	1	84955088	84972922
ENSG00000122432	1	84971172	85033064
ENSG00000117151	1	85007669	85040169
ENSG00000117155	1	85108802	85156640
ENSG00000171517	1	85277222	85359225
ENSG00000153898	1	85391264	85462824
ENSG00000162643	1	85464828	85598959
ENSG00000055732	1	85483763	85514572
ENSG00000097096	1	85622192	85667436
ENSG00000162642	1	85715634	85725371
ENSG00000142867	1	85731457	85742325
ENSG00000153904	1	85784162	86044048
ENSG00000142871	1	86045797	86050274
ENSG00000117174	1	86115098	86174118
ENSG00000171502	1	86194189	86622628
ENSG00000122417	1	86812505	86862028
ENSG00000137975	1	86889164	86922238
ENSG00000016490	1	86934049	86967086
ENSG00000016602	1	87012757	87046443
ENSG00000097033	1	87170191	87213869
ENSG00000183291	1	87326895	87380109
ENSG00000153936	1	87380298	87576446
ENSG00000267561	1	87458690	87634889
ENSG00000143013	1	87794109	87814608
ENSG00000065243	1	89149899	89301940
ENSG00000137947	1	89274007	89357629
ENSG00000137944	1	89386718	89458687
ENSG00000213516	1	89444494	89458687
ENSG00000117226	1	89472347	89488579
ENSG00000117228	1	89516816	89538454
ENSG00000162645	1	89571813	89616141
ENSG00000213512	1	89595916	89641768
ENSG00000162654	1	89646825	89664638
ENSG00000154451	1	89721870	89738577
ENSG00000183347	1	89829452	89853721
ENSG00000197147	1	89989717	90063422
ENSG00000288629	1	90045149	90045215
ENSG00000171488	1	90098250	90235464
ENSG00000271949	1	90098697	90398811
ENSG00000171492	1	90286530	90402172
ENSG00000162664	1	90460667	90501109
ENSG00000143032	1	91177082	91183514
ENSG00000122482	1	91378007	91487935
ENSG00000162669	1	91726316	91870415
ENSG00000097046	1	91966090	91993502
ENSG00000069702	1	92145898	92371894
ENSG00000137948	1	92414898	92479985
ENSG00000172031	1	92494982	92529287
ENSG00000230667	1	92540088	92540970
ENSG00000189195	1	92545860	92650284
ENSG00000203910	1	92683470	92711372
ENSG00000174842	1	92711341	92764568
ENSG00000122484	1	92764565	92904246
ENSG00000162676	1	92937915	92952484
ENSG00000067208	1	92974251	93257983
ENSG00000154511	1	93296069	93427081
ENSG00000122406	1	93297545	93307483
ENSG00000117500	1	93520377	93646690
ENSG00000143033	1	93544790	93605430
ENSG00000122483	1	93645313	93744607
ENSG00000117505	1	93811433	93835052
ENSG00000137942	1	93913605	94020220
ENSG00000137936	1	94026733	94313046
ENSG00000067334	1	94331838	94345476
ENSG00000023909	1	94350753	94375212
ENSG00000198691	1	94458388	94586735
ENSG00000137962	1	94614542	94740626
ENSG00000117528	1	94883593	94984907
ENSG00000117525	1	94993817	95007409
ENSG00000143036	1	95285832	95360804
ENSG00000117519	1	95362503	95393307
ENSG00000172339	1	95439959	95538541
ENSG00000152078	1	95562224	95663165
ENSG00000271092	1	95583477	95712783
ENSG00000122481	1	95699621	95713249
ENSG00000117569	1	97186838	97289296
ENSG00000188641	1	97543297	98460558
ENSG00000162627	1	99127179	99243275
ENSG00000117598	1	99355799	99693487
ENSG00000117600	1	99729812	99775148
ENSG00000099260	1	100111053	100160736
ENSG00000156869	1	100169524	100232200
ENSG00000162688	1	100315331	100389985
ENSG00000117620	1	100434905	100501192
ENSG00000283761	1	100435565	100548879
ENSG00000156875	1	100503630	100549506
ENSG00000156876	1	100549117	100598513
ENSG00000122435	1	100598597	100616708
ENSG00000122477	1	100612076	100643864
ENSG00000137992	1	100647776	100715431
ENSG00000137996	1	100731708	100758327
ENSG00000079335	1	100791183	100986122
ENSG00000181656	1	101003659	101007579
ENSG00000162692	1	101185238	101204603
ENSG00000162694	1	101336925	101361558
ENSG00000162695	1	101361615	101462185
ENSG00000117543	1	101391840	101491675
ENSG00000269175	1	101455759	101457655
ENSG00000170989	1	101700920	101709307
ENSG00000118733	1	102251824	102462782
ENSG00000060718	1	103342021	103574430
ENSG00000185946	1	104068292	104097863
ENSG00000240038	1	104096435	104122158
ENSG00000243480	1	104160047	104168404
ENSG00000237763	1	104193212	104207253
ENSG00000174876	1	104230035	104243688
ENSG00000187733	1	104287746	104301350
ENSG00000198890	1	107599294	107610260
ENSG00000162631	1	107682589	108027547
ENSG00000134215	1	108113781	108507899
ENSG00000085491	1	108671349	108743501
ENSG00000196427	1	108765084	108786705
ENSG00000186086	1	108992902	109014544
ENSG00000162636	1	109102651	109187524
ENSG00000162639	1	109190905	109204150
ENSG00000134186	1	109234912	109245552
ENSG00000143107	1	109255523	109288676
ENSG00000116266	1	109289226	109352150
ENSG00000162641	1	109358518	109506108
ENSG00000121957	1	109417970	109477169
ENSG00000121940	1	109424505	109506151
ENSG00000085433	1	109512831	109584793
ENSG00000197780	1	109605109	109618638
ENSG00000215717	1	109632982	109639559
ENSG00000179902	1	109648571	109656481
ENSG00000116299	1	109655795	109749405
ENSG00000031698	1	109756464	109782080
ENSG00000143126	1	109792159	109818375
ENSG00000134222	1	109821673	109826731
ENSG00000221986	1	109834983	109849837
ENSG00000134243	1	109852188	109940591
ENSG00000143106	1	109941662	109969095
ENSG00000143028	1	110009149	110024766
ENSG00000162650	1	110026099	110035436
ENSG00000174151	1	110036672	110045556
ENSG00000181754	1	110046084	110052382
ENSG00000156097	1	110082492	110091030
ENSG00000065135	1	110091202	110142819
ENSG00000134183	1	110144027	110162553
ENSG00000116337	1	110158724	110174679
ENSG00000168765	1	110198689	110208424
ENSG00000213366	1	110209968	110252176
ENSG00000134184	1	110229929	110252176
ENSG00000134201	1	110254366	110318643
ENSG00000134202	1	110274308	110283662
ENSG00000198758	1	110292698	110306686
ENSG00000184371	1	110452862	110473617
ENSG00000168710	1	110527341	110566366
ENSG00000143093	1	110574197	110617265
ENSG00000156150	1	110602490	110613301
ENSG00000186150	1	110655063	110656571
ENSG00000197106	1	110693102	110744826
ENSG00000116396	1	110752715	110825724
ENSG00000162775	1	110881126	110889305
ENSG00000168679	1	110905467	110933706
ENSG00000134248	1	110943869	110950587
ENSG00000143125	1	110993678	110999982
ENSG00000143105	1	111059837	111061799
ENSG00000177301	1	111062457	111174098
ENSG00000177272	1	111196180	111217564
ENSG00000143119	1	111413790	111442560
ENSG00000121931	1	111488909	111506717
ENSG00000156171	1	111656826	111682849
ENSG00000134255	1	111682038	111729803
ENSG00000162777	1	111726496	111747159
ENSG00000064886	1	111743391	111786064
ENSG00000134216	1	111833471	111863190
ENSG00000173947	1	111888889	111897737
ENSG00000085465	1	111955999	111970359
ENSG00000116455	1	111979842	111991921
ENSG00000116459	1	111990731	112011151
ENSG00000143110	1	112016374	112021137
ENSG00000121933	1	112023288	112106586
ENSG00000282608	1	112042049	112046478
ENSG00000116473	1	112084629	112259315
ENSG00000197852	1	112222843	112298448
ENSG00000064703	1	112297452	112318226
ENSG00000171385	1	112313282	112532755
ENSG00000143079	1	112938818	113006080
ENSG00000134245	1	113009161	113072789
ENSG00000007341	1	113066093	113163449
ENSG00000116489	1	113161793	113215371
ENSG00000155363	1	113215761	113245039
ENSG00000155366	1	113242385	113250521
ENSG00000271810	1	113245234	113254057
ENSG00000155367	1	113252614	113258126
ENSG00000184599	1	113261501	113271700
ENSG00000155380	1	113446663	113500217
ENSG00000198799	1	113615788	113674884
ENSG00000081026	1	113933010	114230055
ENSG00000116793	1	114238672	114302532
ENSG00000081019	1	114304049	114355175
ENSG00000134242	1	114356431	114414377
ENSG00000188761	1	114419436	114430212
ENSG00000134262	1	114436814	114448346
ENSG00000118655	1	114447023	114456764
ENSG00000163349	1	114471944	114520493
ENSG00000116774	1	114521644	114578196
ENSG00000134207	1	114631911	114696504
ENSG00000197323	1	114935401	115053867
ENSG00000116752	1	115089662	115124348
ENSG00000175984	1	115125467	115213074
ENSG00000116748	1	115215709	115238243
ENSG00000213281	1	115247087	115259398
ENSG00000009307	1	115259532	115301327
ENSG00000052723	1	115312098	115323329
ENSG00000198765	1	115397455	115537993
ENSG00000134200	1	115572445	115576925
ENSG00000134198	1	115589675	115632151
ENSG00000134259	1	115828523	115881393
ENSG00000173218	1	116184473	116240847
ENSG00000118729	1	116240607	116380544
ENSG00000177551	1	116378996	116386540
ENSG00000163393	1	116518929	116615370
ENSG00000173212	1	116653687	116680772
ENSG00000163399	1	116915288	116952885
ENSG00000269279	1	116915888	116926720
ENSG00000116815	1	117042105	117113685
ENSG00000143061	1	117117013	117210444
ENSG00000116824	1	117296990	117311853
ENSG00000134247	1	117452490	117532982
ENSG00000134256	1	117544341	117579176
ENSG00000116830	1	117602905	117650077
ENSG00000134253	1	117653680	117665211
ENSG00000134258	1	117685001	117753584
ENSG00000198162	1	117909299	118094081
ENSG00000183508	1	118148546	118171013
ENSG00000196505	1	118406105	118472287
ENSG00000065183	1	118471684	118509168
ENSG00000155761	1	118495843	118727869
ENSG00000092607	1	119425667	119532181
ENSG00000116874	1	119571785	119683304
ENSG00000116882	1	119911348	119936883
ENSG00000203859	1	119956346	119996427
ENSG00000203857	1	120035678	120072051
ENSG00000143067	1	120161998	120191079
ENSG00000092621	1	120191032	120286852
ENSG00000134240	1	120290600	120311717
ENSG00000134193	1	120336638	120354205
ENSG00000134249	1	120436154	120439140
ENSG00000134250	1	120451877	120643368
ENSG00000188610	1	120837754	120855683
ENSG00000236334	1	143767142	143767883
ENSG00000215784	1	143896446	143913177
ENSG00000162825	1	144146806	144224483
ENSG00000231360	1	144339736	144521060
ENSG00000255854	1	144363460	144364248
ENSG00000168614	1	144811742	144830415
ENSG00000178104	1	144836155	145076229
ENSG00000268172	1	144989307	144991367
ENSG00000265808	1	145096393	145118355
ENSG00000177144	1	145136106	145139730
ENSG00000286219	1	145209054	145289314
ENSG00000264343	1	145209070	145292653
ENSG00000286106	1	145209106	145283057
ENSG00000286019	1	145209133	145291794
ENSG00000271425	1	145209143	145357591
ENSG00000286185	1	145209143	145365382
ENSG00000271383	1	145292286	145365382
ENSG00000168509	1	145398248	145417547
ENSG00000265972	1	145438487	145442637
ENSG00000121851	1	145456233	145478062
ENSG00000280778	1	145457274	145507837
ENSG00000272031	1	145470513	145475649
ENSG00000271601	1	145477029	145501672
ENSG00000265241	1	145507024	145514159
ENSG00000289565	1	145508350	145517377
ENSG00000131779	1	145516340	145523734
ENSG00000143127	1	145524967	145543872
ENSG00000198483	1	145548985	145569699
ENSG00000131788	1	145575231	145586549
ENSG00000186364	1	145586112	145589467
ENSG00000186141	1	145590345	145611339
ENSG00000265491	1	145610977	145696220
ENSG00000117281	1	145694325	145715644
ENSG00000174827	1	145713468	145764213
ENSG00000117262	1	145763636	145827090
ENSG00000196644	1	145883866	145924375
ENSG00000152042	1	146032645	146082767
ENSG00000186275	1	146373544	146467746
ENSG00000131791	1	146626683	146645297
ENSG00000131781	1	146646928	146714702
ENSG00000131778	1	146714291	146767450
ENSG00000116128	1	147013105	147098029
ENSG00000288626	1	147083387	147083597
ENSG00000162836	1	147101451	147142665
ENSG00000265107	1	147227935	147245496
ENSG00000121634	1	147374919	147381398
ENSG00000188092	1	147400433	147466084
ENSG00000203836	1	147574426	147634888
ENSG00000269647	1	147631965	147632430
ENSG00000255963	1	147954633	147955421
ENSG00000122497	1	148003640	148025865
ENSG00000256374	1	148201750	148202538
ENSG00000270339	1	148201750	148202513
ENSG00000203832	1	148250247	148347508
ENSG00000266338	1	148555887	148596265
ENSG00000271567	1	148644034	148644797
ENSG00000203827	1	148739441	148758313
ENSG00000273213	1	149389121	149400555
ENSG00000203817	1	149438748	149459551
ENSG00000198161	1	149553001	149553789
ENSG00000203815	1	149675976	149676611
ENSG00000203814	1	149726658	149783931
ENSG00000150337	1	149754225	149764076
ENSG00000183598	1	149784778	149785250
ENSG00000270882	1	149804219	149811341
ENSG00000203811	1	149812257	149812782
ENSG00000183558	1	149813503	149814480
ENSG00000288859	1	149822626	149823221
ENSG00000203852	1	149824168	149824689
ENSG00000270276	1	149825605	149832727
ENSG00000184678	1	149856007	149858234
ENSG00000178096	1	149857954	149872353
ENSG00000184260	1	149858466	149858963
ENSG00000184270	1	149859017	149859517
ENSG00000159164	1	149874868	149890126
ENSG00000143368	1	149895207	149900162
ENSG00000014914	1	149900540	149909429
ENSG00000264522	1	149909703	149982709
ENSG00000136631	1	150039334	150117509
ENSG00000023902	1	150121371	150136918
ENSG00000143401	1	150189759	150208552
ENSG00000118298	1	150229462	150237480
ENSG00000117362	1	150237440	150241982
ENSG00000118292	1	150240432	150254157
ENSG00000159208	1	150254935	150259507
ENSG00000266472	1	150266266	150282264
ENSG00000117360	1	150293923	150325819
ENSG00000163125	1	150335565	150449477
ENSG00000143374	1	150459799	150480092
ENSG00000143369	1	150480463	150487478
ENSG00000143382	1	150521843	150533415
ENSG00000225996	1	150521895	150524369
ENSG00000143384	1	150533369	150552216
ENSG00000143420	1	150572145	150602111
ENSG00000143457	1	150611201	150669700
ENSG00000143452	1	150670533	150693373
ENSG00000163131	1	150702553	150738435
ENSG00000143387	1	150767354	150782055
ENSG00000143437	1	150781091	150849249
ENSG00000283324	1	150859610	150885770
ENSG00000143379	1	150898737	150937226
ENSG00000143418	1	150931573	150949874
ENSG00000143412	1	150953795	150968555
ENSG00000143409	1	150967599	150980854
ENSG00000143363	1	150980882	151008192
ENSG00000163141	1	151008795	151020198
ENSG00000143443	1	151020220	151024464
ENSG00000197622	1	151022716	151042803
ENSG00000213190	1	151026651	151042022
ENSG00000143458	1	151042988	151102587
ENSG00000143434	1	151104159	151120291
ENSG00000163154	1	151129095	151132733
ENSG00000163156	1	151129138	151151484
ENSG00000163155	1	151132222	151138426
ENSG00000163157	1	151142458	151148762
ENSG00000163159	1	151148778	151167799
ENSG00000143398	1	151170423	151222016
ENSG00000159352	1	151227183	151251980
ENSG00000143373	1	151253976	151264658
ENSG00000143393	1	151264266	151300872
ENSG00000143390	1	151313114	151319817
ENSG00000143416	1	151336631	151345194
ENSG00000159377	1	151372030	151374419
ENSG00000143442	1	151375198	151431989
ENSG00000143375	1	151482613	151511170
ENSG00000143367	1	151512779	151556061
ENSG00000143376	1	151584459	151671569
ENSG00000159409	1	151672532	151689281
ENSG00000178796	1	151682907	151702283
ENSG00000240510	1	151682907	151702072
ENSG00000143436	1	151732117	151736000
ENSG00000143450	1	151735373	151743812
ENSG00000182134	1	151742273	151763894
ENSG00000213171	1	151772738	151777897
ENSG00000143365	1	151778495	151804323
ENSG00000225556	1	151810292	151813035
ENSG00000196407	1	151819575	151826190
ENSG00000159445	1	151843340	151882357
ENSG00000197747	1	151954171	151966369
ENSG00000163191	1	152004978	152020385
ENSG00000182898	1	152056615	152061542
ENSG00000159450	1	152078791	152087922
ENSG00000215853	1	152126069	152131706
ENSG00000197915	1	152184550	152196671
ENSG00000143631	1	152274639	152297717
ENSG00000143520	1	152321209	152332484
ENSG00000143536	1	152381716	152386757
ENSG00000186207	1	152483277	152484655
ENSG00000169509	1	152486956	152488486
ENSG00000185966	1	152538128	152539258
ENSG00000163202	1	152551855	152552994
ENSG00000244057	1	152572708	152573564
ENSG00000187238	1	152586285	152586576
ENSG00000185962	1	152595308	152595581
ENSG00000187223	1	152631298	152637137
ENSG00000187180	1	152647753	152649047
ENSG00000159455	1	152658597	152659875
ENSG00000187173	1	152670819	152671920
ENSG00000187170	1	152680634	152681912
ENSG00000198854	1	152691996	152692948
ENSG00000203786	1	152730499	152734534
ENSG00000240386	1	152747614	152749502
ENSG00000186226	1	152758688	152760904
ENSG00000172155	1	152769195	152770659
ENSG00000197084	1	152777306	152779129
ENSG00000196734	1	152784445	152785586
ENSG00000186844	1	152799947	152800575
ENSG00000235942	1	152815330	152816461
ENSG00000285946	1	152832470	152833730
ENSG00000163206	1	152842534	152857525
ENSG00000163207	1	152881013	152884364
ENSG00000283227	1	152919680	152921733
ENSG00000184148	1	152943122	152945052
ENSG00000169474	1	152956555	152958292
ENSG00000163209	1	152974217	152976337
ENSG00000169469	1	153003670	153005378
ENSG00000163216	1	153012200	153038829
ENSG00000241794	1	153028592	153038061
ENSG00000196805	1	153042690	153060312
ENSG00000203785	1	153065609	153091947
ENSG00000244094	1	153084593	153095377
ENSG00000159516	1	153122039	153136925
ENSG00000203784	1	153175904	153177598
ENSG00000203783	1	153190058	153191788
ENSG00000203782	1	153232161	153234602
ENSG00000159527	1	153269590	153285430
ENSG00000163218	1	153302594	153321319
ENSG00000163220	1	153330241	153333514
ENSG00000163221	1	153346177	153348138
ENSG00000143546	1	153362492	153395116
ENSG00000184330	1	153388994	153395700
ENSG00000143556	1	153430216	153433131
ENSG00000197956	1	153505200	153509027
ENSG00000196420	1	153509621	153515552
ENSG00000196154	1	153516087	153524613
ENSG00000188015	1	153519803	153522629
ENSG00000196754	1	153533424	153559154
ENSG00000188643	1	153579356	153586490
ENSG00000160678	1	153581397	153604522
ENSG00000189334	1	153586729	153589474
ENSG00000189171	1	153591086	153606920
ENSG00000160679	1	153606456	153618784
ENSG00000143553	1	153631148	153636408
ENSG00000143621	1	153634220	153643506
ENSG00000169418	1	153650439	153666588
ENSG00000143624	1	153700524	153747286
ENSG00000143554	1	153746682	153752658
ENSG00000143614	1	153761504	153895838
ENSG00000198837	1	153901336	153919227
ENSG00000160741	1	153920143	153931120
ENSG00000143570	1	153931573	153941145
ENSG00000285779	1	153931625	153948365
ENSG00000143578	1	153936193	153946844
ENSG00000143543	1	153946743	153950489
ENSG00000285641	1	153948324	153958724
ENSG00000143545	1	153954091	153958860
ENSG00000177954	1	153963223	153964822
ENSG00000143552	1	153965164	154127594
ENSG00000143549	1	154127782	154167126
ENSG00000163263	1	154171559	154178830
ENSG00000143612	1	154179140	154193164
ENSG00000143569	1	154192646	154243988
ENSG00000143575	1	154244800	154248360
ENSG00000143595	1	154293564	154297807
ENSG00000143515	1	154297985	154323785
ENSG00000160712	1	154377615	154441928
ENSG00000169291	1	154442111	154475344
ENSG00000163239	1	154473982	154520625
ENSG00000160714	1	154521024	154531506
ENSG00000160716	1	154540245	154552491
ENSG00000160710	1	154554169	154600491
ENSG00000268141	1	154585065	154585192
ENSG00000143603	1	154669929	154842818
ENSG00000163344	1	154897206	154909486
ENSG00000163346	1	154916533	154928929
ENSG00000163348	1	154929499	154936331
ENSG00000160691	1	154934758	154946930
ENSG00000173207	1	154947115	154951734
ENSG00000160688	1	154955785	154965589
ENSG00000163352	1	154966060	154966793
ENSG00000160685	1	154975017	154991003
ENSG00000163354	1	154990994	155006259
ENSG00000163357	1	155006298	155023408
ENSG00000143537	1	155023040	155035258
ENSG00000243364	1	155036192	155042031
ENSG00000251246	1	155036222	155059285
ENSG00000143590	1	155051297	155060016
ENSG00000169242	1	155099926	155107377
ENSG00000169241	1	155107818	155111335
ENSG00000179085	1	155110931	155113073
ENSG00000163463	1	155141656	155145953
ENSG00000273088	1	155141883	155159750
ENSG00000163462	1	155146261	155157449
ENSG00000185499	1	155158298	155162709
ENSG00000169231	1	155165373	155178996
ENSG00000173171	1	155178484	155183617
ENSG00000177628	1	155201059	155214971
ENSG00000160767	1	155216994	155225617
ENSG00000116521	1	155225768	155232226
ENSG00000176444	1	155232536	155248284
ENSG00000143630	1	155247117	155259641
ENSG00000143627	1	155259054	155271236
ENSG00000160752	1	155274575	155290459
ENSG00000160753	1	155290528	155301215
ENSG00000116539	1	155305057	155532955
ENSG00000125459	1	155533024	155586437
ENSG00000287839	1	155596544	155618433
ENSG00000163374	1	155629235	155659127
ENSG00000132676	1	155657622	155709925
ENSG00000116580	1	155719448	155829232
ENSG00000132718	1	155829238	155854992
ENSG00000143622	1	155867597	155881201
ENSG00000132680	1	155882832	155904209
ENSG00000173080	1	155911427	155912880
ENSG00000116584	1	155914474	155976863
ENSG00000163479	1	155978830	155990765
ENSG00000160803	1	155996750	156023607
ENSG00000116586	1	156023705	156028610
ENSG00000132698	1	156030936	156040307
ENSG00000254726	1	156041802	156052258
ENSG00000160789	1	156052361	156109878
ENSG00000196189	1	156117155	156148662
ENSG00000160785	1	156163721	156182589
ENSG00000260238	1	156182771	156213125
ENSG00000160783	1	156182778	156210378
ENSG00000242252	1	156211943	156213110
ENSG00000160781	1	156213107	156218440
ENSG00000198952	1	156219012	156252655
ENSG00000163472	1	156252717	156262978
ENSG00000198715	1	156259877	156265492
ENSG00000189030	1	156268413	156269100
ENSG00000163468	1	156278581	156337666
ENSG00000163467	1	156307103	156316812
ENSG00000132677	1	156338804	156355015
ENSG00000116604	1	156433517	156471060
ENSG00000183856	1	156495195	156542398
ENSG00000187862	1	156549513	156557513
ENSG00000163382	1	156561528	156579301
ENSG00000160818	1	156564091	156571290
ENSG00000132702	1	156589121	156596384
ENSG00000132692	1	156611180	156629326
ENSG00000132688	1	156638553	156647209
ENSG00000143320	1	156669382	156677888
ENSG00000143319	1	156690441	156698630
ENSG00000143303	1	156698232	156706754
ENSG00000143314	1	156707082	156711384
ENSG00000143321	1	156711899	156736719
ENSG00000143294	1	156720400	156770612
ENSG00000027869	1	156776025	156786808
ENSG00000198400	1	156785426	156851644
ENSG00000027644	1	156809853	156828916
ENSG00000187800	1	156863446	156886226
ENSG00000160838	1	156890421	156904709
ENSG00000132694	1	156904630	157016697
ENSG00000253831	1	157061833	157087671
ENSG00000117036	1	157090981	157108746
ENSG00000143297	1	157483165	157522307
ENSG00000163518	1	157543535	157567877
ENSG00000160856	1	157644109	157670693
ENSG00000132704	1	157715521	157747061
ENSG00000163534	1	157762037	157789975
ENSG00000073754	1	157796822	157868048
ENSG00000183853	1	157963061	158070054
ENSG00000288460	1	158097075	158098093
ENSG00000158473	1	158147800	158156219
ENSG00000158477	1	158224203	158228061
ENSG00000158481	1	158259557	158264566
ENSG00000158485	1	158297739	158301330
ENSG00000158488	1	158323484	158327345
ENSG00000186306	1	158368310	158369258
ENSG00000180708	1	158387998	158396029
ENSG00000173285	1	158431362	158440649
ENSG00000198965	1	158442008	158450728
ENSG00000197532	1	158514338	158524197
ENSG00000186440	1	158530394	158540372
ENSG00000279111	1	158548707	158549691
ENSG00000198967	1	158575056	158582306
ENSG00000163554	1	158580492	158656507
ENSG00000196171	1	158669466	158670444
ENSG00000203757	1	158686115	158690512
ENSG00000197403	1	158717602	158741987
ENSG00000180433	1	158724508	158725683
ENSG00000188340	1	158744010	158750996
ENSG00000163563	1	158772052	158819309
ENSG00000163564	1	158900567	158946851
ENSG00000163565	1	158969726	159024948
ENSG00000289721	1	158969759	158972543
ENSG00000163568	1	159025917	159158014
ENSG00000162706	1	159141362	159173105
ENSG00000213088	1	159174356	159176292
ENSG00000179639	1	159259502	159278016
ENSG00000196266	1	159283508	159284451
ENSG00000249730	1	159401992	159402930
ENSG00000196184	1	159407633	159412870
ENSG00000184155	1	159504866	159505799
ENSG00000132703	1	159557606	159572222
ENSG00000132693	1	159681226	159684387
ENSG00000158716	1	159750719	159752335
ENSG00000181036	1	159770291	159786054
ENSG00000158714	1	159796470	159807284
ENSG00000256029	1	159804262	159842845
ENSG00000243284	1	159824104	159832449
ENSG00000213085	1	159842152	159869957
ENSG00000269620	1	159879882	159880161
ENSG00000158710	1	159887894	159895338
ENSG00000085552	1	159896827	159919260
ENSG00000162723	1	159921280	159924029
ENSG00000177807	1	159968439	160040275
ENSG00000143315	1	159994741	160001782
ENSG00000162728	1	160051289	160064069
ENSG00000162729	1	160061128	160070901
ENSG00000018625	1	160085543	160113397
ENSG00000132681	1	160121374	160157385
ENSG00000143318	1	160160000	160171678
ENSG00000162734	1	160175116	160190127
ENSG00000132716	1	160184628	160233180
ENSG00000258465	1	160186588	160254922
ENSG00000162735	1	160236017	160256140
ENSG00000122218	1	160258368	160313358
ENSG00000162736	1	160313082	160328749
ENSG00000171786	1	160336859	160342638
ENSG00000162738	1	160370316	160398470
ENSG00000162739	1	160454605	160493065
ENSG00000066294	1	160510883	160549336
ENSG00000117090	1	160577888	160616848
ENSG00000117091	1	160648534	160681623
ENSG00000026751	1	160708845	160724613
ENSG00000122224	1	160765859	160798393
ENSG00000122223	1	160798863	160832696
ENSG00000179914	1	160846327	160862804
ENSG00000158764	1	160914054	160924681
ENSG00000158769	1	160955502	160992915
ENSG00000270149	1	160967745	161008754
ENSG00000215845	1	161007407	161008910
ENSG00000158773	1	161009037	161015774
ENSG00000186517	1	161016732	161039762
ENSG00000268154	1	161035653	161035945
ENSG00000143217	1	161040776	161059837
ENSG00000162755	1	161068131	161070138
ENSG00000143256	1	161070344	161087862
ENSG00000158793	1	161087870	161095604
ENSG00000158796	1	161090745	161103072
ENSG00000143222	1	161122564	161129160
ENSG00000143258	1	161129238	161135515
ENSG00000143224	1	161135625	161148368
ENSG00000158850	1	161141092	161148444
ENSG00000158859	1	161154090	161170301
ENSG00000158864	1	161166892	161184515
ENSG00000158869	1	161184963	161190501
ENSG00000268387	1	161190158	161192298
ENSG00000158874	1	161192078	161197058
ENSG00000158882	1	161195727	161203547
ENSG00000143257	1	161198563	161208068
ENSG00000248485	1	161227924	161255242
ENSG00000158887	1	161274523	161279766
ENSG00000143252	1	161284140	161333566
ENSG00000188931	1	161334521	161337677
ENSG00000143226	1	161475203	161493805
ENSG00000173110	1	161494328	161496686
ENSG00000203747	1	161511526	161520760
ENSG00000289768	1	161514595	161601248
ENSG00000244682	1	161551127	161575454
ENSG00000162747	1	161592981	161601755
ENSG00000072694	1	161631746	161649282
ENSG00000132185	1	161676746	161684144
ENSG00000162746	1	161691332	161701593
ENSG00000081721	1	161719546	161727030
ENSG00000118217	1	161736031	161947366
ENSG00000162745	1	161952979	161994181
ENSG00000198929	1	162039464	162340267
ENSG00000254706	1	162335195	162353323
ENSG00000171722	1	162342991	162346666
ENSG00000239887	1	162348629	162356604
ENSG00000198574	1	162364952	162381930
ENSG00000152332	1	162467039	162499423
ENSG00000117143	1	162531264	162586731
ENSG00000162733	1	162600645	162757197
ENSG00000132196	1	162760310	162784163
ENSG00000185860	1	162794246	162838749
ENSG00000117152	1	163038563	163046594
ENSG00000143248	1	163080909	163291583
ENSG00000143228	1	163236364	163325558
ENSG00000185630	1	164524819	164868535
ENSG00000162761	1	165171102	165325960
ENSG00000143171	1	165370157	165414594
ENSG00000162763	1	165513235	165533196
ENSG00000143198	1	165600082	165631336
ENSG00000143149	1	165631451	165667838
ENSG00000143183	1	165692964	165796994
ENSG00000143179	1	165796726	165880857
ENSG00000188859	1	166026661	166136245
ENSG00000143157	1	166808549	166833194
ENSG00000152382	1	166825610	166845599
ENSG00000143195	1	166864946	166944865
ENSG00000143194	1	166944817	166991453
ENSG00000143167	1	167017524	167135718
ENSG00000198842	1	167063304	167098448
ENSG00000143190	1	167190090	167396584
ENSG00000198821	1	167394262	167487879
ENSG00000143162	1	167497042	167523061
ENSG00000198771	1	167598895	167677945
ENSG00000197965	1	167690427	167763851
ENSG00000143199	1	167778333	167883455
ENSG00000143158	1	167885911	167906755
ENSG00000143164	1	167905019	168046086
ENSG00000143147	1	168048778	168106925
ENSG00000143155	1	168148056	168171354
ENSG00000213064	1	168195174	168232412
ENSG00000143178	1	168250113	168283666
ENSG00000143185	1	168510001	168513353
ENSG00000143184	1	168545832	168551309
ENSG00000143196	1	168664482	168698447
ENSG00000143153	1	169074933	169280494
ENSG00000143156	1	169101764	169337215
ENSG00000117475	1	169337203	169366542
ENSG00000117477	1	169364106	169429909
ENSG00000117479	1	169432775	169455228
ENSG00000198734	1	169481187	169555939
ENSG00000174175	1	169557657	169599433
ENSG00000000460	1	169631243	169842401
ENSG00000188404	1	169659804	169681345
ENSG00000007908	1	169691779	169733848
ENSG00000171806	1	169760880	169764134
ENSG00000000457	1	169785178	169863410
ENSG00000075945	1	169890211	170054351
ENSG00000203740	1	170115094	170138044
ENSG00000120370	1	170500958	170522977
ENSG00000116132	1	170631867	170708564
ENSG00000117501	1	170904568	171033908
ENSG00000007933	1	171054252	171087817
ENSG00000094963	1	171154386	171181827
ENSG00000010932	1	171217608	171255119
ENSG00000076258	1	171283228	171312898
ENSG00000117523	1	171454667	171562652
ENSG00000283683	1	171569759	171607941
ENSG00000034971	1	171604555	171621884
ENSG00000117533	1	171669298	171712348
ENSG00000010165	1	171750558	171783165
ENSG00000197959	1	171787025	172387608
ENSG00000135845	1	172339327	172413290
ENSG00000180999	1	172389813	172438262
ENSG00000094975	1	172501487	172582325
ENSG00000117560	1	172628128	172636033
ENSG00000120337	1	173008340	173020083
ENSG00000117586	1	173131782	173446724
ENSG00000117592	1	173445951	173463154
ENSG00000162753	1	173469597	173572218
ENSG00000285777	1	173565197	173638978
ENSG00000183831	1	173575170	173639009
ENSG00000232113	1	173604475	173606271
ENSG00000076321	1	173684046	173756645
ENSG00000120334	1	173763987	173794065
ENSG00000117593	1	173793676	173827948
ENSG00000185278	1	173837218	173872687
ENSG00000117601	1	173872550	173886683
ENSG00000135870	1	173900220	173991558
ENSG00000293562	1	173991258	173991438
ENSG00000152061	1	174128475	174964447
ENSG00000203737	1	174417100	174418685
ENSG00000116161	1	174968298	174991423
ENSG00000120333	1	174979923	174992609
ENSG00000120332	1	175036643	175117213
ENSG00000235750	1	175126120	175162403
ENSG00000116147	1	175284328	175712842
ENSG00000143207	1	175912995	176176661
ENSG00000116183	1	176432305	176814739
ENSG00000152092	1	176826436	177134111
ENSG00000198797	1	177140024	177251560
ENSG00000120341	1	177892832	177953440
ENSG00000075391	1	178062807	178453284
ENSG00000188585	1	178447922	178468771
ENSG00000240021	1	178482241	178517739
ENSG00000116191	1	178693976	178890991
ENSG00000116194	1	178815973	178841523
ENSG00000116199	1	178994937	179045704
ENSG00000186283	1	179050987	179067165
ENSG00000143322	1	179068463	179198821
ENSG00000057252	1	179262573	179327817
ENSG00000162779	1	179334853	179523872
ENSG00000116218	1	179519627	179545091
ENSG00000162782	1	179560746	179660409
ENSG00000143340	1	179712010	179786192
ENSG00000169905	1	179809100	179852171
ENSG00000143337	1	179851175	179890579
ENSG00000293564	1	179851449	179851530
ENSG00000135837	1	179923807	180084017
ENSG00000116260	1	180123939	180173167
ENSG00000121454	1	180197920	180248121
ENSG00000230124	1	180238786	180472091
ENSG00000143324	1	180601140	180859417
ENSG00000135835	1	180882031	180920752
ENSG00000135823	1	180941846	180992259
ENSG00000153029	1	181002508	181031076
ENSG00000162783	1	181057834	181062038
ENSG00000198216	1	181286824	181782399
ENSG00000179930	1	182023703	182030849
ENSG00000135821	1	182347231	182361343
ENSG00000203730	1	182367250	182369804
ENSG00000121446	1	182378325	182529736
ENSG00000135828	1	182532148	182558409
ENSG00000143333	1	182567756	182573531
ENSG00000135824	1	182610949	182653724
ENSG00000135838	1	182758396	182800154
ENSG00000135829	1	182808435	182857257
ENSG00000157060	1	182868998	182922662
ENSG00000135862	1	182992332	183114729
ENSG00000058085	1	183155190	183214264
ENSG00000157064	1	183213704	183387558
ENSG00000116698	1	183441004	183567383
ENSG00000116701	1	183523594	183562636
ENSG00000162704	1	183589979	183605045
ENSG00000143344	1	183605199	183897668
ENSG00000173627	1	183615408	183622453
ENSG00000198756	1	183898986	184006913
ENSG00000198860	1	184020761	184093114
ENSG00000116667	1	184355199	184598155
ENSG00000116406	1	184659369	184724043
ENSG00000135842	1	184759856	184943794
ENSG00000121481	1	185013995	185071984
ENSG00000121486	1	185087215	185126206
ENSG00000116668	1	185125233	185261339
ENSG00000116679	1	185262061	185286996
ENSG00000143341	1	185703501	186160083
ENSG00000116690	1	186265352	186283701
ENSG00000047410	1	186280318	186344827
ENSG00000157181	1	186344531	186390542
ENSG00000268662	1	186364121	186365910
ENSG00000262180	1	186369702	186370589
ENSG00000116703	1	186412696	186430248
ENSG00000073756	1	186640921	186650056
ENSG00000116711	1	186798079	186959036
ENSG00000162670	1	190066773	190447536
ENSG00000150681	1	192127472	192156304
ENSG00000253148	1	192286120	192336417
ENSG00000090104	1	192544891	192549169
ENSG00000127074	1	192605189	192629443
ENSG00000116741	1	192778166	192781415
ENSG00000116750	1	192981373	193029212
ENSG00000116747	1	193028550	193060909
ENSG00000023572	1	193047494	193075246
ENSG00000134371	1	193084860	193233745
ENSG00000162630	1	193146155	193155759
ENSG00000162687	1	196194907	196578357
ENSG00000000971	1	196620882	196722207
ENSG00000289697	1	196620980	196764525
ENSG00000116785	1	196743870	196772262
ENSG00000244414	1	196788442	196806291
ENSG00000134365	1	196857142	196889426
ENSG00000080910	1	196912859	196933540
ENSG00000134389	1	196944138	196978810
ENSG00000143278	1	197007865	197036399
ENSG00000066279	1	197053249	197115831
ENSG00000177888	1	197122810	197170581
ENSG00000134376	1	197237323	197447587
ENSG00000213047	1	197473876	197744838
ENSG00000203724	1	197871577	197876624
ENSG00000143355	1	197881030	197904610
ENSG00000151414	1	198125942	198291583
ENSG00000151418	1	198492339	198510077
ENSG00000081237	1	198599028	198728477
ENSG00000116833	1	199996701	200146550
ENSG00000162702	1	200370063	200379193
ENSG00000118193	1	200520623	200589906
ENSG00000118197	1	200593022	200639179
ENSG00000118200	1	200708011	200829881
ENSG00000170128	1	200842107	200843308
ENSG00000163362	1	200860121	200884872
ENSG00000116852	1	200938516	200992856
ENSG00000081248	1	201008638	201081594
ENSG00000232237	1	201083069	201096314
ENSG00000116857	1	201103898	201141460
ENSG00000163395	1	201159950	201198082
ENSG00000081277	1	201252578	201302123
ENSG00000118194	1	201325732	201348903
ENSG00000159166	1	201349338	201369045
ENSG00000159173	1	201372910	201398996
ENSG00000174307	1	201432984	201438560
ENSG00000159176	1	201452656	201509272
ENSG00000134369	1	201508072	201796099
ENSG00000198700	1	201798230	201853421
ENSG00000198892	1	201857801	201862202
ENSG00000163431	1	201865582	201915724
ENSG00000134375	1	201924602	201939910
ENSG00000176393	1	201951498	201975305
ENSG00000163435	1	201977071	201986313
ENSG00000170075	1	202091979	202102722
ENSG00000143862	1	202102530	202113885
ENSG00000143851	1	202116138	202130718
ENSG00000133067	1	202162818	202290790
ENSG00000077152	1	202297840	202311114
ENSG00000077157	1	202317792	202561836
ENSG00000143858	1	202559722	202679656
ENSG00000117139	1	202693621	202777656
ENSG00000183155	1	202845355	202858357
ENSG00000117153	1	202859978	202897766
ENSG00000159346	1	202909216	202927909
ENSG00000159348	1	202930244	202936417
ENSG00000163444	1	202975724	202994498
ENSG00000143847	1	202995596	203047870
ENSG00000122180	1	203052255	203055180
ENSG00000163485	1	203059780	203136537
ENSG00000133055	1	203136937	203145010
ENSG00000133048	1	203146022	203155930
ENSG00000133063	1	203181944	203242771
ENSG00000159388	1	203274617	203280554
ENSG00000122176	1	203309567	203320888
ENSG00000188783	1	203444886	203460482
ENSG00000188770	1	203463244	203478368
ENSG00000058668	1	203595790	203713211
ENSG00000122188	1	203734295	203747305
ENSG00000058673	1	203764688	203824129
ENSG00000257315	1	203764749	203824129
ENSG00000288644	1	203771220	203771322
ENSG00000182004	1	203830622	203840282
ENSG00000143842	1	204042232	204096874
ENSG00000143845	1	204100188	204121314
ENSG00000143839	1	204123941	204159454
ENSG00000170498	1	204159463	204165768
ENSG00000174567	1	204167283	204183251
ENSG00000143850	1	204187977	204347521
ENSG00000158615	1	204365618	204381017
ENSG00000133056	1	204390929	204463988
ENSG00000198625	1	204485495	204527250
ENSG00000170382	1	204586296	204654875
ENSG00000163531	1	204797777	204991952
ENSG00000184144	1	205012063	205047419
ENSG00000174529	1	205052255	205053590
ENSG00000117222	1	205054811	205091393
ENSG00000133059	1	205111631	205180871
ENSG00000133069	1	205197038	205254762
ENSG00000163545	1	205271185	205290911
ENSG00000162873	1	205302875	205326454
ENSG00000186007	1	205350502	205425545
ENSG00000281406	1	205403978	205426520
ENSG00000117266	1	205473677	205502106
ENSG00000174514	1	205537959	205572048
ENSG00000158711	1	205566500	205603650
ENSG00000158715	1	205626977	205650120
ENSG00000069275	1	205679669	205719400
ENSG00000117280	1	205737112	205744619
ENSG00000133065	1	205758217	205782897
ENSG00000162877	1	205794783	205819263
ENSG00000174502	1	205882174	205912590
ENSG00000196550	1	206136914	206155153
ENSG00000198049	1	206223630	206234397
ENSG00000263961	1	206238877	206288227
ENSG00000196188	1	206317449	206332223
ENSG00000163486	1	206516198	206637785
ENSG00000263528	1	206643673	206672022
ENSG00000266094	1	206680852	206776945
ENSG00000143486	1	206744618	206785911
ENSG00000143479	1	206808861	206857766
ENSG00000162889	1	206858214	206907631
ENSG00000136634	1	206940945	206947888
ENSG00000142224	1	206944107	207016328
ENSG00000162891	1	207038964	207042570
ENSG00000162892	1	207070786	207077486
ENSG00000162894	1	207076610	207096594
ENSG00000162896	1	207101865	207122714
ENSG00000162897	1	207131308	207143972
ENSG00000182795	1	207191393	207206168
ENSG00000123836	1	207207709	207254590
ENSG00000180667	1	207217192	207226327
ENSG00000123843	1	207262145	207273348
ENSG00000123838	1	207275662	207318394
ENSG00000196352	1	207494514	207560151
ENSG00000117322	1	207626367	207663242
ENSG00000203710	1	207669490	207815123
ENSG00000197721	1	207818456	207911763
ENSG00000117335	1	207925380	207968863
ENSG00000174059	1	208054315	208084936
ENSG00000076356	1	208195585	208418197
ENSG00000008118	1	209757057	209787286
ENSG00000196878	1	209788213	209826493
ENSG00000123689	1	209848748	209849737
ENSG00000117594	1	209859517	209918971
ENSG00000009790	1	209928916	209955667
ENSG00000162757	1	209952551	209957967
ENSG00000289700	1	209952972	209979526
ENSG00000117595	1	209958327	209979564
ENSG00000117597	1	210001299	210030912
ENSG00000143469	1	210074266	210344736
ENSG00000082497	1	210405915	210421081
ENSG00000054392	1	210501594	210850729
ENSG00000143473	1	210850163	211307527
ENSG00000283952	1	211256212	211361877
ENSG00000117625	1	211431717	211489729
ENSG00000082512	1	211499665	211548461
ENSG00000198570	1	211649862	211665834
ENSG00000170385	1	211744908	211752562
ENSG00000117650	1	211831591	211849007
ENSG00000123684	1	211916797	212007018
ENSG00000143493	1	212113657	212208916
ENSG00000143476	1	212208893	212280744
ENSG00000066027	1	212458568	212535207
ENSG00000065600	1	212537266	212588267
ENSG00000117691	1	212606193	212620804
ENSG00000162772	1	212738674	212794121
ENSG00000162771	1	212797814	212800119
ENSG00000123685	1	212859757	212873232
ENSG00000117697	1	212899493	212965143
ENSG00000203705	1	212965168	212990260
ENSG00000185523	1	212987591	213021002
ENSG00000162769	1	213031570	213072707
ENSG00000143494	1	213123860	213166182
ENSG00000174606	1	213164472	213189221
ENSG00000136643	1	213224572	213449346
ENSG00000117707	1	214156052	214214855
ENSG00000143499	1	214454063	214512225
ENSG00000152104	1	214522041	214725794
ENSG00000117724	1	214776513	214837919
ENSG00000082482	1	215179116	215410674
ENSG00000136636	1	215740363	215796351
ENSG00000042781	1	215794916	216596792
ENSG00000196482	1	216676586	217311099
ENSG00000092978	1	217600332	217804438
ENSG00000162814	1	217804664	218045040
ENSG00000067533	1	218458601	218511327
ENSG00000092969	1	218518676	218617963
ENSG00000143353	1	219347161	219500468
ENSG00000215817	1	219781352	219786449
ENSG00000196660	1	219858767	220132362
ENSG00000136628	1	220141938	220220013
ENSG00000162813	1	220230419	220292611
ENSG00000067704	1	220267426	220321387
ENSG00000118873	1	220321633	220445873
ENSG00000116141	1	220701426	220837805
ENSG00000162817	1	220863631	220874627
ENSG00000117791	1	220921217	220958168
ENSG00000186205	1	220959692	220993003
ENSG00000286231	1	220960330	221057847
ENSG00000136630	1	221052771	221059390
ENSG00000143507	1	221874006	221916513
ENSG00000143512	1	222695598	222721463
ENSG00000143498	1	222731241	222763506
ENSG00000154305	1	222791380	222841515
ENSG00000186063	1	222841353	222886554
ENSG00000162819	1	222884820	222909271
ENSG00000197520	1	222910542	222926501
ENSG00000154309	1	222988070	223182742
ENSG00000187554	1	223281727	223316662
ENSG00000143502	1	223394159	223538623
ENSG00000178395	1	223566755	223568809
ENSG00000203697	1	223711347	223853441
ENSG00000162909	1	223889261	223963722
ENSG00000143514	1	223967593	224033716
ENSG00000143756	1	224301786	224349751
ENSG00000143753	1	224363456	224390098
ENSG00000143748	1	224415034	224517991
ENSG00000143771	1	224544510	224569279
ENSG00000162923	1	224572846	224624737
ENSG00000143786	1	224622360	224928269
ENSG00000185842	1	225083962	225586996
ENSG00000143815	1	225588600	225616629
ENSG00000154380	1	225674465	225841038
ENSG00000143742	1	225965399	225978374
ENSG00000143819	1	225997748	226033270
ENSG00000196187	1	226033231	226071824
ENSG00000243709	1	226073977	226099084
ENSG00000255835	1	226074394	226111980
ENSG00000143811	1	226102680	226112042
ENSG00000143768	1	226124296	226129234
ENSG00000143751	1	226170392	226187088
ENSG00000163041	1	226249270	226260910
ENSG00000182827	1	226332378	226374466
ENSG00000185155	1	226411207	226415087
ENSG00000183814	1	226418848	226497572
ENSG00000143799	1	226547909	226595857
ENSG00000203685	1	226736413	226796933
ENSG00000143772	1	226798940	226927153
ENSG00000143801	1	227057883	227115429
ENSG00000288674	1	227057883	227175248
ENSG00000163050	1	227125842	227175272
ENSG00000143776	1	227177564	227506222
ENSG00000181450	1	227729790	227867372
ENSG00000143740	1	227915899	227969529
ENSG00000081692	1	227918111	227923116
ENSG00000185888	1	228003374	228034181
ENSG00000143816	1	228106355	228135642
ENSG00000154342	1	228194623	228249031
ENSG00000143761	1	228269540	228286915
ENSG00000143793	1	228286729	228293114
ENSG00000162910	1	228293648	228297061
ENSG00000143774	1	228327661	228336687
ENSG00000198835	1	228337590	228347529
ENSG00000181873	1	228353476	228369960
ENSG00000154358	1	228395725	228566579
ENSG00000154370	1	228581371	228594544
ENSG00000162931	1	228594559	228604605
ENSG00000168148	1	228612544	228613063
ENSG00000181218	1	228622476	228645576
ENSG00000196890	1	228645802	228650807
ENSG00000168159	1	228675056	228687602
ENSG00000116574	1	228870892	228882418
ENSG00000168118	1	229406807	229442962
ENSG00000154429	1	229456756	229479043
ENSG00000143632	1	229566110	229570538
ENSG00000069248	1	229575418	229644125
ENSG00000135776	1	229652327	229694783
ENSG00000135801	1	229728856	229761883
ENSG00000135763	1	229761600	229797458
ENSG00000143641	1	230193735	230417876
ENSG00000177614	1	230450234	230562118
ENSG00000135775	1	230778184	230829733
ENSG00000135744	1	230826520	230881324
ENSG00000135773	1	230883010	230940145
ENSG00000119280	1	230972863	231005337
ENSG00000143643	1	231038680	231114641
ENSG00000173409	1	231114725	231136483
ENSG00000182118	1	231135570	231176018
ENSG00000119283	1	231297802	231357313
ENSG00000143633	1	231359507	231376935
ENSG00000116906	1	231376928	231413721
ENSG00000116903	1	231468497	231473600
ENSG00000010072	1	231472848	231511164
ENSG00000135766	1	231495304	231558497
ENSG00000287856	1	231499541	231664351
ENSG00000116918	1	231664285	231702272
ENSG00000270106	1	231664397	231954992
ENSG00000162946	1	231762407	232177020
ENSG00000116991	1	232533364	232767152
ENSG00000212916	1	232941160	232945677
ENSG00000135778	1	233086303	233120791
ENSG00000135749	1	233118775	233431491
ENSG00000143674	1	233463392	233521069
ENSG00000135750	1	233749765	233812403
ENSG00000183780	1	234040221	234461833
ENSG00000168275	1	234509182	234520828
ENSG00000059588	1	234527048	234614945
ENSG00000168264	1	234738039	234745937
ENSG00000173726	1	235272650	235292279
ENSG00000188739	1	235294496	235324944
ENSG00000054267	1	235294947	235492117
ENSG00000152904	1	235490663	235507861
ENSG00000285053	1	235491883	235612269
ENSG00000284770	1	235530673	235615758
ENSG00000162885	1	235613236	235667783
ENSG00000168243	1	235710983	235814398
ENSG00000143669	1	235824339	236047026
ENSG00000116962	1	236139128	236247217
ENSG00000077585	1	236305446	236416453
ENSG00000086619	1	236377979	236445321
ENSG00000186197	1	236511555	236666217
ENSG00000116977	1	236681298	236716283
ENSG00000119285	1	236703791	236768134
ENSG00000077522	1	236827439	236927933
ENSG00000116984	1	236958558	237084580
ENSG00000244020	1	237167401	237167743
ENSG00000198626	1	237205482	237997290
ENSG00000116996	1	238041162	238054224
ENSG00000133019	1	239549811	240078754
ENSG00000155816	1	240177646	240638492
ENSG00000180875	1	240652871	240775464
ENSG00000182901	1	240930934	241520676
ENSG00000091483	1	241660396	241683101
ENSG00000117009	1	241695174	241758947
ENSG00000054277	1	241751075	241840680
ENSG00000203668	1	241792151	241803703
ENSG00000162843	1	241815578	241966081
ENSG00000174371	1	242011267	242058452
ENSG00000196289	1	242121067	242122366
ENSG00000197769	1	242158488	242164888
ENSG00000180287	1	242246286	242688001
ENSG00000143702	1	243287277	243419097
ENSG00000054282	1	243418649	243681265
ENSG00000117020	1	243651533	244014383
ENSG00000179456	1	244211847	244220780
ENSG00000173728	1	244515929	244552967
ENSG00000035687	1	244570574	244615406
ENSG00000179397	1	244617677	244804481
ENSG00000121644	1	244816235	244885391
ENSG00000284188	1	244893001	244894319
ENSG00000203667	1	244998601	245008784
ENSG00000153187	1	245003938	245027878
ENSG00000203666	1	245132971	245290468
ENSG00000162849	1	245317841	245872736
ENSG00000185420	1	245912642	246670627
ENSG00000162851	1	246703861	246729594
ENSG00000162852	1	246729600	246840602
ENSG00000143653	1	246887364	246932102
ENSG00000153207	1	247002398	247095367
ENSG00000197472	1	247108615	247171397
ENSG00000135747	1	247108847	247242115
ENSG00000277462	1	247196991	247242122
ENSG00000188295	1	247261335	247267690
ENSG00000196418	1	247285275	247335367
ENSG00000197617	1	247419272	247420514
ENSG00000162714	1	247454154	247496126
ENSG00000162711	1	247495631	247612972
ENSG00000177535	1	247612418	247621409
ENSG00000169224	1	247670358	247740994
ENSG00000196242	1	247687977	247699744
ENSG00000177489	1	247751660	247752617
ENSG00000177476	1	247768886	247769819
ENSG00000198452	1	247780443	247785676
ENSG00000197437	1	247834112	247843043
ENSG00000169214	1	247874736	247879950
ENSG00000239395	1	247875113	247887068
ENSG00000241128	1	247886257	247911445
ENSG00000153230	1	247901915	247902863
ENSG00000221888	1	247918146	247923860
ENSG00000228336	1	247933469	247942828
ENSG00000196772	1	247977960	247987423
ENSG00000197591	1	248004228	248005200
ENSG00000162722	1	248020444	248043442
ENSG00000238243	1	248058887	248059835
ENSG00000177462	1	248083552	248086456
ENSG00000177275	1	248088189	248098643
ENSG00000279263	1	248112158	248113100
ENSG00000187080	1	248128533	248129690
ENSG00000197454	1	248176960	248187580
ENSG00000203663	1	248193370	248205609
ENSG00000198128	1	248210136	248226711
ENSG00000196071	1	248258484	248264467
ENSG00000162727	1	248308448	248309390
ENSG00000198601	1	248338121	248344371
ENSG00000228198	1	248360565	248376229
ENSG00000171180	1	248394717	248407983
ENSG00000177212	1	248433217	248441280
ENSG00000177201	1	248453439	248466728
ENSG00000177186	1	248486930	248487872
ENSG00000177174	1	248512075	248513017
ENSG00000196944	1	248524881	248525931
ENSG00000198104	1	248539045	248555114
ENSG00000175143	1	248566347	248571323
ENSG00000227152	1	248599658	248607619
ENSG00000196240	1	248608811	248619028
ENSG00000196539	1	248636650	248637610
ENSG00000203661	1	248651888	248654416
ENSG00000188558	1	248671372	248690640
ENSG00000182783	1	248720211	248726075
ENSG00000183310	1	248737100	248738060
ENSG00000184022	1	248753786	248761003
ENSG00000279301	1	248786856	248798394
ENSG00000177151	1	248799655	248808581
ENSG00000187701	1	248813230	248814187
ENSG00000189181	1	248841437	248866069
ENSG00000286015	1	248844548	248885508
ENSG00000266949	1	248902714	248903152
ENSG00000175137	1	249104643	249120723
ENSG00000171161	1	249132407	249143721
ENSG00000171163	1	249144201	249153345
ENSG00000185220	1	249190844	249223271
ENSG00000184731	2	38812	47086
ENSG00000035115	2	217276	266400
ENSG00000143727	2	264138	280059
ENSG00000189292	2	278284	289625
ENSG00000151353	2	663875	677472
ENSG00000172554	2	946500	1371387
ENSG00000115705	2	1377703	1547485
ENSG00000130508	2	1634614	1748626
ENSG00000186487	2	1792883	2335438
ENSG00000032389	2	3192024	3381652
ENSG00000171853	2	3383438	3488867
ENSG00000182551	2	3500149	3523357
ENSG00000286905	2	3579596	3605925
ENSG00000171865	2	3589018	3605963
ENSG00000171863	2	3622786	3628544
ENSG00000118004	2	3640379	3693736
ENSG00000151360	2	3705788	3750263
ENSG00000214866	2	3751163	3895600
ENSG00000176887	2	5832514	5841519
ENSG00000134326	2	6980699	7006768
ENSG00000134321	2	7005686	7039420
ENSG00000151692	2	7057515	7208419
ENSG00000115738	2	8818973	8824593
ENSG00000134313	2	8861209	8977762
ENSG00000143797	2	8992601	9143990
ENSG00000151693	2	9346729	9545814
ENSG00000119185	2	9542834	9564022
ENSG00000119203	2	9563750	9613248
ENSG00000134330	2	9613785	9640718
ENSG00000151694	2	9628609	9696863
ENSG00000134308	2	9723461	9779603
ENSG00000115750	2	9983467	10075125
ENSG00000134317	2	10091805	10142485
ENSG00000172059	2	10182974	10195087
ENSG00000205795	2	10196598	10221073
ENSG00000171848	2	10260823	10353242
ENSG00000115756	2	10437534	10567963
ENSG00000115758	2	10575541	10590244
ENSG00000115761	2	10702419	10830543
ENSG00000143882	2	10861224	10925838
ENSG00000143870	2	10921834	10978105
ENSG00000162975	2	11051220	11054353
ENSG00000150873	2	11273133	11294704
ENSG00000162976	2	11295322	11318998
ENSG00000134318	2	11319883	11488458
ENSG00000169016	2	11584499	11606305
ENSG00000196208	2	11622465	11782917
ENSG00000169006	2	11798285	11810474
ENSG00000134324	2	11817663	11968313
ENSG00000071575	2	12857034	12882862
ENSG00000162981	2	14772801	14790941
ENSG00000151779	2	15307035	15701466
ENSG00000079785	2	15731300	15774472
ENSG00000134323	2	16078516	16087146
ENSG00000197872	2	16729611	16847601
ENSG00000214842	2	17691424	17699709
ENSG00000163032	2	17720285	17838893
ENSG00000163029	2	17844205	17981511
ENSG00000178295	2	17934543	17970215
ENSG00000151379	2	17997725	17999067
ENSG00000170745	2	18059112	18542884
ENSG00000240857	2	18735807	18741965
ENSG00000250741	2	18736809	18770832
ENSG00000185013	2	18744135	18770837
ENSG00000143867	2	19551244	19559249
ENSG00000183891	2	20096390	20102045
ENSG00000118965	2	20110019	20189925
ENSG00000132031	2	20191811	20212587
ENSG00000068697	2	20232407	20251817
ENSG00000115884	2	20400555	20425275
ENSG00000055917	2	20448451	20551997
ENSG00000143878	2	20646833	20649203
ENSG00000118960	2	20760206	20850920
ENSG00000143869	2	20866892	20879005
ENSG00000118961	2	20883520	21022892
ENSG00000084674	2	21224175	21266949
ENSG00000218819	2	21346838	21367242
ENSG00000119771	2	23608040	23931483
ENSG00000119778	2	23971532	24150093
ENSG00000173960	2	24149656	24227781
ENSG00000205639	2	24232694	24286551
ENSG00000163026	2	24252215	24272447
ENSG00000119782	2	24272542	24290586
ENSG00000115128	2	24289522	24299348
ENSG00000219626	2	24299394	24392513
ENSG00000115129	2	24300301	24308733
ENSG00000176732	2	24334951	24346606
ENSG00000276087	2	24347234	24413307
ENSG00000186453	2	24397918	24423720
ENSG00000198399	2	24425731	24583678
ENSG00000084676	2	24713850	24993573
ENSG00000184924	2	25011778	25016266
ENSG00000138092	2	25015967	25045247
ENSG00000138031	2	25042036	25143170
ENSG00000115137	2	25166503	25194965
ENSG00000084710	2	25264915	25382006
ENSG00000115138	2	25383228	25391823
ENSG00000119772	2	25450722	25565461
ENSG00000138101	2	25599895	25896588
ENSG00000143970	2	25956620	26101471
ENSG00000084731	2	26149047	26205632
ENSG00000084733	2	26256348	26361446
ENSG00000157833	2	26395938	26419305
ENSG00000084754	2	26412700	26467914
ENSG00000138029	2	26466036	26513343
ENSG00000173567	2	26531039	26569687
ENSG00000138018	2	26531413	26618755
ENSG00000157856	2	26624774	26679587
ENSG00000115155	2	26680069	26781626
ENSG00000173557	2	26785408	26804048
ENSG00000157884	2	26802294	26864236
ENSG00000171303	2	26915579	26956290
ENSG00000213699	2	26987106	27004101
ENSG00000115163	2	26987155	27023937
ENSG00000157851	2	27070613	27173221
ENSG00000084764	2	27193266	27250089
ENSG00000119777	2	27255776	27264567
ENSG00000084693	2	27265230	27293492
ENSG00000228474	2	27281601	27296700
ENSG00000138080	2	27300910	27309278
ENSG00000138030	2	27309589	27323647
ENSG00000138028	2	27321719	27342009
ENSG00000143994	2	27346655	27353682
ENSG00000138073	2	27352019	27357559
ENSG00000186143	2	27359714	27362280
ENSG00000163792	2	27371865	27379844
ENSG00000138074	2	27422453	27435828
ENSG00000138085	2	27434878	27440048
ENSG00000084774	2	27440211	27468553
ENSG00000115194	2	27476375	27498687
ENSG00000163793	2	27498296	27504369
ENSG00000138100	2	27505232	27532270
ENSG00000163794	2	27530266	27531315
ENSG00000115204	2	27532352	27548549
ENSG00000115207	2	27547063	27580435
ENSG00000115211	2	27586285	27593335
ENSG00000115234	2	27593361	27600404
ENSG00000163795	2	27600100	27603659
ENSG00000115241	2	27604059	27632543
ENSG00000115216	2	27650655	27665129
ENSG00000157992	2	27665202	27669355
ENSG00000138002	2	27667239	27712708
ENSG00000115226	2	27714125	27718500
ENSG00000084734	2	27718920	27746557
ENSG00000221843	2	27760251	27805591
ENSG00000243943	2	27805834	27846086
ENSG00000176714	2	27848400	27851887
ENSG00000198522	2	27851112	27875021
ENSG00000119760	2	27865433	27886716
ENSG00000163798	2	27886291	27918625
ENSG00000243147	2	27994548	28004353
ENSG00000310603	2	27994604	28210956
ENSG00000171174	2	28003722	28113550
ENSG00000158019	2	28111532	28562053
ENSG00000075426	2	28615313	28640186
ENSG00000163803	2	28680010	28868772
ENSG00000213639	2	28973943	29025832
ENSG00000163806	2	29005381	29073479
ENSG00000171103	2	29021172	29093260
ENSG00000163811	2	29117475	29171794
ENSG00000189350	2	29179370	29275104
ENSG00000179270	2	29283840	29297434
ENSG00000115295	2	29318409	29422645
ENSG00000171094	2	29413859	30144454
ENSG00000119801	2	30369419	30383406
ENSG00000213626	2	30454395	30548689
ENSG00000172954	2	30670076	30867093
ENSG00000162949	2	30945635	31043410
ENSG00000158089	2	31121560	31378070
ENSG00000214711	2	31395920	31456879
ENSG00000013016	2	31456807	31498252
ENSG00000158125	2	31557184	31637624
ENSG00000277893	2	31747548	31806014
ENSG00000162959	2	32090127	32236301
ENSG00000162961	2	32092876	32264903
ENSG00000021574	2	32288592	32382708
ENSG00000152683	2	32390908	32449873
ENSG00000091106	2	32449520	32490891
ENSG00000119820	2	32502935	32545967
ENSG00000115760	2	32582085	32844651
ENSG00000018699	2	32853084	33046121
ENSG00000049323	2	33171537	33625578
ENSG00000152689	2	33661332	33811738
ENSG00000119812	2	33757809	33824416
ENSG00000150938	2	36582856	36778280
ENSG00000171055	2	36758946	36873232
ENSG00000205221	2	36923820	37041943
ENSG00000115808	2	37062878	37194767
ENSG00000008869	2	37195524	37311554
ENSG00000152133	2	37311559	37326446
ENSG00000055332	2	37326351	37384833
ENSG00000138068	2	37394961	37423743
ENSG00000218739	2	37418614	37443700
ENSG00000115816	2	37428711	37458757
ENSG00000003509	2	37458769	37498565
ENSG00000115825	2	37477643	37551984
ENSG00000115828	2	37569968	37600468
ENSG00000163171	2	37869023	37965613
ENSG00000115841	2	38150328	38294287
ENSG00000138061	2	38294114	38337046
ENSG00000119787	2	38521082	38604582
ENSG00000143889	2	38789031	38830730
ENSG00000143891	2	38893046	38993193
ENSG00000115875	2	38970739	38978642
ENSG00000152147	2	38978674	39012146
ENSG00000163214	2	39024864	39103086
ENSG00000188010	2	39103108	39109852
ENSG00000310583	2	39103130	39156214
ENSG00000214694	2	39116978	39202611
ENSG00000115904	2	39189345	39351488
ENSG00000205111	2	39395111	39471126
ENSG00000011566	2	39476405	39664497
ENSG00000152154	2	39892120	39946124
ENSG00000138050	2	39960561	40006430
ENSG00000183023	2	40324408	40838195
ENSG00000162878	2	42275152	42285667
ENSG00000143924	2	42396450	42559690
ENSG00000115944	2	42555159	42652230
ENSG00000171126	2	42669155	42722058
ENSG00000057935	2	42721707	42984092
ENSG00000162881	2	42989637	42991277
ENSG00000162882	2	42992847	43020083
ENSG00000152518	2	43448962	43453753
ENSG00000115970	2	43457263	43823211
ENSG00000152527	2	43864386	43995128
ENSG00000223658	2	43902288	43903570
ENSG00000138036	2	44001148	44055493
ENSG00000138075	2	44033350	44066006
ENSG00000143921	2	44059079	44110129
ENSG00000138095	2	44113361	44223367
ENSG00000138032	2	44395106	44471525
ENSG00000285542	2	44395988	44547451
ENSG00000138079	2	44502595	44549815
ENSG00000138078	2	44543322	44589003
ENSG00000143919	2	44589011	45003574
ENSG00000138083	2	45168833	45173212
ENSG00000170577	2	45232319	45236661
ENSG00000068784	2	45611681	45839306
ENSG00000171132	2	45878233	46415131
ENSG00000116016	2	46520804	46613843
ENSG00000284701	2	46706702	46711566
ENSG00000250565	2	46717887	46770428
ENSG00000119729	2	46768943	46829187
ENSG00000151665	2	46808074	46844208
ENSG00000119878	2	46843553	46912178
ENSG00000171150	2	46925560	47008607
ENSG00000180398	2	47122930	47168996
ENSG00000068724	2	47143006	47303278
ENSG00000239605	2	47272675	47382449
ENSG00000273269	2	47293078	47403652
ENSG00000143933	2	47387221	47404062
ENSG00000119888	2	47572295	47614742
ENSG00000095002	2	47630204	47890287
ENSG00000184261	2	47736427	47798134
ENSG00000116062	2	47922667	48037250
ENSG00000138081	2	48012341	48133695
ENSG00000170802	2	48541468	48606654
ENSG00000162869	2	48667735	48743315
ENSG00000243244	2	48756513	48826063
ENSG00000068781	2	48757062	49003658
ENSG00000242441	2	48844935	48960289
ENSG00000279956	2	48859428	48982865
ENSG00000138039	2	48913911	48982872
ENSG00000170820	2	49189294	49381668
ENSG00000179915	2	50145639	51452715
ENSG00000115239	2	53759808	54087299
ENSG00000143942	2	53994926	54004097
ENSG00000068912	2	54014144	54061706
ENSG00000119737	2	54079887	54087299
ENSG00000068878	2	54087756	54198179
ENSG00000170634	2	54197973	54532968
ENSG00000178021	2	54480313	54483368
ENSG00000177994	2	54557169	54611330
ENSG00000115306	2	54683401	54898585
ENSG00000214595	2	54950634	55199163
ENSG00000115310	2	55199065	55339759
ENSG00000162994	2	55399681	55459701
ENSG00000143947	2	55456581	55463787
ENSG00000085760	2	55463352	55497401
ENSG00000115355	2	55514497	55647180
ENSG00000163001	2	55746693	55772639
ENSG00000275052	2	55774426	55846017
ENSG00000138035	2	55861194	55921000
ENSG00000115380	2	56038125	56151408
ENSG00000055813	2	56410884	56613554
ENSG00000028116	2	58134713	58391138
ENSG00000115392	2	58386376	58468547
ENSG00000119866	2	60677653	60781604
ENSG00000115421	2	60983365	61029223
ENSG00000162924	2	61108624	61167158
ENSG00000162927	2	61165257	61245421
ENSG00000162928	2	61244191	61289653
ENSG00000162929	2	61293004	61365171
ENSG00000237651	2	61372201	61392544
ENSG00000115464	2	61413978	61698242
ENSG00000082898	2	61703165	61765890
ENSG00000170264	2	62051981	62081280
ENSG00000115484	2	62094471	62115833
ENSG00000173163	2	62115857	62376262
ENSG00000170340	2	62422618	62453408
ENSG00000186889	2	62727351	62739031
ENSG00000115504	2	62900984	63273624
ENSG00000115507	2	63277190	63284973
ENSG00000143951	2	63346692	64054979
ENSG00000014641	2	63815689	63834409
ENSG00000169764	2	64068077	64178567
ENSG00000143952	2	64118833	64246686
ENSG00000197329	2	64319675	64371609
ENSG00000119862	2	64680580	64688518
ENSG00000119844	2	64751418	64820145
ENSG00000179833	2	64858753	64978141
ENSG00000115902	2	65215609	65251001
ENSG00000011523	2	65283482	65314434
ENSG00000138069	2	65297828	65358122
ENSG00000138071	2	65454846	65498389
ENSG00000198369	2	65537983	65659818
ENSG00000143995	2	66660582	66801032
ENSG00000143971	2	67624445	67639254
ENSG00000197223	2	68268260	68338082
ENSG00000243667	2	68316030	68384701
ENSG00000273398	2	68358368	68488364
ENSG00000115946	2	68384958	68403373
ENSG00000221823	2	68405487	68483371
ENSG00000119865	2	68511301	68547185
ENSG00000115956	2	68592205	68624587
ENSG00000204923	2	68686552	68694451
ENSG00000169621	2	68694691	68882996
ENSG00000169618	2	68870216	68886176
ENSG00000163219	2	68906731	69053967
ENSG00000163217	2	69088039	69098573
ENSG00000183607	2	69165906	69180162
ENSG00000169605	2	69201703	69208114
ENSG00000169604	2	69240215	69476461
ENSG00000198380	2	69546746	69614447
ENSG00000169599	2	69623202	69664799
ENSG00000115977	2	69684689	69901483
ENSG00000196975	2	69870239	70054255
ENSG00000087338	2	70056742	70108527
ENSG00000310604	2	70056869	70056932
ENSG00000124380	2	70121074	70134792
ENSG00000059728	2	70124818	70170079
ENSG00000244617	2	70187219	70188765
ENSG00000293615	2	70187234	70314454
ENSG00000169564	2	70314607	70316337
ENSG00000115998	2	70377012	70475749
ENSG00000116001	2	70436574	70475895
ENSG00000116005	2	70484516	70508319
ENSG00000143977	2	70508334	70520900
ENSG00000035141	2	70523105	70529220
ENSG00000163235	2	70674414	70781327
ENSG00000075340	2	70834748	70995633
ENSG00000183733	2	71004440	71017777
ENSG00000152672	2	71035773	71047735
ENSG00000116031	2	71057129	71062954
ENSG00000116035	2	71127616	71192563
ENSG00000116039	2	71162899	71192563
ENSG00000258881	2	71166446	71222468
ENSG00000144043	2	71195453	71222005
ENSG00000144031	2	71205508	71213099
ENSG00000124357	2	71291472	71306940
ENSG00000124370	2	71336054	71357411
ENSG00000124383	2	71357433	71377233
ENSG00000124374	2	71408830	71454244
ENSG00000075292	2	71503665	71664315
ENSG00000135636	2	71680623	71913895
ENSG00000003137	2	72356365	72375561
ENSG00000144036	2	72397206	73053186
ENSG00000116096	2	73114501	73119289
ENSG00000135638	2	73143311	73163202
ENSG00000144040	2	73166375	73302749
ENSG00000135631	2	73300508	73383851
ENSG00000214513	2	73429696	73439643
ENSG00000135632	2	73441348	73454359
ENSG00000135617	2	73455134	73460392
ENSG00000135624	2	73460546	73480412
ENSG00000163013	2	73481808	73511608
ENSG00000135625	2	73518053	73520851
ENSG00000116127	2	73612884	73852295
ENSG00000144035	2	73867848	73870358
ENSG00000144034	2	73936829	73964550
ENSG00000144048	2	73988907	74007302
ENSG00000187833	2	74011308	74044277
ENSG00000124356	2	74056041	74100799
ENSG00000163017	2	74119357	74146994
ENSG00000114956	2	74153919	74186090
ENSG00000187605	2	74212035	74335306
ENSG00000163170	2	74360458	74375106
ENSG00000114978	2	74379653	74406061
ENSG00000065911	2	74413297	74445561
ENSG00000264324	2	74438729	74590506
ENSG00000188687	2	74443367	74570545
ENSG00000204843	2	74588279	74619216
ENSG00000159239	2	74620961	74648791
ENSG00000284308	2	74641301	74648784
ENSG00000005448	2	74648602	74652899
ENSG00000114993	2	74651256	74669551
ENSG00000115274	2	74682203	74685087
ENSG00000274049	2	74682213	74688013
ENSG00000239779	2	74685388	74688206
ENSG00000115275	2	74688182	74692544
ENSG00000135637	2	74699082	74710537
ENSG00000204822	2	74699082	74699828
ENSG00000115282	2	74709742	74724044
ENSG00000179528	2	74724580	74730445
ENSG00000115289	2	74732166	74735490
ENSG00000115297	2	74740588	74744277
ENSG00000144045	2	74745256	74753525
ENSG00000115307	2	74753761	74757095
ENSG00000115317	2	74756399	74761095
ENSG00000115318	2	74758841	74782847
ENSG00000115325	2	74776000	74784683
ENSG00000159374	2	74785008	74875479
ENSG00000135622	2	74881351	74934713
ENSG00000159399	2	75061202	75120488
ENSG00000115350	2	75185761	75374333
ENSG00000115353	2	75273588	75426654
ENSG00000115363	2	75672667	75874325
ENSG00000115364	2	75873901	75919186
ENSG00000005436	2	75879124	75938312
ENSG00000176204	2	76974809	77820447
ENSG00000143954	2	79252810	79255635
ENSG00000172023	2	79312147	79315147
ENSG00000115386	2	79338360	79350538
ENSG00000172016	2	79384127	79386885
ENSG00000066032	2	79412355	80877396
ENSG00000162951	2	80515474	80531884
ENSG00000163541	2	84650648	84687171
ENSG00000115423	2	84743577	85046715
ENSG00000186854	2	85048769	85134134
ENSG00000034510	2	85132045	85133806
ENSG00000176407	2	85198214	85286597
ENSG00000152284	2	85360469	85537513
ENSG00000152291	2	85538789	85555426
ENSG00000042445	2	85569069	85581780
ENSG00000115459	2	85581515	85618877
ENSG00000042493	2	85615265	85649142
ENSG00000152292	2	85645835	85664154
ENSG00000168906	2	85766284	85772406
ENSG00000115486	2	85771841	85788963
ENSG00000118640	2	85788683	85809157
ENSG00000168899	2	85811518	85820546
ENSG00000168894	2	85822741	85825714
ENSG00000168890	2	85825668	85830326
ENSG00000168883	2	85829977	85884835
ENSG00000168887	2	85832375	85839191
ENSG00000168878	2	85882275	85895866
ENSG00000115523	2	85912296	85925979
ENSG00000168874	2	85978465	86021391
ENSG00000115525	2	86064241	86132324
ENSG00000068654	2	86247337	86333280
ENSG00000132300	2	86333344	86369282
ENSG00000132305	2	86369919	86422756
ENSG00000132313	2	86426476	86449665
ENSG00000068615	2	86437643	86565208
ENSG00000115548	2	86667768	86719841
ENSG00000115561	2	86729809	86790632
ENSG00000249884	2	86732789	86948247
ENSG00000239305	2	86829632	86851025
ENSG00000153561	2	86947174	87005174
ENSG00000153563	2	87011576	87035521
ENSG00000172116	2	87042460	87089102
ENSG00000187627	2	87140904	87241101
ENSG00000183281	2	87222293	87249002
ENSG00000125551	2	88047602	88088854
ENSG00000185304	2	88055475	88125483
ENSG00000172086	2	88326720	88363773
ENSG00000115593	2	88367290	88412905
ENSG00000163586	2	88422499	88427643
ENSG00000144115	2	88469812	88489099
ENSG00000214336	2	88744343	88752213
ENSG00000172073	2	88824135	88829111
ENSG00000172071	2	88856257	88991038
ENSG00000153574	2	88991158	89050454
ENSG00000228325	2	90537837	90538399
ENSG00000163060	2	95537124	95542579
ENSG00000172005	2	95691420	95720689
ENSG00000144029	2	95751112	95787781
ENSG00000289685	2	95751134	95831138
ENSG00000144026	2	95787830	95831419
ENSG00000275111	2	95831175	95850067
ENSG00000233757	2	95873256	95925524
ENSG00000155066	2	95940190	95957058
ENSG00000115041	2	95963051	96051831
ENSG00000115042	2	96068432	96082449
ENSG00000144010	2	96142754	96150504
ENSG00000144015	2	96257747	96265528
ENSG00000174501	2	96502665	96657593
ENSG00000186281	2	96687689	96705201
ENSG00000274286	2	96778622	96782312
ENSG00000188886	2	96788555	96804305
ENSG00000158050	2	96808903	96811188
ENSG00000084090	2	96850595	96874594
ENSG00000135956	2	96914236	96931822
ENSG00000144021	2	96931895	96939913
ENSG00000144028	2	96940072	96987011
ENSG00000198885	2	96990713	96996257
ENSG00000121152	2	97001464	97042831
ENSG00000163121	2	97163379	97173892
ENSG00000196843	2	97202434	97218378
ENSG00000114982	2	97249914	97308526
ENSG00000249715	2	97308472	97370626
ENSG00000114988	2	97370559	97405826
ENSG00000158158	2	97426593	97477627
ENSG00000168763	2	97481973	97503282
ENSG00000163126	2	97487546	97523673
ENSG00000213337	2	97501975	97523809
ENSG00000168758	2	97525453	97539579
ENSG00000168754	2	97541617	97652319
ENSG00000144199	2	97744494	97760642
ENSG00000135976	2	97778847	97930260
ENSG00000196912	2	98109125	98207015
ENSG00000135940	2	98262495	98264848
ENSG00000115073	2	98272400	98280579
ENSG00000228486	2	98280678	98321093
ENSG00000115085	2	98329651	98360792
ENSG00000075568	2	98372794	98612691
ENSG00000168658	2	98703577	98929764
ENSG00000144191	2	98962649	99016262
ENSG00000040933	2	99060707	99210857
ENSG00000183513	2	99214703	99225007
ENSG00000115446	2	99224635	99235069
ENSG00000071073	2	99235567	99349104
ENSG00000196872	2	99410306	99553093
ENSG00000135951	2	99611617	99771429
ENSG00000273045	2	99757696	99771050
ENSG00000241962	2	99757946	99939206
ENSG00000144182	2	99771416	99779664
ENSG00000273155	2	99771459	99811763
ENSG00000158411	2	99777888	99797817
ENSG00000185414	2	99797572	99840963
ENSG00000185674	2	99858630	99872131
ENSG00000144214	2	99900699	99922575
ENSG00000115514	2	99922937	99957167
ENSG00000158417	2	99953822	100017791
ENSG00000135945	2	100016936	100106930
ENSG00000144218	2	100161879	100808933
ENSG00000170500	2	100888335	100938970
ENSG00000115526	2	101008319	101034290
ENSG00000204640	2	101086942	101099744
ENSG00000115539	2	101179262	101193947
ENSG00000170485	2	101436551	101613293
ENSG00000071082	2	101614206	101640501
ENSG00000204634	2	101622062	101869330
ENSG00000158435	2	101869266	101886780
ENSG00000163162	2	101887675	101925234
ENSG00000175874	2	101962010	102004161
ENSG00000196460	2	102013819	102091576
ENSG00000071054	2	102313310	102511154
ENSG00000233404	2	102508953	102511152
ENSG00000115590	2	102608258	102645548
ENSG00000115594	2	102680391	102796336
ENSG00000115598	2	102803423	102856466
ENSG00000115602	2	102927960	102971827
ENSG00000115604	2	102927987	103015239
ENSG00000115607	2	103035028	103069029
ENSG00000180251	2	103089677	103150433
ENSG00000115616	2	103235735	103328249
ENSG00000135953	2	103327630	103353360
ENSG00000170417	2	103353362	103636360
ENSG00000198914	2	105469743	105475034
ENSG00000135972	2	105654424	105716420
ENSG00000135973	2	105858198	105859926
ENSG00000268556	2	105867757	105869603
ENSG00000135966	2	105880742	105946508
ENSG00000135974	2	105953971	105977235
ENSG00000115641	2	105968614	106055044
ENSG00000071051	2	106360824	106512519
ENSG00000119147	2	106679700	106694613
ENSG00000115652	2	106707369	106810829
ENSG00000153165	2	107007744	107084871
ENSG00000269000	2	107099726	107103850
ENSG00000254126	2	107103804	107160755
ENSG00000144057	2	107418054	107503744
ENSG00000196862	2	108443346	108509002
ENSG00000115665	2	108602970	108630671
ENSG00000196228	2	108856422	108882712
ENSG00000198203	2	108905093	108927026
ENSG00000198075	2	108994365	109005448
ENSG00000135968	2	109065561	109125873
ENSG00000169756	2	109150125	109303805
ENSG00000153201	2	109335821	109402268
ENSG00000163006	2	109403184	109501935
ENSG00000135960	2	109510925	109605830
ENSG00000172985	2	109744682	110262217
ENSG00000186522	2	110300278	110371800
ENSG00000198142	2	110371939	110376569
ENSG00000015568	2	110550333	110615284
ENSG00000256977	2	110656003	110677182
ENSG00000284337	2	110656007	110726136
ENSG00000144063	2	110841445	110873654
ENSG00000144061	2	110879886	110962650
ENSG00000175701	2	110969103	111002999
ENSG00000257207	2	111160509	111230654
ENSG00000256671	2	111203458	111230654
ENSG00000183054	2	111271377	111368419
ENSG00000169679	2	111393043	111435677
ENSG00000153093	2	111490099	111876127
ENSG00000153094	2	111876953	111926023
ENSG00000293584	2	111878728	111881344
ENSG00000153107	2	112369214	112642269
ENSG00000153208	2	112656031	112798216
ENSG00000153214	2	112812777	112877449
ENSG00000144152	2	112895938	112945797
ENSG00000144161	2	112969104	113012730
ENSG00000188177	2	113033140	113097638
ENSG00000169629	2	113125944	113192067
ENSG00000114999	2	113239687	113299318
ENSG00000125630	2	113299490	113337397
ENSG00000125611	2	113341815	113346854
ENSG00000144136	2	113403428	113422306
ENSG00000144130	2	113478595	113500458
ENSG00000169607	2	113493924	113522243
ENSG00000115008	2	113531491	113542079
ENSG00000125538	2	113587325	113621814
ENSG00000125571	2	113668735	113676461
ENSG00000136688	2	113730778	113743251
ENSG00000136694	2	113763034	113765623
ENSG00000136696	2	113779664	113810446
ENSG00000136695	2	113816213	113822961
ENSG00000136697	2	113825545	113833422
ENSG00000136689	2	113856890	113891595
ENSG00000125637	2	113914900	113966975
ENSG00000125618	2	113973572	114036580
ENSG00000136682	2	114195266	114253783
ENSG00000238091	2	114204990	114205431
ENSG00000184492	2	114256240	114258729
ENSG00000144134	2	114384790	114400986
ENSG00000115084	2	114462586	114514279
ENSG00000115091	2	114647175	114720175
ENSG00000175497	2	115199874	116603372
ENSG00000088205	2	118572230	118590294
ENSG00000125633	2	118673052	118771770
ENSG00000125629	2	118845711	118869891
ENSG00000163064	2	119599745	119605226
ENSG00000019169	2	119699746	119752242
ENSG00000144119	2	119913817	119916508
ENSG00000115107	2	119980021	120023230
ENSG00000186132	2	120057013	120124766
ENSG00000155368	2	120124446	120130138
ENSG00000171227	2	120187475	120206242
ENSG00000080293	2	120197413	120282879
ENSG00000163075	2	120301741	120419829
ENSG00000144120	2	120436711	120447985
ENSG00000088179	2	120517178	120744506
ENSG00000115109	2	120770490	120936697
ENSG00000226479	2	120975053	120980978
ENSG00000144118	2	120997624	121062880
ENSG00000163083	2	121102388	121109381
ENSG00000268194	2	121221909	121223699
ENSG00000074047	2	121493197	121750231
ENSG00000115112	2	121974161	122042841
ENSG00000074054	2	122095350	122407177
ENSG00000155438	2	122482289	122494698
ENSG00000211460	2	122494677	122525449
ENSG00000155052	2	124782862	125678798
ENSG00000136732	2	127413413	127454248
ENSG00000237524	2	127656438	127659675
ENSG00000136717	2	127805591	127865134
ENSG00000186684	2	127941406	127977963
ENSG00000163161	2	128014859	128051766
ENSG00000169967	2	128056242	128146043
ENSG00000115718	2	128173507	128187340
ENSG00000163166	2	128193781	128284464
ENSG00000169994	2	128293257	128395306
ENSG00000072163	2	128395954	128439362
ENSG00000144230	2	128403437	128413757
ENSG00000136709	2	128458599	128568771
ENSG00000173349	2	128459069	128462818
ENSG00000144231	2	128601125	128615739
ENSG00000144233	2	128619202	128643543
ENSG00000136715	2	128698789	128785700
ENSG00000136731	2	128848723	128953253
ENSG00000136720	2	128994288	129076669
ENSG00000222014	2	130737237	130740313
ENSG00000196604	2	130831106	130886946
ENSG00000152076	2	130896858	130902709
ENSG00000136699	2	130908316	130941497
ENSG00000152082	2	130939308	130948304
ENSG00000152086	2	130949314	130956036
ENSG00000136710	2	131095493	131100274
ENSG00000136718	2	131099974	131106125
ENSG00000072135	2	131113597	131132984
ENSG00000196834	2	131217026	131267282
ENSG00000152093	2	131278768	131286179
ENSG00000136698	2	131349736	131357150
ENSG00000222038	2	131369011	131415612
ENSG00000173302	2	131486641	131487911
ENSG00000178171	2	131513103	131525709
ENSG00000136002	2	131594435	131804838
ENSG00000284479	2	131792465	131804838
ENSG00000152102	2	131805447	131851067
ENSG00000115762	2	131862418	132111284
ENSG00000188219	2	131967107	132022853
ENSG00000233087	2	132118063	132121743
ENSG00000173272	2	132222471	132250617
ENSG00000075886	2	132233689	132240510
ENSG00000163040	2	132285246	132291242
ENSG00000163046	2	132905162	133015544
ENSG00000183840	2	133174376	133404157
ENSG00000150551	2	133398374	133429154
ENSG00000176771	2	133429359	134399153
ENSG00000269686	2	133874575	133876627
ENSG00000152127	2	134877461	135212194
ENSG00000152128	2	135213328	135476740
ENSG00000153086	2	135595880	135660482
ENSG00000082258	2	135675803	135757018
ENSG00000176601	2	135722053	135805040
ENSG00000115839	2	135809833	135934239
ENSG00000121988	2	135894484	136288800
ENSG00000048991	2	136289016	136483069
ENSG00000144224	2	136499194	136542635
ENSG00000115850	2	136545418	136594756
ENSG00000076003	2	136597194	136634056
ENSG00000115866	2	136662504	136743672
ENSG00000121966	2	136871917	136876749
ENSG00000144229	2	137523113	138435290
ENSG00000150540	2	138721556	138774390
ENSG00000144228	2	139252396	139332030
ENSG00000144227	2	139426725	139538481
ENSG00000168702	2	140988861	142888587
ENSG00000115919	2	143569393	143813404
ENSG00000075884	2	143848929	144525941
ENSG00000121964	2	144695633	145090676
ENSG00000169554	2	145121929	145278626
ENSG00000121989	2	148601945	148688409
ENSG00000115947	2	148687963	148779355
ENSG00000204406	2	148778578	149274542
ENSG00000135999	2	149402007	149546796
ENSG00000168280	2	149632817	149883275
ENSG00000150556	2	149894487	150071782
ENSG00000187123	2	150186497	150330655
ENSG00000168288	2	150421038	150444328
ENSG00000115963	2	151324707	151395527
ENSG00000184898	2	152104452	152118386
ENSG00000123609	2	152126979	152146437
ENSG00000123610	2	152214097	152237447
ENSG00000080345	2	152266395	152364529
ENSG00000183091	2	152341848	152591031
ENSG00000162980	2	152622745	152685047
ENSG00000283228	2	152659163	152830465
ENSG00000182389	2	152689283	152955698
ENSG00000115145	2	152973313	153032297
ENSG00000157827	2	153191625	153506347
ENSG00000196504	2	153508105	153575566
ENSG00000177917	2	153574133	153619138
ENSG00000177519	2	154333850	154335278
ENSG00000144278	2	154727909	155313144
ENSG00000162989	2	155553909	155715751
ENSG00000153234	2	157180942	157198862
ENSG00000115159	2	157291800	157471216
ENSG00000268857	2	157352595	157352657
ENSG00000136542	2	158114007	158175005
ENSG00000136541	2	158175124	158184233
ENSG00000115165	2	158265870	158347607
ENSG00000123612	2	158383277	158485410
ENSG00000115170	2	158592759	158732922
ENSG00000007001	2	158733067	158992668
ENSG00000153237	2	159026660	159313290
ENSG00000144283	2	159313405	159539469
ENSG00000163331	2	159651776	159719771
ENSG00000115183	2	159825013	160089205
ENSG00000196151	2	160091412	160143860
ENSG00000123636	2	160171821	160473795
ENSG00000136536	2	160568510	160657473
ENSG00000241399	2	160621421	160654902
ENSG00000248672	2	160628360	160761223
ENSG00000054219	2	160659853	160761360
ENSG00000153246	2	160788515	160919419
ENSG00000115221	2	160956170	161128401
ENSG00000153250	2	161128660	161350613
ENSG00000136560	2	161993417	162093081
ENSG00000115233	2	162164917	162268239
ENSG00000136535	2	162272715	162282383
ENSG00000144290	2	162280841	162841841
ENSG00000197635	2	162848751	162931151
ENSG00000115263	2	162999385	163008916
ENSG00000078098	2	163027192	163101663
ENSG00000115267	2	163123582	163175196
ENSG00000115271	2	163175347	163245048
ENSG00000184611	2	163222229	163695303
ENSG00000182263	2	164449904	164593525
ENSG00000115290	2	165347755	165478984
ENSG00000082438	2	165510132	165700191
ENSG00000169507	2	165750862	165812144
ENSG00000153253	2	165944024	166060605
ENSG00000136531	2	166051501	166248822
ENSG00000178662	2	166326155	166545919
ENSG00000115339	2	166603847	166702713
ENSG00000123607	2	166713983	166810363
ENSG00000144285	2	166841149	167039318
ENSG00000169432	2	167051693	167232513
ENSG00000136546	2	167259980	167467994
ENSG00000163092	2	167744988	168116631
ENSG00000172318	2	168149488	168730557
ENSG00000198648	2	168805683	169104406
ENSG00000172292	2	169312349	169631860
ENSG00000163072	2	169643047	169747751
ENSG00000152253	2	169690640	169769883
ENSG00000152254	2	169757799	169766512
ENSG00000073734	2	169772006	169887844
ENSG00000073737	2	169921297	169952680
ENSG00000081479	2	169983617	170219292
ENSG00000163093	2	170335988	170365964
ENSG00000251569	2	170335988	170382434
ENSG00000239474	2	170366192	170382774
ENSG00000138399	2	170384386	170430431
ENSG00000138398	2	170440845	170498636
ENSG00000154479	2	170501933	170550938
ENSG00000144362	2	170550943	170561320
ENSG00000213160	2	170550943	170649209
ENSG00000138385	2	170648441	170668603
ENSG00000138382	2	170666589	170681443
ENSG00000144357	2	170683904	170940973
ENSG00000071909	2	171034653	171511683
ENSG00000204335	2	171571795	171574590
ENSG00000204334	2	171623386	171655489
ENSG00000128683	2	171669721	171717663
ENSG00000115806	2	171784972	171823647
ENSG00000198586	2	171847331	172087826
ENSG00000123600	2	172172254	172291314
ENSG00000115827	2	172290725	172347830
ENSG00000071967	2	172378755	172414645
ENSG00000077380	2	172543917	172606691
ENSG00000115840	2	172637676	172864768
ENSG00000128708	2	172778912	172851689
ENSG00000172878	2	172864840	172948719
ENSG00000144355	2	172949195	172954407
ENSG00000115844	2	172964164	172967639
ENSG00000091409	2	173098942	173371295
ENSG00000152256	2	173420099	173493328
ENSG00000091428	2	173600000	173919094
ENSG00000091436	2	173921907	174133639
ENSG00000144354	2	174219544	174233727
ENSG00000172845	2	174745576	174830607
ENSG00000138430	2	174937173	175113391
ENSG00000217236	2	175199674	175203437
ENSG00000138433	2	175211687	175260442
ENSG00000144306	2	175260450	175297070
ENSG00000163328	2	175296297	175351880
ENSG00000115935	2	175424289	175547646
ENSG00000138435	2	175612318	175652665
ENSG00000128656	2	175662305	175870135
ENSG00000115966	2	175936976	176033112
ENSG00000154518	2	176037694	176046494
ENSG00000144320	2	176788589	176867569
ENSG00000174279	2	176942198	176948692
ENSG00000128714	2	176957416	176960970
ENSG00000170178	2	176964521	176967219
ENSG00000128713	2	176968942	176974484
ENSG00000128710	2	176973516	176984667
ENSG00000128709	2	176985955	176992300
ENSG00000175879	2	176994054	176997425
ENSG00000128652	2	177000804	177039213
ENSG00000170166	2	177016271	177020808
ENSG00000128645	2	177053385	177055656
ENSG00000128654	2	177134121	177202755
ENSG00000170144	2	178077313	178090836
ENSG00000116044	2	178083393	178257486
ENSG00000018510	2	178257302	178431754
ENSG00000196659	2	178413724	178417526
ENSG00000197557	2	178477725	178483472
ENSG00000128655	2	178487970	178973068
ENSG00000155636	2	178977109	179003740
ENSG00000079156	2	179058436	179267622
ENSG00000180228	2	179296017	179316241
ENSG00000204311	2	179316071	179327137
ENSG00000079150	2	179328389	179343333
ENSG00000116095	2	179345072	179381192
ENSG00000155657	2	179390714	179695531
ENSG00000163492	2	179694482	179916426
ENSG00000187231	2	179966403	180129929
ENSG00000144331	2	180306707	180726346
ENSG00000163510	2	180808754	180872061
ENSG00000170035	2	181802410	181941319
ENSG00000115232	2	182321739	182403669
ENSG00000188452	2	182399766	182545394
ENSG00000162992	2	182533020	182545556
ENSG00000138434	2	182706017	182795467
ENSG00000150722	2	182818966	182996127
ENSG00000115252	2	183004693	183388088
ENSG00000077232	2	183580332	183659193
ENSG00000162998	2	183698000	183733168
ENSG00000061676	2	183773841	183903588
ENSG00000162999	2	183943285	183965790
ENSG00000163002	2	183982239	184027882
ENSG00000170396	2	185463254	185804221
ENSG00000188738	2	186603513	186698019
ENSG00000065548	2	187350615	187378102
ENSG00000138448	2	187454390	187545630
ENSG00000144369	2	187558735	187630688
ENSG00000163012	2	187691585	187713937
ENSG00000064989	2	188206671	188313235
ENSG00000003436	2	188328548	188430575
ENSG00000144366	2	189155830	189460672
ENSG00000168542	2	189839095	189877474
ENSG00000204262	2	189895467	190090040
ENSG00000115368	2	190306153	190350644
ENSG00000138449	2	190425215	190448486
ENSG00000138381	2	190526109	190536109
ENSG00000286053	2	190526109	190531165
ENSG00000286165	2	190526243	190532609
ENSG00000151687	2	190539014	190625921
ENSG00000128694	2	190611139	190627958
ENSG00000128699	2	190630269	190649123
ENSG00000064933	2	190648786	190743113
ENSG00000187699	2	190744267	191069220
ENSG00000138379	2	190920424	190927468
ENSG00000198130	2	191054459	191208921
ENSG00000151689	2	191199397	191236393
ENSG00000151690	2	191272620	191373933
ENSG00000189362	2	191298940	191399515
ENSG00000138386	2	191511470	191560256
ENSG00000115419	2	191745046	191830280
ENSG00000115415	2	191773184	191885688
ENSG00000138378	2	191894294	192043163
ENSG00000128641	2	192109788	192290548
ENSG00000173559	2	192542792	192605825
ENSG00000168497	2	192699022	192711981
ENSG00000144339	2	192768969	193059974
ENSG00000196950	2	196440699	196602432
ENSG00000118997	2	196602246	196933574
ENSG00000081320	2	196998281	197041229
ENSG00000138411	2	197053821	197458410
ENSG00000144395	2	197504276	197628216
ENSG00000119041	2	197625784	197664469
ENSG00000187944	2	197669139	197674081
ENSG00000197121	2	197697726	197792522
ENSG00000065413	2	197831739	198175899
ENSG00000115524	2	198253237	198299805
ENSG00000115520	2	198318160	198340214
ENSG00000144381	2	198350650	198381463
ENSG00000115541	2	198364832	198378134
ENSG00000270757	2	198365135	198415452
ENSG00000115540	2	198380293	198418425
ENSG00000162944	2	198432946	198540894
ENSG00000247626	2	198570091	198573121
ENSG00000152430	2	198591601	198651488
ENSG00000115896	2	198669263	199437307
ENSG00000119042	2	200133621	200335996
ENSG00000226124	2	200622986	200715939
ENSG00000178074	2	200775970	200820660
ENSG00000162971	2	200793634	200820543
ENSG00000162972	2	200820038	200873265
ENSG00000196141	2	201170602	201346989
ENSG00000155729	2	201353674	201384509
ENSG00000163535	2	201374729	201448821
ENSG00000138356	2	201450585	201541789
ENSG00000082153	2	201675315	201692646
ENSG00000013441	2	201717730	201729453
ENSG00000240344	2	201735628	201754083
ENSG00000196290	2	201753713	201770304
ENSG00000115942	2	201773405	201828429
ENSG00000155744	2	201831038	201936425
ENSG00000119013	2	201936154	201950482
ENSG00000003402	2	201980726	202041412
ENSG00000003400	2	202047414	202094153
ENSG00000064012	2	202098164	202226561
ENSG00000155749	2	202152118	202222123
ENSG00000115993	2	202241928	202318174
ENSG00000082146	2	202252579	202367412
ENSG00000155754	2	202352142	202483904
ENSG00000155755	2	202484905	202508295
ENSG00000082126	2	202509591	202563438
ENSG00000003393	2	202564988	202646837
ENSG00000138395	2	202655182	202760275
ENSG00000155760	2	202898576	202903166
ENSG00000182329	2	202937971	203070904
ENSG00000116030	2	203070892	203103329
ENSG00000055044	2	203129997	203168392
ENSG00000204217	2	203240556	203432476
ENSG00000289490	2	203241833	203241893
ENSG00000138439	2	203499690	203634482
ENSG00000163596	2	203637871	203736828
ENSG00000138442	2	203738982	203879523
ENSG00000138380	2	203776935	203852988
ENSG00000144426	2	203879329	204091103
ENSG00000119004	2	204103673	204170751
ENSG00000138443	2	204192934	204312453
ENSG00000173166	2	204259066	204400203
ENSG00000178562	2	204571238	204604481
ENSG00000163599	2	204718609	204738690
ENSG00000163600	2	204801478	204826302
ENSG00000116117	2	205409883	206484888
ENSG00000118257	2	206546712	206662859
ENSG00000114933	2	206858443	206951034
ENSG00000023228	2	206979539	207024250
ENSG00000114942	2	207024297	207029532
ENSG00000183671	2	207040038	207082799
ENSG00000204186	2	207139375	207258694
ENSG00000114948	2	207308091	207486027
ENSG00000235118	2	207507139	207514091
ENSG00000232125	2	207516343	207586296
ENSG00000138400	2	207602485	207630063
ENSG00000118246	2	207630079	207660915
ENSG00000144410	2	207804238	207835790
ENSG00000118263	2	207938859	208038582
ENSG00000118260	2	208394419	208470714
ENSG00000144401	2	208444240	208491023
ENSG00000163249	2	208576237	208626565
ENSG00000163251	2	208627320	208634640
ENSG00000178385	2	208686010	208890572
ENSG00000118231	2	208986329	208989321
ENSG00000163254	2	208992859	208994554
ENSG00000182187	2	209007295	209010889
ENSG00000168582	2	209025462	209028315
ENSG00000188674	2	209030065	209054971
ENSG00000138413	2	209100946	209130821
ENSG00000115020	2	209130951	209223481
ENSG00000144407	2	209224436	209719229
ENSG00000078018	2	210288710	210598961
ENSG00000144406	2	210636291	210864026
ENSG00000197713	2	210867287	210892255
ENSG00000144445	2	210885748	211036908
ENSG00000115361	2	211051722	211090173
ENSG00000168530	2	211154867	211179906
ENSG00000115365	2	211289284	211342378
ENSG00000021826	2	211342363	211543835
ENSG00000178568	2	212240440	213403992
ENSG00000030419	2	213864413	214017153
ENSG00000144451	2	214149082	215275227
ENSG00000174453	2	215275776	215443702
ENSG00000138376	2	215589427	215674452
ENSG00000144452	2	215796264	216003351
ENSG00000138363	2	216176677	216216976
ENSG00000115414	2	216224189	216300845
ENSG00000118242	2	216807305	216898821
ENSG00000115425	2	216819441	216947680
ENSG00000163449	2	216946587	216967508
ENSG00000079246	2	216972185	217072253
ENSG00000144583	2	217122586	217237208
ENSG00000138375	2	217277104	217347781
ENSG00000197756	2	217363518	217444822
ENSG00000115457	2	217497549	217529179
ENSG00000115461	2	217536826	217560274
ENSG00000118245	2	217724179	217730457
ENSG00000079308	2	218664309	218898707
ENSG00000188282	2	218899681	218955374
ENSG00000180871	2	218989990	219001976
ENSG00000163464	2	219027562	219031694
ENSG00000163466	2	219081351	219119081
ENSG00000179921	2	219124217	219128586
ENSG00000127837	2	219128846	219135614
ENSG00000127838	2	219134372	219211782
ENSG00000135926	2	219138914	219157314
ENSG00000158428	2	219221559	219234687
ENSG00000018280	2	219246727	219261631
ENSG00000144579	2	219261857	219270667
ENSG00000127831	2	219283804	219318020
ENSG00000135913	2	219314972	219433493
ENSG00000144580	2	219433296	219461805
ENSG00000115556	2	219472576	219501911
ENSG00000115568	2	219498050	219524380
ENSG00000074582	2	219523485	219533484
ENSG00000163481	2	219526802	219536734
ENSG00000163482	2	219536748	219567442
ENSG00000135912	2	219575494	219624449
ENSG00000135929	2	219646409	219690060
ENSG00000115592	2	219683771	219696811
ENSG00000115596	2	219724516	219738957
ENSG00000135925	2	219745572	219764305
ENSG00000171450	2	219824386	219826879
ENSG00000163497	2	219845807	219850290
ENSG00000163499	2	219854909	219858994
ENSG00000181378	2	219867566	219906251
ENSG00000163501	2	219919144	219925788
ENSG00000187736	2	219934075	220025593
ENSG00000280537	2	219940049	220035551
ENSG00000213901	2	220026185	220034819
ENSG00000115649	2	220035424	220047388
ENSG00000144567	2	220040945	220050641
ENSG00000158552	2	220059957	220074375
ENSG00000115657	2	220074485	220083736
ENSG00000284820	2	220074492	220087462
ENSG00000198925	2	220084100	220095107
ENSG00000163516	2	220094489	220101403
ENSG00000163521	2	220101318	220110202
ENSG00000115661	2	220109932	220115063
ENSG00000127824	2	220114430	220142626
ENSG00000243910	2	220117963	220136921
ENSG00000135924	2	220144028	220151624
ENSG00000054356	2	220154343	220174372
ENSG00000182698	2	220192127	220200276
ENSG00000123992	2	220224810	220264746
ENSG00000175084	2	220282194	220291464
ENSG00000072195	2	220299191	220358353
ENSG00000286143	2	220356587	220362968
ENSG00000286095	2	220360849	220363011
ENSG00000144591	2	220363338	220378622
ENSG00000072182	2	220378890	220403496
ENSG00000123989	2	220403669	220408542
ENSG00000188760	2	220407850	220415319
ENSG00000124006	2	220415447	220436800
ENSG00000123999	2	220433882	220440435
ENSG00000144589	2	220460525	220481176
ENSG00000114923	2	220491731	220506706
ENSG00000116106	2	222282745	222438924
ENSG00000135903	2	223064604	223163732
ENSG00000288658	2	223178865	223184876
ENSG00000163082	2	223288699	223515618
ENSG00000116120	2	223431616	223521034
ENSG00000124003	2	223536229	223574722
ENSG00000123983	2	223725658	223809359
ENSG00000152049	2	223916906	224063119
ENSG00000171951	2	224460808	224467493
ENSG00000152056	2	224532395	224702746
ENSG00000286239	2	224621973	224810018
ENSG00000085449	2	224720431	224810076
ENSG00000135900	2	224822101	224833797
ENSG00000135919	2	224839760	224904407
ENSG00000124019	2	225241054	225266832
ENSG00000036257	2	225334865	225450244
ENSG00000283428	2	225568479	225606989
ENSG00000135905	2	225629805	225907443
ENSG00000144460	2	226264400	226594605
ENSG00000169047	2	227596026	227664568
ENSG00000144468	2	227700295	227865724
ENSG00000081052	2	227867427	228029277
ENSG00000169031	2	228029223	228179510
ENSG00000168958	2	228189865	228225906
ENSG00000168955	2	228226752	228246713
ENSG00000284629	2	228252397	228252667
ENSG00000173744	2	228336848	228426129
ENSG00000284643	2	228463607	228463973
ENSG00000284622	2	228473498	228473819
ENSG00000284704	2	228479252	228479558
ENSG00000284631	2	228482212	228482533
ENSG00000284667	2	228531518	228531779
ENSG00000135917	2	228548477	228582806
ENSG00000284725	2	228589154	228589475
ENSG00000284718	2	228593049	228593343
ENSG00000284635	2	228610608	228610938
ENSG00000115009	2	228670453	228682282
ENSG00000123977	2	228735645	228789062
ENSG00000153820	2	228844580	229046738
ENSG00000153823	2	229715240	230136585
ENSG00000187957	2	230222233	230579304
ENSG00000153827	2	230628549	230787957
ENSG00000153832	2	230787016	230879230
ENSG00000163053	2	230899688	230933722
ENSG00000135899	2	231029900	231090446
ENSG00000079263	2	231067824	231181294
ENSG00000185404	2	231191475	231271803
ENSG00000067066	2	231279584	231410417
ENSG00000135932	2	231577535	231685803
ENSG00000135916	2	231729352	231743965
ENSG00000135898	2	231772031	231825783
ENSG00000173699	2	231855037	231889772
ENSG00000204128	2	231902055	231914436
ENSG00000173692	2	231921557	232037832
ENSG00000135914	2	231972942	231989819
ENSG00000135931	2	232063258	232241561
ENSG00000156966	2	232260267	232273512
ENSG00000115053	2	232318240	232348354
ENSG00000171596	2	232387896	232395184
ENSG00000177673	2	232457573	232458989
ENSG00000187514	2	232571603	232578264
ENSG00000156973	2	232597062	232650984
ENSG00000144524	2	232646368	232673966
ENSG00000163273	2	232786517	232791115
ENSG00000144535	2	232825953	233209062
ENSG00000163283	2	233243432	233247601
ENSG00000163286	2	233271545	233275426
ENSG00000163295	2	233320833	233325465
ENSG00000171551	2	233344533	233353757
ENSG00000237412	2	233385096	233390428
ENSG00000135902	2	233390701	233401379
ENSG00000196811	2	233404400	233412827
ENSG00000221944	2	233408591	233415269
ENSG00000135930	2	233415341	233449913
ENSG00000115468	2	233470765	233547493
ENSG00000204120	2	233561967	233728050
ENSG00000115474	2	233630510	233641278
ENSG00000182600	2	233721978	233743420
ENSG00000066248	2	233743394	233877975
ENSG00000115488	2	233887740	233907192
ENSG00000168918	2	233924675	234116551
ENSG00000085978	2	234118695	234204322
ENSG00000130561	2	234216460	234255703
ENSG00000077044	2	234263119	234380752
ENSG00000085982	2	234384170	234475431
ENSG00000242366	2	234526277	234681958
ENSG00000242515	2	234545091	234681958
ENSG00000241119	2	234580378	234681958
ENSG00000244122	2	234590529	234681958
ENSG00000167165	2	234600251	234681948
ENSG00000288705	2	234621551	234681958
ENSG00000244474	2	234627371	234681958
ENSG00000288702	2	234637686	234681958
ENSG00000241635	2	234668906	234681961
ENSG00000185038	2	234684323	234742071
ENSG00000123485	2	234742060	234763320
ENSG00000293137	2	234773307	234777061
ENSG00000144481	2	234826016	234928168
ENSG00000072080	2	234959259	235016933
ENSG00000188042	2	235401683	235405741
ENSG00000130147	2	235860592	235964360
ENSG00000157985	2	236402668	237040439
ENSG00000168505	2	237073877	237077040
ENSG00000182177	2	237102094	237173054
ENSG00000132321	2	237232788	237416361
ENSG00000144476	2	237476333	237491003
ENSG00000198612	2	237994518	238011853
ENSG00000163359	2	238232644	238323054
ENSG00000115648	2	238394069	238463967
ENSG00000071677	2	238468196	238475933
ENSG00000124839	2	238482746	238510283
ENSG00000124831	2	238536191	238722327
ENSG00000177483	2	238707030	238751453
ENSG00000132329	2	238767534	238832082
ENSG00000184182	2	238875467	238960373
ENSG00000258984	2	238875654	239008055
ENSG00000132330	2	238969515	239008056
ENSG00000144488	2	239008979	239041930
ENSG00000168427	2	239047288	239061590
ENSG00000178752	2	239067567	239077543
ENSG00000132323	2	239079038	239112404
ENSG00000144485	2	239146542	239149323
ENSG00000132326	2	239152683	239198745
ENSG00000204104	2	239229080	239310757
ENSG00000065802	2	239335381	239360893
ENSG00000233608	2	239756670	239832246
ENSG00000068024	2	239969862	240323357
ENSG00000130414	2	240831865	240965162
ENSG00000182083	2	240968839	240969908
ENSG00000178586	2	240983986	240993226
ENSG00000172428	2	241065978	241076226
ENSG00000178602	2	241078441	241083981
ENSG00000063660	2	241374849	241407534
ENSG00000144504	2	241418837	241508628
ENSG00000188542	2	241499469	241504675
ENSG00000142327	2	241505219	241520791
ENSG00000142330	2	241525781	241558264
ENSG00000178623	2	241544819	241572578
ENSG00000185176	2	241615833	241622325
ENSG00000184945	2	241631281	241637902
ENSG00000130294	2	241653176	241763739
ENSG00000172482	2	241807958	241820950
ENSG00000172478	2	241825463	241836313
ENSG00000226321	2	241845745	241932730
ENSG00000162804	2	241938027	242034996
ENSG00000122085	2	242011582	242041749
ENSG00000115687	2	242045507	242090269
ENSG00000115685	2	242088962	242123069
ENSG00000146205	2	242127922	242166755
ENSG00000115677	2	242166677	242256478
ENSG00000168385	2	242254336	242293447
ENSG00000006607	2	242295657	242434264
ENSG00000115694	2	242421488	242449147
ENSG00000176720	2	242490713	242525358
ENSG00000176946	2	242523818	242576998
ENSG00000168397	2	242576617	242613274
ENSG00000168393	2	242615151	242626398
ENSG00000168395	2	242626498	242668898
ENSG00000180902	2	242674002	242708233
ENSG00000154252	2	242716230	242743704
ENSG00000204099	2	242749596	242758743
ENSG00000188389	2	242792034	242801048
ENSG00000188011	2	242811750	242815977
ENSG00000216921	2	242836134	242844704
ENSG00000134121	3	238272	451102
ENSG00000134115	3	1134340	1445903
ENSG00000144619	3	2140495	3099649
ENSG00000091181	3	3108006	3168299
ENSG00000072756	3	3168046	3195121
ENSG00000113851	3	3186310	3221419
ENSG00000144455	3	3742496	4508964
ENSG00000175928	3	3841060	3891520
ENSG00000170364	3	4344986	4363140
ENSG00000150995	3	4535027	4889204
ENSG00000134107	3	5020398	5027010
ENSG00000134108	3	5163914	5222603
ENSG00000134109	3	5229225	5261650
ENSG00000196277	3	6811686	7783256
ENSG00000071282	3	8543271	8616356
ENSG00000125046	3	8661070	8786728
ENSG00000182533	3	8775465	8883494
ENSG00000180914	3	8792065	8811316
ENSG00000070950	3	8817086	9005459
ENSG00000196220	3	9022273	9404739
ENSG00000134077	3	9404649	9431009
ENSG00000168137	3	9439291	9520926
ENSG00000156959	3	9540043	9595548
ENSG00000163719	3	9690989	9744080
ENSG00000144550	3	9745373	9771594
ENSG00000156983	3	9773408	9789705
ENSG00000114026	3	9791620	9832753
ENSG00000134072	3	9799023	9812292
ENSG00000171148	3	9821646	9834697
ENSG00000241553	3	9834166	9849390
ENSG00000250151	3	9834764	9877087
ENSG00000214021	3	9849768	9897773
ENSG00000156990	3	9873315	9886288
ENSG00000187288	3	9905851	9932694
ENSG00000171135	3	9932251	9936035
ENSG00000163701	3	9944294	9958088
ENSG00000163702	3	9958722	9975316
ENSG00000288550	3	9958798	9987071
ENSG00000163703	3	9975473	9987099
ENSG00000163704	3	9981132	9994128
ENSG00000125037	3	9998899	10052888
ENSG00000144554	3	10068052	10143623
ENSG00000163705	3	10122999	10149976
ENSG00000254999	3	10157272	10176768
ENSG00000134086	3	10183446	10195362
ENSG00000134070	3	10206544	10285442
ENSG00000157014	3	10289705	10322904
ENSG00000289763	3	10290724	10291052
ENSG00000272410	3	10291054	10327482
ENSG00000157017	3	10327348	10334645
ENSG00000157020	3	10334813	10362893
ENSG00000157087	3	10365705	10749747
ENSG00000132164	3	10857884	10982416
ENSG00000157103	3	11033861	11080935
ENSG00000196639	3	11178777	11305419
ENSG00000197548	3	11313993	11599141
ENSG00000144560	3	11597541	11812826
ENSG00000144559	3	11831914	11888395
ENSG00000157152	3	12045797	12233534
ENSG00000157150	3	12191332	12200897
ENSG00000132170	3	12328865	12497123
ENSG00000154743	3	12522026	12583050
ENSG00000225526	3	12556431	12602560
ENSG00000075975	3	12598508	12645056
ENSG00000132155	3	12623598	12705702
ENSG00000088726	3	12775025	12810958
ENSG00000144712	3	12837969	12877934
ENSG00000289809	3	12867265	12913420
ENSG00000144713	3	12875964	12883088
ENSG00000144711	3	12938540	13324783
ENSG00000132182	3	13357729	13461897
ENSG00000163517	3	13521222	13547926
ENSG00000163520	3	13590571	13680006
ENSG00000154764	3	13857652	13921603
ENSG00000163528	3	14153575	14166378
ENSG00000170876	3	14166496	14185183
ENSG00000268279	3	14176715	14189754
ENSG00000154767	3	14186643	14220269
ENSG00000170860	3	14220247	14257688
ENSG00000131389	3	14444062	14530859
ENSG00000144596	3	14530613	14597584
ENSG00000154781	3	14693251	14716449
ENSG00000131379	3	14716646	14814545
ENSG00000154783	3	14852010	14976080
ENSG00000177463	3	14988829	15095109
ENSG00000131368	3	15051116	15106848
ENSG00000131381	3	15110070	15140672
ENSG00000131375	3	15247617	15295577
ENSG00000131370	3	15295759	15382877
ENSG00000206562	3	15422566	15482075
ENSG00000144597	3	15469057	15492144
ENSG00000293553	3	15480704	15497449
ENSG00000206561	3	15491637	15563437
ENSG00000131373	3	15596295	15643392
ENSG00000169814	3	15642846	15764031
ENSG00000206560	3	15708636	15901356
ENSG00000131386	3	16215951	16289736
ENSG00000154813	3	16298566	16306507
ENSG00000154814	3	16306665	16393602
ENSG00000131378	3	16355079	16555535
ENSG00000092345	3	16628295	16711815
ENSG00000154822	3	16844157	17132098
ENSG00000131374	3	17198652	18486311
ENSG00000182568	3	18386546	18487115
ENSG00000183960	3	19189592	19577136
ENSG00000163576	3	19919843	19988519
ENSG00000144566	3	19988558	20028628
ENSG00000183977	3	20021451	20053761
ENSG00000114166	3	20081545	20195899
ENSG00000129810	3	20196853	20228294
ENSG00000151789	3	21453708	22414814
ENSG00000182247	3	23244504	23634340
ENSG00000170142	3	23847396	23933701
ENSG00000197885	3	23926522	23988084
ENSG00000174748	3	23958080	23965867
ENSG00000174738	3	23986747	24038234
ENSG00000151090	3	24158642	24537249
ENSG00000077092	3	24729376	25639425
ENSG00000077097	3	25639467	25706466
ENSG00000151092	3	25760187	25831532
ENSG00000151093	3	25824406	25838634
ENSG00000179796	3	26664128	26759030
ENSG00000163491	3	27147973	27410953
ENSG00000033867	3	27414212	27525944
ENSG00000163508	3	27757438	27764204
ENSG00000187118	3	28283073	28376141
ENSG00000163512	3	28356492	28390547
ENSG00000206559	3	28390186	28579615
ENSG00000283563	3	28390667	29809030
ENSG00000144642	3	28616280	30051884
ENSG00000163513	3	30647968	30735743
ENSG00000144644	3	30767687	30936391
ENSG00000163527	3	31573680	31680042
ENSG00000144645	3	31687796	32119074
ENSG00000197385	3	32023212	32035568
ENSG00000152642	3	32147179	32210209
ENSG00000170293	3	32278697	32412193
ENSG00000153551	3	32433153	32578551
ENSG00000091317	3	32515665	32544352
ENSG00000144635	3	32567464	32612443
ENSG00000182973	3	32726599	32815369
ENSG00000206557	3	32858507	32939318
ENSG00000183813	3	32993134	32998614
ENSG00000170266	3	33002593	33138930
ENSG00000188167	3	33125058	33138723
ENSG00000170275	3	33155402	33189267
ENSG00000173705	3	33191528	33260772
ENSG00000153558	3	33318515	33445992
ENSG00000153560	3	33429826	33482901
ENSG00000163539	3	33537677	33759908
ENSG00000170248	3	33839808	33911201
ENSG00000172995	3	35680435	35835990
ENSG00000144681	3	36421811	36589539
ENSG00000163673	3	36753898	36806046
ENSG00000168016	3	36867584	36986621
ENSG00000178567	3	37026532	37034624
ENSG00000076242	3	37034323	37092998
ENSG00000093167	3	37090623	37225182
ENSG00000144674	3	37284673	37408372
ENSG00000144668	3	37493579	37865115
ENSG00000144677	3	37903321	38025962
ENSG00000136059	3	38029449	38049028
ENSG00000187091	3	38048985	38071173
ENSG00000008226	3	38080679	38165518
ENSG00000060971	3	38144618	38179140
ENSG00000172936	3	38180041	38184517
ENSG00000172939	3	38206578	38296980
ENSG00000172940	3	38307301	38320250
ENSG00000144671	3	38323783	38360068
ENSG00000093217	3	38388232	38469927
ENSG00000114739	3	38495332	38534635
ENSG00000157036	3	38537616	38583735
ENSG00000183873	3	38589546	38691236
ENSG00000185313	3	38738291	38857779
ENSG00000168356	3	38887247	39093650
ENSG00000114742	3	39093480	39138164
ENSG00000114745	3	39136711	39149862
ENSG00000168026	3	39148683	39182466
ENSG00000144655	3	39183343	39196345
ENSG00000168334	3	39224699	39234153
ENSG00000168329	3	39304984	39323228
ENSG00000179934	3	39371198	39377762
ENSG00000144659	3	39424781	39438919
ENSG00000168028	3	39448198	39467748
ENSG00000168314	3	39508661	39570972
ENSG00000170011	3	39850403	40301814
ENSG00000114784	3	40350596	40358478
ENSG00000291315	3	40353575	40353707
ENSG00000168032	3	40428657	40470237
ENSG00000188846	3	40498781	40510080
ENSG00000177842	3	40518594	40562974
ENSG00000177873	3	40518594	40532546
ENSG00000172888	3	40566366	40618191
ENSG00000168036	3	41236230	41301589
ENSG00000168038	3	41288088	42003730
ENSG00000182606	3	42055114	42267384
ENSG00000187094	3	42299313	42307684
ENSG00000157093	3	42438573	42452104
ENSG00000114812	3	42530789	42579190
ENSG00000093183	3	42587840	42642794
ENSG00000008324	3	42623330	42638479
ENSG00000114857	3	42641961	42690236
ENSG00000114853	3	42694390	42709074
ENSG00000157119	3	42726937	42736565
ENSG00000010282	3	42734151	42744754
ENSG00000244607	3	42745609	42814784
ENSG00000280571	3	42747246	42846012
ENSG00000181061	3	42824394	42846025
ENSG00000144648	3	42846076	42930295
ENSG00000273291	3	42850936	43097365
ENSG00000290317	3	42850973	42984286
ENSG00000180432	3	42897434	42917414
ENSG00000182983	3	42947431	42960828
ENSG00000240747	3	42977826	42984293
ENSG00000144649	3	43020577	43109392
ENSG00000144647	3	43120719	43147592
ENSG00000163788	3	43328000	43466258
ENSG00000160746	3	43396349	43733088
ENSG00000011198	3	43731598	43775865
ENSG00000173769	3	44283376	44373592
ENSG00000179152	3	44379587	44450945
ENSG00000185219	3	44473195	44519188
ENSG00000178917	3	44533256	44552130
ENSG00000196345	3	44596683	44635667
ENSG00000144792	3	44619713	44641188
ENSG00000186448	3	44626322	44689965
ENSG00000169981	3	44690210	44706825
ENSG00000196653	3	44754125	44765692
ENSG00000186446	3	44771083	44779595
ENSG00000163807	3	44779151	44803527
ENSG00000163808	3	44803190	44914870
ENSG00000169964	3	44903347	44909342
ENSG00000163810	3	44916098	44956484
ENSG00000163812	3	44956182	45017776
ENSG00000075914	3	45016731	45077565
ENSG00000163815	3	45043038	45077565
ENSG00000163814	3	45123767	45187977
ENSG00000249992	3	45265956	45267781
ENSG00000011376	3	45430006	45596220
ENSG00000144791	3	45596884	45727835
ENSG00000211456	3	45730546	45786919
ENSG00000163817	3	45790393	45838148
ENSG00000163818	3	45864806	45957536
ENSG00000173585	3	45925915	45945805
ENSG00000163820	3	45959393	46037339
ENSG00000172215	3	45982405	45990134
ENSG00000173578	3	46058478	46127344
ENSG00000183625	3	46172380	46308210
ENSG00000163823	3	46243198	46250169
ENSG00000121807	3	46395353	46402433
ENSG00000160791	3	46412428	46419021
ENSG00000121797	3	46448633	46454490
ENSG00000012223	3	46475836	46526726
ENSG00000163825	3	46536099	46542998
ENSG00000163827	3	46551846	46648589
ENSG00000241186	3	46615121	46626176
ENSG00000283877	3	46622638	46658718
ENSG00000283473	3	46654013	46668035
ENSG00000178038	3	46710482	46735563
ENSG00000181585	3	46736016	46752378
ENSG00000206549	3	46753603	46854066
ENSG00000283706	3	46753605	46759361
ENSG00000160808	3	46876597	46927403
ENSG00000160801	3	46919194	46945291
ENSG00000160799	3	46958122	47023502
ENSG00000160796	3	47021148	47051199
ENSG00000181555	3	47057916	47205640
ENSG00000088727	3	47268914	47324943
ENSG00000114648	3	47324116	47388311
ENSG00000076201	3	47422499	47454934
ENSG00000114650	3	47455169	47518618
ENSG00000163832	3	47532198	47555230
ENSG00000114646	3	47603726	47622284
ENSG00000173473	3	47626757	47823598
ENSG00000132153	3	47844129	47893109
ENSG00000047849	3	47892166	48130791
ENSG00000164045	3	48198634	48229920
ENSG00000164047	3	48264800	48266983
ENSG00000164048	3	48282540	48340836
ENSG00000172113	3	48329128	48343177
ENSG00000229453	3	48348328	48375153
ENSG00000164049	3	48413707	48442668
ENSG00000164050	3	48443117	48471910
ENSG00000164051	3	48473572	48481868
ENSG00000232112	3	48481621	48485628
ENSG00000164053	3	48488112	48509046
ENSG00000164054	3	48505602	48542261
ENSG00000213689	3	48507208	48509046
ENSG00000114268	3	48555099	48599450
ENSG00000145040	3	48599149	48601216
ENSG00000114270	3	48601504	48633031
ENSG00000010256	3	48636421	48648411
ENSG00000183396	3	48658190	48659204
ENSG00000225697	3	48663149	48672945
ENSG00000008300	3	48673894	48700321
ENSG00000213672	3	48700417	48723799
ENSG00000068745	3	48725434	48777788
ENSG00000114302	3	48782022	48885329
ENSG00000178537	3	48894357	48936428
ENSG00000177479	3	48955648	49023817
ENSG00000178467	3	49027289	49044588
ENSG00000178252	3	49044493	49053388
ENSG00000178149	3	49052905	49059728
ENSG00000178057	3	49057890	49065028
ENSG00000178035	3	49061746	49066887
ENSG00000290315	3	49061776	49131506
ENSG00000198218	3	49067131	49131980
ENSG00000172053	3	49133363	49142565
ENSG00000172046	3	49143189	49158375
ENSG00000172037	3	49158544	49170553
ENSG00000177352	3	49198494	49203792
ENSG00000185909	3	49208670	49213922
ENSG00000236980	3	49215065	49229293
ENSG00000173421	3	49235859	49315064
ENSG00000188315	3	49306027	49314671
ENSG00000114316	3	49314575	49378147
ENSG00000233276	3	49394605	49396040
ENSG00000290318	3	49394607	49449486
ENSG00000067560	3	49396567	49450433
ENSG00000145022	3	49449643	49493261
ENSG00000145020	3	49454202	49460120
ENSG00000283189	3	49454208	49466749
ENSG00000145029	3	49459764	49466766
ENSG00000173402	3	49506080	49573059
ENSG00000164061	3	49591908	49708984
ENSG00000164062	3	49711249	49721408
ENSG00000173531	3	49721353	49726936
ENSG00000164068	3	49726171	49760824
ENSG00000176020	3	49754260	49757119
ENSG00000173540	3	49754275	49761423
ENSG00000176095	3	49761725	49823992
ENSG00000187492	3	49828163	49837314
ENSG00000185614	3	49840659	49842672
ENSG00000182179	3	49842636	49851586
ENSG00000183763	3	49866026	49894032
ENSG00000164076	3	49894645	49907499
ENSG00000164078	3	49924333	49943565
ENSG00000164077	3	49944591	49967608
ENSG00000004534	3	49977438	50137480
ENSG00000003756	3	50126329	50156456
ENSG00000001617	3	50192443	50226510
ENSG00000114349	3	50229017	50235131
ENSG00000188338	3	50240302	50258938
ENSG00000114353	3	50263722	50296796
ENSG00000012171	3	50304937	50315006
ENSG00000179564	3	50316459	50325549
ENSG00000214706	3	50323432	50330351
ENSG00000186792	3	50330259	50336870
ENSG00000243477	3	50333831	50336870
ENSG00000114378	3	50337312	50350323
ENSG00000068001	3	50350825	50362120
ENSG00000114383	3	50357456	50365684
ENSG00000068028	3	50367211	50378413
ENSG00000004838	3	50378539	50383179
ENSG00000114388	3	50384759	50388259
ENSG00000114395	3	50388263	50395893
ENSG00000272104	3	50388321	50405356
ENSG00000126062	3	50390249	50396999
ENSG00000007402	3	50400042	50541677
ENSG00000088543	3	50593838	50611001
ENSG00000114735	3	50605324	50633601
ENSG00000114737	3	50643885	50649417
ENSG00000114738	3	50648916	50688450
ENSG00000088538	3	50712304	51421631
ENSG00000145050	3	51422684	51427235
ENSG00000259956	3	51428714	51435341
ENSG00000145041	3	51433296	51534115
ENSG00000164080	3	51572680	51702685
ENSG00000164081	3	51696707	51738341
ENSG00000164082	3	51741071	51752634
ENSG00000214686	3	51812575	51813259
ENSG00000285749	3	51832817	51864874
ENSG00000173389	3	51843309	51937387
ENSG00000229972	3	51860897	51867407
ENSG00000184345	3	51895629	51897442
ENSG00000214681	3	51907735	51909619
ENSG00000114767	3	51967439	51975964
ENSG00000041880	3	51976266	51983389
ENSG00000180929	3	51989395	51991517
ENSG00000090097	3	51991462	52008648
ENSG00000114779	3	52002524	52017427
ENSG00000248487	3	52005440	52016416
ENSG00000114786	3	52008720	52023201
ENSG00000243989	3	52017061	52023475
ENSG00000162244	3	52027536	52030039
ENSG00000164086	3	52082933	52090595
ENSG00000256097	3	52097074	52097569
ENSG00000164087	3	52108604	52188764
ENSG00000023330	3	52232099	52248638
ENSG00000239732	3	52255094	52259669
ENSG00000173366	3	52255095	52265208
ENSG00000247596	3	52262626	52280806
ENSG00000164088	3	52279755	52284634
ENSG00000164091	3	52288448	52322038
ENSG00000168237	3	52320959	52329291
ENSG00000114841	3	52350333	52434510
ENSG00000163930	3	52432599	52444056
ENSG00000010318	3	52444518	52461984
ENSG00000010319	3	52467049	52479121
ENSG00000114854	3	52485096	52488089
ENSG00000010322	3	52489132	52527099
ENSG00000010327	3	52529345	52558530
ENSG00000168268	3	52558383	52569111
ENSG00000168273	3	52567964	52613255
ENSG00000163939	3	52578285	52719997
ENSG00000163938	3	52715170	52730178
ENSG00000016864	3	52725541	52740386
ENSG00000114902	3	52738969	52745166
ENSG00000114904	3	52742458	52804991
ENSG00000055957	3	52811573	52826086
ENSG00000162267	3	52828464	52843899
ENSG00000055955	3	52846932	52865087
ENSG00000243696	3	52847296	52869747
ENSG00000272573	3	52867127	52869240
ENSG00000248592	3	52867135	52931580
ENSG00000213533	3	52870233	52931639
ENSG00000163935	3	52937359	53080768
ENSG00000272305	3	53003133	53133471
ENSG00000163933	3	53082149	53164679
ENSG00000163932	3	53190023	53226735
ENSG00000163931	3	53257054	53290073
ENSG00000272886	3	53317447	53381712
ENSG00000157388	3	53362988	53847762
ENSG00000016391	3	53846360	53880497
ENSG00000056736	3	53879698	53907492
ENSG00000113812	3	53897063	53916231
ENSG00000113811	3	53917521	53925914
ENSG00000157445	3	54156152	55108586
ENSG00000144771	3	54952256	55001117
ENSG00000114251	3	55499741	55524569
ENSG00000187672	3	55542312	56503125
ENSG00000180376	3	56591187	56655867
ENSG00000163946	3	56654158	56717335
ENSG00000163947	3	56761440	57113359
ENSG00000186451	3	57094685	57109560
ENSG00000144730	3	57124008	57204336
ENSG00000163666	3	57216099	57261651
ENSG00000157500	3	57261734	57323570
ENSG00000239388	3	57302368	57326723
ENSG00000174844	3	57327725	57530088
ENSG00000174840	3	57541974	57642223
ENSG00000168374	3	57557088	57583949
ENSG00000174839	3	57611179	57678856
ENSG00000163681	3	57741175	57917190
ENSG00000136068	3	57994123	58157980
ENSG00000163687	3	58177100	58200426
ENSG00000163686	3	58223227	58282543
ENSG00000163684	3	58291964	58310424
ENSG00000255154	3	58291964	58310424
ENSG00000168297	3	58318304	58412596
ENSG00000168291	3	58410868	58419741
ENSG00000168301	3	58476803	58488313
ENSG00000168306	3	58490269	58523129
ENSG00000168309	3	58549839	58613380
ENSG00000198643	3	58619666	58652606
ENSG00000163689	3	58703090	59035812
ENSG00000189283	3	59733001	61237142
ENSG00000144724	3	61547241	62283286
ENSG00000114405	3	62304674	62321890
ENSG00000153266	3	62355345	62360150
ENSG00000163618	3	62384019	62861240
ENSG00000163630	3	63213989	63602602
ENSG00000188817	3	63638338	63664698
ENSG00000163632	3	63804973	63834314
ENSG00000163634	3	63819544	63850028
ENSG00000163635	3	63848829	63989236
ENSG00000163636	3	63996223	64009688
ENSG00000163637	3	64077910	64431154
ENSG00000163638	3	64501326	64673942
ENSG00000151276	3	65338840	66024608
ENSG00000144741	3	66119283	66438542
ENSG00000144749	3	66429215	66551689
ENSG00000163376	3	67048729	67061636
ENSG00000172340	3	67291129	67705056
ENSG00000183662	3	68053388	68596432
ENSG00000163377	3	68780742	69002450
ENSG00000163378	3	69024366	69062872
ENSG00000144747	3	69068976	69101535
ENSG00000144744	3	69103121	69129561
ENSG00000144746	3	69133934	69155245
ENSG00000163380	3	69155214	69172185
ENSG00000114541	3	69217931	69591736
ENSG00000187098	3	69787685	70017489
ENSG00000242120	3	70243628	70361791
ENSG00000114861	3	71003842	71633162
ENSG00000285708	3	71008375	71803382
ENSG00000163412	3	71724563	71803926
ENSG00000170837	3	71803004	71805649
ENSG00000163421	3	71820089	71834572
ENSG00000163602	3	72420974	72495774
ENSG00000144736	3	72798424	72911067
ENSG00000172986	3	72937181	73027190
ENSG00000310607	3	72937195	73118351
ENSG00000163605	3	73045952	73118351
ENSG00000255423	3	73110808	73112490
ENSG00000121440	3	73431579	73674426
ENSG00000113805	3	74311717	74664024
ENSG00000172969	3	75713477	75716373
ENSG00000227124	3	75727809	75834745
ENSG00000185008	3	75955816	77699117
ENSG00000169855	3	78645105	79817177
ENSG00000114480	3	81538310	81810993
ENSG00000175161	3	85008138	86123581
ENSG00000206538	3	86925536	87040464
ENSG00000083937	3	87276406	87309096
ENSG00000064835	3	87308552	87325736
ENSG00000179097	3	87841696	88042991
ENSG00000163320	3	88101088	88199037
ENSG00000288654	3	88107287	88108199
ENSG00000175105	3	88107871	88193816
ENSG00000179021	3	88198795	88325200
ENSG00000283434	3	88387564	88516746
ENSG00000044524	3	89156670	89531589
ENSG00000184500	3	93591880	93698849
ENSG00000169379	3	93698970	93774524
ENSG00000178700	3	93700022	93782235
ENSG00000178750	3	93730885	93747504
ENSG00000178694	3	93781822	93850678
ENSG00000080224	3	96532197	97480378
ENSG00000113966	3	97483363	97520075
ENSG00000080200	3	97540826	97663830
ENSG00000170854	3	97660175	97691303
ENSG00000183185	3	97703944	97754161
ENSG00000213439	3	97783314	97784242
ENSG00000196578	3	97806015	97806948
ENSG00000231192	3	97849563	97857394
ENSG00000236032	3	97866321	97875460
ENSG00000233412	3	97885538	97888620
ENSG00000230301	3	97982094	97984202
ENSG00000197938	3	98001347	98002916
ENSG00000232535	3	98025594	98031689
ENSG00000196098	3	98072696	98073665
ENSG00000206536	3	98109508	98110477
ENSG00000232382	3	98182043	98191770
ENSG00000080822	3	98215627	98241912
ENSG00000231861	3	98216523	98217477
ENSG00000285635	3	98239975	98304344
ENSG00000154165	3	98250820	98253527
ENSG00000080819	3	98298280	98312558
ENSG00000064225	3	98451017	98540047
ENSG00000057019	3	98514783	98620665
ENSG00000144810	3	99357268	99518072
ENSG00000184220	3	99536665	99900909
ENSG00000168386	3	99545294	99833371
ENSG00000036054	3	99979622	100044097
ENSG00000114021	3	100053467	100080481
ENSG00000154174	3	100082273	100120269
ENSG00000206535	3	100120034	100176585
ENSG00000181458	3	100211061	100298127
ENSG00000144820	3	100328438	100414325
ENSG00000114354	3	100428137	100512125
ENSG00000154175	3	100467997	100712363
ENSG00000081148	3	100941388	101039421
ENSG00000138468	3	101043047	101232087
ENSG00000174173	3	101280676	101285292
ENSG00000081154	3	101292925	101313356
ENSG00000066422	3	101367731	101395981
ENSG00000114391	3	101396502	101405671
ENSG00000293268	3	101405669	101432147
ENSG00000182504	3	101443376	101489408
ENSG00000144815	3	101497742	101562589
ENSG00000144802	3	101546833	101579868
ENSG00000170044	3	101818086	102198687
ENSG00000170017	3	105085533	105295755
ENSG00000114423	3	105374303	105588398
ENSG00000138483	3	107096284	107097484
ENSG00000114439	3	107241781	107530188
ENSG00000196776	3	107761936	107810711
ENSG00000114446	3	107879657	107941409
ENSG00000114455	3	108014179	108098663
ENSG00000144821	3	108097853	108248171
ENSG00000163507	3	108264219	108308493
ENSG00000198919	3	108308325	108413695
ENSG00000163515	3	108462269	108476259
ENSG00000163519	3	108541615	108573854
ENSG00000138472	3	108626248	108672765
ENSG00000114487	3	108677093	108836983
ENSG00000241224	3	108837097	108870981
ENSG00000163530	3	109012625	109036115
ENSG00000121570	3	109044986	109058967
ENSG00000177707	3	110788916	110994412
ENSG00000153283	3	111011564	111399443
ENSG00000177494	3	111311745	111314243
ENSG00000240891	3	111393500	111565296
ENSG00000144824	3	111451248	111695686
ENSG00000144827	3	111697817	111712217
ENSG00000144834	3	111717580	111732739
ENSG00000176040	3	111753581	111800118
ENSG00000114529	3	111805176	111851844
ENSG00000174500	3	111839684	111852119
ENSG00000172139	3	111859743	112013076
ENSG00000091972	3	112051080	112082030
ENSG00000186265	3	112179912	112218517
ENSG00000144848	3	112250617	112281167
ENSG00000138459	3	112280114	112306199
ENSG00000091986	3	112315642	112368379
ENSG00000206531	3	112534554	112565713
ENSG00000163606	3	112639903	112693952
ENSG00000163607	3	112709754	112734726
ENSG00000163608	3	112720305	112738710
ENSG00000144857	3	112929691	113006312
ENSG00000206530	3	113005775	113160459
ENSG00000285943	3	113080746	113234000
ENSG00000163611	3	113161563	113234455
ENSG00000072858	3	113251245	113348563
ENSG00000176542	3	113350896	113415516
ENSG00000121579	3	113435303	113465635
ENSG00000114573	3	113465141	113531100
ENSG00000178075	3	113547027	113666028
ENSG00000184307	3	113666551	113684250
ENSG00000163617	3	113682982	113775443
ENSG00000151576	3	113724678	113807391
ENSG00000151577	3	113846425	113918256
ENSG00000174255	3	113953476	113956427
ENSG00000181847	3	113995758	114029137
ENSG00000181722	3	114033345	114866205
ENSG00000172020	3	115342137	115440339
ENSG00000185565	3	115521219	117716441
ENSG00000239268	3	117390999	117716441
ENSG00000144847	3	118619402	118864917
ENSG00000163424	3	118864996	118878891
ENSG00000251012	3	118866220	118906656
ENSG00000114638	3	118892361	118924607
ENSG00000121578	3	118927696	118959801
ENSG00000031081	3	119012876	119139673
ENSG00000176142	3	119147794	119187703
ENSG00000163389	3	119187636	119213557
ENSG00000113845	3	119217360	119243939
ENSG00000121594	3	119241918	119299465
ENSG00000144843	3	119298113	119309014
ENSG00000144837	3	119316653	119348667
ENSG00000121577	3	119355302	119384173
ENSG00000138495	3	119373358	119396470
ENSG00000183833	3	119421835	119485951
ENSG00000285585	3	119421921	119526419
ENSG00000144852	3	119499329	119537567
ENSG00000082701	3	119540166	119814561
ENSG00000175697	3	119883490	120004275
ENSG00000163428	3	120043354	120068261
ENSG00000163430	3	120111138	120315613
ENSG00000065518	3	120315118	120321356
ENSG00000113924	3	120347010	120401247
ENSG00000144840	3	120403783	120461842
ENSG00000153767	3	120461215	120502217
ENSG00000145087	3	120626917	121143610
ENSG00000051341	3	121150264	121264856
ENSG00000186103	3	121286794	121309471
ENSG00000163833	3	121311731	121349283
ENSG00000180353	3	121350244	121379776
ENSG00000173230	3	121382034	121468815
ENSG00000173226	3	121488243	121553942
ENSG00000145088	3	121554009	121606922
ENSG00000163406	3	121613200	121663037
ENSG00000145103	3	121706167	121741131
ENSG00000114013	3	121774201	121840406
ENSG00000036828	3	121902510	122010478
ENSG00000121552	3	122044083	122078705
ENSG00000160124	3	122057236	122102125
ENSG00000114023	3	122103006	122131183
ENSG00000196981	3	122130691	122135313
ENSG00000114030	3	122140747	122233804
ENSG00000138496	3	122246755	122284327
ENSG00000163840	3	122283073	122294052
ENSG00000173200	3	122296442	122357896
ENSG00000173193	3	122399057	122449689
ENSG00000169087	3	122438722	122513884
ENSG00000138463	3	122513664	122599993
ENSG00000082684	3	122627567	122747454
ENSG00000065485	3	122785862	122944076
ENSG00000121542	3	122920704	122994358
ENSG00000173175	3	123001141	123168644
ENSG00000206527	3	123209665	123304042
ENSG00000065534	3	123328894	123603224
ENSG00000175455	3	123616150	123680292
ENSG00000065371	3	123687366	123711027
ENSG00000160145	3	123752155	124445174
ENSG00000114491	3	124449278	124468233
ENSG00000082781	3	124476638	124620267
ENSG00000173702	3	124624285	124672665
ENSG00000173706	3	124684552	124774902
ENSG00000221955	3	124801478	124932075
ENSG00000163848	3	124944511	125094688
ENSG00000114520	3	125165484	125239079
ENSG00000144909	3	125247052	125314438
ENSG00000114547	3	125687994	125702299
ENSG00000114544	3	125724503	125820406
ENSG00000144908	3	125822402	125916839
ENSG00000163884	3	126061476	126076307
ENSG00000163885	3	126113497	126155401
ENSG00000070476	3	126155206	126194867
ENSG00000159650	3	126200006	126236623
ENSG00000180767	3	126242913	126262136
ENSG00000180697	3	126245840	126277810
ENSG00000197763	3	126290620	126373994
ENSG00000159685	3	126423044	126679265
ENSG00000114554	3	126701534	126756234
ENSG00000214324	3	126911972	126917030
ENSG00000239620	3	127002624	127006892
ENSG00000163870	3	127290073	127317163
ENSG00000073111	3	127317064	127341287
ENSG00000114631	3	127347984	127391655
ENSG00000114626	3	127391735	127402042
ENSG00000074416	3	127407903	127771035
ENSG00000187715	3	127634048	127707945
ENSG00000058262	3	127770482	127790550
ENSG00000175792	3	127781865	127872759
ENSG00000132394	3	127872015	128145889
ENSG00000179407	3	128181278	128185813
ENSG00000179348	3	128198264	128212053
ENSG00000163902	3	128338809	128399920
ENSG00000075785	3	128412510	128544825
ENSG00000177646	3	128598335	128642848
ENSG00000114656	3	128628707	128721535
ENSG00000114654	3	128720143	128759587
ENSG00000169704	3	128779615	128781280
ENSG00000172780	3	128806410	128842539
ENSG00000261796	3	128806416	128879881
ENSG00000240682	3	128846256	128880194
ENSG00000169714	3	128886132	128902853
ENSG00000181789	3	128968416	128996913
ENSG00000183624	3	128997282	129025128
ENSG00000184897	3	129033612	129035131
ENSG00000172771	3	129120162	129147490
ENSG00000163913	3	129148448	129239355
ENSG00000129071	3	129149123	129159388
ENSG00000163914	3	129247478	129254189
ENSG00000178804	3	129262016	129270312
ENSG00000004399	3	129274054	129325671
ENSG00000172765	3	129366633	129612623
ENSG00000170893	3	129693134	129696785
ENSG00000251287	3	129800672	129832072
ENSG00000172752	3	130064357	130203692
ENSG00000206384	3	130236013	130395890
ENSG00000196455	3	130397765	130465703
ENSG00000017260	3	130569346	130735605
ENSG00000034533	3	130731907	130746495
ENSG00000114670	3	130745687	131071889
ENSG00000198585	3	131100513	131107676
ENSG00000114686	3	131177970	131221841
ENSG00000196353	3	131252397	132004256
ENSG00000014257	3	132036206	132087881
ENSG00000138246	3	132136330	132257878
ENSG00000240303	3	132276980	132379573
ENSG00000274810	3	132276984	132441305
ENSG00000129048	3	132316092	132337813
ENSG00000081307	3	132373288	132398640
ENSG00000113971	3	132399450	132441344
ENSG00000144868	3	132757118	133116621
ENSG00000170819	3	133118898	133194068
ENSG00000091527	3	133292385	133309120
ENSG00000163781	3	133317017	133381226
ENSG00000091513	3	133464704	133515487
ENSG00000144867	3	133502865	133544618
ENSG00000154917	3	133538781	133614735
ENSG00000174640	3	133649100	133771030
ENSG00000163785	3	133784145	133969773
ENSG00000114019	3	134074187	134094323
ENSG00000129055	3	134195091	134205560
ENSG00000182923	3	134204539	134306633
ENSG00000174611	3	134318763	134370521
ENSG00000154928	3	134514092	134979311
ENSG00000073711	3	135684495	135867344
ENSG00000174579	3	135714288	135916085
ENSG00000114054	3	135969154	136070294
ENSG00000118007	3	136055074	136471308
ENSG00000168917	3	136537303	136576375
ENSG00000158092	3	136581017	136672359
ENSG00000174564	3	136665070	136729929
ENSG00000168875	3	137483155	137485178
ENSG00000066405	3	137717575	137752499
ENSG00000158163	3	137748668	137834701
ENSG00000118017	3	137841741	137851260
ENSG00000138231	3	137879828	137893797
ENSG00000114098	3	137906088	138017233
ENSG00000181322	3	137980277	138050198
ENSG00000158186	3	138066488	138124379
ENSG00000158220	3	138153410	138200530
ENSG00000114107	3	138213179	138313382
ENSG00000158234	3	138327390	138352487
ENSG00000051382	3	138371176	138553808
ENSG00000183770	3	138663064	138665981
ENSG00000206262	3	138666017	138672834
ENSG00000206260	3	138722802	138725112
ENSG00000175110	3	138724646	139079341
ENSG00000184814	3	138737871	138739770
ENSG00000233701	3	138760942	138763736
ENSG00000184432	3	139072782	139108580
ENSG00000114113	3	139171724	139199611
ENSG00000114115	3	139236274	139259240
ENSG00000163864	3	139277536	139396861
ENSG00000158258	3	139654025	140296241
ENSG00000155890	3	140396904	140419994
ENSG00000114120	3	140660637	140699839
ENSG00000175093	3	140769584	140867457
ENSG00000155893	3	140947566	141086597
ENSG00000177311	3	141042994	141168636
ENSG00000155903	3	141205807	141334206
ENSG00000114125	3	141457029	141466455
ENSG00000285558	3	141457314	141526763
ENSG00000114124	3	141482248	141538196
ENSG00000069849	3	141594951	141646343
ENSG00000114126	3	141663268	141868442
ENSG00000175066	3	141876367	141944464
ENSG00000114127	3	142025447	142166931
ENSG00000175054	3	142167847	142297712
ENSG00000120756	3	142314484	142432713
ENSG00000144935	3	142442840	142526732
ENSG00000163710	3	142534762	142608055
ENSG00000188582	3	142668004	142682866
ENSG00000163714	3	142683337	142780245
ENSG00000175040	3	142838562	142842858
ENSG00000181804	3	142984062	143567329
ENSG00000181744	3	143690656	143767563
ENSG00000152952	3	145752807	145881514
ENSG00000114698	3	145910103	145969009
ENSG00000163746	3	146109151	146213780
ENSG00000188313	3	146229643	146262651
ENSG00000231213	3	146294340	146323135
ENSG00000174963	3	147103831	147124598
ENSG00000152977	3	147111207	147228082
ENSG00000144891	3	148415569	148460834
ENSG00000153002	3	148508887	148577976
ENSG00000163751	3	148583063	148616361
ENSG00000163754	3	148709117	148749564
ENSG00000071794	3	148747849	148804348
ENSG00000163755	3	148847387	148891521
ENSG00000047457	3	148880195	148939838
ENSG00000163762	3	149036283	149052203
ENSG00000169908	3	149086807	149095518
ENSG00000169903	3	149191722	149221183
ENSG00000018408	3	149235020	149454503
ENSG00000114744	3	149451031	149470284
ENSG00000206199	3	149476829	149686174
ENSG00000082996	3	149527230	149750126
ENSG00000070087	3	149670139	149768577
ENSG00000196428	3	150126026	150184211
ENSG00000120742	3	150236330	150321017
ENSG00000144895	3	150264463	150304587
ENSG00000198843	3	150320660	150349159
ENSG00000163645	3	150377670	150421760
ENSG00000181788	3	150458910	150481285
ENSG00000214237	3	150588161	150623228
ENSG00000260234	3	150600782	150659532
ENSG00000163646	3	150643948	150690516
ENSG00000144893	3	150803071	151154862
ENSG00000174946	3	150915617	150921005
ENSG00000174944	3	150929901	150996601
ENSG00000138271	3	151011872	151034610
ENSG00000181631	3	151044098	151047345
ENSG00000169313	3	151054629	151102555
ENSG00000152580	3	151143170	151178976
ENSG00000197953	3	151451702	151479129
ENSG00000114771	3	151531717	151571379
ENSG00000198829	3	151591421	151602409
ENSG00000152601	3	151961291	152183937
ENSG00000169860	3	152552918	152559230
ENSG00000181467	3	152880013	152888418
ENSG00000114790	3	153838790	153975618
ENSG00000174953	3	153989610	154042782
ENSG00000174948	3	154052730	154147981
ENSG00000196549	3	154741911	154901604
ENSG00000240045	3	155005409	155011808
ENSG00000114805	3	155093365	155462885
ENSG00000174928	3	155480394	155524079
ENSG00000284952	3	155480830	155572233
ENSG00000169359	3	155538811	155572354
ENSG00000163655	3	155588254	155661811
ENSG00000169282	3	155755488	156256548
ENSG00000114850	3	156198664	156277265
ENSG00000163659	3	156391022	156424561
ENSG00000197980	3	156543268	156763920
ENSG00000163660	3	156863307	156878562
ENSG00000197415	3	156977529	157251410
ENSG00000163661	3	157154630	157161424
ENSG00000168779	3	157813692	157824211
ENSG00000174891	3	157823462	158263525
ENSG00000178053	3	158288938	158325046
ENSG00000079257	3	158309678	158390523
ENSG00000168827	3	158362303	158413627
ENSG00000118849	3	158406829	158450593
ENSG00000118855	3	158449985	158602880
ENSG00000283154	3	158680022	159615149
ENSG00000214216	3	158680715	158984098
ENSG00000151967	3	158991031	159615420
ENSG00000168811	3	159706615	159713808
ENSG00000180044	3	159943207	159946002
ENSG00000248710	3	159945239	160167619
ENSG00000068885	3	159974772	160118147
ENSG00000113810	3	160117060	160155549
ENSG00000213186	3	160150231	160203563
ENSG00000186432	3	160212793	160283381
ENSG00000179674	3	160394946	160396238
ENSG00000163590	3	160473312	160796692
ENSG00000169255	3	160801351	160823235
ENSG00000169251	3	160822461	161002781
ENSG00000196542	3	161062584	161090731
ENSG00000182447	3	161214594	161221732
ENSG00000090402	3	164696684	164796286
ENSG00000121871	3	164904111	164914899
ENSG00000114200	3	165490686	165555252
ENSG00000169064	3	166957629	167125664
ENSG00000114204	3	167156753	167196762
ENSG00000174776	3	167195575	167371773
ENSG00000114209	3	167395303	167452829
ENSG00000163536	3	167452851	167546251
ENSG00000173905	3	167726338	167814326
ENSG00000085276	3	168801285	169381565
ENSG00000184378	3	169483396	169487641
ENSG00000085274	3	169491163	169508239
ENSG00000171757	3	169510789	169530798
ENSG00000188306	3	169530656	169555563
ENSG00000114248	3	169555703	169587790
ENSG00000187033	3	169629358	169656965
ENSG00000008952	3	169684421	169716163
ENSG00000173890	3	169755237	169807734
ENSG00000173889	3	169804518	169899558
ENSG00000163558	3	169939910	170040119
ENSG00000136603	3	170075073	170114638
ENSG00000013297	3	170136650	170172523
ENSG00000285218	3	170136654	170578171
ENSG00000013293	3	170177334	170303940
ENSG00000163584	3	170582662	170588266
ENSG00000163577	3	170606205	170626435
ENSG00000163581	3	170712408	170744566
ENSG00000154310	3	170776201	171178264
ENSG00000075651	3	171316837	171528742
ENSG00000186329	3	171561126	171656507
ENSG00000075420	3	171757335	172123210
ENSG00000121853	3	172160339	172166248
ENSG00000121858	3	172223291	172241321
ENSG00000144959	3	172348037	172429010
ENSG00000269496	3	172361481	172361742
ENSG00000114346	3	172468470	172539266
ENSG00000144962	3	172607145	172859027
ENSG00000169760	3	173114072	174012164
ENSG00000177694	3	174156361	175528338
ENSG00000177565	3	176737126	176945790
ENSG00000197584	3	177990718	178564798
ENSG00000275163	3	178136909	178561090
ENSG00000172667	3	178675889	178790113
ENSG00000121879	3	178865900	178957883
ENSG00000171121	3	178954476	178984792
ENSG00000121864	3	179040642	179056373
ENSG00000171109	3	179064738	179114356
ENSG00000114450	3	179113874	179169437
ENSG00000136518	3	179280672	179306252
ENSG00000136522	3	179289310	179322453
ENSG00000136521	3	179322476	179350567
ENSG00000288698	3	179322593	179501969
ENSG00000058056	3	179370516	179522158
ENSG00000114757	3	179512744	179754874
ENSG00000163728	3	180319864	180336132
ENSG00000284862	3	180320644	180402732
ENSG00000114416	3	180585927	180700543
ENSG00000205981	3	180657215	180707633
ENSG00000181449	3	181429711	181432226
ENSG00000058063	3	182511252	182640801
ENSG00000043093	3	182655860	182703743
ENSG00000078070	3	182733004	182833865
ENSG00000078081	3	182839799	182881629
ENSG00000053524	3	182893907	183146738
ENSG00000176597	3	182967000	183016294
ENSG00000172578	3	183205337	183273496
ENSG00000114796	3	183353388	183410907
ENSG00000163872	3	183415534	183530599
ENSG00000283765	3	183533354	183602679
ENSG00000180834	3	183533667	183543402
ENSG00000175193	3	183544275	183602723
ENSG00000114770	3	183637720	183736097
ENSG00000186090	3	183749330	183757159
ENSG00000178084	3	183770833	183778463
ENSG00000186038	3	183814850	183824785
ENSG00000145191	3	183852772	183863917
ENSG00000161202	3	183872945	183891406
ENSG00000161203	3	183892475	183902004
ENSG00000161204	3	183903881	183912241
ENSG00000145198	3	183946782	183960132
ENSG00000214160	3	183960087	183967361
ENSG00000284753	3	183967395	183976549
ENSG00000284917	3	183967481	184010821
ENSG00000163888	3	183976999	183979392
ENSG00000145194	3	183993317	184010821
ENSG00000175166	3	184016943	184026844
ENSG00000114867	3	184032276	184053148
ENSG00000175182	3	184053702	184066211
ENSG00000114859	3	184063971	184081064
ENSG00000163882	3	184078642	184086386
ENSG00000090534	3	184085175	184099758
ENSG00000090539	3	184097167	184108526
ENSG00000182580	3	184279537	184300198
ENSG00000177383	3	184426535	184429863
ENSG00000156931	3	184529899	184771799
ENSG00000187068	3	184794624	184871444
ENSG00000113790	3	184908410	184999780
ENSG00000073803	3	185000727	185206884
ENSG00000163900	3	185193736	185216886
ENSG00000163898	3	185224048	185270407
ENSG00000163904	3	185300282	185351341
ENSG00000073792	3	185360916	185543099
ENSG00000136527	3	185632344	185655893
ENSG00000244405	3	185763323	185828109
ENSG00000058866	3	185823455	186080117
ENSG00000213139	3	186254365	186264493
ENSG00000113838	3	186263811	186288334
ENSG00000090520	3	186285190	186303591
ENSG00000283149	3	186299782	186314894
ENSG00000145192	3	186330563	186345594
ENSG00000090512	3	186352345	186372143
ENSG00000113905	3	186378003	186396243
ENSG00000113889	3	186435116	186462527
ENSG00000156976	3	186500992	186507692
ENSG00000163918	3	186507653	186524849
ENSG00000181092	3	186560461	186576254
ENSG00000073849	3	186648112	186796722
ENSG00000163923	3	186838713	186898762
ENSG00000175077	3	186915272	186920294
ENSG00000127241	3	186933872	187010068
ENSG00000136514	3	187086154	187089866
ENSG00000157005	3	187386642	187388191
ENSG00000198471	3	187416045	187420446
ENSG00000113916	3	187439163	187463515
ENSG00000145012	3	187870760	188608462
ENSG00000188001	3	188664952	189043095
ENSG00000073282	3	189349039	189615067
ENSG00000090530	3	189674515	189840228
ENSG00000163347	3	190023493	190040768
ENSG00000113946	3	190040309	190130251
ENSG00000198398	3	190146442	190167692
ENSG00000196083	3	190205207	190377541
ENSG00000205835	3	190569593	190610220
ENSG00000188729	3	190917022	190983406
ENSG00000188958	3	190984955	191048363
ENSG00000152492	3	191046809	191116450
ENSG00000253548	3	191178950	191179247
ENSG00000114279	3	191857032	192485555
ENSG00000180611	3	192514466	192636056
ENSG00000127252	3	192958400	193061519
ENSG00000187527	3	192992576	193096611
ENSG00000127249	3	193116754	193310902
ENSG00000198836	3	193310889	193415738
ENSG00000114315	3	193853926	193856523
ENSG00000178772	3	194060357	194072132
ENSG00000172061	3	194075976	194090474
ENSG00000178732	3	194115548	194119997
ENSG00000133657	3	194123399	194219095
ENSG00000145014	3	194308400	194354420
ENSG00000041802	3	194361515	194393194
ENSG00000185112	3	194406610	194409768
ENSG00000173950	3	194788100	194991907
ENSG00000114331	3	194995465	195163870
ENSG00000184203	3	195241210	195270211
ENSG00000189058	3	195295570	195310920
ENSG00000176945	3	195447737	195467996
ENSG00000145113	3	195473634	195538846
ENSG00000061938	3	195590233	195638818
ENSG00000289747	3	195635564	195636434
ENSG00000072274	3	195739380	195809035
ENSG00000163958	3	195924321	195938310
ENSG00000163959	3	195938356	195971639
ENSG00000161217	3	195941091	196014830
ENSG00000272741	3	195975099	196045095
ENSG00000213123	3	196018088	196045201
ENSG00000273331	3	196042951	196065246
ENSG00000145107	3	196046211	196065477
ENSG00000163960	3	196074528	196159349
ENSG00000163961	3	196195652	196230697
ENSG00000214097	3	196233746	196242241
ENSG00000185798	3	196279086	196296136
ENSG00000174013	3	196295480	196315932
ENSG00000174004	3	196366545	196434395
ENSG00000163964	3	196366644	196462889
ENSG00000174007	3	196433137	196439476
ENSG00000180370	3	196466612	196559520
ENSG00000119231	3	196594725	196661591
ENSG00000114503	3	196662271	196669467
ENSG00000270170	3	196669543	196670416
ENSG00000119227	3	196673213	196695933
ENSG00000163975	3	196707459	196756747
ENSG00000075711	3	196769429	197026205
ENSG00000161267	3	197236645	197300313
ENSG00000145016	3	197395736	197476600
ENSG00000122068	3	197464048	197514469
ENSG00000186001	3	197518095	197633287
ENSG00000114473	3	197607903	197687015
ENSG00000182899	3	197676826	197683483
ENSG00000185621	3	197687069	197770593
ENSG00000272602	4	53175	106341
ENSG00000250312	4	124336	204505
ENSG00000186777	4	264462	299274
ENSG00000131127	4	331549	378659
ENSG00000182903	4	384966	492950
ENSG00000174227	4	492982	534964
ENSG00000273238	4	567667	570086
ENSG00000133256	4	619346	664573
ENSG00000169020	4	666210	668191
ENSG00000215375	4	667306	675824
ENSG00000169026	4	675611	683339
ENSG00000185619	4	699535	763879
ENSG00000168993	4	778743	820833
ENSG00000178950	4	843061	926201
ENSG00000127419	4	925939	952779
ENSG00000145214	4	952670	980685
ENSG00000145217	4	972778	991449
ENSG00000127415	4	980783	1002134
ENSG00000127418	4	1002435	1020691
ENSG00000178222	4	1050033	1107487
ENSG00000159674	4	1160714	1202752
ENSG00000159692	4	1205220	1244123
ENSG00000090316	4	1283625	1333938
ENSG00000163945	4	1339477	1389779
ENSG00000235608	4	1396718	1400232
ENSG00000174137	4	1619640	1686085
ENSG00000163950	4	1694456	1714073
ENSG00000013810	4	1714583	1746907
ENSG00000168936	4	1717676	1723096
ENSG00000068078	4	1795011	1810602
ENSG00000168924	4	1813204	1857973
ENSG00000109685	4	1872284	1983936
ENSG00000185049	4	1984440	2043632
ENSG00000243449	4	2042353	2045693
ENSG00000185818	4	2060387	2070818
ENSG00000130997	4	2073643	2243867
ENSG00000290263	4	2080723	2244005
ENSG00000214367	4	2229187	2243919
ENSG00000123933	4	2249156	2263873
ENSG00000159733	4	2271303	2420523
ENSG00000206113	4	2420680	2464732
ENSG00000063978	4	2463945	2517600
ENSG00000290180	4	2514202	2627049
ENSG00000125386	4	2538297	2734305
ENSG00000168884	4	2743373	2758135
ENSG00000087266	4	2794740	2843020
ENSG00000087274	4	2845301	2931811
ENSG00000109736	4	2931642	2937191
ENSG00000087269	4	2939650	2965231
ENSG00000125388	4	2965296	3042489
ENSG00000197386	4	3043088	3245686
ENSG00000188981	4	3246094	3273467
ENSG00000159788	4	3294707	3441642
ENSG00000109758	4	3443649	3451222
ENSG00000175920	4	3464915	3503269
ENSG00000163956	4	3505337	3534175
ENSG00000268781	4	3511521	3511680
ENSG00000184160	4	3768073	3770255
ENSG00000163982	4	4190451	4228658
ENSG00000132406	4	4237266	4250101
ENSG00000145220	4	4269297	4291925
ENSG00000168826	4	4291946	4323515
ENSG00000168824	4	4349865	4481056
ENSG00000168818	4	4416698	4544075
ENSG00000163132	4	4861390	4865665
ENSG00000170891	4	5016311	5021216
ENSG00000152953	4	5053125	5502723
ENSG00000173040	4	5544497	5711277
ENSG00000072840	4	5712897	5816034
ENSG00000072832	4	5749809	5894815
ENSG00000181215	4	5899098	6202325
ENSG00000152969	4	6027924	6202325
ENSG00000284684	4	6066702	6071891
ENSG00000109501	4	6271557	6304994
ENSG00000074211	4	6322303	6565552
ENSG00000013288	4	6576855	6625091
ENSG00000179010	4	6641816	6644460
ENSG00000170846	4	6665121	6678484
ENSG00000268791	4	6693780	6694191
ENSG00000163993	4	6695546	6698900
ENSG00000178988	4	6704006	6711652
ENSG00000186222	4	6717899	6719393
ENSG00000170871	4	6783100	6885904
ENSG00000132405	4	6910965	7034847
ENSG00000173013	4	7042574	7044730
ENSG00000173011	4	7043624	7101877
ENSG00000109519	4	7060368	7069874
ENSG00000184985	4	7194263	7745371
ENSG00000178597	4	7432010	7436659
ENSG00000196526	4	7760438	7941655
ENSG00000163995	4	7967035	8160561
ENSG00000125089	4	8183665	8243532
ENSG00000170801	4	8271457	8308847
ENSG00000087008	4	8366428	8442479
ENSG00000155275	4	8437865	8498002
ENSG00000155269	4	8560450	8621490
ENSG00000109625	4	8594363	8621490
ENSG00000215612	4	8847800	8873740
ENSG00000229924	4	9172133	9178458
ENSG00000231396	4	9212381	9213977
ENSG00000233136	4	9217129	9218725
ENSG00000227551	4	9221876	9223472
ENSG00000232399	4	9226620	9228216
ENSG00000223569	4	9236109	9237774
ENSG00000249104	4	9245603	9247199
ENSG00000250844	4	9250354	9251950
ENSG00000248920	4	9255102	9256698
ENSG00000250745	4	9259848	9261444
ENSG00000249811	4	9264596	9266192
ENSG00000248933	4	9269343	9270939
ENSG00000250913	4	9274088	9274642
ENSG00000232264	4	9326889	9328485
ENSG00000230430	4	9331635	9333231
ENSG00000229579	4	9336382	9337978
ENSG00000227140	4	9341127	9342723
ENSG00000235780	4	9345872	9347468
ENSG00000231051	4	9350617	9352213
ENSG00000231637	4	9355362	9356958
ENSG00000228856	4	9364853	9366449
ENSG00000186146	4	9446137	9452400
ENSG00000109667	4	9772770	10056562
ENSG00000169676	4	9783009	9785638
ENSG00000071127	4	10069711	10118614
ENSG00000178163	4	10441495	10463007
ENSG00000109684	4	10488017	10736492
ENSG00000002587	4	11394772	11431190
ENSG00000157869	4	13246732	13485991
ENSG00000109705	4	13542452	13546664
ENSG00000038219	4	13570360	13629367
ENSG00000137449	4	15004103	15071779
ENSG00000163145	4	15341440	15447793
ENSG00000048342	4	15471487	15603722
ENSG00000118564	4	15571162	15683304
ENSG00000237765	4	15683127	15692072
ENSG00000109743	4	15704614	15777239
ENSG00000004468	4	15779896	15854857
ENSG00000137440	4	15936128	15950052
ENSG00000137441	4	15961866	15970934
ENSG00000007062	4	15964697	16086003
ENSG00000169762	4	16162126	16229231
ENSG00000169744	4	16503155	16900586
ENSG00000151552	4	17461882	17513882
ENSG00000249581	4	17516786	17528729
ENSG00000002549	4	17578788	17609714
ENSG00000118579	4	17616207	17655768
ENSG00000047662	4	17630927	17783252
ENSG00000163257	4	17795067	17812383
ENSG00000109805	4	17812465	17849689
ENSG00000178177	4	17842808	18023618
ENSG00000145147	4	20253518	20622874
ENSG00000163138	4	20697903	20756451
ENSG00000185774	4	20729163	21950397
ENSG00000152990	4	22346692	22517756
ENSG00000249948	4	22694535	22821200
ENSG00000109819	4	23756662	23905714
ENSG00000109606	4	24519062	24586233
ENSG00000109610	4	24791532	24803185
ENSG00000181982	4	24805134	24981828
ENSG00000153012	4	24997808	25032594
ENSG00000109618	4	25120911	25162174
ENSG00000038210	4	25162283	25282166
ENSG00000168228	4	25314388	25373930
ENSG00000053900	4	25378830	25421934
ENSG00000157765	4	25649631	25680756
ENSG00000091490	4	25715585	25865384
ENSG00000250317	4	25863450	25933431
ENSG00000168214	4	26165075	26436755
ENSG00000163394	4	26483016	26492108
ENSG00000109680	4	26578057	26763288
ENSG00000109689	4	26859221	27027893
ENSG00000169851	4	30721945	31148429
ENSG00000047365	4	35949841	36246479
ENSG00000197057	4	36283236	36349135
ENSG00000174145	4	37245798	37451087
ENSG00000154274	4	37455059	37625968
ENSG00000181826	4	37592420	37688037
ENSG00000169299	4	37828280	37864651
ENSG00000065882	4	37892292	38140798
ENSG00000250254	4	37962017	37962751
ENSG00000109787	4	38665622	38703140
ENSG00000174123	4	38773857	38784613
ENSG00000174125	4	38789174	38858440
ENSG00000174130	4	38824516	38858524
ENSG00000197712	4	38869296	38947363
ENSG00000121895	4	38967618	39034544
ENSG00000109790	4	39046231	39128479
ENSG00000157796	4	39184081	39287432
ENSG00000035928	4	39289073	39368022
ENSG00000134962	4	39408514	39453155
ENSG00000163682	4	39452297	39474046
ENSG00000121897	4	39460622	39486731
ENSG00000109814	4	39500373	39529933
ENSG00000163683	4	39547954	39640714
ENSG00000078140	4	39699497	39784414
ENSG00000121892	4	39824481	39979615
ENSG00000078177	4	40058185	40159874
ENSG00000168421	4	40192629	40248589
ENSG00000174343	4	40337317	40357322
ENSG00000163694	4	40425282	40632915
ENSG00000179299	4	40751791	40813203
ENSG00000163697	4	40812042	41218733
ENSG00000289761	4	41145037	41145118
ENSG00000154277	4	41258428	41270586
ENSG00000064042	4	41361589	41702068
ENSG00000109132	4	41746097	41750906
ENSG00000109133	4	41936395	41962822
ENSG00000182308	4	41983771	41988484
ENSG00000014824	4	41992507	42101388
ENSG00000188848	4	42112868	42154897
ENSG00000178343	4	42399363	42404506
ENSG00000124406	4	42410388	42659163
ENSG00000215203	4	42894728	43032677
ENSG00000183783	4	44175918	44450949
ENSG00000177752	4	44624103	44680814
ENSG00000151806	4	44680418	44705079
ENSG00000163281	4	44684215	44728640
ENSG00000163285	4	46037784	46126108
ENSG00000151834	4	46245563	46477249
ENSG00000170516	4	46736838	46911273
ENSG00000109158	4	46920915	46995609
ENSG00000163288	4	46995738	47430273
ENSG00000169019	4	47443601	47465749
ENSG00000145246	4	47487219	47597118
ENSG00000145244	4	47596014	47840170
ENSG00000170448	4	47849248	47916686
ENSG00000163293	4	47916157	48054449
ENSG00000198515	4	47937143	48019320
ENSG00000074966	4	48065173	48136284
ENSG00000135605	4	48136648	48271877
ENSG00000109171	4	48343390	48428220
ENSG00000145248	4	48485146	48491545
ENSG00000182223	4	48492267	48496408
ENSG00000075539	4	48499372	48782341
ENSG00000109180	4	48807154	48936953
ENSG00000145247	4	48887034	48908979
ENSG00000109182	4	48988159	49064193
ENSG00000109184	4	52709164	52783401
ENSG00000188993	4	52859778	52886538
ENSG00000163069	4	52886861	52904473
ENSG00000163071	4	52917427	52966683
ENSG00000109189	4	53456211	53525563
ENSG00000226887	4	53588783	53618066
ENSG00000128045	4	53728476	53734754
ENSG00000184178	4	53738083	54232269
ENSG00000145216	4	54243727	54330551
ENSG00000282278	4	54244004	55161441
ENSG00000072201	4	54324426	54567574
ENSG00000109220	4	54820631	54930835
ENSG00000180613	4	54965688	54968667
ENSG00000134853	4	55095295	55164415
ENSG00000157404	4	55523432	55606951
ENSG00000128052	4	55944309	55991792
ENSG00000128039	4	56212238	56239269
ENSG00000288695	4	56212393	56254537
ENSG00000134851	4	56261789	56320057
ENSG00000134852	4	56294068	56413660
ENSG00000163440	4	56422679	56458414
ENSG00000109255	4	56461394	56502969
ENSG00000250821	4	56685954	56703657
ENSG00000090989	4	56719792	56771333
ENSG00000174799	4	56814983	56899529
ENSG00000109265	4	56915255	57196777
ENSG00000157426	4	57203646	57253691
ENSG00000128059	4	57259526	57302206
ENSG00000128050	4	57301222	57330746
ENSG00000174780	4	57333755	57370059
ENSG00000196503	4	57371373	57391127
ENSG00000249693	4	57396765	57469724
ENSG00000171476	4	57513359	57548045
ENSG00000128040	4	57676021	57688037
ENSG00000084093	4	57774017	57833179
ENSG00000084092	4	57827784	57843793
ENSG00000047315	4	57843875	57897326
ENSG00000163453	4	57852345	57977089
ENSG00000150471	4	62065828	62944055
ENSG00000205678	4	65140971	65275298
ENSG00000145242	4	66185279	66536248
ENSG00000145241	4	68334478	68411285
ENSG00000035720	4	68424198	68473063
ENSG00000033178	4	68476144	68567058
ENSG00000109163	4	68602834	68620123
ENSG00000153802	4	68686592	68749722
ENSG00000187054	4	68775111	68829860
ENSG00000198092	4	68918914	68995589
ENSG00000185873	4	69092369	69111414
ENSG00000083896	4	69176103	69215830
ENSG00000087128	4	69313144	69366264
ENSG00000197888	4	69382017	69492759
ENSG00000196620	4	69512306	69536404
ENSG00000109181	4	69681611	69701457
ENSG00000135220	4	69794174	69817526
ENSG00000171234	4	69917079	69978707
ENSG00000213759	4	70065667	70080468
ENSG00000135226	4	70146191	70160770
ENSG00000156096	4	70343834	70391737
ENSG00000173610	4	70454133	70518971
ENSG00000271271	4	70454133	70505362
ENSG00000173597	4	70586883	70653681
ENSG00000284695	4	70676496	70713506
ENSG00000109193	4	70687919	70726795
ENSG00000126545	4	70796783	70812294
ENSG00000135222	4	70820972	70831448
ENSG00000126549	4	70861681	70868289
ENSG00000205649	4	70894168	70902257
ENSG00000126550	4	70916153	70924567
ENSG00000187533	4	70999331	71042518
ENSG00000109205	4	71061421	71071453
ENSG00000181617	4	71091832	71100971
ENSG00000171209	4	71104097	71117193
ENSG00000145309	4	71200696	71202835
ENSG00000109208	4	71226475	71232877
ENSG00000171201	4	71235808	71255963
ENSG00000171199	4	71263646	71275914
ENSG00000171195	4	71296207	71348716
ENSG00000187689	4	71384284	71398462
ENSG00000178522	4	71457971	71473007
ENSG00000132464	4	71494459	71512543
ENSG00000132465	4	71518586	71547536
ENSG00000132467	4	71554247	71556270
ENSG00000018189	4	71569919	71674338
ENSG00000132463	4	71681498	71705676
ENSG00000173542	4	71767659	71888168
ENSG00000156136	4	71858253	71896633
ENSG00000080493	4	71928359	72437806
ENSG00000145321	4	72579246	72671246
ENSG00000056291	4	72897617	73014681
ENSG00000156140	4	73146684	73435084
ENSG00000163626	4	73918077	73935474
ENSG00000132466	4	73939091	74124888
ENSG00000163631	4	74262829	74292326
ENSG00000081051	4	74296853	74321893
ENSG00000079557	4	74347374	74369892
ENSG00000169435	4	74437265	74486350
ENSG00000169429	4	74606234	74613098
ENSG00000124875	4	74702337	74714783
ENSG00000109272	4	74719007	74720202
ENSG00000163739	4	74734678	74737107
ENSG00000163737	4	74846474	74847830
ENSG00000288796	4	74846789	74853909
ENSG00000163736	4	74851681	74853995
ENSG00000163735	4	74861357	74864406
ENSG00000163734	4	74902304	74904526
ENSG00000081041	4	74962557	74964915
ENSG00000163738	4	74979889	75168818
ENSG00000182585	4	75174179	75183016
ENSG00000124882	4	75230852	75254468
ENSG00000109321	4	75310714	75320724
ENSG00000205595	4	75480627	75490488
ENSG00000174808	4	75669967	75719929
ENSG00000169116	4	75858249	75975347
ENSG00000163743	4	76404241	76439976
ENSG00000174796	4	76439154	76475685
ENSG00000174792	4	76481236	76491209
ENSG00000138769	4	76501702	76555902
ENSG00000138757	4	76567031	76651487
ENSG00000138768	4	76649704	76735445
ENSG00000156194	4	76781015	76823726
ENSG00000138744	4	76831806	76862273
ENSG00000198301	4	76862101	76912117
ENSG00000138755	4	76922426	76928670
ENSG00000156219	4	76932327	77035249
ENSG00000169245	4	76942269	76944673
ENSG00000169248	4	76954833	76971361
ENSG00000138750	4	77028713	77069664
ENSG00000138760	4	77079874	77155691
ENSG00000189157	4	77135191	77205451
ENSG00000272414	4	77172872	77232284
ENSG00000118804	4	77227426	77235241
ENSG00000163749	4	77234148	77343023
ENSG00000138771	4	77356309	77704408
ENSG00000186212	4	77815303	77819299
ENSG00000138758	4	77870851	77962097
ENSG00000118816	4	77968306	77997474
ENSG00000138764	4	78078104	78354544
ENSG00000156234	4	78432905	78532990
ENSG00000138767	4	78634539	78740771
ENSG00000169288	4	78783291	78873947
ENSG00000138759	4	78978113	79465614
ENSG00000138772	4	79472767	79532558
ENSG00000138756	4	79697167	79837521
ENSG00000163291	4	79808279	79860596
ENSG00000156269	4	80146846	80247217
ENSG00000196475	4	80327513	80329384
ENSG00000163297	4	80822298	81046610
ENSG00000152784	4	81105031	81181474
ENSG00000138675	4	81187791	81257836
ENSG00000197826	4	81256882	81884906
ENSG00000152785	4	81951784	81978783
ENSG00000138669	4	82007605	82139126
ENSG00000138670	4	82347545	82965399
ENSG00000138668	4	83271927	83295698
ENSG00000152795	4	83343716	83351649
ENSG00000145293	4	83351508	83383308
ENSG00000249242	4	83404321	83483512
ENSG00000145284	4	83550690	83720264
ENSG00000138674	4	83738651	83822321
ENSG00000168152	4	83821835	83841442
ENSG00000189308	4	83831124	83934146
ENSG00000138663	4	83955598	83996973
ENSG00000145287	4	83980644	84058230
ENSG00000173085	4	84111444	84206296
ENSG00000173083	4	84213612	84256308
ENSG00000163312	4	84328127	84377055
ENSG00000163319	4	84377081	84396999
ENSG00000163322	4	84380668	84444503
ENSG00000138678	4	84456770	84527030
ENSG00000163623	4	85413091	85420521
ENSG00000163624	4	85504006	85584564
ENSG00000163625	4	85589916	85888079
ENSG00000138639	4	86396264	86923823
ENSG00000109339	4	86911158	87515780
ENSG00000163629	4	87515095	87736335
ENSG00000145283	4	87744619	87770544
ENSG00000163633	4	87797356	87813968
ENSG00000285458	4	87807623	87857332
ENSG00000172493	4	87855353	88062227
ENSG00000145332	4	88081033	88161883
ENSG00000170509	4	88223103	88244102
ENSG00000198189	4	88257312	88312377
ENSG00000170502	4	88343723	88380609
ENSG00000272856	4	88381952	88392204
ENSG00000152583	4	88394479	88452272
ENSG00000152591	4	88529679	88538027
ENSG00000152592	4	88571428	88585515
ENSG00000029559	4	88720696	88734483
ENSG00000152595	4	88742548	88767968
ENSG00000118785	4	88896817	88904686
ENSG00000118762	4	88928736	88998931
ENSG00000118777	4	89009277	89152972
ENSG00000163644	4	89178770	89205923
ENSG00000138642	4	89299884	89364252
ENSG00000138646	4	89378235	89427341
ENSG00000145337	4	89442135	89444947
ENSG00000255072	4	89442135	89444929
ENSG00000287542	4	89444959	89629603
ENSG00000138641	4	89513521	89629693
ENSG00000177432	4	89617062	89618982
ENSG00000138640	4	89647042	90032551
ENSG00000180346	4	90032671	90036054
ENSG00000185477	4	90157532	90229219
ENSG00000145335	4	90621494	90759474
ENSG00000138722	4	90800681	90875782
ENSG00000184305	4	91048536	92526448
ENSG00000152208	4	93225115	94731310
ENSG00000172238	4	94749902	94752117
ENSG00000163104	4	95128747	95212446
ENSG00000163106	4	95219656	95264029
ENSG00000163110	4	95372865	95589380
ENSG00000138696	4	95679086	96079602
ENSG00000182168	4	96083653	96470359
ENSG00000163114	4	96761242	96762617
ENSG00000163116	4	98105242	99064638
ENSG00000138698	4	99182071	99365019
ENSG00000168785	4	99391514	99579866
ENSG00000151247	4	99797803	99851078
ENSG00000164024	4	99916508	99986212
ENSG00000197894	4	99992127	100009975
ENSG00000198099	4	100044651	100078951
ENSG00000172955	4	100123579	100140696
ENSG00000187758	4	100197113	100212711
ENSG00000196616	4	100226126	100242818
ENSG00000248144	4	100257248	100304055
ENSG00000196344	4	100333416	100356857
ENSG00000138813	4	100432167	100463462
ENSG00000145331	4	100467855	100485229
ENSG00000138823	4	100485236	100545156
ENSG00000248713	4	100557684	100578987
ENSG00000070190	4	100737884	100793494
ENSG00000109270	4	100796103	100815587
ENSG00000164031	4	100817403	100867885
ENSG00000164032	4	100869206	100871699
ENSG00000145358	4	101101873	101111941
ENSG00000164035	4	101286028	101801285
ENSG00000138814	4	101944564	102269437
ENSG00000153064	4	102332441	102996063
ENSG00000138821	4	103172192	103352417
ENSG00000109320	4	103422066	103538461
ENSG00000109323	4	103551925	103682159
ENSG00000109332	4	103714671	103790446
ENSG00000145354	4	103789893	103824418
ENSG00000164037	4	103791656	103940952
ENSG00000164038	4	103941023	104006988
ENSG00000164039	4	103998747	104021044
ENSG00000138778	4	104026504	104119622
ENSG00000169836	4	104506972	104641145
ENSG00000168772	4	105389463	105416060
ENSG00000168769	4	106067030	106200975
ENSG00000138777	4	106278839	106395272
ENSG00000236699	4	106473639	106629252
ENSG00000138785	4	106603169	106817145
ENSG00000138780	4	106629929	106770729
ENSG00000168743	4	106815930	107036274
ENSG00000145348	4	106962754	107237842
ENSG00000164022	4	107236699	107270995
ENSG00000250298	4	107278547	107289937
ENSG00000155011	4	107842957	108204965
ENSG00000138801	4	108511431	108641553
ENSG00000164023	4	108745717	108836205
ENSG00000155016	4	108852478	108874623
ENSG00000138796	4	108910837	108956399
ENSG00000138795	4	108966746	109090356
ENSG00000109475	4	109541662	109554044
ENSG00000198856	4	109571731	109589576
ENSG00000164089	4	109663123	109684386
ENSG00000188517	4	109729879	110223988
ENSG00000138802	4	110354756	110462054
ENSG00000005059	4	110481363	110609957
ENSG00000138794	4	110606991	110624741
ENSG00000123739	4	110630919	110651228
ENSG00000285330	4	110635070	110723157
ENSG00000205403	4	110652022	110723358
ENSG00000109534	4	110736630	110748478
ENSG00000180245	4	110749126	110770281
ENSG00000183423	4	110767167	110793473
ENSG00000138798	4	110834032	110935106
ENSG00000170522	4	110967000	111120363
ENSG00000138792	4	111286887	111486444
ENSG00000164093	4	111538577	111563340
ENSG00000174749	4	113066562	113116414
ENSG00000138660	4	113152517	113194268
ENSG00000145365	4	113194120	113223594
ENSG00000073331	4	113206663	113363779
ENSG00000178403	4	113434670	113437338
ENSG00000138658	4	113455582	113558560
ENSG00000174720	4	113558144	113579019
ENSG00000145362	4	113739186	114305395
ENSG00000145349	4	114339208	114683730
ENSG00000180801	4	114821436	114900886
ENSG00000174607	4	115519489	115600929
ENSG00000138653	4	115748894	116035048
ENSG00000174599	4	118004708	118006734
ENSG00000164100	4	118954732	119179791
ENSG00000164099	4	119201191	119274387
ENSG00000145388	4	119606534	119636590
ENSG00000150961	4	119643725	119759840
ENSG00000172403	4	119771841	120022638
ENSG00000172399	4	120049584	120108951
ENSG00000145390	4	120133281	120217319
ENSG00000164096	4	120217572	120225602
ENSG00000145384	4	120237905	120243298
ENSG00000138735	4	120415550	120550416
ENSG00000164109	4	120976776	120988349
ENSG00000138738	4	121606072	121844246
ENSG00000173376	4	121950463	121995242
ENSG00000050730	4	122050575	122148772
ENSG00000186867	4	122248471	122302222
ENSG00000164111	4	122565255	122618487
ENSG00000164112	4	122679686	122687417
ENSG00000123737	4	122722471	122738180
ENSG00000145386	4	122736863	122745093
ENSG00000138686	4	122745482	122791659
ENSG00000138741	4	122795634	122873239
ENSG00000138688	4	123073480	123285324
ENSG00000164113	4	123300119	123350971
ENSG00000109471	4	123372623	123377882
ENSG00000138684	4	123531261	123542223
ENSG00000181004	4	123653806	123667235
ENSG00000138685	4	123747833	123819393
ENSG00000170917	4	123807718	123844125
ENSG00000145375	4	123844223	124240590
ENSG00000164056	4	124317907	124328586
ENSG00000151458	4	125584121	125633924
ENSG00000196159	4	126236071	126414089
ENSG00000164066	4	128544424	128647894
ENSG00000151475	4	128651553	128695449
ENSG00000164070	4	128702974	128761890
ENSG00000142731	4	128802043	128820381
ENSG00000164073	4	128838952	128887191
ENSG00000164074	4	128886405	128961110
ENSG00000138709	4	128981791	129144088
ENSG00000164040	4	129189325	129209991
ENSG00000077684	4	129730729	129796397
ENSG00000151466	4	129786074	130014779
ENSG00000151470	4	130014470	130053346
ENSG00000138650	4	134070438	134129763
ENSG00000254535	4	135117486	135123042
ENSG00000189184	4	138440070	138453675
ENSG00000151012	4	139085249	139163697
ENSG00000151014	4	139936566	139967095
ENSG00000109381	4	139949264	140098436
ENSG00000137463	4	140187316	140201653
ENSG00000109390	4	140188032	140223720
ENSG00000164134	4	140222598	140341189
ENSG00000172007	4	140374384	140405130
ENSG00000145391	4	140414126	140527855
ENSG00000085871	4	140586920	140675998
ENSG00000196782	4	140637905	141075383
ENSG00000153130	4	141178358	141306884
ENSG00000153132	4	141308352	141349015
ENSG00000205301	4	141363414	141419533
ENSG00000179387	4	141445310	141475015
ENSG00000109424	4	141480583	141490157
ENSG00000109436	4	141541933	141678205
ENSG00000170153	4	141780959	142134033
ENSG00000109445	4	142141432	142155853
ENSG00000164136	4	142501520	142656431
ENSG00000109452	4	142944311	143768587
ENSG00000170185	4	144106068	144149388
ENSG00000109458	4	144257301	144395720
ENSG00000153147	4	144434596	144478641
ENSG00000183090	4	144498453	144621830
ENSG00000197465	4	144753986	144826718
ENSG00000250361	4	144904419	144940535
ENSG00000170180	4	145030055	145061906
ENSG00000285713	4	145131852	146019328
ENSG00000164161	4	145566873	145666425
ENSG00000164162	4	145753058	146019977
ENSG00000164163	4	146019398	146052488
ENSG00000164164	4	146031988	146101785
ENSG00000170365	4	146401919	146480345
ENSG00000151611	4	146520192	146581187
ENSG00000237136	4	146601238	146692186
ENSG00000151612	4	146678777	146860190
ENSG00000164167	4	147096835	147129096
ENSG00000250673	4	147135665	147153421
ENSG00000120519	4	147175125	147443526
ENSG00000151615	4	147560043	147563628
ENSG00000137473	4	147625139	147867036
ENSG00000151617	4	148401919	148466108
ENSG00000164168	4	148538523	148593197
ENSG00000164169	4	148556043	148605380
ENSG00000071205	4	148653071	148993933
ENSG00000151623	4	148999911	149366703
ENSG00000234828	4	150272859	150817387
ENSG00000170390	4	150999234	151178611
ENSG00000198589	4	151185580	151936909
ENSG00000181541	4	151503301	151505847
ENSG00000145425	4	152020714	152025806
ENSG00000109686	4	152023901	152330519
ENSG00000189099	4	152198311	152213016
ENSG00000164142	4	152330268	152591657
ENSG00000059691	4	152591203	152682192
ENSG00000109670	4	153241694	153457507
ENSG00000170006	4	153539778	153601205
ENSG00000169989	4	153689060	153700932
ENSG00000164144	4	153700246	153839617
ENSG00000137460	4	153857030	153900851
ENSG00000109654	4	154073313	154260473
ENSG00000288637	4	154073585	154336235
ENSG00000121211	4	154265770	154336807
ENSG00000121210	4	154387457	154558766
ENSG00000137462	4	154605200	154629691
ENSG00000145428	4	154631308	154681405
ENSG00000145423	4	154701694	154712774
ENSG00000197410	4	155152892	155412958
ENSG00000171566	4	155456155	155471569
ENSG00000171564	4	155484102	155493961
ENSG00000171560	4	155503116	155511905
ENSG00000171557	4	155525208	155534121
ENSG00000121207	4	155548095	155674312
ENSG00000151962	4	155702363	155749967
ENSG00000185149	4	156129777	156138232
ENSG00000164114	4	156263808	156298124
ENSG00000164116	4	156587847	156658213
ENSG00000061918	4	156680138	156728965
ENSG00000256394	4	156750879	156787431
ENSG00000151790	4	156775888	156842624
ENSG00000256043	4	156842730	156875066
ENSG00000145431	4	157679430	157893355
ENSG00000109738	4	157997244	158093251
ENSG00000120251	4	158125332	158308300
ENSG00000164125	4	159044986	159095403
ENSG00000164124	4	159122754	159176570
ENSG00000171509	4	159236461	159574526
ENSG00000205208	4	159587825	159593409
ENSG00000171503	4	159593118	159631912
ENSG00000171497	4	159629311	159644572
ENSG00000052795	4	159690113	159829204
ENSG00000164123	4	159814284	159959914
ENSG00000109756	4	160024163	160281329
ENSG00000168843	4	162305047	163085164
ENSG00000145414	4	164025080	164088090
ENSG00000164128	4	164244235	164266006
ENSG00000164129	4	164264410	164273631
ENSG00000151005	4	164392245	164394908
ENSG00000198498	4	164415592	164448274
ENSG00000145416	4	164445448	165305204
ENSG00000248771	4	165675214	165727055
ENSG00000248329	4	165798094	165820161
ENSG00000183439	4	165875596	165898835
ENSG00000176979	4	165937608	165962903
ENSG00000250374	4	165975016	165981708
ENSG00000170088	4	165991758	166129703
ENSG00000109466	4	166128620	166244311
ENSG00000229894	4	166198957	166200858
ENSG00000052802	4	166248810	166264472
ENSG00000109472	4	166282344	166420506
ENSG00000038295	4	166794208	167026332
ENSG00000196104	4	167654533	168155949
ENSG00000109511	4	169013686	169108889
ENSG00000137628	4	169137440	169240036
ENSG00000181381	4	169277884	169458939
ENSG00000129116	4	169418187	169849763
ENSG00000145439	4	169782835	169931500
ENSG00000154447	4	170015408	170192338
ENSG00000137601	4	170290853	170533799
ENSG00000109572	4	170533587	170644826
ENSG00000056050	4	170650614	170679125
ENSG00000198948	4	170907746	170954184
ENSG00000109576	4	170980812	171012852
ENSG00000174473	4	172733403	173962712
ENSG00000109586	4	174089960	174245410
ENSG00000164104	4	174252525	174256305
ENSG00000164105	4	174291118	174301633
ENSG00000164106	4	174305850	174337674
ENSG00000164107	4	174446118	174451382
ENSG00000164117	4	175157675	175205131
ENSG00000164118	4	175204444	175256196
ENSG00000164120	4	175374817	175444307
ENSG00000145451	4	175558069	175750400
ENSG00000168594	4	175750817	175899333
ENSG00000150625	4	176553389	176924222
ENSG00000150627	4	176986989	177103973
ENSG00000150628	4	177105648	177116738
ENSG00000164122	4	177134806	177198724
ENSG00000129128	4	177241109	177254198
ENSG00000150630	4	177602868	177714113
ENSG00000109674	4	178230963	178284238
ENSG00000038002	4	178351279	178363606
ENSG00000218336	4	183065069	183724179
ENSG00000129187	4	183758553	183839091
ENSG00000151718	4	184020271	184241932
ENSG00000177300	4	184239251	184241431
ENSG00000185758	4	184242915	184243581
ENSG00000168564	4	184365779	184374150
ENSG00000168556	4	184425905	184437266
ENSG00000182552	4	184560786	184580358
ENSG00000168538	4	184580418	184635574
ENSG00000173320	4	184718843	184944681
ENSG00000164303	4	185009850	185142385
ENSG00000168310	4	185306803	185395714
ENSG00000164305	4	185548847	185571574
ENSG00000164306	4	185569613	185619530
ENSG00000151725	4	185613273	185655286
ENSG00000151726	4	185676653	185748009
ENSG00000187821	4	185939642	185943221
ENSG00000151729	4	186064385	186071549
ENSG00000164323	4	186080113	186131971
ENSG00000109762	4	186125389	186312084
ENSG00000109771	4	186284807	186318448
ENSG00000186352	4	186317116	186333665
ENSG00000109775	4	186318750	186347143
ENSG00000205129	4	186347166	186370984
ENSG00000168491	4	186366334	186392908
ENSG00000154553	4	186420410	186456825
ENSG00000154556	4	186506596	186877877
ENSG00000164342	4	186990063	187009229
ENSG00000109794	4	187025571	187096593
ENSG00000269302	4	187111911	187112628
ENSG00000145476	4	187112410	187136401
ENSG00000290316	4	187130131	187179625
ENSG00000164344	4	187146576	187179632
ENSG00000088926	4	187181311	187212901
ENSG00000272297	4	187347698	187476484
ENSG00000168412	4	187447944	187476723
ENSG00000083857	4	187507869	187647878
ENSG00000179059	4	188915196	188928161
ENSG00000179046	4	189012399	189030793
ENSG00000184108	4	189060593	189068899
ENSG00000109536	4	190861971	190884364
ENSG00000224807	4	190940871	190943822
ENSG00000205097	4	190945520	190948414
ENSG00000258389	4	191005265	191007079
ENSG00000153404	5	92114	190089
ENSG00000185028	5	191564	196451
ENSG00000164366	5	196981	218279
ENSG00000073578	5	218319	257201
ENSG00000286001	5	218411	315072
ENSG00000249915	5	271565	315095
ENSG00000288622	5	271783	438408
ENSG00000063438	5	320795	438424
ENSG00000180104	5	442635	472056
ENSG00000066230	5	470569	524567
ENSG00000112877	5	612418	667820
ENSG00000171368	5	658963	694114
ENSG00000206077	5	710468	784846
ENSG00000188818	5	795718	859090
ENSG00000028310	5	850404	892955
ENSG00000071539	5	892962	919474
ENSG00000145506	5	1008134	1040747
ENSG00000113504	5	1050497	1156354
ENSG00000174358	5	1201708	1225228
ENSG00000164363	5	1225494	1246306
ENSG00000164362	5	1253260	1295203
ENSG00000049656	5	1316934	1345217
ENSG00000142319	5	1392907	1445631
ENSG00000153395	5	1456593	1524399
ENSG00000171421	5	1793131	1802145
ENSG00000145494	5	1801475	1816167
ENSG00000113430	5	1877525	1887497
ENSG00000170561	5	2741906	2751810
ENSG00000170549	5	3595944	3601524
ENSG00000145536	5	5140407	5320419
ENSG00000164151	5	5420775	5490335
ENSG00000133398	5	6357963	6378708
ENSG00000215218	5	6448734	6496838
ENSG00000037474	5	6599348	6633447
ENSG00000145545	5	6633401	6676654
ENSG00000112941	5	6713402	6757160
ENSG00000078295	5	7395792	7830753
ENSG00000215217	5	7830489	7851792
ENSG00000124275	5	7851297	7906140
ENSG00000124279	5	7858923	7869175
ENSG00000112902	5	9035143	9546256
ENSG00000169777	5	9627457	9712492
ENSG00000150756	5	10225617	10250011
ENSG00000150753	5	10250039	10266503
ENSG00000164237	5	10261815	10308224
ENSG00000145495	5	10353801	10440502
ENSG00000145491	5	10441634	10561799
ENSG00000164236	5	10564180	10657930
ENSG00000112977	5	10676888	10761797
ENSG00000169862	5	10971946	11904621
ENSG00000039139	5	13690435	14011929
ENSG00000038382	5	14143330	14532239
ENSG00000145569	5	14581899	14616291
ENSG00000154124	5	14664771	14716640
ENSG00000154122	5	14704907	14872060
ENSG00000183580	5	15500247	15939906
ENSG00000183654	5	16067246	16180873
ENSG00000173545	5	16451618	16465922
ENSG00000154153	5	16473145	16617305
ENSG00000145555	5	16662014	16936428
ENSG00000176788	5	17065705	17276968
ENSG00000249662	5	17444117	17487482
ENSG00000268799	5	17491074	17492187
ENSG00000284373	5	17498338	17498938
ENSG00000284439	5	17518474	17519074
ENSG00000284283	5	17521908	17522508
ENSG00000284234	5	17525342	17525942
ENSG00000284042	5	17528776	17529376
ENSG00000284465	5	17585269	17585869
ENSG00000283967	5	17590471	17591071
ENSG00000283988	5	17593905	17594505
ENSG00000284356	5	17597339	17597939
ENSG00000249156	5	17610499	17612222
ENSG00000283776	5	17632195	17632795
ENSG00000250782	5	17634567	17635164
ENSG00000269466	5	17654975	17655960
ENSG00000145526	5	19471403	20575984
ENSG00000233974	5	21481431	21484122
ENSG00000154162	5	21750780	22853455
ENSG00000164256	5	23443693	23528204
ENSG00000040731	5	24485713	24645098
ENSG00000113100	5	26880380	27121259
ENSG00000113361	5	31193784	31329255
ENSG00000113360	5	31400599	31533295
ENSG00000082213	5	31532383	31555444
ENSG00000133401	5	31639070	32111041
ENSG00000113384	5	32124526	32174835
ENSG00000150712	5	32223324	32313122
ENSG00000056097	5	32354448	32444874
ENSG00000113387	5	32505997	32604615
ENSG00000113389	5	32689174	32791832
ENSG00000113407	5	33440800	33472036
ENSG00000151388	5	33523638	33892220
ENSG00000182631	5	33936489	33939025
ENSG00000164175	5	33943633	33986231
ENSG00000242110	5	33986268	34010326
ENSG00000273294	5	33987277	34124635
ENSG00000289791	5	33997110	34008191
ENSG00000082196	5	34017961	34043345
ENSG00000215156	5	34190259	34193760
ENSG00000039560	5	34655669	34832720
ENSG00000205838	5	34838936	34903232
ENSG00000113456	5	34894279	34930501
ENSG00000113460	5	34915376	34926729
ENSG00000168724	5	34929628	34959071
ENSG00000113492	5	34997530	35048347
ENSG00000113494	5	35048859	35230782
ENSG00000152582	5	35617939	35814715
ENSG00000168685	5	35852795	35879707
ENSG00000152611	5	35904388	35938883
ENSG00000145626	5	35951106	36001132
ENSG00000168671	5	36030049	36071462
ENSG00000164187	5	36098427	36152080
ENSG00000145604	5	36152089	36196953
ENSG00000152620	5	36191655	36242383
ENSG00000164188	5	36247012	36302218
ENSG00000079215	5	36596684	36688439
ENSG00000164190	5	36876816	37066526
ENSG00000197603	5	37106073	37249514
ENSG00000113569	5	37288142	37371291
ENSG00000082068	5	37379344	37753638
ENSG00000168621	5	37812777	37840167
ENSG00000164318	5	38258344	38466262
ENSG00000113594	5	38474768	38608458
ENSG00000145623	5	38845926	38945700
ENSG00000164327	5	38938020	39074648
ENSG00000082074	5	39105351	39274632
ENSG00000113600	5	39284011	39371469
ENSG00000153071	5	39371775	39462404
ENSG00000113638	5	40512318	40756079
ENSG00000171522	5	40679541	40693857
ENSG00000132356	5	40759489	40798478
ENSG00000145592	5	40822228	40835440
ENSG00000132357	5	40841275	40860279
ENSG00000112936	5	40909516	41020320
ENSG00000171495	5	40998117	41071446
ENSG00000039537	5	41140336	41261665
ENSG00000182836	5	41307052	41510888
ENSG00000083720	5	41729560	41870694
ENSG00000205765	5	41904288	41921796
ENSG00000151876	5	41925310	42040347
ENSG00000112964	5	42423539	42721982
ENSG00000198865	5	42756899	42802685
ENSG00000250722	5	42795518	42887496
ENSG00000177721	5	43039333	43043274
ENSG00000172262	5	43065276	43192125
ENSG00000177453	5	43192171	43280966
ENSG00000112972	5	43287570	43313616
ENSG00000151882	5	43376742	43412496
ENSG00000151881	5	43444349	43484580
ENSG00000172244	5	43486805	43515252
ENSG00000172239	5	43526367	43557862
ENSG00000112992	5	43602684	43707509
ENSG00000070193	5	44300347	44390081
ENSG00000112996	5	44809041	44820532
ENSG00000164588	5	45255048	45696602
ENSG00000170571	5	49678222	49739084
ENSG00000151883	5	49961708	50142355
ENSG00000016082	5	50679227	50690580
ENSG00000152684	5	52083453	52103283
ENSG00000213949	5	52083453	52257783
ENSG00000164171	5	52284910	52390611
ENSG00000164172	5	52389969	52408848
ENSG00000134363	5	52775647	52782966
ENSG00000164258	5	52856461	52979172
ENSG00000185305	5	53179755	53606436
ENSG00000169271	5	53751527	53752209
ENSG00000178996	5	53813535	53842418
ENSG00000164283	5	54273687	54318501
ENSG00000113088	5	54320075	54330400
ENSG00000145649	5	54398467	54406082
ENSG00000164287	5	54408797	54469007
ENSG00000164294	5	54455827	54463129
ENSG00000234602	5	54514616	54523145
ENSG00000152669	5	54526978	54529479
ENSG00000067248	5	54551881	54603552
ENSG00000039123	5	54603562	54721905
ENSG00000067113	5	54706336	54830933
ENSG00000177058	5	54917104	55069024
ENSG00000152670	5	55033843	55112987
ENSG00000164509	5	55147183	55218684
ENSG00000134352	5	55230921	55290852
ENSG00000164512	5	55394067	55529170
ENSG00000095015	5	56111206	56191981
ENSG00000155542	5	56205085	56222350
ENSG00000155545	5	56215427	56267504
ENSG00000062194	5	56469646	56561497
ENSG00000169067	5	56775843	56778640
ENSG00000145632	5	57748916	57755968
ENSG00000175857	5	57787253	57792919
ENSG00000152932	5	57878046	58155223
ENSG00000113448	5	58264863	59817949
ENSG00000035499	5	59892737	59996028
ENSG00000164181	5	60047616	60140418
ENSG00000049167	5	60162279	60240907
ENSG00000164182	5	60240942	60450360
ENSG00000188725	5	60449735	60458971
ENSG00000130449	5	60628083	60842348
ENSG00000068796	5	61601799	61686854
ENSG00000288643	5	61602031	61833078
ENSG00000086189	5	61643109	61699772
ENSG00000086200	5	61699343	61926313
ENSG00000186105	5	61874644	61877275
ENSG00000178394	5	63253699	63258336
ENSG00000164197	5	63461116	63672074
ENSG00000186479	5	63801759	63910490
ENSG00000145642	5	63986019	64014021
ENSG00000153006	5	64013973	64064531
ENSG00000153015	5	64062193	64398241
ENSG00000049192	5	64444563	64777773
ENSG00000123219	5	64813590	64859381
ENSG00000113593	5	64859061	64883378
ENSG00000113595	5	64883317	64921804
ENSG00000113597	5	64920558	64962943
ENSG00000253251	5	64920558	64926893
ENSG00000197860	5	64961753	65018864
ENSG00000123213	5	65017990	65167555
ENSG00000112851	5	65178954	65378376
ENSG00000153914	5	65435797	65479445
ENSG00000069020	5	65892152	66465423
ENSG00000134061	5	66475439	66492629
ENSG00000145675	5	67511566	67597651
ENSG00000145740	5	68389742	68452769
ENSG00000134057	5	68462829	68474218
ENSG00000153044	5	68485362	68506186
ENSG00000134056	5	68513537	68527239
ENSG00000134058	5	68530375	68573324
ENSG00000183323	5	68575684	68628657
ENSG00000085231	5	68629468	68665855
ENSG00000273841	5	68657851	68665855
ENSG00000152942	5	68665118	68710635
ENSG00000152939	5	68710890	68740159
ENSG00000197822	5	68788009	68853943
ENSG00000183474	5	68854217	68891050
ENSG00000250138	5	68927905	68932228
ENSG00000251158	5	69194594	69198914
ENSG00000205572	5	69321066	69338942
ENSG00000205571	5	69345460	69374351
ENSG00000293691	5	69783544	69787057
ENSG00000293689	5	69804021	69808338
ENSG00000172058	5	70196494	70214359
ENSG00000172062	5	70220855	70249771
ENSG00000249437	5	70263991	70321168
ENSG00000145736	5	70330787	70363552
ENSG00000145734	5	70751464	70863649
ENSG00000131844	5	70875356	70954535
ENSG00000164326	5	71014951	71016885
ENSG00000131711	5	71403059	71505394
ENSG00000113048	5	71510778	71617546
ENSG00000049883	5	71616143	71664224
ENSG00000178175	5	71735728	71803257
ENSG00000083312	5	72112137	72212570
ENSG00000157107	5	72251352	72386351
ENSG00000157111	5	72416372	72427652
ENSG00000164325	5	72469018	72470972
ENSG00000251493	5	72740652	72744604
ENSG00000145741	5	72794231	72803306
ENSG00000164331	5	72848013	72861539
ENSG00000164338	5	72861266	72879207
ENSG00000214944	5	72921580	73238218
ENSG00000171617	5	73923229	73937251
ENSG00000049860	5	73935846	74018474
ENSG00000164347	5	74017029	74062982
ENSG00000164346	5	74062805	74078021
ENSG00000198780	5	74073396	74162849
ENSG00000176928	5	74321169	74350343
ENSG00000145700	5	74364098	74532742
ENSG00000113161	5	74632152	74660068
ENSG00000113163	5	74652168	74807965
ENSG00000122008	5	74807200	74905818
ENSG00000189045	5	74907005	74977600
ENSG00000152359	5	74969947	75013280
ENSG00000122012	5	75379047	75649766
ENSG00000145703	5	75698756	76003959
ENSG00000164220	5	75911246	75919252
ENSG00000181104	5	76011643	76031597
ENSG00000164251	5	76114756	76132438
ENSG00000171643	5	76145824	76232159
ENSG00000145708	5	76248680	76277142
ENSG00000164252	5	76325074	76361061
ENSG00000285000	5	76326725	76447982
ENSG00000132846	5	76367895	76383188
ENSG00000284762	5	76382555	76722951
ENSG00000113231	5	76506272	76724564
ENSG00000164253	5	76720285	76916438
ENSG00000171540	5	76924535	76934540
ENSG00000171530	5	76985995	77164606
ENSG00000132842	5	77287462	77590588
ENSG00000085365	5	77655923	77776564
ENSG00000145685	5	77777841	78065846
ENSG00000113273	5	78073030	78281912
ENSG00000132837	5	78292781	78531863
ENSG00000132840	5	78365363	78385909
ENSG00000145692	5	78407624	78428116
ENSG00000152409	5	78531916	78623040
ENSG00000152413	5	78667945	78810398
ENSG00000164329	5	78907632	78984071
ENSG00000164309	5	78985177	79096432
ENSG00000177034	5	79272537	79287095
ENSG00000113296	5	79287132	79379867
ENSG00000164300	5	79407042	79551909
ENSG00000164299	5	79615442	79617663
ENSG00000039319	5	79702966	79779200
ENSG00000152380	5	79783771	79838384
ENSG00000189127	5	79852572	79866300
ENSG00000228716	5	79922043	79950823
ENSG00000113318	5	79950430	80176116
ENSG00000113319	5	80256051	80525987
ENSG00000131730	5	80528490	80562221
ENSG00000131732	5	80597397	80611420
ENSG00000172497	5	80606121	80690031
ENSG00000145687	5	80708621	81047859
ENSG00000152348	5	81267432	81572999
ENSG00000186468	5	81482334	81574420
ENSG00000174695	5	82318616	82373684
ENSG00000152422	5	82373315	82666274
ENSG00000038427	5	82767435	82880951
ENSG00000145681	5	82933622	83019349
ENSG00000164176	5	83234915	83680711
ENSG00000127184	5	85913699	85917464
ENSG00000233828	5	86512421	86534824
ENSG00000145715	5	86563593	86690510
ENSG00000134480	5	86607288	86708848
ENSG00000164180	5	87481390	87565295
ENSG00000081189	5	88012932	88200076
ENSG00000153140	5	89685473	89705612
ENSG00000176055	5	89753775	89770605
ENSG00000113356	5	89767563	89810378
ENSG00000176018	5	89808380	89825564
ENSG00000164199	5	89825159	90467118
ENSG00000113369	5	90664446	90679167
ENSG00000175745	5	92918926	92930319
ENSG00000113391	5	92951146	93447406
ENSG00000248483	5	93068924	93077308
ENSG00000185261	5	93486554	93954323
ENSG00000133302	5	93953757	94075143
ENSG00000175471	5	94039393	94620800
ENSG00000153347	5	94727068	94786160
ENSG00000198677	5	94797457	94890756
ENSG00000164291	5	94890783	94943672
ENSG00000178015	5	94955789	94957848
ENSG00000175449	5	94982420	95020479
ENSG00000145757	5	94987883	95034417
ENSG00000164292	5	95049224	95160089
ENSG00000173221	5	95070963	95158659
ENSG00000118985	5	95220797	95297613
ENSG00000310517	5	95583458	96115301
ENSG00000175426	5	95726035	95769849
ENSG00000164307	5	96095351	96143882
ENSG00000164308	5	96211681	96255409
ENSG00000113441	5	96270509	96373219
ENSG00000145721	5	96427569	96478552
ENSG00000058729	5	96496569	96519003
ENSG00000174136	5	98103706	98134349
ENSG00000153922	5	98189687	98265333
ENSG00000206356	5	98858100	98861067
ENSG00000273957	5	99724677	99728601
ENSG00000174132	5	99871003	99973603
ENSG00000113532	5	100142635	100238996
ENSG00000173930	5	101569645	101632173
ENSG00000205359	5	101707476	101834722
ENSG00000145730	5	102089683	102366855
ENSG00000145723	5	102421702	102455932
ENSG00000145725	5	102455851	102548502
ENSG00000181751	5	102594087	102616636
ENSG00000112874	5	102884554	102898520
ENSG00000184349	5	106712593	107006746
ENSG00000145743	5	107194734	107718066
ENSG00000151422	5	108083540	108532544
ENSG00000198961	5	108665515	108745737
ENSG00000112893	5	109025066	109205328
ENSG00000186952	5	109624932	110074663
ENSG00000164209	5	110073835	110100875
ENSG00000145777	5	110405758	110413726
ENSG00000134987	5	110427999	110466202
ENSG00000152495	5	110559349	110830586
ENSG00000164211	5	110830980	110848744
ENSG00000134986	5	110905935	111333163
ENSG00000129595	5	111474738	111755012
ENSG00000134982	5	112043147	112181938
ENSG00000258864	5	112162908	112203281
ENSG00000153037	5	112196883	112234070
ENSG00000129625	5	112212080	112258062
ENSG00000172795	5	112312397	112364176
ENSG00000171444	5	112357801	112824522
ENSG00000212122	5	112768248	112770688
ENSG00000047188	5	112849372	112930990
ENSG00000080709	5	113391621	113832199
ENSG00000152503	5	114460440	114516245
ENSG00000164219	5	114539707	114598581
ENSG00000164221	5	114602883	114632455
ENSG00000145780	5	114856282	114880556
ENSG00000243414	5	114913816	114938228
ENSG00000251201	5	114914337	114961860
ENSG00000134970	5	114943013	114970529
ENSG00000129596	5	115140428	115152519
ENSG00000145782	5	115163877	115178233
ENSG00000177879	5	115177117	115280154
ENSG00000172901	5	115298149	115363318
ENSG00000268223	5	115367941	115395817
ENSG00000145781	5	115420670	115748461
ENSG00000092421	5	115779249	115911859
ENSG00000169570	5	118170782	118324259
ENSG00000172869	5	118373465	118584835
ENSG00000145779	5	118604384	118735385
ENSG00000133835	5	118788158	118972896
ENSG00000164334	5	118965251	118971519
ENSG00000184838	5	119799907	120023043
ENSG00000181867	5	121187575	121188530
ENSG00000151304	5	121297649	121411555
ENSG00000113083	5	121398844	121414331
ENSG00000164185	5	121465233	121520656
ENSG00000250803	5	121465315	121520656
ENSG00000064692	5	121647047	121799921
ENSG00000205302	5	122110673	122170240
ENSG00000064652	5	122179132	122366046
ENSG00000168938	5	122357745	122372424
ENSG00000061455	5	122424917	122529962
ENSG00000168944	5	122680580	122759288
ENSG00000151292	5	122847759	122954405
ENSG00000168916	5	123972604	124084519
ENSG00000155324	5	125695822	125834294
ENSG00000164904	5	125866890	125931056
ENSG00000164902	5	125936615	125962946
ENSG00000196900	5	125967395	125971978
ENSG00000113368	5	126112313	126172936
ENSG00000173926	5	126203404	126367346
ENSG00000164241	5	126380460	126409271
ENSG00000145794	5	126626486	126801431
ENSG00000164244	5	126853307	126890779
ENSG00000205279	5	126984709	126994324
ENSG00000230561	5	127039044	127277205
ENSG00000064651	5	127418855	127525381
ENSG00000138829	5	127593451	127994880
ENSG00000113396	5	127873704	128372462
ENSG00000066583	5	128430389	128449825
ENSG00000145808	5	128795373	129074524
ENSG00000186367	5	129083785	129102427
ENSG00000198108	5	129240150	129522329
ENSG00000169567	5	130491074	130560163
ENSG00000186687	5	130506536	130541123
ENSG00000158985	5	130581184	130734142
ENSG00000158987	5	130759549	130970967
ENSG00000273217	5	130761582	131132678
ENSG00000217128	5	130977405	131132736
ENSG00000239642	5	131142681	131281393
ENSG00000281938	5	131142834	131347332
ENSG00000164398	5	131285664	131347938
ENSG00000164399	5	131396346	131398899
ENSG00000164400	5	131409475	131411865
ENSG00000072682	5	131525785	131631010
ENSG00000131435	5	131593331	131609407
ENSG00000197208	5	131629428	131679901
ENSG00000197375	5	131705183	131731309
ENSG00000283782	5	131746522	131981773
ENSG00000125347	5	131776130	131844413
ENSG00000113525	5	131877134	131892532
ENSG00000113522	5	131891709	131982043
ENSG00000169194	5	131991953	131996804
ENSG00000113520	5	132009676	132018372
ENSG00000131437	5	132024496	132073332
ENSG00000205089	5	132083009	132100872
ENSG00000164402	5	132085828	132142935
ENSG00000198944	5	132148992	132152480
ENSG00000164403	5	132156961	132166618
ENSG00000164404	5	132196871	132202578
ENSG00000164405	5	132202313	132204541
ENSG00000164406	5	132209134	132235037
ENSG00000072364	5	132211085	132299625
ENSG00000155329	5	132332675	132362298
ENSG00000170606	5	132387632	132442143
ENSG00000053108	5	132529120	132948381
ENSG00000113583	5	133291187	133304367
ENSG00000213585	5	133307560	133341053
ENSG00000081059	5	133450334	133487558
ENSG00000113558	5	133481382	133513604
ENSG00000272772	5	133492777	133561554
ENSG00000113575	5	133529656	133561912
ENSG00000273345	5	133532594	133706737
ENSG00000006837	5	133622039	133706740
ENSG00000119048	5	133706863	133730140
ENSG00000237190	5	133709016	133747595
ENSG00000043143	5	133859668	133918922
ENSG00000152700	5	133936837	133984963
ENSG00000113615	5	133984275	134063603
ENSG00000164615	5	134073296	134088397
ENSG00000145833	5	134094459	134166813
ENSG00000310592	5	134154604	134190825
ENSG00000181904	5	134181368	134195427
ENSG00000113621	5	134209996	134238644
ENSG00000132570	5	134240727	134343651
ENSG00000152705	5	134303595	134347388
ENSG00000069011	5	134363422	134370505
ENSG00000113648	5	134668329	134735715
ENSG00000251380	5	134779902	134783040
ENSG00000255833	5	134779914	134788080
ENSG00000145832	5	134812601	135226421
ENSG00000181965	5	134869970	134871656
ENSG00000145824	5	134906367	134915272
ENSG00000145839	5	135227933	135231532
ENSG00000145826	5	135257966	135290752
ENSG00000120708	5	135364541	135439593
ENSG00000113658	5	135468515	135524437
ENSG00000271824	5	135527154	135528852
ENSG00000069018	5	135548431	135701235
ENSG00000152377	5	136310985	136934070
ENSG00000146021	5	136953187	137071912
ENSG00000177733	5	137081338	137090054
ENSG00000120729	5	137203464	137223543
ENSG00000078795	5	137223655	137278438
ENSG00000031003	5	137273647	137387652
ENSG00000061492	5	137419677	137428056
ENSG00000112981	5	137450099	137475134
ENSG00000112983	5	137475457	137514679
ENSG00000112984	5	137514402	137523862
ENSG00000094880	5	137516350	137549037
ENSG00000146013	5	137588067	137610312
ENSG00000158402	5	137620938	137674046
ENSG00000120709	5	137667622	137685420
ENSG00000120733	5	137688363	137772719
ENSG00000132563	5	137774663	137782660
ENSG00000120738	5	137800877	137806895
ENSG00000120705	5	137841780	137878930
ENSG00000113013	5	137889443	137911366
ENSG00000044115	5	137946654	138270730
ENSG00000146006	5	138204608	138211074
ENSG00000120725	5	138222601	138629248
ENSG00000015479	5	138609439	138668209
ENSG00000120727	5	138677274	138705424
ENSG00000170482	5	138702329	138721186
ENSG00000170476	5	138723154	138725772
ENSG00000228672	5	138726279	138730795
ENSG00000170469	5	138732250	138739785
ENSG00000170464	5	138744275	138780182
ENSG00000249751	5	138784243	138842330
ENSG00000283288	5	138850587	138854237
ENSG00000269071	5	138852106	138852508
ENSG00000184584	5	138855111	138862522
ENSG00000131508	5	138906014	139012878
ENSG00000171604	5	139025958	139063469
ENSG00000146005	5	139175189	139224057
ENSG00000158458	5	139226362	139422915
ENSG00000185129	5	139487360	139505206
ENSG00000182700	5	139505520	139508979
ENSG00000120306	5	139554507	139661799
ENSG00000113068	5	139614569	139682706
ENSG00000113070	5	139712426	139726201
ENSG00000113073	5	139739771	139754911
ENSG00000131503	5	139781243	139920755
ENSG00000254996	5	139781491	139929156
ENSG00000213523	5	139916033	139937507
ENSG00000243056	5	139927199	139931295
ENSG00000113108	5	139937851	139944368
ENSG00000176087	5	139944023	139948802
ENSG00000293600	5	139944023	139948802
ENSG00000170458	5	140009985	140013298
ENSG00000131495	5	140018323	140027410
ENSG00000113119	5	140018979	140027317
ENSG00000113141	5	140026641	140042067
ENSG00000120314	5	140044059	140053711
ENSG00000256453	5	140050377	140053163
ENSG00000170445	5	140052618	140071124
ENSG00000112855	5	140071005	140078902
ENSG00000146007	5	140078263	140087316
ENSG00000204970	5	140165719	140391938
ENSG00000204969	5	140174428	140391938
ENSG00000255408	5	140180601	140391938
ENSG00000204967	5	140186620	140391934
ENSG00000204965	5	140201182	140391934
ENSG00000081842	5	140207561	140391931
ENSG00000204963	5	140213967	140391931
ENSG00000204962	5	140220768	140391938
ENSG00000204961	5	140227355	140391938
ENSG00000250120	5	140235466	140391938
ENSG00000249034	5	140240339	140243226
ENSG00000249158	5	140247766	140391938
ENSG00000251664	5	140254839	140391938
ENSG00000239389	5	140261662	140391934
ENSG00000248383	5	140305882	140391938
ENSG00000243232	5	140346049	140391938
ENSG00000171815	5	140430957	140438933
ENSG00000112852	5	140474180	140478289
ENSG00000113205	5	140480055	140483413
ENSG00000081818	5	140501398	140505207
ENSG00000113209	5	140514786	140518199
ENSG00000113211	5	140529636	140532870
ENSG00000113212	5	140552223	140555966
ENSG00000120322	5	140557369	140561946
ENSG00000272674	5	140561960	140565803
ENSG00000177839	5	140566699	140571116
ENSG00000120324	5	140571924	140575222
ENSG00000197479	5	140579181	140583354
ENSG00000120328	5	140588267	140592145
ENSG00000187372	5	140593489	140598553
ENSG00000120327	5	140602913	140607333
ENSG00000279983	5	140602942	140625431
ENSG00000113248	5	140624961	140628935
ENSG00000178913	5	140639450	140700353
ENSG00000120329	5	140682200	140683618
ENSG00000204956	5	140710060	140892546
ENSG00000081853	5	140718319	140892546
ENSG00000254245	5	140723384	140892546
ENSG00000254221	5	140729648	140892546
ENSG00000262576	5	140734569	140892546
ENSG00000253910	5	140739536	140892546
ENSG00000253485	5	140743727	140892546
ENSG00000262209	5	140749802	140892546
ENSG00000253731	5	140753443	140892546
ENSG00000253537	5	140762267	140892546
ENSG00000253953	5	140767263	140892546
ENSG00000253767	5	140769722	140892546
ENSG00000276547	5	140777507	140892546
ENSG00000261934	5	140782330	140892546
ENSG00000253305	5	140787554	140892546
ENSG00000253846	5	140792546	140892546
ENSG00000254122	5	140797207	140892546
ENSG00000253873	5	140800586	140892546
ENSG00000253159	5	140810072	140892546
ENSG00000240184	5	140855494	140892546
ENSG00000242419	5	140864562	140892546
ENSG00000240764	5	140868632	140892546
ENSG00000131504	5	140894581	140998763
ENSG00000171720	5	141000331	141016873
ENSG00000164620	5	141016515	141020634
ENSG00000197948	5	141018861	141030999
ENSG00000120318	5	141032769	141061824
ENSG00000156453	5	141232653	141258813
ENSG00000081791	5	141303363	141331598
ENSG00000113555	5	141323144	141349308
ENSG00000013561	5	141337868	141382583
ENSG00000113552	5	141371312	141392628
ENSG00000131507	5	141488078	141551367
ENSG00000187678	5	141689983	141706022
ENSG00000113578	5	141971726	142077637
ENSG00000145819	5	142149906	142608578
ENSG00000113580	5	142657494	142815079
ENSG00000158497	5	143191710	143200283
ENSG00000145817	5	143537723	143550280
ENSG00000183775	5	143550406	143865251
ENSG00000186314	5	144851360	145214944
ENSG00000204928	5	145238082	145316691
ENSG00000156463	5	145315986	145465541
ENSG00000173261	5	145463874	145485770
ENSG00000133706	5	145490127	145562261
ENSG00000091009	5	145583111	145669027
ENSG00000275740	5	145583111	145718816
ENSG00000091010	5	145718209	145721293
ENSG00000113649	5	145826872	145891528
ENSG00000173250	5	145892705	145895755
ENSG00000156475	5	145960303	146464349
ENSG00000169302	5	146614524	146772966
ENSG00000113657	5	146770369	146890108
ENSG00000176049	5	146964999	147162346
ENSG00000164266	5	147204133	147211244
ENSG00000164265	5	147249361	147261875
ENSG00000178776	5	147259193	147286109
ENSG00000133710	5	147405244	147520596
ENSG00000196800	5	147548107	147555184
ENSG00000178172	5	147582355	147594702
ENSG00000248109	5	147601211	147623145
ENSG00000214510	5	147647741	147665820
ENSG00000145879	5	147691980	147695489
ENSG00000204909	5	147700764	147719417
ENSG00000145868	5	147763387	147822415
ENSG00000164270	5	147825603	148056800
ENSG00000169252	5	148206172	148208188
ENSG00000169247	5	148303200	148442728
ENSG00000173210	5	148520923	148640107
ENSG00000157510	5	148651347	148723202
ENSG00000164284	5	148724556	148735594
ENSG00000145882	5	148737559	148749218
ENSG00000127743	5	148750885	148783767
ENSG00000113712	5	148872543	148931142
ENSG00000183111	5	148931508	149017527
ENSG00000155846	5	149109555	149234587
ENSG00000132915	5	149237514	149324852
ENSG00000155850	5	149340309	149373020
ENSG00000164296	5	149371813	149380725
ENSG00000113716	5	149379607	149432713
ENSG00000182578	5	149432852	149492937
ENSG00000113721	5	149493400	149565928
ENSG00000113722	5	149546333	149565727
ENSG00000011083	5	149569602	149602353
ENSG00000070808	5	149599052	149669889
ENSG00000183876	5	149675904	149718872
ENSG00000070814	5	149737190	149780075
ENSG00000019582	5	149781198	149792534
ENSG00000164587	5	149809317	149829517
ENSG00000070614	5	149864966	149937775
ENSG00000171992	5	149980640	150038772
ENSG00000164591	5	150040010	150059586
ENSG00000086589	5	150070350	150080661
ENSG00000132912	5	150086400	150138659
ENSG00000256235	5	150157443	150176300
ENSG00000237693	5	150226081	150280300
ENSG00000145908	5	150273364	150284551
ENSG00000211445	5	150400144	150410332
ENSG00000145901	5	150409494	150473140
ENSG00000197043	5	150480265	150537542
ENSG00000198624	5	150560608	150603719
ENSG00000196743	5	150591709	150661029
ENSG00000186334	5	150655917	150683329
ENSG00000186335	5	150694531	150727165
ENSG00000123643	5	150816605	150904682
ENSG00000086570	5	150883651	150970894
ENSG00000113140	5	151040655	151066915
ENSG00000177556	5	151108478	151152095
ENSG00000145907	5	151150510	151192474
ENSG00000145888	5	151202072	151304414
ENSG00000132911	5	151771101	151812931
ENSG00000155511	5	152869173	153193431
ENSG00000055147	5	153369691	153418498
ENSG00000037749	5	153418513	153600040
ENSG00000164574	5	153569546	153800546
ENSG00000164576	5	153825534	153840615
ENSG00000113196	5	153851661	153857918
ENSG00000155506	5	154062544	154197169
ENSG00000170271	5	154198044	154238814
ENSG00000155508	5	154237087	154256355
ENSG00000082516	5	154266298	154317804
ENSG00000082515	5	154320622	154350803
ENSG00000226650	5	154393313	154397703
ENSG00000170624	5	155297352	156194801
ENSG00000231989	5	156277304	156279541
ENSG00000145850	5	156345648	156390243
ENSG00000113249	5	156452948	156496409
ENSG00000135077	5	156512431	156569882
ENSG00000155868	5	156561857	156586032
ENSG00000113263	5	156569942	156682197
ENSG00000170613	5	156588855	156593277
ENSG00000055163	5	156693087	156822605
ENSG00000285868	5	156768602	156887110
ENSG00000172568	5	156768604	156772776
ENSG00000135074	5	156822540	157002868
ENSG00000172548	5	156887219	156901733
ENSG00000039600	5	157051804	157098490
ENSG00000187658	5	157098521	157107184
ENSG00000113272	5	157158408	157168459
ENSG00000268432	5	157160001	157161729
ENSG00000155858	5	157170712	157187719
ENSG00000113282	5	157210127	157286216
ENSG00000164330	5	158122926	158527341
ENSG00000145860	5	158581609	158637063
ENSG00000164332	5	158690078	158714731
ENSG00000113302	5	158741786	158757873
ENSG00000170214	5	159292085	159400021
ENSG00000113312	5	159436105	159492559
ENSG00000170234	5	159471322	159546487
ENSG00000170231	5	159614368	159665744
ENSG00000135083	5	159675414	159772405
ENSG00000145861	5	159774368	159797675
ENSG00000221886	5	159819282	159827100
ENSG00000164609	5	159827540	159848720
ENSG00000164611	5	159848806	159855757
ENSG00000118322	5	159990125	160279223
ENSG00000145864	5	160715423	160976052
ENSG00000145863	5	160974067	161129601
ENSG00000022355	5	161274067	161326989
ENSG00000113327	5	161427061	161589985
ENSG00000113328	5	162864573	162884643
ENSG00000170584	5	162873530	162887412
ENSG00000072571	5	162887207	162918953
ENSG00000038274	5	162930113	162946596
ENSG00000145934	5	166406018	167691164
ENSG00000113645	5	167718566	167899310
ENSG00000113643	5	167913450	167946332
ENSG00000188573	5	167956308	167957641
ENSG00000120137	5	167971586	168006633
ENSG00000184347	5	168088743	168728179
ENSG00000040275	5	169010634	169031786
ENSG00000134516	5	169064226	169510388
ENSG00000204767	5	169288305	169407513
ENSG00000168269	5	169532895	169536740
ENSG00000234511	5	169655883	169679581
ENSG00000043462	5	169673235	169724851
ENSG00000182132	5	169780489	170163638
ENSG00000145936	5	169791751	169907434
ENSG00000094755	5	170190352	170241053
ENSG00000204764	5	170288857	170727021
ENSG00000164438	5	170736193	170739145
ENSG00000181163	5	170814088	170838958
ENSG00000156427	5	170846639	170884632
ENSG00000185662	5	171209434	171223132
ENSG00000072803	5	171271096	171433913
ENSG00000072786	5	171469081	171615417
ENSG00000214360	5	171621174	171630460
ENSG00000168246	5	171636644	171711108
ENSG00000174705	5	171750173	171881542
ENSG00000214357	5	172068231	172118545
ENSG00000120129	5	172193993	172198203
ENSG00000113719	5	172261252	172379797
ENSG00000037241	5	172381005	172401773
ENSG00000113732	5	172410756	172464677
ENSG00000164463	5	172483324	172566645
ENSG00000113734	5	172571443	172591402
ENSG00000183072	5	172658883	172662317
ENSG00000113739	5	172741709	172755452
ENSG00000145919	5	173030723	173043699
ENSG00000113742	5	173315314	173388985
ENSG00000185056	5	173400780	173433145
ENSG00000170091	5	173472707	173670506
ENSG00000120149	5	174151552	174157901
ENSG00000184845	5	174867028	174871799
ENSG00000164466	5	174904063	174957182
ENSG00000113749	5	175084678	175137761
ENSG00000051596	5	175202485	175461685
ENSG00000145920	5	175223307	175311027
ENSG00000289731	5	175485718	175586276
ENSG00000170085	5	175665365	175773142
ENSG00000122203	5	175766651	175793464
ENSG00000175414	5	175792451	175842519
ENSG00000048162	5	175810934	175816010
ENSG00000146066	5	175815731	175816771
ENSG00000175416	5	175819461	175843588
ENSG00000113194	5	175874627	175937078
ENSG00000146083	5	175953699	175970517
ENSG00000074276	5	175969510	176023287
ENSG00000169258	5	176022801	176037180
ENSG00000074317	5	176047081	176057675
ENSG00000175766	5	176057581	176073647
ENSG00000048140	5	176074386	176094526
ENSG00000113763	5	176237450	176307901
ENSG00000160883	5	176307819	176326440
ENSG00000087206	5	176329224	176449649
ENSG00000113761	5	176449058	176508205
ENSG00000160867	5	176513455	176525159
ENSG00000165671	5	176558786	176727216
ENSG00000169228	5	176728197	176730769
ENSG00000213347	5	176728460	176739760
ENSG00000169230	5	176730786	176733961
ENSG00000169223	5	176742804	176778843
ENSG00000169220	5	176784653	176801393
ENSG00000131183	5	176806234	176825851
ENSG00000196570	5	176827108	176827664
ENSG00000131187	5	176829132	176843586
ENSG00000198055	5	176830203	176869904
ENSG00000131188	5	176873444	176883294
ENSG00000113758	5	176883224	176901404
ENSG00000196923	5	176909837	176924667
ENSG00000146094	5	176928887	176938277
ENSG00000183258	5	176938568	176943982
ENSG00000146067	5	176946787	176981604
ENSG00000184840	5	177019173	177024245
ENSG00000027847	5	177027080	177038059
ENSG00000170074	5	177134980	177211438
ENSG00000175325	5	177419234	177423245
ENSG00000204677	5	177433347	177513532
ENSG00000145911	5	177540166	177554037
ENSG00000145916	5	177556067	177579765
ENSG00000145912	5	177566871	177580971
ENSG00000244234	5	177611504	177614374
ENSG00000197451	5	177631478	177643392
ENSG00000175309	5	177634126	177660211
ENSG00000050767	5	177664475	178017396
ENSG00000113240	5	178029658	178057618
ENSG00000285891	5	178121558	178124764
ENSG00000285978	5	178121604	178156338
ENSG00000169131	5	178138509	178159384
ENSG00000178338	5	178286924	178316467
ENSG00000198939	5	178322888	178360418
ENSG00000178187	5	178367826	178393652
ENSG00000113262	5	178404586	178423209
ENSG00000234284	5	178450796	178463936
ENSG00000177932	5	178487353	178540458
ENSG00000087116	5	178537852	178772509
ENSG00000251545	5	178949482	178952077
ENSG00000176783	5	178977541	179037018
ENSG00000169045	5	179041169	179061787
ENSG00000204661	5	179068543	179085435
ENSG00000204659	5	179105559	179108037
ENSG00000127022	5	179105614	179158656
ENSG00000161021	5	179159671	179204286
ENSG00000213316	5	179220851	179224714
ENSG00000161013	5	179224595	179233981
ENSG00000161011	5	179233396	179265080
ENSG00000161010	5	179261404	179289175
ENSG00000197226	5	179288158	179334935
ENSG00000113269	5	179338649	179499153
ENSG00000146090	5	179527793	179636227
ENSG00000050748	5	179660141	179719109
ENSG00000131459	5	179727666	179780361
ENSG00000113300	5	179921332	180005406
ENSG00000161055	5	180017103	180018708
ENSG00000037280	5	180028504	180076636
ENSG00000174339	5	180166121	180167060
ENSG00000131446	5	180211778	180242654
ENSG00000196670	5	180270575	180288287
ENSG00000113303	5	180326075	180379177
ENSG00000168903	5	180415844	180433729
ENSG00000165810	5	180467222	180488918
ENSG00000185372	5	180550120	180558171
ENSG00000182613	5	180574584	180586287
ENSG00000146054	5	180620922	180632311
ENSG00000146063	5	180649497	180662810
ENSG00000204628	5	180662389	180675098
ENSG00000183718	5	180681075	180689071
ENSG00000230178	5	180794267	180795265
ENSG00000112679	6	291628	369381
ENSG00000137265	6	391737	411445
ENSG00000112685	6	485131	693172
ENSG00000188996	6	655937	657102
ENSG00000164379	6	1312331	1314995
ENSG00000137273	6	1389788	1395840
ENSG00000054598	6	1610148	1614134
ENSG00000112699	6	1623117	2245947
ENSG00000145949	6	2663861	2770617
ENSG00000124535	6	2765555	2791753
ENSG00000021355	6	2832564	2842271
ENSG00000170542	6	2887401	2903554
ENSG00000124570	6	2944700	2972611
ENSG00000124588	6	2988219	3022981
ENSG00000137275	6	3064056	3115424
ENSG00000137274	6	3118606	3153897
ENSG00000137267	6	3153729	3157789
ENSG00000137285	6	3223556	3231966
ENSG00000180822	6	3231635	3304596
ENSG00000137266	6	3269194	3457336
ENSG00000168994	6	3721717	3752324
ENSG00000145945	6	3849583	3851556
ENSG00000112739	6	4021431	4065219
ENSG00000145975	6	4049666	4087580
ENSG00000198721	6	4115544	4135871
ENSG00000153046	6	4706391	4955787
ENSG00000124787	6	4985019	5004299
ENSG00000214113	6	5065529	5261666
ENSG00000219607	6	5085573	5089723
ENSG00000145982	6	5261238	5829427
ENSG00000124785	6	5998230	6008923
ENSG00000124491	6	6144311	6321248
ENSG00000112799	6	6588339	6655219
ENSG00000124782	6	7107649	7252217
ENSG00000124783	6	7268537	7347681
ENSG00000164304	6	7326887	7389977
ENSG00000124784	6	7389693	7418272
ENSG00000096696	6	7541551	7586952
ENSG00000168566	6	7590412	7613067
ENSG00000153162	6	7726280	7881965
ENSG00000239264	6	7881671	7911246
ENSG00000259040	6	7881753	8064599
ENSG00000188428	6	8012548	8064654
ENSG00000265818	6	8015957	8102765
ENSG00000124802	6	8073490	8102860
ENSG00000124786	6	8411666	8436218
ENSG00000137203	6	10393417	10419894
ENSG00000111846	6	10492454	10629612
ENSG00000137434	6	10671514	10695032
ENSG00000111845	6	10694864	10711403
ENSG00000111843	6	10723146	10731376
ENSG00000137210	6	10747926	10866825
ENSG00000272162	6	10748025	10930658
ENSG00000111837	6	10762954	10838788
ENSG00000124827	6	10873454	10882276
ENSG00000153157	6	10887062	10979555
ENSG00000197977	6	10980973	11044681
ENSG00000224531	6	11094051	11138968
ENSG00000293642	6	11094065	11138968
ENSG00000244476	6	11102555	11112080
ENSG00000111859	6	11181755	11382583
ENSG00000205269	6	11537910	11583759
ENSG00000111863	6	11711847	11807281
ENSG00000095951	6	12008993	12165234
ENSG00000078401	6	12287690	12297429
ENSG00000112137	6	12716542	13290680
ENSG00000145979	6	13266766	13328817
ENSG00000145990	6	13358060	13487896
ENSG00000124523	6	13512641	13615392
ENSG00000225921	6	13615538	13634146
ENSG00000010017	6	13621089	13712323
ENSG00000050393	6	13761523	13814930
ENSG00000180537	6	13924675	13980543
ENSG00000112149	6	14117485	14203698
ENSG00000008083	6	15245166	15522275
ENSG00000047579	6	15520513	15663299
ENSG00000007944	6	16129292	16151600
ENSG00000137198	6	16238703	16296156
ENSG00000124788	6	16299341	16761724
ENSG00000288708	6	16328571	16328664
ENSG00000230873	6	17102275	17131611
ENSG00000112183	6	17280581	17294161
ENSG00000112186	6	17393544	17558483
ENSG00000137414	6	17600505	17611952
ENSG00000124789	6	17614925	17707175
ENSG00000137177	6	17758427	17988507
ENSG00000187566	6	18120669	18122910
ENSG00000137364	6	18128540	18155581
ENSG00000165097	6	18155522	18224728
ENSG00000124795	6	18224089	18266230
ENSG00000137393	6	18307295	18469107
ENSG00000172201	6	19837465	19842430
ENSG00000172197	6	20099913	20213013
ENSG00000112242	6	20402069	20493947
ENSG00000145996	6	20534671	21233088
ENSG00000124766	6	21593980	21598852
ENSG00000172179	6	22287471	22303057
ENSG00000112273	6	22569793	22571897
ENSG00000152954	6	24126380	24155130
ENSG00000146038	6	24171973	24383530
ENSG00000124532	6	24403022	24431295
ENSG00000112293	6	24418302	24495435
ENSG00000112294	6	24495014	24544380
ENSG00000137261	6	24544330	24646427
ENSG00000111802	6	24650143	24667282
ENSG00000112304	6	24667127	24714314
ENSG00000112308	6	24704331	24721130
ENSG00000112312	6	24775118	24788435
ENSG00000260286	6	24797549	24799147
ENSG00000282804	6	24797599	24810028
ENSG00000111913	6	24803588	25042400
ENSG00000079691	6	25279288	25620767
ENSG00000079689	6	25652427	25702022
ENSG00000290217	6	25652436	25738274
ENSG00000164508	6	25723623	25726792
ENSG00000146047	6	25727003	25727575
ENSG00000146039	6	25753526	25783546
ENSG00000124568	6	25781758	25832297
ENSG00000124564	6	25833292	25882708
ENSG00000112337	6	25907118	25931045
ENSG00000112343	6	25962919	25991461
ENSG00000124610	6	26017258	26018017
ENSG00000275714	6	26020677	26021717
ENSG00000278637	6	26021875	26023077
ENSG00000124529	6	26027122	26027482
ENSG00000286522	6	26029076	26032332
ENSG00000278463	6	26033318	26033848
ENSG00000276410	6	26042997	26043943
ENSG00000287080	6	26045610	26046099
ENSG00000187837	6	26054986	26056700
ENSG00000180596	6	26067618	26124246
ENSG00000010704	6	26087452	26098573
ENSG00000197061	6	26104159	26104567
ENSG00000187475	6	26107638	26108365
ENSG00000180573	6	26124371	26139346
ENSG00000168298	6	26156555	26157345
ENSG00000158373	6	26158348	26171579
ENSG00000274290	6	26172285	26184885
ENSG00000277157	6	26188936	26189342
ENSG00000197409	6	26195390	26197516
ENSG00000282988	6	26195821	26199523
ENSG00000196866	6	26199010	26199523
ENSG00000276966	6	26204836	26205251
ENSG00000277075	6	26217147	26218745
ENSG00000274750	6	26224405	26227706
ENSG00000124575	6	26234438	26235217
ENSG00000275663	6	26246837	26247226
ENSG00000277775	6	26250368	26250865
ENSG00000275713	6	26251840	26252305
ENSG00000273983	6	26271144	26271643
ENSG00000278588	6	26273157	26273642
ENSG00000158406	6	26277835	26285868
ENSG00000186470	6	26365385	26383027
ENSG00000124508	6	26383317	26395110
ENSG00000026950	6	26402463	26415446
ENSG00000111801	6	26440678	26453652
ENSG00000112763	6	26458130	26476851
ENSG00000124557	6	26500529	26510655
ENSG00000182952	6	26538426	26547179
ENSG00000146109	6	26597154	26600969
ENSG00000181315	6	26634609	26659989
ENSG00000124635	6	27055098	27101664
ENSG00000196787	6	27100820	27103073
ENSG00000197903	6	27103705	27114644
ENSG00000276180	6	27107059	27108421
ENSG00000274997	6	27114883	27115343
ENSG00000112812	6	27215478	27224427
ENSG00000158553	6	27253680	27280054
ENSG00000124613	6	27342392	27372807
ENSG00000096654	6	27416798	27440922
ENSG00000185130	6	27773185	27775716
ENSG00000196747	6	27775949	27776447
ENSG00000278828	6	27777827	27779080
ENSG00000276368	6	27782078	27782557
ENSG00000273703	6	27782798	27783269
ENSG00000197238	6	27791868	27792260
ENSG00000273542	6	27798694	27799340
ENSG00000275221	6	27803284	27806155
ENSG00000233822	6	27806321	27823659
ENSG00000276903	6	27833093	27833578
ENSG00000184357	6	27834568	27835368
ENSG00000275379	6	27839621	27840126
ENSG00000275126	6	27840924	27841314
ENSG00000197153	6	27858091	27860886
ENSG00000278677	6	27860475	27860965
ENSG00000274641	6	27861201	27861671
ENSG00000168131	6	27878961	27880176
ENSG00000124657	6	27925017	27925962
ENSG00000182477	6	28021004	28021945
ENSG00000197279	6	28048052	28057343
ENSG00000196812	6	28075457	28099439
ENSG00000198315	6	28109508	28127985
ENSG00000226314	6	28129532	28138329
ENSG00000137185	6	28192662	28201267
ENSG00000187626	6	28208787	28220704
ENSG00000189134	6	28227073	28228738
ENSG00000197062	6	28234821	28246003
ENSG00000276302	6	28234897	28249359
ENSG00000137338	6	28249263	28271470
ENSG00000235109	6	28280612	28324050
ENSG00000189298	6	28317686	28336965
ENSG00000158691	6	28346596	28367587
ENSG00000187987	6	28389352	28411281
ENSG00000198704	6	28471071	28495994
ENSG00000224586	6	28493656	28502734
ENSG00000232040	6	28538310	28583991
ENSG00000204713	6	28870777	28891797
ENSG00000197935	6	28961815	28973430
ENSG00000204704	6	29011988	29012954
ENSG00000204703	6	29053983	29055092
ENSG00000204702	6	29067265	29070480
ENSG00000204701	6	29075833	29082549
ENSG00000204700	6	29138682	29143590
ENSG00000204695	6	29269476	29280796
ENSG00000243729	6	29321524	29399746
ENSG00000112462	6	29341198	29343070
ENSG00000280236	6	29363406	29365787
ENSG00000251608	6	29382703	29386684
ENSG00000204694	6	29393279	29424850
ENSG00000206474	6	29407081	29408756
ENSG00000204688	6	29424930	29432107
ENSG00000204687	6	29454472	29455735
ENSG00000237988	6	29518182	29525552
ENSG00000204681	6	29520329	29601755
ENSG00000213886	6	29520329	29527517
ENSG00000204657	6	29552896	29558279
ENSG00000204655	6	29624373	29642210
ENSG00000204644	6	29640257	29648953
ENSG00000204642	6	29690513	29708137
ENSG00000204632	6	29794742	29798909
ENSG00000206503	6	29909035	29917385
ENSG00000066379	6	30026674	30032688
ENSG00000204619	6	30034484	30041804
ENSG00000204618	6	30038041	30043628
ENSG00000204616	6	30070661	30080905
ENSG00000204614	6	30103803	30119371
ENSG00000204613	6	30119718	30129067
ENSG00000204610	6	30130969	30140939
ENSG00000234127	6	30152221	30181937
ENSG00000204599	6	30293655	30312044
ENSG00000248167	6	30296682	30314633
ENSG00000241370	6	30312900	30314663
ENSG00000204592	6	30457270	30461984
ENSG00000204590	6	30508987	30524382
ENSG00000204576	6	30524479	30531502
ENSG00000204574	6	30539158	30564958
ENSG00000204569	6	30568175	30586391
ENSG00000204568	6	30585534	30594177
ENSG00000137343	6	30594612	30614614
ENSG00000204564	6	30614778	30621004
ENSG00000204560	6	30620244	30640838
ENSG00000146112	6	30644164	30655674
ENSG00000137404	6	30655822	30659199
ENSG00000137337	6	30667582	30685341
ENSG00000196230	6	30685210	30693317
ENSG00000137312	6	30695484	30710854
ENSG00000137331	6	30710974	30712334
ENSG00000204580	6	30844196	30868757
ENSG00000213780	6	30875292	30881898
ENSG00000137411	6	30881980	30896393
ENSG00000196260	6	30899128	30923415
ENSG00000310558	6	30902298	30906603
ENSG00000168631	6	30908748	30922000
ENSG00000204544	6	30951493	30957682
ENSG00000261272	6	30978249	31004661
ENSG00000204542	6	31078998	31080361
ENSG00000204540	6	31082525	31107871
ENSG00000204539	6	31082862	31088225
ENSG00000204538	6	31105309	31107500
ENSG00000204536	6	31110214	31126017
ENSG00000137310	6	31126106	31135031
ENSG00000204531	6	31130968	31148510
ENSG00000204525	6	31236521	31239950
ENSG00000234745	6	31320970	31334846
ENSG00000204520	6	31367559	31383094
ENSG00000204516	6	31462656	31478903
ENSG00000204511	6	31496737	31498011
ENSG00000198563	6	31497992	31510230
ENSG00000254870	6	31497994	31514387
ENSG00000213760	6	31512219	31516206
ENSG00000204498	6	31514645	31526608
ENSG00000226979	6	31539829	31542103
ENSG00000232810	6	31543333	31546115
ENSG00000227507	6	31548300	31550301
ENSG00000204482	6	31548840	31556690
ENSG00000204475	6	31556670	31560996
ENSG00000204472	6	31582989	31584804
ENSG00000204469	6	31588450	31605550
ENSG00000291302	6	31590549	31590639
ENSG00000289282	6	31591649	31593278
ENSG00000204463	6	31606318	31620526
ENSG00000204444	6	31620191	31625993
ENSG00000204439	6	31626073	31628557
ENSG00000204438	6	31629003	31634062
ENSG00000204435	6	31633002	31638122
ENSG00000263020	6	31633877	31641325
ENSG00000240053	6	31637751	31641555
ENSG00000204428	6	31644459	31651819
ENSG00000204427	6	31654729	31671170
ENSG00000204424	6	31674638	31678580
ENSG00000250641	6	31674679	31685697
ENSG00000244355	6	31683060	31685698
ENSG00000204420	6	31686369	31694493
ENSG00000204421	6	31686423	31689525
ENSG00000213722	6	31694361	31698396
ENSG00000213719	6	31698354	31708337
ENSG00000204410	6	31707452	31730457
ENSG00000255152	6	31707795	31732630
ENSG00000228727	6	31730431	31732630
ENSG00000204396	6	31733365	31745107
ENSG00000204394	6	31745293	31763754
ENSG00000204392	6	31764794	31774771
ENSG00000204390	6	31777394	31783567
ENSG00000204389	6	31783318	31785773
ENSG00000204388	6	31795513	31798033
ENSG00000204386	6	31824838	31830684
ENSG00000204385	6	31830948	31846977
ENSG00000204371	6	31847533	31865502
ENSG00000166278	6	31865560	31913456
ENSG00000204366	6	31866840	31869882
ENSG00000244255	6	31895473	31919827
ENSG00000243649	6	31913425	31919865
ENSG00000204356	6	31919862	31926858
ENSG00000204351	6	31926800	31937631
ENSG00000204348	6	31937585	31940296
ENSG00000204344	6	31938866	31950600
ENSG00000244731	6	31949766	31973026
ENSG00000268923	6	31973943	31974883
ENSG00000224389	6	31982500	32003754
ENSG00000231852	6	32006072	32010100
ENSG00000168477	6	32008928	32083113
ENSG00000213676	6	32083039	32096034
ENSG00000204315	6	32096472	32098849
ENSG00000221988	6	32114355	32131458
ENSG00000204314	6	32115067	32120862
ENSG00000285085	6	32118270	32122152
ENSG00000258388	6	32121620	32139757
ENSG00000241404	6	32131693	32139759
ENSG00000204310	6	32134893	32145891
ENSG00000204308	6	32146166	32152548
ENSG00000204305	6	32148738	32152144
ENSG00000204304	6	32152508	32158057
ENSG00000213654	6	32158541	32163302
ENSG00000204301	6	32162618	32191890
ENSG00000204296	6	32256301	32339686
ENSG00000204290	6	32359256	32374960
ENSG00000204287	6	32407645	32412960
ENSG00000198502	6	32484397	32498148
ENSG00000196126	6	32545677	32557627
ENSG00000196735	6	32595954	32627312
ENSG00000179344	6	32608397	32636162
ENSG00000237541	6	32709166	32714977
ENSG00000232629	6	32723869	32731342
ENSG00000241106	6	32780538	32788245
ENSG00000250264	6	32781542	32806601
ENSG00000204267	6	32789608	32806581
ENSG00000204264	6	32808492	32812458
ENSG00000240065	6	32811911	32850660
ENSG00000168394	6	32812979	32821805
ENSG00000242574	6	32897113	32909269
ENSG00000248993	6	32905139	32920901
ENSG00000204257	6	32916388	32936873
ENSG00000204256	6	32936339	32949284
ENSG00000204252	6	32971953	32977396
ENSG00000231389	6	33032344	33048560
ENSG00000223865	6	33041561	33059434
ENSG00000204248	6	33130456	33160581
ENSG00000204231	6	33161360	33168472
ENSG00000112473	6	33168080	33172218
ENSG00000204228	6	33172406	33174610
ENSG00000204227	6	33175808	33180501
ENSG00000223501	6	33218047	33239826
ENSG00000231500	6	33239505	33244292
ENSG00000235863	6	33244898	33252611
ENSG00000227057	6	33246878	33257302
ENSG00000204220	6	33256455	33266220
ENSG00000237441	6	33258955	33267313
ENSG00000231925	6	33267469	33282063
ENSG00000236104	6	33282181	33285800
ENSG00000204209	6	33286333	33291038
ENSG00000285064	6	33289161	33297065
ENSG00000286920	6	33291403	33297058
ENSG00000237649	6	33359204	33378220
ENSG00000112511	6	33378135	33384232
ENSG00000112514	6	33384217	33386160
ENSG00000197283	6	33387436	33421468
ENSG00000213588	6	33421745	33425323
ENSG00000030110	6	33536566	33548084
ENSG00000096433	6	33588106	33664354
ENSG00000137288	6	33658410	33679527
ENSG00000161896	6	33689089	33718299
ENSG00000161904	6	33738977	33756952
ENSG00000096395	6	33762448	33771785
ENSG00000124493	6	33986418	34123401
ENSG00000137309	6	34203393	34214015
ENSG00000186577	6	34213640	34216892
ENSG00000272325	6	34231032	34360611
ENSG00000270800	6	34252662	34393850
ENSG00000124614	6	34385222	34394016
ENSG00000124507	6	34433815	34504040
ENSG00000124664	6	34505571	34524137
ENSG00000196821	6	34555056	34664663
ENSG00000124562	6	34724872	34741824
ENSG00000065060	6	34759799	34853129
ENSG00000064995	6	34796858	34856971
ENSG00000064999	6	34857018	35059200
ENSG00000124678	6	35085846	35116389
ENSG00000146197	6	35181634	35220859
ENSG00000065029	6	35226684	35263764
ENSG00000023892	6	35265593	35289688
ENSG00000112033	6	35310305	35395972
ENSG00000112039	6	35420090	35434885
ENSG00000198755	6	35436141	35438565
ENSG00000007866	6	35441372	35465647
ENSG00000112041	6	35465649	35480720
ENSG00000096060	6	35540720	35696401
ENSG00000157343	6	35704803	35716858
ENSG00000196748	6	35744310	35747336
ENSG00000204140	6	35748794	35761454
ENSG00000137392	6	35762757	35766030
ENSG00000197753	6	35764981	35813176
ENSG00000096063	6	35800741	35889121
ENSG00000112053	6	35911291	35996546
ENSG00000112062	6	35995475	36090290
ENSG00000156711	6	36095584	36112303
ENSG00000096070	6	36163781	36200569
ENSG00000180316	6	36210978	36281734
ENSG00000189325	6	36283532	36304789
ENSG00000010030	6	36320405	36355580
ENSG00000179165	6	36358326	36410633
ENSG00000112078	6	36410542	36461665
ENSG00000112079	6	36461655	36515295
ENSG00000112081	6	36561552	36609314
ENSG00000124762	6	36644216	36655821
ENSG00000255587	6	36665601	36700963
ENSG00000124772	6	36706223	36807830
ENSG00000198663	6	36802705	36896742
ENSG00000137168	6	36819835	36853646
ENSG00000164530	6	36916032	36933771
ENSG00000137409	6	36933581	36954076
ENSG00000146192	6	36973411	36998701
ENSG00000137193	6	37137926	37143206
ENSG00000172738	6	37179954	37225933
ENSG00000286105	6	37179955	37225933
ENSG00000065491	6	37225487	37300748
ENSG00000112130	6	37321744	37362515
ENSG00000137200	6	37400868	37453584
ENSG00000198937	6	37444611	37467707
ENSG00000112139	6	37598453	37667084
ENSG00000156639	6	37787175	38122420
ENSG00000183826	6	38136225	38607950
ENSG00000124767	6	38643699	38670956
ENSG00000124721	6	38683085	38998570
ENSG00000112164	6	39016336	39059081
ENSG00000112167	6	39071837	39082971
ENSG00000164626	6	39151697	39197337
ENSG00000124780	6	39266772	39282239
ENSG00000095981	6	39282472	39290746
ENSG00000164627	6	39297764	39693219
ENSG00000146122	6	39760072	39872655
ENSG00000124615	6	39867352	39902292
ENSG00000156564	6	40359328	40555191
ENSG00000124602	6	40994632	41006962
ENSG00000124596	6	41001364	41065528
ENSG00000112212	6	41007015	41012085
ENSG00000124701	6	41020938	41034799
ENSG00000001167	6	41039777	41070804
ENSG00000161911	6	41116903	41123296
ENSG00000095970	6	41126224	41130943
ENSG00000112195	6	41157485	41168889
ENSG00000188056	6	41196075	41206622
ENSG00000124731	6	41234835	41254443
ENSG00000096264	6	41303335	41318629
ENSG00000137166	6	41514077	41570124
ENSG00000112559	6	41604576	41621990
ENSG00000112561	6	41651714	41703999
ENSG00000096088	6	41704439	41721849
ENSG00000137218	6	41737054	41755310
ENSG00000124593	6	41748085	41757881
ENSG00000278224	6	41748475	41755192
ENSG00000214736	6	41755356	41840310
ENSG00000164663	6	41757632	41863135
ENSG00000288721	6	41761050	41888879
ENSG00000124641	6	41873067	41888887
ENSG00000112578	6	41888965	41902342
ENSG00000112576	6	41902313	42018097
ENSG00000137413	6	42018249	42055201
ENSG00000188112	6	42059969	42110360
ENSG00000287363	6	42110429	42131158
ENSG00000290147	6	42123142	42147796
ENSG00000048545	6	42141100	42149078
ENSG00000112599	6	42151020	42162696
ENSG00000048544	6	42173453	42185621
ENSG00000124496	6	42192667	42419965
ENSG00000024048	6	42531705	42661245
ENSG00000112619	6	42664334	42690361
ENSG00000124659	6	42712234	42713843
ENSG00000112624	6	42749667	42836300
ENSG00000146223	6	42847338	42857665
ENSG00000221821	6	42858001	42858561
ENSG00000171611	6	42883725	42893585
ENSG00000137161	6	42896711	42907957
ENSG00000124587	6	42927453	42946989
ENSG00000124713	6	42928004	42938439
ENSG00000112640	6	42952269	42980086
ENSG00000124733	6	42978879	42984608
ENSG00000124702	6	42981839	42989054
ENSG00000124541	6	42989324	43001896
ENSG00000044090	6	43005353	43021683
ENSG00000137171	6	43008513	43042839
ENSG00000288564	6	43018802	43025925
ENSG00000112651	6	43021765	43027204
ENSG00000112655	6	43043992	43129459
ENSG00000112658	6	43138646	43149246
ENSG00000112659	6	43149902	43192327
ENSG00000112667	6	43193365	43197230
ENSG00000146216	6	43211217	43255998
ENSG00000137204	6	43263430	43273283
ENSG00000146215	6	43267446	43276618
ENSG00000171467	6	43274870	43337427
ENSG00000124574	6	43395102	43419523
ENSG00000171462	6	43418087	43424372
ENSG00000137221	6	43445259	43474302
ENSG00000204052	6	43473798	43478128
ENSG00000171453	6	43477438	43530158
ENSG00000137207	6	43478936	43484725
ENSG00000124571	6	43490070	43543830
ENSG00000170734	6	43543272	43596100
ENSG00000172432	6	43573051	43597030
ENSG00000124688	6	43597229	43608699
ENSG00000172426	6	43611964	43642097
ENSG00000096080	6	43637713	43655693
ENSG00000112715	6	43737919	43754226
ENSG00000181577	6	43968315	43975569
ENSG00000180992	6	44046010	44102078
ENSG00000137216	6	44094349	44123259
ENSG00000137225	6	44126546	44152140
ENSG00000262179	6	44160557	44185975
ENSG00000112759	6	44186980	44211164
ENSG00000096384	6	44205130	44221627
ENSG00000157593	6	44221607	44225629
ENSG00000146232	6	44225901	44233527
ENSG00000178233	6	44238185	44275245
ENSG00000272442	6	44240929	44346696
ENSG00000146221	6	44246453	44265464
ENSG00000124608	6	44266461	44281115
ENSG00000249481	6	44310385	44347918
ENSG00000096401	6	44355282	44418663
ENSG00000196284	6	44777052	45345692
ENSG00000124813	6	45295892	45632088
ENSG00000112782	6	45848562	46048087
ENSG00000001561	6	46097694	46120293
ENSG00000112796	6	46117439	46138852
ENSG00000172348	6	46188453	46459711
ENSG00000146233	6	46517118	46620570
ENSG00000153291	6	46620650	46645929
ENSG00000180113	6	46655610	46672058
ENSG00000146070	6	46666166	46703467
ENSG00000230062	6	46714657	46727529
ENSG00000112818	6	46761103	46814227
ENSG00000069122	6	46820045	46924131
ENSG00000153292	6	46965443	47010106
ENSG00000146072	6	47199265	47277744
ENSG00000198087	6	47445466	47595013
ENSG00000153294	6	47653598	47689759
ENSG00000124818	6	47749716	47800518
ENSG00000244694	6	47824407	48078950
ENSG00000146085	6	49398071	49431036
ENSG00000031691	6	49431046	49463530
ENSG00000203972	6	49467634	49495793
ENSG00000197261	6	49518367	49529629
ENSG00000112077	6	49572868	49604554
ENSG00000124490	6	49660069	49682418
ENSG00000096006	6	49695087	49712160
ENSG00000170950	6	49741101	49755000
ENSG00000124812	6	49801968	49844811
ENSG00000177684	6	49927960	49931879
ENSG00000214642	6	49936388	49937340
ENSG00000203970	6	49976849	49989709
ENSG00000180872	6	50009810	50017651
ENSG00000008197	6	50681237	50740748
ENSG00000008196	6	50786413	50815334
ENSG00000170927	6	51480095	51952418
ENSG00000112115	6	52051171	52055438
ENSG00000112116	6	52101477	52110489
ENSG00000112118	6	52128805	52149681
ENSG00000170915	6	52226217	52272577
ENSG00000096093	6	52226919	52394686
ENSG00000065308	6	52362204	52442116
ENSG00000096092	6	52535868	52551392
ENSG00000244067	6	52612771	52628325
ENSG00000243955	6	52655914	52668821
ENSG00000182793	6	52696451	52705643
ENSG00000174156	6	52761435	52774501
ENSG00000170899	6	52842744	52860159
ENSG00000112144	6	52866075	52926696
ENSG00000288614	6	52906062	52906185
ENSG00000112146	6	52916787	52965845
ENSG00000288646	6	52930398	52930473
ENSG00000137270	6	52991757	53013641
ENSG00000012660	6	53125081	53213979
ENSG00000001084	6	53362137	53481770
ENSG00000124743	6	53512712	53530668
ENSG00000137269	6	53658564	53789534
ENSG00000146147	6	53794778	54132588
ENSG00000137251	6	54172655	54254942
ENSG00000168143	6	54711069	54809899
ENSG00000137252	6	54971256	55147417
ENSG00000187871	6	55192265	55267293
ENSG00000146151	6	55299160	55443997
ENSG00000112175	6	55618415	55740401
ENSG00000124749	6	55921386	56258894
ENSG00000151914	6	56322777	56820074
ENSG00000151917	6	56819601	56892780
ENSG00000168116	6	56911321	56951197
ENSG00000112200	6	56951640	57035105
ENSG00000112208	6	57037068	57054633
ENSG00000112210	6	57050899	57087648
ENSG00000146143	6	57086309	57514428
ENSG00000112232	6	62340135	62996595
ENSG00000198225	6	63921372	63922934
ENSG00000146166	6	63985854	64031730
ENSG00000112245	6	64231599	64293495
ENSG00000285976	6	64281905	64293495
ENSG00000118482	6	64345674	64489231
ENSG00000188107	6	64429741	66417121
ENSG00000214558	6	66011367	66016469
ENSG00000135298	6	69345165	70100465
ENSG00000288712	6	69345780	69345861
ENSG00000168216	6	70382647	70577130
ENSG00000082293	6	70576318	70924764
ENSG00000112280	6	70925736	71012789
ENSG00000082269	6	71122642	71271315
ENSG00000154079	6	71276610	71308132
ENSG00000112305	6	71377347	71571720
ENSG00000112309	6	71566380	71667169
ENSG00000119900	6	71998127	72018764
ENSG00000079841	6	72596251	73112854
ENSG00000185760	6	73331349	73908578
ENSG00000243501	6	73919467	73972921
ENSG00000256980	6	73933265	73935495
ENSG00000135314	6	73951031	74020180
ENSG00000203909	6	74062784	74064019
ENSG00000203908	6	74072374	74073898
ENSG00000203907	6	74078270	74104858
ENSG00000080007	6	74104495	74127303
ENSG00000164430	6	74123236	74171451
ENSG00000135297	6	74171299	74218961
ENSG00000156508	6	74199029	74235312
ENSG00000119899	6	74303085	74363831
ENSG00000156535	6	74405500	74538042
ENSG00000111799	6	75794040	75915985
ENSG00000112695	6	75947389	75960041
ENSG00000112697	6	75962638	75994666
ENSG00000118407	6	76001573	76203637
ENSG00000112701	6	76311223	76427999
ENSG00000196586	6	76458503	76629256
ENSG00000112706	6	76630829	76782397
ENSG00000135312	6	78170639	78173210
ENSG00000269964	6	78359989	78636764
ENSG00000146243	6	79577197	79705046
ENSG00000146247	6	79644134	79788263
ENSG00000118418	6	79909140	79944581
ENSG00000135338	6	80194706	80254857
ENSG00000198478	6	80246900	80413374
ENSG00000118402	6	80623523	80657420
ENSG00000112742	6	80713602	80753299
ENSG00000083123	6	80816341	81094492
ENSG00000112773	6	82201154	82462493
ENSG00000005700	6	82879699	82957495
ENSG00000146242	6	83072915	83080546
ENSG00000118420	6	83602107	83775581
ENSG00000083097	6	83777355	83881071
ENSG00000013375	6	83857041	83903726
ENSG00000013392	6	83903054	83908671
ENSG00000065833	6	83920106	84141091
ENSG00000146250	6	84222195	84235425
ENSG00000065609	6	84262407	84419412
ENSG00000203877	6	84563077	84567236
ENSG00000065615	6	84569358	84677144
ENSG00000135324	6	84742920	84800608
ENSG00000135315	6	84833958	84937405
ENSG00000112837	6	85397067	85474333
ENSG00000135318	6	86159300	86257404
ENSG00000135317	6	86214492	86303876
ENSG00000271793	6	86214492	86388453
ENSG00000135316	6	86317106	86353783
ENSG00000168830	6	87646378	87729662
ENSG00000135346	6	87795211	87804870
ENSG00000188994	6	87861519	88010648
ENSG00000164411	6	87992696	88038998
ENSG00000111850	6	88032275	88110770
ENSG00000203872	6	88054529	88075183
ENSG00000272514	6	88117682	88174398
ENSG00000213204	6	88117728	88221354
ENSG00000164414	6	88180339	88222056
ENSG00000146282	6	88223175	88299748
ENSG00000135336	6	88299783	88391516
ENSG00000135334	6	88384576	88411995
ENSG00000118434	6	88757557	88776558
ENSG00000118432	6	88849580	88877085
ENSG00000111880	6	89317712	89673357
ENSG00000146278	6	89790464	89797432
ENSG00000154548	6	89803666	89827807
ENSG00000146281	6	89855716	89875286
ENSG00000146276	6	89887221	89940999
ENSG00000111886	6	89964181	90025020
ENSG00000198833	6	90031108	90062901
ENSG00000025039	6	90070819	90122456
ENSG00000135299	6	90142836	90343891
ENSG00000083099	6	90277861	90348482
ENSG00000112159	6	90352215	90529530
ENSG00000118412	6	90539611	90584157
ENSG00000135355	6	90604186	90631481
ENSG00000112182	6	90636245	91006703
ENSG00000135341	6	91223189	91296954
ENSG00000135333	6	93949726	94129407
ENSG00000172469	6	96025340	96057362
ENSG00000172461	6	96463310	96663490
ENSG00000014123	6	96969469	97003821
ENSG00000112214	6	97010422	97069259
ENSG00000112218	6	97241999	97286028
ENSG00000123545	6	97337185	97345775
ENSG00000186231	6	97372489	97588634
ENSG00000146263	6	97589615	97731119
ENSG00000184486	6	99282448	99287336
ENSG00000112234	6	99316409	99395884
ENSG00000146267	6	99719042	99797940
ENSG00000132423	6	99817275	99842089
ENSG00000132424	6	99845503	99873841
ENSG00000123552	6	99880199	99969606
ENSG00000112237	6	99978504	100016703
ENSG00000112238	6	100054648	100063456
ENSG00000152034	6	100366375	100442125
ENSG00000112246	6	100832883	100912824
ENSG00000112249	6	100956068	101329290
ENSG00000164418	6	101410575	102529499
ENSG00000085382	6	105175966	105307824
ENSG00000187772	6	105384489	105531209
ENSG00000112276	6	105544695	105585114
ENSG00000132429	6	105605765	105628324
ENSG00000085377	6	105721091	105901939
ENSG00000057657	6	106441336	106557816
ENSG00000057663	6	106493296	106774354
ENSG00000112297	6	106808436	107019894
ENSG00000130347	6	107007266	107077380
ENSG00000130348	6	107077439	107117747
ENSG00000130349	6	107349369	107372800
ENSG00000178409	6	107386340	107437440
ENSG00000164494	6	107473758	107780788
ENSG00000112320	6	107811099	107982512
ENSG00000146285	6	108022924	108145534
ENSG00000025796	6	108188958	108279517
ENSG00000081087	6	108350447	108487060
ENSG00000112333	6	108487219	108510011
ENSG00000112335	6	108532075	108582461
ENSG00000135537	6	108616094	108848001
ENSG00000118689	6	108880853	109005979
ENSG00000118690	6	109163138	109295756
ENSG00000080546	6	109305510	109416302
ENSG00000183137	6	109416306	109495623
ENSG00000135535	6	109628828	109703741
ENSG00000185250	6	109711416	109762376
ENSG00000135587	6	109761879	109767720
ENSG00000135596	6	109765263	109787173
ENSG00000112365	6	109781833	109804478
ENSG00000155085	6	109814056	110012434
ENSG00000112367	6	110011810	110199303
ENSG00000146360	6	110299457	110301970
ENSG00000112290	6	110420782	110501237
ENSG00000168438	6	110501342	110575480
ENSG00000053328	6	110564093	110679707
ENSG00000203797	6	110709522	110737067
ENSG00000004809	6	110745888	110797886
ENSG00000155111	6	110931179	111137163
ENSG00000123505	6	111195971	111220084
ENSG00000155115	6	111279678	111289791
ENSG00000197498	6	111303216	111349469
ENSG00000112394	6	111408646	111579295
ENSG00000173214	6	111580528	111766559
ENSG00000009413	6	111620229	111804934
ENSG00000056972	6	111876582	111928115
ENSG00000010810	6	111981533	112194684
ENSG00000112761	6	112365016	112390891
ENSG00000074935	6	112391861	112408774
ENSG00000203778	6	112408323	112425531
ENSG00000112769	6	112427278	112576143
ENSG00000281613	6	112558005	112671298
ENSG00000251258	6	112668530	112672498
ENSG00000277443	6	114178511	114186167
ENSG00000196591	6	114244550	114332474
ENSG00000249853	6	114376255	114664375
ENSG00000111816	6	116252310	116382258
ENSG00000178425	6	116421965	116570662
ENSG00000123500	6	116440070	116479912
ENSG00000187189	6	116571125	116575240
ENSG00000111817	6	116574765	116766026
ENSG00000189241	6	116588921	116601095
ENSG00000285446	6	116720556	116784861
ENSG00000188820	6	116782526	116787247
ENSG00000173626	6	116816150	116866849
ENSG00000178033	6	116832765	116845953
ENSG00000164451	6	116850174	116882292
ENSG00000111832	6	116892547	116919369
ENSG00000111834	6	116937635	116955930
ENSG00000153975	6	116956777	116989981
ENSG00000196911	6	117002310	117063032
ENSG00000183807	6	117045728	117086998
ENSG00000173612	6	117113246	117150248
ENSG00000185002	6	117198373	117254234
ENSG00000170162	6	117586719	117597677
ENSG00000047936	6	117608514	117747111
ENSG00000282218	6	117639372	117894736
ENSG00000164465	6	117774978	117907403
ENSG00000047932	6	117881430	117923718
ENSG00000153989	6	117996630	118031892
ENSG00000196376	6	118228425	118639731
ENSG00000111860	6	118781921	119031263
ENSG00000198523	6	118827453	118884018
ENSG00000111877	6	119134421	119256337
ENSG00000111875	6	119215182	119230431
ENSG00000111879	6	119278870	119470554
ENSG00000111885	6	119498279	119670965
ENSG00000146350	6	121400638	121655893
ENSG00000152661	6	121756721	121770887
ENSG00000025156	6	122720676	122754366
ENSG00000111897	6	122764491	122793001
ENSG00000135549	6	122793057	123058050
ENSG00000164434	6	123100740	123105221
ENSG00000172594	6	123109599	123132948
ENSG00000146352	6	123317172	123394072
ENSG00000186439	6	123536231	123958463
ENSG00000188580	6	124124955	125146887
ENSG00000146373	6	125283019	125413781
ENSG00000111907	6	125440193	125585555
ENSG00000111906	6	125541106	125623294
ENSG00000135547	6	126068808	126084197
ENSG00000111912	6	126102087	126253182
ENSG00000111911	6	126277877	126301463
ENSG00000066651	6	126307567	126524965
ENSG00000203760	6	126661232	126670916
ENSG00000146374	6	127439801	127520628
ENSG00000118518	6	127587725	127611555
ENSG00000093144	6	127609853	127664756
ENSG00000189367	6	127759549	127780580
ENSG00000255330	6	127759549	127840148
ENSG00000214338	6	127788712	127840530
ENSG00000184530	6	127840598	127912967
ENSG00000172673	6	128027321	128239778
ENSG00000152894	6	128289923	128841908
ENSG00000196569	6	129204218	129838332
ENSG00000146376	6	129897275	130031399
ENSG00000203756	6	130149088	130182694
ENSG00000198945	6	130334842	130462596
ENSG00000164483	6	130465456	130686751
ENSG00000164484	6	130686547	130764571
ENSG00000256162	6	131148544	131169289
ENSG00000079819	6	131159903	131384509
ENSG00000118507	6	131456354	131604677
ENSG00000118520	6	131791970	131905474
ENSG00000112282	6	131893382	131949455
ENSG00000154269	6	131949430	132070185
ENSG00000180658	6	132020782	132022543
ENSG00000236761	6	132029579	132032159
ENSG00000197594	6	132129131	132216302
ENSG00000118523	6	132269314	132272598
ENSG00000079931	6	132617019	132722697
ENSG00000079950	6	132730511	132835140
ENSG00000237110	6	132859414	132860477
ENSG00000146385	6	132873809	132874897
ENSG00000146383	6	132891459	132892500
ENSG00000135569	6	132909729	132910882
ENSG00000146378	6	132938159	132945416
ENSG00000146399	6	132964449	132980348
ENSG00000112299	6	133001986	133041103
ENSG00000112303	6	133065007	133084607
ENSG00000146409	6	133090507	133134480
ENSG00000112306	6	133135679	133146285
ENSG00000112319	6	133561650	133855052
ENSG00000118526	6	134210242	134217997
ENSG00000028839	6	134268906	134311572
ENSG00000288529	6	134274440	134301228
ENSG00000146411	6	134308268	134373800
ENSG00000118515	6	134490384	134639257
ENSG00000118514	6	135238434	135271280
ENSG00000112339	6	135279485	135424196
ENSG00000118513	6	135502033	135540313
ENSG00000135541	6	135604543	135819574
ENSG00000171408	6	136172723	136516714
ENSG00000146410	6	136552160	136571711
ENSG00000029363	6	136577763	136610992
ENSG00000135525	6	136662138	136872008
ENSG00000197442	6	136878166	137114243
ENSG00000112357	6	137143682	137235738
ENSG00000182747	6	137243059	137246800
ENSG00000016402	6	137321106	137366319
ENSG00000164485	6	137464955	137494787
ENSG00000027697	6	137518618	137540588
ENSG00000177468	6	137813334	137815533
ENSG00000118503	6	138187518	138206975
ENSG00000112378	6	138336138	138428987
ENSG00000112379	6	138482827	138665802
ENSG00000254440	6	138537121	138539630
ENSG00000262543	6	138699040	138704625
ENSG00000051620	6	138724666	138743336
ENSG00000135540	6	138743168	139014392
ENSG00000024862	6	139094628	139130885
ENSG00000203734	6	139117046	139225850
ENSG00000135597	6	139224117	139309495
ENSG00000146386	6	139334506	139367955
ENSG00000112406	6	139456199	139503060
ENSG00000164440	6	139560218	139613137
ENSG00000164442	6	139692101	139697048
ENSG00000135577	6	142379465	142468261
ENSG00000203733	6	142454060	142456497
ENSG00000009844	6	142468297	142545824
ENSG00000112414	6	142622637	142768403
ENSG00000010818	6	143072602	143277837
ENSG00000146416	6	143381593	143689117
ENSG00000189007	6	143743967	143771886
ENSG00000034693	6	143771913	143813322
ENSG00000001036	6	143815089	143832981
ENSG00000112419	6	143857717	144152324
ENSG00000257065	6	144128227	144165756
ENSG00000135521	6	144164437	144185468
ENSG00000280148	6	144178453	144259610
ENSG00000118491	6	144185571	144261502
ENSG00000118495	6	144261435	144385853
ENSG00000169976	6	144416019	144416712
ENSG00000135604	6	144471105	144513078
ENSG00000152818	6	144605986	145174172
ENSG00000112425	6	145703669	146057161
ENSG00000118496	6	146114636	146136405
ENSG00000146414	6	146185015	146285587
ENSG00000152822	6	146348780	146758739
ENSG00000118508	6	146864889	146876102
ENSG00000118492	6	146920101	147136600
ENSG00000164506	6	147524636	147712148
ENSG00000203727	6	147829767	148058685
ENSG00000111961	6	148593438	148873182
ENSG00000111962	6	149068029	149399557
ENSG00000055208	6	149539775	149733039
ENSG00000177688	6	149721396	149722416
ENSG00000178199	6	149767929	149806174
ENSG00000131013	6	149822569	149867249
ENSG00000055211	6	149887324	149912889
ENSG00000186625	6	149916007	149970110
ENSG00000131023	6	149979287	150039399
ENSG00000120253	6	150044507	150071424
ENSG00000120265	6	150070331	150132560
ENSG00000120256	6	150114589	150185562
ENSG00000285991	6	150139071	150217149
ENSG00000164520	6	150204116	150219256
ENSG00000203722	6	150236727	150244264
ENSG00000131015	6	150263072	150270373
ENSG00000111981	6	150285069	150294853
ENSG00000155918	6	150339468	150346705
ENSG00000131019	6	150378572	150390329
ENSG00000198729	6	150464127	150571530
ENSG00000009765	6	150690026	150727107
ENSG00000120278	6	150920821	151164803
ENSG00000120254	6	151186553	151423027
ENSG00000131016	6	151561046	151679700
ENSG00000181472	6	151685238	151712837
ENSG00000155906	6	151719957	151773318
ENSG00000146476	6	151773391	151810235
ENSG00000120262	6	151814887	151942330
ENSG00000091831	6	151972417	152450756
ENSG00000131018	6	152442820	152958938
ENSG00000120279	6	153019022	153045722
ENSG00000146469	6	153067631	153081811
ENSG00000112029	6	153291652	153304736
ENSG00000112031	6	153308495	153323939
ENSG00000091844	6	153325582	153452443
ENSG00000112038	6	154331629	154568003
ENSG00000074706	6	154475629	154677968
ENSG00000288520	6	154480961	154831250
ENSG00000153721	6	154708647	154831821
ENSG00000213079	6	155054510	155164467
ENSG00000146426	6	155153829	155579058
ENSG00000029639	6	155574279	155635655
ENSG00000171217	6	155585145	155597684
ENSG00000074771	6	155716500	155776975
ENSG00000049618	6	157097152	157532596
ENSG00000215712	6	157706380	157745290
ENSG00000175048	6	157802163	158099191
ENSG00000130340	6	158121417	158366111
ENSG00000078269	6	158402854	158520210
ENSG00000122335	6	158530545	158589329
ENSG00000272047	6	158588779	158620378
ENSG00000130338	6	158653266	158932862
ENSG00000146433	6	158957466	159056553
ENSG00000146425	6	159033751	159065805
ENSG00000164674	6	159065417	159189395
ENSG00000092820	6	159186768	159240452
ENSG00000130363	6	159389262	159421272
ENSG00000164691	6	159455511	159516857
ENSG00000164694	6	159590383	159693146
ENSG00000291237	6	159990623	160183563
ENSG00000146457	6	160137408	160177353
ENSG00000120437	6	160182475	160209216
ENSG00000120438	6	160199528	160210741
ENSG00000112110	6	160210842	160220061
ENSG00000146453	6	160221279	160241738
ENSG00000130368	6	160251096	160338481
ENSG00000197081	6	160390063	160534541
ENSG00000175003	6	160542402	160581624
ENSG00000112499	6	160592091	160698672
ENSG00000146477	6	160769346	160876061
ENSG00000198670	6	160952512	161085310
ENSG00000122194	6	161123135	161175503
ENSG00000085511	6	161412374	161538419
ENSG00000026652	6	161550997	161695727
ENSG00000185345	6	161768447	163148809
ENSG00000112530	6	163148125	163736569
ENSG00000112531	6	163835030	163999861
ENSG00000112539	6	165692945	165723121
ENSG00000112541	6	165740774	166401607
ENSG00000164458	6	166571142	166582305
ENSG00000176381	6	166718786	166721938
ENSG00000198818	6	166733210	166756100
ENSG00000060762	6	166778402	166796492
ENSG00000071242	6	166822850	167319941
ENSG00000235272	6	166996495	167000168
ENSG00000249141	6	167271580	167369614
ENSG00000026297	6	167335599	167370938
ENSG00000213066	6	167412660	167466208
ENSG00000272980	6	167412822	167552628
ENSG00000112486	6	167525276	167552631
ENSG00000120436	6	167568733	167571470
ENSG00000112494	6	167682496	167729518
ENSG00000120440	6	167738557	167772993
ENSG00000130396	6	168227537	168372705
ENSG00000125337	6	168396919	168445791
ENSG00000153303	6	168453773	168502193
ENSG00000164488	6	168693508	168720465
ENSG00000112562	6	168841334	169073986
ENSG00000186340	6	169615873	169654157
ENSG00000285733	6	169820062	170102145
ENSG00000184465	6	169857304	170102827
ENSG00000185127	6	170102220	170106458
ENSG00000130024	6	170103996	170125664
ENSG00000184786	6	170140200	170151685
ENSG00000130023	6	170151661	170181698
ENSG00000198719	6	170591288	170615655
ENSG00000112584	6	170599789	170716180
ENSG00000008018	6	170737655	170862417
ENSG00000112592	6	170863352	170886284
ENSG00000071994	6	170881387	170893782
ENSG00000177706	7	192967	300713
ENSG00000269396	7	302916	304072
ENSG00000248767	7	330134	334390
ENSG00000197461	7	536893	560344
ENSG00000188191	7	588830	767907
ENSG00000164818	7	766322	829674
ENSG00000164828	7	856226	936074
ENSG00000239857	7	916121	936080
ENSG00000105963	7	935973	995045
ENSG00000310608	7	938413	1015187
ENSG00000240230	7	1004486	1015187
ENSG00000146540	7	1018797	1177951
ENSG00000073067	7	1022810	1029278
ENSG00000164849	7	1084171	1098913
ENSG00000164850	7	1121842	1134154
ENSG00000178381	7	1191537	1215552
ENSG00000164853	7	1272506	1276964
ENSG00000164877	7	1468099	1499177
ENSG00000164880	7	1509529	1544056
ENSG00000198517	7	1570321	1582687
ENSG00000164855	7	1581869	1600459
ENSG00000157778	7	1606966	1610716
ENSG00000225968	7	1705379	1787584
ENSG00000002822	7	1855421	2272880
ENSG00000286192	7	1855438	2281852
ENSG00000122687	7	2273828	2281866
ENSG00000106268	7	2281836	2291461
ENSG00000106266	7	2291403	2393955
ENSG00000106263	7	2393713	2420384
ENSG00000136213	7	2443075	2488121
ENSG00000275572	7	2514361	2516530
ENSG00000106003	7	2552161	2568813
ENSG00000106009	7	2577416	2595418
ENSG00000106012	7	2598535	2654369
ENSG00000136295	7	2671530	2704452
ENSG00000174945	7	2718908	2815136
ENSG00000146535	7	2761452	2910422
ENSG00000198286	7	2945513	3083864
ENSG00000146555	7	3340882	4308634
ENSG00000164916	7	4721869	4811075
ENSG00000242802	7	4815239	4834030
ENSG00000157927	7	4836684	4923349
ENSG00000218823	7	4897367	4901663
ENSG00000136297	7	4931877	4998863
ENSG00000272968	7	5023347	5112854
ENSG00000146587	7	5085450	5109124
ENSG00000273313	7	5111754	5112856
ENSG00000157954	7	5229811	5273488
ENSG00000164638	7	5313998	5346827
ENSG00000182095	7	5346419	5465047
ENSG00000155034	7	5470964	5553447
ENSG00000075624	7	5566038	5603535
ENSG00000075618	7	5632435	5646289
ENSG00000011275	7	5659676	5821329
ENSG00000122543	7	5919456	5925996
ENSG00000122674	7	5938321	5966183
ENSG00000155026	7	5965173	6010335
ENSG00000122512	7	6010554	6048763
ENSG00000106305	7	6048855	6064288
ENSG00000086232	7	6061876	6098873
ENSG00000157999	7	6071005	6076185
ENSG00000106346	7	6144384	6204062
ENSG00000008256	7	6188380	6312310
ENSG00000178397	7	6369038	6388614
ENSG00000286075	7	6369038	6388600
ENSG00000136238	7	6413727	6443649
ENSG00000164535	7	6446024	6523823
ENSG00000136240	7	6485582	6523857
ENSG00000215045	7	6536407	6591094
ENSG00000136247	7	6617034	6629007
ENSG00000146576	7	6629193	6648418
ENSG00000236609	7	6654934	6663923
ENSG00000205903	7	6676927	6697912
ENSG00000164631	7	6728062	6746612
ENSG00000169402	7	6793730	6838998
ENSG00000146574	7	6833763	6866403
ENSG00000106392	7	7196563	7298966
ENSG00000215018	7	7395832	7576841
ENSG00000164654	7	7606452	7651381
ENSG00000106399	7	7674472	7758240
ENSG00000219545	7	7680290	8007653
ENSG00000106415	7	8008425	8133904
ENSG00000003147	7	8152809	8302325
ENSG00000122584	7	8473186	8792593
ENSG00000189043	7	10970743	10980160
ENSG00000106443	7	11012952	11209252
ENSG00000005108	7	11409990	11872078
ENSG00000106460	7	12250555	12282995
ENSG00000146530	7	12369825	12443661
ENSG00000226690	7	12509245	12581850
ENSG00000006747	7	12610201	12699809
ENSG00000122644	7	12726225	12732170
ENSG00000006468	7	13930852	14031052
ENSG00000136267	7	14184672	15014490
ENSG00000187546	7	15209078	15601654
ENSG00000106511	7	15650834	15726445
ENSG00000214960	7	16127148	16542131
ENSG00000171243	7	16500245	16570207
ENSG00000205858	7	16566448	16621195
ENSG00000106524	7	16639402	16685468
ENSG00000136261	7	16684276	16746398
ENSG00000106537	7	16793350	16824279
ENSG00000106541	7	16831009	16873059
ENSG00000173467	7	16894302	16921616
ENSG00000106546	7	16955981	17385778
ENSG00000283321	7	17338917	17506860
ENSG00000071189	7	17830369	17980337
ENSG00000229937	7	18066391	18067471
ENSG00000048052	7	18126209	19042041
ENSG00000122691	7	19060612	19157270
ENSG00000146618	7	19184403	19185046
ENSG00000105849	7	19735016	19748691
ENSG00000173452	7	19758936	19813258
ENSG00000183742	7	20174276	20257474
ENSG00000105855	7	20370230	20455379
ENSG00000004846	7	20655288	20816660
ENSG00000164651	7	20819362	20826528
ENSG00000105866	7	21467640	21554442
ENSG00000105877	7	21582630	21941882
ENSG00000164649	7	21868186	21985839
ENSG00000136237	7	22157316	22396791
ENSG00000105889	7	22456549	22767410
ENSG00000136244	7	22765501	22771623
ENSG00000196683	7	22852245	22862512
ENSG00000122591	7	22928988	23053769
ENSG00000122550	7	23145346	23217535
ENSG00000136243	7	23221421	23240632
ENSG00000136235	7	23275584	23314732
ENSG00000156928	7	23338356	23351350
ENSG00000136231	7	23348188	23510454
ENSG00000164548	7	23544397	23571662
ENSG00000169193	7	23636991	23684335
ENSG00000188732	7	23719731	23745849
ENSG00000196335	7	23749820	23872134
ENSG00000122585	7	24323799	24331488
ENSG00000105926	7	24612553	24733814
ENSG00000105928	7	24737918	24797613
ENSG00000070882	7	24836153	25021255
ENSG00000172115	7	25119796	25164988
ENSG00000153790	7	25174293	25220006
ENSG00000105954	7	25264187	25268107
ENSG00000050344	7	26191808	26230523
ENSG00000122566	7	26208879	26241151
ENSG00000122565	7	26240186	26253229
ENSG00000086300	7	26331469	26414005
ENSG00000005020	7	26706620	27034860
ENSG00000105991	7	27132610	27135660
ENSG00000105996	7	27139595	27142307
ENSG00000105997	7	27145801	27192231
ENSG00000197576	7	27167504	27170401
ENSG00000106004	7	27180669	27183340
ENSG00000106006	7	27183720	27190224
ENSG00000122592	7	27193333	27197557
ENSG00000078399	7	27202055	27214801
ENSG00000257184	7	27202055	27219860
ENSG00000253293	7	27210209	27219882
ENSG00000005073	7	27220774	27224874
ENSG00000106031	7	27233120	27239712
ENSG00000106038	7	27282317	27290114
ENSG00000106049	7	27525982	27702634
ENSG00000106052	7	27778948	27884186
ENSG00000153814	7	27870190	28220651
ENSG00000146592	7	28338938	28865513
ENSG00000255690	7	28992972	28997948
ENSG00000106066	7	29034250	29235069
ENSG00000106069	7	29186161	29553952
ENSG00000176532	7	29603389	29607763
ENSG00000122574	7	29846061	29956679
ENSG00000136193	7	29959717	30029907
ENSG00000106080	7	30044020	30066334
ENSG00000106086	7	30067018	30170101
ENSG00000180354	7	30174342	30202383
ENSG00000180233	7	30324027	30410857
ENSG00000281593	7	30402014	30452120
ENSG00000106100	7	30464141	30518532
ENSG00000006625	7	30536230	30544484
ENSG00000281039	7	30536691	30590379
ENSG00000106105	7	30620147	30673651
ENSG00000106113	7	30691058	30739747
ENSG00000241644	7	30737599	30810239
ENSG00000254959	7	30791751	30931698
ENSG00000106125	7	30811002	30932004
ENSG00000250424	7	30891887	30963429
ENSG00000240583	7	30950368	30965134
ENSG00000106128	7	30978282	31032871
ENSG00000078549	7	31091910	31156820
ENSG00000164600	7	31376678	31380517
ENSG00000180347	7	31553702	31696120
ENSG00000154678	7	31655365	32467745
ENSG00000106341	7	31726790	31748904
ENSG00000106355	7	32513916	32534897
ENSG00000105778	7	32535036	32628340
ENSG00000170852	7	32900979	32933745
ENSG00000122642	7	32997014	33046545
ENSG00000122643	7	33053688	33102451
ENSG00000164610	7	33134407	33149215
ENSG00000122507	7	33149167	33916794
ENSG00000164619	7	33943918	34196041
ENSG00000187258	7	34697828	34917946
ENSG00000173852	7	34961079	35077885
ENSG00000164532	7	35242040	35293713
ENSG00000122557	7	35672267	35737071
ENSG00000122545	7	35840540	35946722
ENSG00000122547	7	36192682	36341168
ENSG00000164542	7	36363542	36429736
ENSG00000011426	7	36429334	36493402
ENSG00000136250	7	36548914	36764156
ENSG00000155849	7	36892509	37489040
ENSG00000187037	7	37723322	37873392
ENSG00000290149	7	37723444	37990016
ENSG00000086288	7	37888197	37940001
ENSG00000106483	7	37942604	38065299
ENSG00000086289	7	37960203	38054268
ENSG00000010270	7	38217817	38270291
ENSG00000289746	7	38299242	38313239
ENSG00000078053	7	38423299	38671114
ENSG00000164556	7	38724944	38726639
ENSG00000006715	7	38761819	38971996
ENSG00000106536	7	39017507	39532696
ENSG00000241127	7	39605965	39651690
ENSG00000006451	7	39663042	39747818
ENSG00000065883	7	39989610	40139181
ENSG00000168303	7	40131804	40174478
ENSG00000175600	7	40173641	40901214
ENSG00000122641	7	41706764	41745434
ENSG00000106571	7	41969193	42303866
ENSG00000136197	7	42922775	42952119
ENSG00000256646	7	42948870	42971815
ENSG00000106588	7	42956425	42971824
ENSG00000106591	7	42971943	42988559
ENSG00000002746	7	43152226	43605602
ENSG00000106603	7	43591986	43769458
ENSG00000164543	7	43622355	43690314
ENSG00000106605	7	43797606	43848469
ENSG00000062582	7	43906153	43909494
ENSG00000270617	7	43906155	43946190
ENSG00000106608	7	43913242	43966012
ENSG00000078967	7	43965396	43995737
ENSG00000136206	7	44037494	44049725
ENSG00000136279	7	44084225	44109057
ENSG00000164708	7	44102321	44105337
ENSG00000122678	7	44110512	44122586
ENSG00000106624	7	44143883	44154166
ENSG00000106628	7	44154228	44164008
ENSG00000106631	7	44178454	44182780
ENSG00000106633	7	44182810	44237771
ENSG00000106636	7	44240556	44253895
ENSG00000058404	7	44249590	44374178
ENSG00000015676	7	44418716	44530520
ENSG00000015520	7	44552039	44580931
ENSG00000136271	7	44605013	44614989
ENSG00000158604	7	44615989	44621910
ENSG00000105953	7	44646093	44749717
ENSG00000122515	7	44788145	44809713
ENSG00000196262	7	44836217	44864165
ENSG00000105968	7	44866388	44887747
ENSG00000146676	7	44915896	44925131
ENSG00000136286	7	45002259	45019414
ENSG00000136280	7	45039072	45116071
ENSG00000136274	7	45120034	45128622
ENSG00000136270	7	45137094	45151649
ENSG00000122679	7	45197245	45247734
ENSG00000164742	7	45613737	45762727
ENSG00000283247	7	45899591	45912683
ENSG00000146678	7	45927957	45933261
ENSG00000146674	7	45951842	45961475
ENSG00000136205	7	47314745	47622233
ENSG00000158683	7	47779798	47988117
ENSG00000136273	7	48001477	48019281
ENSG00000164744	7	48026743	48068718
ENSG00000164746	7	48075096	48100903
ENSG00000183696	7	48128193	48148335
ENSG00000179869	7	48211047	48687095
ENSG00000218305	7	48964141	48967052
ENSG00000188730	7	49812416	49961548
ENSG00000042813	7	49890015	50160927
ENSG00000164500	7	50135477	50198854
ENSG00000185811	7	50343006	50472801
ENSG00000132436	7	50507418	50518106
ENSG00000132437	7	50526132	50633167
ENSG00000106070	7	50657758	50861185
ENSG00000106078	7	51083905	51384886
ENSG00000221900	7	53103324	53104620
ENSG00000170419	7	54609686	54641798
ENSG00000132432	7	54819827	54827669
ENSG00000146648	7	55086511	55279323
ENSG00000132434	7	55432973	55501436
ENSG00000154978	7	55495457	55640683
ENSG00000154997	7	55861231	55930450
ENSG00000178665	7	55954951	56010225
ENSG00000249773	7	55954968	56022934
ENSG00000239789	7	56018396	56024195
ENSG00000146729	7	56019484	56067879
ENSG00000146733	7	56077810	56119304
ENSG00000146731	7	56119376	56131687
ENSG00000129103	7	56131693	56155650
ENSG00000164776	7	56147614	56160707
ENSG00000106153	7	56162258	56174226
ENSG00000185290	7	56182372	56184117
ENSG00000185177	7	57187319	57207573
ENSG00000182111	7	57509881	57533267
ENSG00000241149	7	63459225	63478461
ENSG00000214652	7	63505780	63574936
ENSG00000223614	7	63667579	63680670
ENSG00000197123	7	63688850	63727311
ENSG00000234444	7	63767202	63817014
ENSG00000173041	7	63952609	64023486
ENSG00000196247	7	64126475	64197361
ENSG00000197008	7	64254750	64294686
ENSG00000198039	7	64330548	64404621
ENSG00000152926	7	64431039	64467101
ENSG00000213462	7	64450732	64467123
ENSG00000146757	7	64838710	64866051
ENSG00000269558	7	65112079	65113282
ENSG00000196715	7	65338054	65424552
ENSG00000169919	7	65425662	65447693
ENSG00000126522	7	65540785	65559686
ENSG00000249319	7	65552746	65617266
ENSG00000241258	7	65579589	65619557
ENSG00000169902	7	65670274	65885538
ENSG00000243335	7	66093850	66114056
ENSG00000284461	7	66093943	66276178
ENSG00000154710	7	66147090	66276453
ENSG00000106609	7	66386145	66423540
ENSG00000126524	7	66452664	66460682
ENSG00000198874	7	66460158	66704514
ENSG00000158321	7	69063280	70258494
ENSG00000185274	7	70596978	71178587
ENSG00000183166	7	71244474	71912138
ENSG00000277149	7	72023727	72298841
ENSG00000196313	7	72349918	72421981
ENSG00000155428	7	72430014	72439999
ENSG00000267985	7	72459476	72464998
ENSG00000274570	7	72518308	72569521
ENSG00000130305	7	72716511	72722866
ENSG00000146755	7	72726530	72742087
ENSG00000077800	7	72742162	72772648
ENSG00000188763	7	72848106	72850452
ENSG00000009954	7	72854734	72936625
ENSG00000106635	7	72950683	72972349
ENSG00000106638	7	72981865	72993123
ENSG00000009950	7	73007522	73038907
ENSG00000176428	7	73082159	73096356
ENSG00000176410	7	73095246	73097785
ENSG00000071462	7	73097489	73112560
ENSG00000106089	7	73113533	73134038
ENSG00000106077	7	73150419	73153196
ENSG00000165215	7	73183325	73184602
ENSG00000189143	7	73213870	73247022
ENSG00000165171	7	73247007	73256872
ENSG00000175877	7	73275487	73280223
ENSG00000049540	7	73442101	73484241
ENSG00000106683	7	73497261	73536859
ENSG00000106682	7	73588455	73611454
ENSG00000086730	7	73613980	73656833
ENSG00000049541	7	73637559	73668790
ENSG00000106665	7	73703735	73820275
ENSG00000006704	7	73866791	74016947
ENSG00000263001	7	74064564	74175038
ENSG00000158517	7	74188320	74204482
ENSG00000196275	7	74210481	74267849
ENSG00000289346	7	74210487	74306708
ENSG00000184616	7	74320392	74331169
ENSG00000274070	7	74378871	74445635
ENSG00000274523	7	74440292	74490066
ENSG00000174428	7	74507364	74565626
ENSG00000286038	7	74695611	74704314
ENSG00000198750	7	74807497	74867511
ENSG00000262461	7	74911440	74918578
ENSG00000286137	7	74936527	74946601
ENSG00000286014	7	74964554	74974620
ENSG00000268891	7	74999906	75005427
ENSG00000178809	7	75024335	75040281
ENSG00000272391	7	75046061	75115637
ENSG00000170092	7	75121596	75133642
ENSG00000127946	7	75162617	75368381
ENSG00000006606	7	75398849	75419216
ENSG00000106178	7	75440141	75453263
ENSG00000005486	7	75471918	75519376
ENSG00000127948	7	75528516	75616175
ENSG00000189077	7	75602620	75623989
ENSG00000127952	7	75625631	75678129
ENSG00000146701	7	75677353	75696828
ENSG00000177679	7	75831180	75916607
ENSG00000106211	7	75931981	75935132
ENSG00000170027	7	75956114	75988341
ENSG00000146700	7	76018332	76039063
ENSG00000188372	7	76026812	76071390
ENSG00000091073	7	76090971	76136542
ENSG00000243566	7	76139668	76162093
ENSG00000185040	7	76160628	76172616
ENSG00000146707	7	76231124	76256607
ENSG00000186645	7	76651621	76661680
ENSG00000205482	7	76679706	76693257
ENSG00000135205	7	76751749	76958852
ENSG00000127951	7	76822497	76829203
ENSG00000186088	7	76939798	77045926
ENSG00000127947	7	77166380	77269391
ENSG00000187257	7	77325755	77412341
ENSG00000135211	7	77423043	77429042
ENSG00000006576	7	77427967	77586822
ENSG00000187391	7	77646370	79083163
ENSG00000127955	7	79397342	79855499
ENSG00000135218	7	79998846	80308595
ENSG00000214415	7	80087949	80141382
ENSG00000075223	7	80371852	80551711
ENSG00000019991	7	81328324	81399756
ENSG00000153956	7	81575758	82073512
ENSG00000186472	7	82383326	82792248
ENSG00000170381	7	82992552	83278506
ENSG00000075213	7	83531805	84122257
ENSG00000153993	7	84624507	84816386
ENSG00000198822	7	86273217	86494202
ENSG00000164659	7	86504230	86689028
ENSG00000135164	7	86781654	86832065
ENSG00000135185	7	86821002	86849915
ENSG00000005469	7	86946441	87029118
ENSG00000005471	7	87029707	87109753
ENSG00000085563	7	87131303	87342697
ENSG00000105784	7	87256862	87461615
ENSG00000075303	7	87462874	87505721
ENSG00000006634	7	87505529	87538870
ENSG00000008277	7	87563449	87832206
ENSG00000075142	7	87830430	87856314
ENSG00000127954	7	87900205	87936378
ENSG00000182348	7	88389012	88967844
ENSG00000164645	7	88423418	88425053
ENSG00000164647	7	89783492	89794145
ENSG00000157214	7	89796902	89872724
ENSG00000105792	7	89874473	89940379
ENSG00000283267	7	89945815	89950620
ENSG00000105793	7	89964535	90020769
ENSG00000157224	7	90013033	90142718
ENSG00000058091	7	90095736	90839908
ENSG00000251154	7	90098931	90142718
ENSG00000157240	7	90893746	90918518
ENSG00000127989	7	91319216	91510048
ENSG00000127914	7	91570149	91741493
ENSG00000001630	7	91713814	91764119
ENSG00000285772	7	91741471	91808827
ENSG00000289027	7	91741488	91875240
ENSG00000240720	7	91770955	91808847
ENSG00000285953	7	91774035	91875259
ENSG00000001631	7	91826810	91875482
ENSG00000001629	7	91875272	92031386
ENSG00000157259	7	92076760	92089391
ENSG00000242950	7	92097692	92107302
ENSG00000127980	7	92116332	92157979
ENSG00000127993	7	92158082	92169797
ENSG00000234545	7	92189966	92219733
ENSG00000105810	7	92234233	92466320
ENSG00000205413	7	92728824	92747357
ENSG00000177409	7	92759367	92777725
ENSG00000188175	7	92817755	92855874
ENSG00000004766	7	92861651	92990437
ENSG00000004948	7	93053796	93205052
ENSG00000127928	7	93220639	93540579
ENSG00000105825	7	93486008	93520271
ENSG00000127920	7	93550753	93557924
ENSG00000105829	7	93592072	93633697
ENSG00000164692	7	94023670	94060541
ENSG00000127995	7	94138529	94206165
ENSG00000127990	7	94153514	94285886
ENSG00000242265	7	94285635	94299009
ENSG00000158528	7	94536512	94925729
ENSG00000005421	7	94926418	94955263
ENSG00000105852	7	94986928	95025807
ENSG00000105854	7	95033043	95064707
ENSG00000005981	7	95107754	95169547
ENSG00000004799	7	95212807	95226952
ENSG00000158560	7	95401769	95740229
ENSG00000004864	7	95749528	95951495
ENSG00000127922	7	96110936	96339207
ENSG00000006377	7	96634863	96640354
ENSG00000105880	7	96649415	96654264
ENSG00000196636	7	96746987	96811079
ENSG00000006128	7	97361217	97369786
ENSG00000070669	7	97479472	97522457
ENSG00000135175	7	97613997	97620483
ENSG00000164715	7	97736168	97838952
ENSG00000180535	7	97840742	97844771
ENSG00000205356	7	97843934	97881554
ENSG00000164713	7	97881689	97939755
ENSG00000006453	7	97920137	98030527
ENSG00000106236	7	98246564	98259184
ENSG00000166448	7	98444099	98468396
ENSG00000196367	7	98475554	98648456
ENSG00000198742	7	98625056	98741796
ENSG00000185467	7	98771193	98847700
ENSG00000293560	7	98870460	98908757
ENSG00000241685	7	98923500	98964152
ENSG00000284292	7	98923500	98992278
ENSG00000130429	7	98971847	98995749
ENSG00000106244	7	98989669	99006456
ENSG00000106245	7	99006231	99017243
ENSG00000106246	7	99012813	99063826
ENSG00000248919	7	99017370	99063822
ENSG00000160917	7	99036529	99056535
ENSG00000241468	7	99046096	99063826
ENSG00000198556	7	99070415	99101275
ENSG00000160908	7	99071498	99102543
ENSG00000196652	7	99102255	99132985
ENSG00000221909	7	99143825	99157017
ENSG00000197343	7	99156010	99176573
ENSG00000272647	7	99156316	99205435
ENSG00000244219	7	99195489	99208670
ENSG00000197037	7	99214244	99336156
ENSG00000106258	7	99245063	99277668
ENSG00000282301	7	99282578	99332727
ENSG00000160870	7	99301726	99332821
ENSG00000160868	7	99354575	99381952
ENSG00000021461	7	99425543	99465426
ENSG00000244623	7	99473683	99474658
ENSG00000146833	7	99474579	99517229
ENSG00000176402	7	99520887	99527245
ENSG00000160862	7	99564341	99573699
ENSG00000106261	7	99613191	99645055
ENSG00000166529	7	99647388	99678929
ENSG00000166526	7	99654489	99680331
ENSG00000168090	7	99686569	99692810
ENSG00000166508	7	99689854	99699565
ENSG00000221838	7	99698462	99707970
ENSG00000106290	7	99704497	99724812
ENSG00000166997	7	99717235	99723136
ENSG00000214309	7	99724315	99726123
ENSG00000188186	7	99746509	99753570
ENSG00000146826	7	99752041	99756362
ENSG00000197093	7	99756865	99766578
ENSG00000213420	7	99767223	99775014
ENSG00000066923	7	99775184	99812012
ENSG00000292277	7	99802978	99819113
ENSG00000213413	7	99815862	99819115
ENSG00000214300	7	99905323	99919997
ENSG00000121716	7	99949248	99965456
ENSG00000085514	7	99965151	99997723
ENSG00000289690	7	99995198	100031732
ENSG00000078487	7	99998447	100026617
ENSG00000146834	7	100025943	100032763
ENSG00000160813	7	100032882	100034171
ENSG00000185955	7	100054241	100061902
ENSG00000166925	7	100064129	100076882
ENSG00000289760	7	100075720	100075795
ENSG00000166924	7	100081226	100092427
ENSG00000106351	7	100136790	100167054
ENSG00000205307	7	100169849	100171541
ENSG00000077454	7	100171632	100183861
ENSG00000106336	7	100181603	100198742
ENSG00000106333	7	100199942	100205800
ENSG00000106330	7	100209723	100213629
ENSG00000106327	7	100218037	100240404
ENSG00000077080	7	100240718	100254083
ENSG00000172354	7	100271098	100276799
ENSG00000146830	7	100277126	100292106
ENSG00000172336	7	100293523	100306253
ENSG00000130427	7	100318086	100321325
ENSG00000146839	7	100331216	100395421
ENSG00000196411	7	100400183	100425208
ENSG00000146828	7	100424440	100464641
ENSG00000087077	7	100464746	100471148
ENSG00000087087	7	100472685	100486287
ENSG00000176125	7	100486340	100487338
ENSG00000087085	7	100487612	100494644
ENSG00000169894	7	100547185	100611120
ENSG00000205277	7	100612697	100662223
ENSG00000169876	7	100663351	100702142
ENSG00000169871	7	100728513	100741250
ENSG00000106366	7	100765437	100782546
ENSG00000106367	7	100797631	100804879
ENSG00000128564	7	100805788	100810528
ENSG00000167011	7	100813775	100823584
ENSG00000106384	7	100838286	100844371
ENSG00000106397	7	100849256	100863251
ENSG00000106400	7	100861396	100867478
ENSG00000106404	7	100875371	100882103
ENSG00000214253	7	100882737	100895604
ENSG00000128581	7	100954193	100965114
ENSG00000160963	7	101005686	101202311
ENSG00000106436	7	101256608	101272578
ENSG00000257923	7	101459182	101927252
ENSG00000160999	7	101928284	101962181
ENSG00000260097	7	101986184	101996891
ENSG00000128563	7	102004253	102067128
ENSG00000160991	7	102073551	102097274
ENSG00000160993	7	102096666	102105348
ENSG00000161036	7	102105369	102116686
ENSG00000005075	7	102113555	102119385
ENSG00000170667	7	102120421	102158249
ENSG00000168255	7	102178363	102213102
ENSG00000284981	7	102178364	102184208
ENSG00000270249	7	102181946	102232893
ENSG00000205238	7	102191671	102203987
ENSG00000285437	7	102192773	102213069
ENSG00000105808	7	102220091	102257228
ENSG00000205236	7	102222968	102283318
ENSG00000267368	7	102277469	102283429
ENSG00000267645	7	102277494	102312090
ENSG00000173678	7	102290764	102303074
ENSG00000228049	7	102305813	102312201
ENSG00000222011	7	102389384	102492925
ENSG00000161040	7	102451465	102715849
ENSG00000128606	7	102553386	102585560
ENSG00000170632	7	102715070	102744394
ENSG00000161048	7	102740221	102791621
ENSG00000105819	7	102936162	102982516
ENSG00000105821	7	102950942	102985286
ENSG00000161057	7	102969015	103010795
ENSG00000170615	7	102993175	103086661
ENSG00000189056	7	103111826	103630118
ENSG00000164815	7	103766786	103848497
ENSG00000187416	7	103969049	104549010
ENSG00000005483	7	104581388	104756691
ENSG00000289360	7	104681293	104681374
ENSG00000288914	7	104681303	104681405
ENSG00000135250	7	104751149	105039757
ENSG00000091127	7	105080106	105162721
ENSG00000135249	7	105172561	105209656
ENSG00000185055	7	105205554	105241324
ENSG00000146776	7	105245217	105517848
ENSG00000128536	7	105517240	105676880
ENSG00000008282	7	105727116	105753066
ENSG00000105835	7	105888742	105931673
ENSG00000253276	7	106294804	106301606
ENSG00000105851	7	106505721	106549427
ENSG00000005249	7	106685070	106802258
ENSG00000105856	7	106809404	106842976
ENSG00000164597	7	106839243	107204962
ENSG00000172209	7	107110461	107118458
ENSG00000105865	7	107203927	107219930
ENSG00000288558	7	107204414	107263764
ENSG00000075790	7	107220400	107273586
ENSG00000091137	7	107301037	107358256
ENSG00000105879	7	107383516	107402526
ENSG00000091138	7	107404662	107444077
ENSG00000091140	7	107531579	107572177
ENSG00000091136	7	107562418	107644881
ENSG00000091128	7	107663991	107770814
ENSG00000091129	7	107788066	108097163
ENSG00000135241	7	108110368	108210196
ENSG00000177683	7	108181640	108210196
ENSG00000128590	7	108210222	108215296
ENSG00000184903	7	110302698	111202575
ENSG00000173114	7	110731060	110765512
ENSG00000128512	7	111365658	111846464
ENSG00000198839	7	111846672	111996576
ENSG00000006652	7	112062940	112121074
ENSG00000288640	7	112090513	112130998
ENSG00000288634	7	112090540	112090702
ENSG00000181016	7	112120906	112131475
ENSG00000146802	7	112402388	112430772
ENSG00000164603	7	112440422	112579944
ENSG00000164604	7	112718384	112727835
ENSG00000214194	7	112755964	112758639
ENSG00000154415	7	113514384	113715977
ENSG00000128573	7	113726239	114333829
ENSG00000135272	7	114561799	114660369
ENSG00000105967	7	115575200	115799952
ENSG00000135269	7	115850545	115898975
ENSG00000105971	7	115927432	116148601
ENSG00000105974	7	116165037	116201235
ENSG00000105976	7	116312103	116438447
ENSG00000198898	7	116451122	116587979
ENSG00000004866	7	116593032	116870868
ENSG00000288635	7	116594443	116759775
ENSG00000105989	7	116913565	116963448
ENSG00000001626	7	116927172	117356027
ENSG00000154438	7	117003274	117068179
ENSG00000077063	7	117350703	117514195
ENSG00000128534	7	117824028	117844091
ENSG00000106013	7	117854721	118136227
ENSG00000184408	7	119912864	120390393
ENSG00000106025	7	120426712	120498458
ENSG00000071243	7	120590770	120617272
ENSG00000106034	7	120628542	120939757
ENSG00000002745	7	120965419	120981308
ENSG00000196937	7	120987844	121038527
ENSG00000106278	7	121513141	121702093
ENSG00000008311	7	121704635	121784545
ENSG00000128610	7	121941355	121950791
ENSG00000081803	7	121958310	122526835
ENSG00000188050	7	122337787	122339173
ENSG00000235631	7	122341720	122342978
ENSG00000128519	7	122634756	122635756
ENSG00000081800	7	122753583	122840103
ENSG00000164675	7	123092221	123175133
ENSG00000128609	7	123177049	123197960
ENSG00000146809	7	123207062	123279537
ENSG00000170807	7	123295910	123305920
ENSG00000106299	7	123321990	123389237
ENSG00000106302	7	123469007	123517537
ENSG00000106304	7	123565289	123611470
ENSG00000234224	7	123670973	123673123
ENSG00000230268	7	124116369	124117720
ENSG00000170775	7	124383937	124406155
ENSG00000128513	7	124462438	124570039
ENSG00000179603	7	126077211	126893149
ENSG00000048405	7	126986842	127071980
ENSG00000179562	7	127219103	127233667
ENSG00000004059	7	127228411	127231761
ENSG00000106328	7	127231461	127243563
ENSG00000106331	7	127250344	127258198
ENSG00000197157	7	127292175	127732663
ENSG00000128594	7	127578310	127672335
ENSG00000174697	7	127881273	127897684
ENSG00000106344	7	127918544	127984027
ENSG00000224940	7	127990377	128001996
ENSG00000106348	7	128032329	128050065
ENSG00000135245	7	128095877	128098479
ENSG00000165055	7	128116781	128146658
ENSG00000205085	7	128311745	128327933
ENSG00000135248	7	128349113	128371799
ENSG00000128595	7	128379344	128413456
ENSG00000128617	7	128411807	128415850
ENSG00000128596	7	128430802	128462191
ENSG00000128591	7	128470344	128499331
ENSG00000135253	7	128502094	128550775
ENSG00000128524	7	128502868	128505905
ENSG00000272899	7	128506382	128512103
ENSG00000128604	7	128573481	128590445
ENSG00000064419	7	128594232	128695264
ENSG00000158457	7	128784722	128817299
ENSG00000128602	7	128828340	128853389
ENSG00000158467	7	128864859	129071684
ENSG00000128578	7	129074231	129128242
ENSG00000240204	7	129142337	129152761
ENSG00000106459	7	129251526	129397523
ENSG00000186591	7	129470570	129592830
ENSG00000091732	7	129658124	129691243
ENSG00000128607	7	129710372	129775562
ENSG00000146842	7	129804551	129847612
ENSG00000165120	7	129846182	129859185
ENSG00000158516	7	129906659	129929640
ENSG00000128510	7	129932956	129964022
ENSG00000158525	7	129984654	130008573
ENSG00000091704	7	130020178	130027957
ENSG00000106477	7	130033610	130082276
ENSG00000106484	7	130126010	130146343
ENSG00000158623	7	130145392	130353597
ENSG00000213265	7	130353481	130372270
ENSG00000266265	7	130415523	130418969
ENSG00000128585	7	130794853	131181393
ENSG00000128567	7	131185011	131242978
ENSG00000221866	7	131808097	132333449
ENSG00000106554	7	132469007	132767012
ENSG00000131558	7	132937808	133751892
ENSG00000155530	7	133812050	133949349
ENSG00000205060	7	133973955	134001871
ENSG00000085662	7	134126539	134144038
ENSG00000198074	7	134212225	134226657
ENSG00000227471	7	134233688	134264629
ENSG00000172331	7	134331534	134367073
ENSG00000122786	7	134429001	134655501
ENSG00000146856	7	134671245	134832717
ENSG00000122783	7	134777113	134855773
ENSG00000146859	7	134832778	134851273
ENSG00000229974	7	134832795	134832918
ENSG00000105875	7	134868588	134896311
ENSG00000146857	7	134916729	134943420
ENSG00000080802	7	135046545	135194895
ENSG00000155561	7	135242446	135333507
ENSG00000243317	7	135347218	135386811
ENSG00000164707	7	135365977	135414008
ENSG00000189320	7	135413094	135433563
ENSG00000105887	7	135584881	135662206
ENSG00000181072	7	136553338	136705004
ENSG00000105894	7	136908450	137029106
ENSG00000157680	7	137065781	137531840
ENSG00000182158	7	137559723	137686867
ENSG00000122787	7	137687068	137803054
ENSG00000122779	7	138144936	138274770
ENSG00000157703	7	138279028	138386129
ENSG00000105929	7	138391032	138484419
ENSG00000214128	7	138482695	138523458
ENSG00000122778	7	138516124	138666832
ENSG00000146858	7	138706242	138720967
ENSG00000105939	7	138728259	138816870
ENSG00000105948	7	138818488	138876734
ENSG00000157741	7	138915100	139015175
ENSG00000164898	7	139024201	139031779
ENSG00000146963	7	139025103	139110244
ENSG00000269955	7	139026104	139107347
ENSG00000188883	7	139135369	139168467
ENSG00000236279	7	139208412	139229733
ENSG00000064393	7	139246314	139477817
ENSG00000059377	7	139476848	139720127
ENSG00000059378	7	139723540	139763146
ENSG00000006459	7	139784544	139877480
ENSG00000157800	7	139993491	140104235
ENSG00000146955	7	140103841	140127776
ENSG00000133606	7	140152831	140179354
ENSG00000146966	7	140218216	140373795
ENSG00000133597	7	140372683	140396063
ENSG00000090266	7	140390575	140423725
ENSG00000157764	7	140419125	140625001
ENSG00000090263	7	140702408	140715088
ENSG00000261115	7	140773836	141180182
ENSG00000006530	7	141251076	141357288
ENSG00000257093	7	141356526	141401987
ENSG00000214102	7	141402025	141431073
ENSG00000106028	7	141431697	141487724
ENSG00000127362	7	141463895	141464999
ENSG00000127364	7	141476472	141481493
ENSG00000127366	7	141490015	141491169
ENSG00000165076	7	141536098	141541289
ENSG00000237621	7	141586946	141587894
ENSG00000257335	7	141607611	141806549
ENSG00000258083	7	141616197	141620427
ENSG00000258227	7	141627155	141646809
ENSG00000257138	7	141672429	141673575
ENSG00000257743	7	141811516	141922126
ENSG00000258223	7	141951959	141957884
ENSG00000241657	7	142197568	142198071
ENSG00000270672	7	142374102	142375552
ENSG00000204983	7	142457317	142460925
ENSG00000106123	7	142552569	142570565
ENSG00000165125	7	142568959	142583528
ENSG00000127412	7	142601441	142630845
ENSG00000165131	7	142636438	142647004
ENSG00000197993	7	142638199	142659458
ENSG00000179468	7	142723285	142724221
ENSG00000225781	7	142749436	142750381
ENSG00000159763	7	142829168	142836841
ENSG00000236398	7	142880510	142881530
ENSG00000221937	7	142919128	142920174
ENSG00000197448	7	142941184	142969578
ENSG00000178826	7	142977028	142985335
ENSG00000106144	7	142985306	143004791
ENSG00000188037	7	143013202	143050839
ENSG00000159784	7	143050486	143059910
ENSG00000159840	7	143078167	143088206
ENSG00000146904	7	143087380	143105975
ENSG00000185899	7	143140544	143141504
ENSG00000221855	7	143174964	143175891
ENSG00000176510	7	143206347	143216564
ENSG00000271079	7	143268892	143271482
ENSG00000170379	7	143318043	143429555
ENSG00000283528	7	143336321	143344741
ENSG00000271321	7	143452180	143454791
ENSG00000198420	7	143547451	143600985
ENSG00000221910	7	143632324	143633281
ENSG00000213215	7	143651935	143694407
ENSG00000221813	7	143697411	143705888
ENSG00000221836	7	143746039	143755940
ENSG00000221933	7	143766902	143772965
ENSG00000221858	7	143783369	143796048
ENSG00000221989	7	143806674	143807634
ENSG00000221938	7	143820267	143828283
ENSG00000213214	7	143879979	143892974
ENSG00000288784	7	143880557	143883175
ENSG00000212807	7	143925335	143936700
ENSG00000243896	7	143952066	143961887
ENSG00000289604	7	143963765	143966383
ENSG00000221970	7	144009510	144019832
ENSG00000050327	7	144052379	144077727
ENSG00000106410	7	144093985	144100890
ENSG00000196511	7	144149032	144533514
ENSG00000174469	7	145813092	148118092
ENSG00000170279	7	148287856	148312954
ENSG00000055130	7	148395004	148498322
ENSG00000106462	7	148504347	148581719
ENSG00000155660	7	148700136	148725761
ENSG00000197362	7	148766581	148787878
ENSG00000204947	7	148799874	148823442
ENSG00000197024	7	148823506	148880136
ENSG00000170265	7	148892592	148923336
ENSG00000170260	7	148936740	148953049
ENSG00000204946	7	148959111	148994396
ENSG00000196453	7	149126119	149158160
ENSG00000181220	7	149169785	149194924
ENSG00000133619	7	149411870	149432025
ENSG00000181444	7	149461262	149473610
ENSG00000106479	7	149535462	149564570
ENSG00000171130	7	149570048	149624540
ENSG00000106526	7	149941003	150021017
ENSG00000127399	7	150020350	150035247
ENSG00000106538	7	150035401	150039235
ENSG00000214022	7	150065154	150071136
ENSG00000196456	7	150065877	150095724
ENSG00000284691	7	150097788	150109560
ENSG00000171115	7	150147710	150176485
ENSG00000179144	7	150211938	150218163
ENSG00000133574	7	150264328	150271602
ENSG00000133561	7	150322461	150329741
ENSG00000106560	7	150382733	150391853
ENSG00000213203	7	150413692	150421374
ENSG00000281887	7	150413754	150440736
ENSG00000196329	7	150419339	150447123
ENSG00000106565	7	150486541	150520967
ENSG00000002933	7	150496684	150502212
ENSG00000002726	7	150521713	150569555
ENSG00000055118	7	150641150	150675484
ENSG00000164867	7	150688103	150712743
ENSG00000181652	7	150709295	150721588
ENSG00000197150	7	150725507	150744871
ENSG00000213199	7	150745377	150749845
ENSG00000164885	7	150748602	150755041
ENSG00000164889	7	150754295	150773616
ENSG00000288608	7	150759013	150759067
ENSG00000164896	7	150773670	150777970
ENSG00000164897	7	150778167	150780622
ENSG00000133612	7	150782916	150841539
ENSG00000164900	7	150844754	150871834
ENSG00000146926	7	150872769	150884921
ENSG00000278685	7	150887958	150902584
ENSG00000285480	7	150904500	150907576
ENSG00000285292	7	150904921	150924254
ENSG00000033050	7	150908568	150924352
ENSG00000033100	7	150929567	150938067
ENSG00000082014	7	150935848	150974984
ENSG00000013374	7	151038788	151078185
ENSG00000187260	7	151072993	151107815
ENSG00000127377	7	151125377	151137901
ENSG00000106615	7	151163060	151217208
ENSG00000106617	7	151253094	151574650
ENSG00000106648	7	151653462	151717016
ENSG00000178234	7	151722709	151819434
ENSG00000055609	7	151832005	152133743
ENSG00000196584	7	152341854	152373288
ENSG00000133627	7	152456814	152552465
ENSG00000130226	7	153445216	154685997
ENSG00000157212	7	154735395	154794877
ENSG00000157219	7	154862027	154879104
ENSG00000186480	7	155088439	155103675
ENSG00000164778	7	155250248	155257528
ENSG00000146910	7	155266899	155348147
ENSG00000283128	7	155266949	155437102
ENSG00000184863	7	155437118	155574181
ENSG00000164690	7	155592672	155605159
ENSG00000105982	7	156432973	156470476
ENSG00000105983	7	156461638	156685921
ENSG00000146909	7	156742398	156765872
ENSG00000130675	7	156786593	156803364
ENSG00000009335	7	156931600	157062068
ENSG00000105993	7	157128073	157225670
ENSG00000155093	7	157331748	158380535
ENSG00000146918	7	158418301	158497558
ENSG00000117868	7	158523681	158622946
ENSG00000126870	7	158649235	158749440
ENSG00000106018	7	158820349	158937685
ENSG00000176269	8	116084	117026
ENSG00000172748	8	182118	215323
ENSG00000254104	8	211062	215323
ENSG00000147364	8	356426	427969
ENSG00000180190	8	401911	495783
ENSG00000104714	8	562794	688108
ENSG00000198010	8	687625	1656644
ENSG00000182372	8	1703942	1749879
ENSG00000104728	8	1771496	1906810
ENSG00000176595	8	1921680	1955105
ENSG00000036448	8	1985059	2113477
ENSG00000183117	8	2792873	4852496
ENSG00000147316	8	6264111	6506031
ENSG00000091879	8	6357151	6420959
ENSG00000155189	8	6565853	6619127
ENSG00000275591	8	6662532	6693060
ENSG00000164825	8	6728112	6735467
ENSG00000164822	8	6782217	6783600
ENSG00000164821	8	6793340	6795837
ENSG00000206047	8	6835169	6837618
ENSG00000240247	8	6854286	6856730
ENSG00000239839	8	6873388	6875883
ENSG00000164816	8	6912771	6914264
ENSG00000230045	8	7114424	7117438
ENSG00000233132	8	7122046	7125060
ENSG00000223885	8	7137290	7140304
ENSG00000215373	8	7144912	7147926
ENSG00000233295	8	7152534	7155548
ENSG00000206034	8	7170242	7177620
ENSG00000230549	8	7189907	7191503
ENSG00000236125	8	7194635	7196231
ENSG00000215372	8	7213037	7243082
ENSG00000215371	8	7230634	7235024
ENSG00000177257	8	7272375	7274387
ENSG00000177243	8	7286408	7287872
ENSG00000164871	8	7300204	7321198
ENSG00000177023	8	7327828	7332606
ENSG00000187082	8	7340024	7343924
ENSG00000186599	8	7345199	7347117
ENSG00000198129	8	7353431	7366835
ENSG00000255251	8	7397147	7399974
ENSG00000285975	8	7414220	7417236
ENSG00000285687	8	7429515	7432530
ENSG00000285765	8	7437164	7440177
ENSG00000285814	8	7572963	7575977
ENSG00000285913	8	7580611	7583625
ENSG00000285620	8	7588259	7591273
ENSG00000285937	8	7595907	7598920
ENSG00000285720	8	7603554	7606568
ENSG00000285657	8	7609090	7614216
ENSG00000285607	8	7618850	7621864
ENSG00000255378	8	7636111	7638937
ENSG00000186572	8	7669240	7673240
ENSG00000186562	8	7678524	7681404
ENSG00000186579	8	7682659	7686577
ENSG00000176782	8	7693956	7698766
ENSG00000178287	8	7705396	7726391
ENSG00000176797	8	7738912	7740187
ENSG00000171711	8	7752196	7754240
ENSG00000215356	8	7783857	7809937
ENSG00000237038	8	7829181	7830777
ENSG00000225327	8	7833913	7835509
ENSG00000205989	8	7847790	7855169
ENSG00000233115	8	7869862	7872876
ENSG00000215354	8	7877508	7880522
ENSG00000254229	8	7885156	7888170
ENSG00000268955	8	8046156	8046333
ENSG00000275342	8	8175256	8244869
ENSG00000253958	8	8559440	8563139
ENSG00000147324	8	8640862	8751160
ENSG00000104626	8	8859655	8974258
ENSG00000173281	8	8993760	9009094
ENSG00000173273	8	9413414	9639858
ENSG00000175806	8	9911617	10306582
ENSG00000253649	8	10340386	10405136
ENSG00000184647	8	10383040	10411678
ENSG00000183638	8	10463857	10569699
ENSG00000171060	8	10530136	10558107
ENSG00000171056	8	10581078	10588202
ENSG00000258724	8	10582907	10697359
ENSG00000254093	8	10621084	10697416
ENSG00000171044	8	10753399	11059344
ENSG00000215346	8	10983978	10987747
ENSG00000104643	8	11141957	11185657
ENSG00000177710	8	11188519	11189871
ENSG00000154319	8	11276709	11333419
ENSG00000136573	8	11344401	11422110
ENSG00000136574	8	11534292	11620734
ENSG00000255394	8	11618894	11620311
ENSG00000154328	8	11627140	11644857
ENSG00000079459	8	11653072	11703596
ENSG00000164733	8	11700031	11769291
ENSG00000205884	8	11831444	11832110
ENSG00000205883	8	11839763	11842101
ENSG00000205882	8	11850681	11858263
ENSG00000233050	8	11921896	11929258
ENSG00000215343	8	11946845	11973027
ENSG00000226430	8	11989924	11991610
ENSG00000223443	8	11993942	11996360
ENSG00000254866	8	12008395	12015544
ENSG00000186523	8	12039603	12051679
ENSG00000232948	8	12168469	12175827
ENSG00000145002	8	12281915	12293919
ENSG00000154359	8	12579404	12613584
ENSG00000250305	8	12803149	12889014
ENSG00000164741	8	12940868	13462121
ENSG00000164743	8	13424376	13425799
ENSG00000185053	8	13942352	15095947
ENSG00000104723	8	15274722	15647114
ENSG00000038945	8	15965385	16425001
ENSG00000078579	8	16849673	16859863
ENSG00000155970	8	16884384	16983391
ENSG00000104219	8	17013481	17083297
ENSG00000198791	8	17082473	17105237
ENSG00000155975	8	17104403	17190985
ENSG00000003987	8	17152458	17271039
ENSG00000003989	8	17354482	17428084
ENSG00000104213	8	17433940	17501582
ENSG00000129422	8	17500810	17659056
ENSG00000104760	8	17699340	17767894
ENSG00000078674	8	17780253	17887507
ENSG00000104763	8	17913499	17942509
ENSG00000171428	8	18027906	18081257
ENSG00000156006	8	18248755	18258732
ENSG00000156011	8	18384811	18942242
ENSG00000104611	8	19170821	19264173
ENSG00000147408	8	19261665	19615543
ENSG00000104613	8	19674656	19715227
ENSG00000175445	8	19759226	19825166
ENSG00000036565	8	20001695	20040719
ENSG00000147416	8	20054832	20090913
ENSG00000061337	8	20103674	20161483
ENSG00000310650	8	20112564	20112792
ENSG00000168546	8	21547908	21669884
ENSG00000147443	8	21764970	21771473
ENSG00000130227	8	21777054	21864098
ENSG00000158806	8	21881590	21894410
ENSG00000158815	8	21899897	21906322
ENSG00000158856	8	21906504	21940040
ENSG00000158863	8	21946648	21962424
ENSG00000275074	8	21958517	21966959
ENSG00000168453	8	21971553	21990908
ENSG00000288677	8	21987969	21988525
ENSG00000168476	8	21995518	21999466
ENSG00000168481	8	22004335	22014599
ENSG00000168484	8	22014424	22021994
ENSG00000168487	8	22022410	22069841
ENSG00000168490	8	22077214	22089891
ENSG00000168495	8	22102589	22112116
ENSG00000197181	8	22132821	22216095
ENSG00000104635	8	22224238	22291644
ENSG00000120910	8	22298257	22402242
ENSG00000120896	8	22402497	22433303
ENSG00000120913	8	22435569	22455540
ENSG00000248235	8	22446785	22459599
ENSG00000241852	8	22457099	22461786
ENSG00000158941	8	22462140	22478479
ENSG00000147439	8	22467801	22526663
ENSG00000179388	8	22545170	22550995
ENSG00000134020	8	22567613	22857515
ENSG00000008853	8	22844733	22878238
ENSG00000120889	8	22877644	22926636
ENSG00000284956	8	22941914	22973051
ENSG00000173535	8	22960432	22979529
ENSG00000173530	8	22993099	23021545
ENSG00000104689	8	23040634	23082660
ENSG00000147457	8	23101141	23123671
ENSG00000104679	8	23127631	23153794
ENSG00000134013	8	23154408	23282843
ENSG00000197217	8	23243294	23315237
ENSG00000147454	8	23386370	23511865
ENSG00000167034	8	23536208	23540468
ENSG00000180053	8	23559251	23564271
ENSG00000159167	8	23699440	23712330
ENSG00000042980	8	24151524	24216529
ENSG00000134028	8	24241796	24263528
ENSG00000069206	8	24298441	24384485
ENSG00000104722	8	24771269	24776613
ENSG00000277586	8	24808466	24814237
ENSG00000147459	8	25041855	25275600
ENSG00000147437	8	25276772	25282172
ENSG00000104756	8	25284969	25315994
ENSG00000184661	8	25316713	25366009
ENSG00000221818	8	25699239	25902938
ENSG00000221914	8	26149021	26230210
ENSG00000104765	8	26240545	26363154
ENSG00000240694	8	26362200	26371610
ENSG00000092964	8	26371545	26515696
ENSG00000120907	8	26605638	26724899
ENSG00000015592	8	27088392	27115994
ENSG00000104228	8	27142399	27168808
ENSG00000120899	8	27168971	27316911
ENSG00000120903	8	27317271	27337402
ENSG00000120915	8	27348290	27436193
ENSG00000120885	8	27454432	27492604
ENSG00000168077	8	27490887	27556206
ENSG00000147419	8	27590831	27630174
ENSG00000171320	8	27629464	27670159
ENSG00000168078	8	27667047	27695601
ENSG00000168079	8	27727398	27850359
ENSG00000189233	8	27878791	27941461
ENSG00000134014	8	27947188	28048675
ENSG00000168081	8	28174495	28200892
ENSG00000186918	8	28203105	28260220
ENSG00000214050	8	28205802	28347834
ENSG00000104290	8	28351506	28431786
ENSG00000012232	8	28457984	28614080
ENSG00000104299	8	28618458	28747790
ENSG00000147421	8	28747807	28922283
ENSG00000197892	8	28924793	29120643
ENSG00000120875	8	29190579	29208247
ENSG00000133872	8	29920367	29940849
ENSG00000104660	8	29952915	30034726
ENSG00000177669	8	29975947	30002187
ENSG00000104671	8	30013833	30048963
ENSG00000157110	8	30241150	30429780
ENSG00000197265	8	30435833	30518365
ENSG00000253457	8	30496074	30504779
ENSG00000104687	8	30535576	30585496
ENSG00000104691	8	30586646	30624527
ENSG00000104695	8	30631610	30671832
ENSG00000133863	8	30688939	30770542
ENSG00000172733	8	30852216	30891233
ENSG00000165392	8	30891275	31033656
ENSG00000157168	8	31496736	32713186
ENSG00000286131	8	32504719	32504911
ENSG00000172728	8	33226862	33330730
ENSG00000129696	8	33330902	33370705
ENSG00000198042	8	33342212	33358802
ENSG00000133874	8	33405270	33424690
ENSG00000133878	8	33448181	33457696
ENSG00000156687	8	35092991	35654072
ENSG00000215262	8	36641840	36793645
ENSG00000183779	8	37553260	37557539
ENSG00000147475	8	37594103	37615942
ENSG00000147471	8	37620096	37639738
ENSG00000020181	8	37641707	37702416
ENSG00000104221	8	37700784	37707431
ENSG00000156675	8	37716134	37757033
ENSG00000169154	8	37791797	37797682
ENSG00000285880	8	37791856	37823473
ENSG00000188778	8	37820506	37824134
ENSG00000187840	8	37888010	37917900
ENSG00000129691	8	37963009	38001644
ENSG00000147465	8	37996087	38008622
ENSG00000175324	8	38018952	38034250
ENSG00000156735	8	38034049	38072947
ENSG00000085788	8	38082734	38140877
ENSG00000147535	8	38120611	38127039
ENSG00000147548	8	38127220	38240541
ENSG00000165046	8	38243720	38267047
ENSG00000077782	8	38257731	38326354
ENSG00000147526	8	38585673	38710548
ENSG00000169499	8	38758540	38831433
ENSG00000169495	8	38831661	38846184
ENSG00000169490	8	38846325	38854345
ENSG00000168615	8	38854271	38962968
ENSG00000197140	8	38964507	39142438
ENSG00000168619	8	39442006	39587586
ENSG00000104755	8	39601252	39695748
ENSG00000131203	8	39759792	39786409
ENSG00000188676	8	39792131	39873913
ENSG00000176907	8	40010999	40012831
ENSG00000165061	8	40388107	40755385
ENSG00000104332	8	41119473	41167032
ENSG00000147533	8	41345717	41368616
ENSG00000147536	8	41386728	41407426
ENSG00000158669	8	41434704	41482522
ENSG00000165066	8	41502694	41508338
ENSG00000029534	8	41510737	41754332
ENSG00000083168	8	41786995	41909518
ENSG00000070718	8	42010462	42029193
ENSG00000104368	8	42032234	42065229
ENSG00000104365	8	42128818	42189980
ENSG00000070501	8	42195970	42231033
ENSG00000104371	8	42230711	42242350
ENSG00000078668	8	42249140	42265013
ENSG00000168575	8	42273965	42397675
ENSG00000176209	8	42396273	42410340
ENSG00000147432	8	42552482	42593698
ENSG00000147434	8	42607761	42651537
ENSG00000131931	8	42691390	42698509
ENSG00000120925	8	42704778	42752454
ENSG00000168172	8	42751640	42885680
ENSG00000254673	8	42873565	42932479
ENSG00000168522	8	42889335	42940938
ENSG00000185900	8	42948639	42987878
ENSG00000165102	8	42995515	43058000
ENSG00000188877	8	43147624	43218663
ENSG00000164808	8	48173158	48649586
ENSG00000221869	8	48648194	48650728
ENSG00000253729	8	48685529	48872744
ENSG00000104738	8	48872743	48891743
ENSG00000169139	8	48920968	48980085
ENSG00000034239	8	49623346	49647872
ENSG00000019549	8	49829841	49834301
ENSG00000168333	8	49966868	49988654
ENSG00000147481	8	50822347	51709254
ENSG00000147485	8	52229860	52722024
ENSG00000168300	8	52697574	52812604
ENSG00000232941	8	52730141	52730971
ENSG00000147488	8	53022973	53373545
ENSG00000196711	8	53446583	53477999
ENSG00000023287	8	53535016	53658405
ENSG00000288611	8	53828193	53856296
ENSG00000082556	8	54138282	54164302
ENSG00000047249	8	54628101	54756120
ENSG00000147509	8	54764353	54871865
ENSG00000187735	8	54879110	54935070
ENSG00000120992	8	54958925	55014597
ENSG00000137547	8	55047741	55062150
ENSG00000164736	8	55370486	55374876
ENSG00000104237	8	55421980	55784282
ENSG00000206579	8	56014586	56454615
ENSG00000167904	8	56608981	56685978
ENSG00000137574	8	56685622	56739808
ENSG00000254087	8	56792354	56926730
ENSG00000008988	8	56932591	56987136
ENSG00000172680	8	57025499	57026543
ENSG00000181690	8	57073466	57123918
ENSG00000170791	8	57124117	57131370
ENSG00000170786	8	57212562	57233337
ENSG00000181195	8	57349231	57360609
ENSG00000104331	8	57870488	57906454
ENSG00000169122	8	58906513	59116840
ENSG00000215114	8	59323905	59366188
ENSG00000167910	8	59402731	59412725
ENSG00000137575	8	59465481	59496941
ENSG00000035681	8	59495345	59572558
ENSG00000198846	8	59717969	60031871
ENSG00000178538	8	61097969	61194134
ENSG00000104388	8	61429447	61536841
ENSG00000171316	8	61591272	61780592
ENSG00000177182	8	61969715	62414206
ENSG00000198363	8	62404272	62627383
ENSG00000185942	8	63161148	63926567
ENSG00000137563	8	63927438	63951968
ENSG00000137561	8	63960696	63998758
ENSG00000185728	8	64080817	64125346
ENSG00000180828	8	65492920	65496186
ENSG00000172817	8	65499136	65711704
ENSG00000104442	8	66514687	66546454
ENSG00000066855	8	66556109	66712837
ENSG00000205268	8	66626567	66754810
ENSG00000147570	8	66933757	67015197
ENSG00000147573	8	67039105	67087987
ENSG00000147571	8	67088140	67090869
ENSG00000179041	8	67341247	67342970
ENSG00000285655	8	67342418	67357561
ENSG00000147576	8	67344692	67382706
ENSG00000285791	8	67344719	67430761
ENSG00000169085	8	67404559	67430761
ENSG00000185697	8	67474408	67526484
ENSG00000175073	8	67540720	67579500
ENSG00000288602	8	67579829	67772709
ENSG00000104205	8	67624717	67774259
ENSG00000178460	8	67782982	67834285
ENSG00000261787	8	67858724	67874863
ENSG00000178125	8	67876332	67968841
ENSG00000121022	8	67949812	67996020
ENSG00000104218	8	67974614	68109015
ENSG00000066777	8	68085744	68256198
ENSG00000165078	8	68333339	68658615
ENSG00000046889	8	68864008	69149269
ENSG00000165084	8	69242902	69731260
ENSG00000137573	8	70378851	70573172
ENSG00000137571	8	70579274	70747301
ENSG00000147596	8	70961296	70985099
ENSG00000140396	8	71022005	71368689
ENSG00000067167	8	71461398	71520818
ENSG00000147592	8	71531337	71581543
ENSG00000221947	8	71581564	71702608
ENSG00000104313	8	72109665	72504262
ENSG00000178860	8	72753172	72756738
ENSG00000104321	8	72931841	73002235
ENSG00000182674	8	73449453	73850586
ENSG00000147601	8	73920631	73960360
ENSG00000164764	8	73973659	74036325
ENSG00000274443	8	74153564	74171767
ENSG00000147604	8	74188711	74208026
ENSG00000121039	8	74206476	74237518
ENSG00000040341	8	74332224	74659945
ENSG00000258677	8	74600924	74791091
ENSG00000104343	8	74668309	74791150
ENSG00000154582	8	74842405	74884548
ENSG00000175606	8	74884670	74898751
ENSG00000154589	8	74903579	74944895
ENSG00000104369	8	75146933	75233844
ENSG00000104381	8	75232846	75430244
ENSG00000137558	8	75736711	75767266
ENSG00000121005	8	75896566	75947230
ENSG00000164749	8	76320147	76479077
ENSG00000091656	8	77593472	77779519
ENSG00000164751	8	77891032	77913282
ENSG00000171033	8	79428536	79517504
ENSG00000104427	8	79578283	79632002
ENSG00000104432	8	79587976	79717764
ENSG00000104435	8	80523152	80578412
ENSG00000164683	8	80674604	80680094
ENSG00000147586	8	80830634	80942613
ENSG00000276418	8	80831093	80993012
ENSG00000076554	8	80946978	81143469
ENSG00000205189	8	81397829	81438502
ENSG00000164684	8	81540684	81787018
ENSG00000076641	8	81880043	82024358
ENSG00000164687	8	82192500	82197968
ENSG00000147588	8	82352559	82359755
ENSG00000205186	8	82370486	82373816
ENSG00000170323	8	82387025	82395480
ENSG00000197416	8	82437207	82502376
ENSG00000133731	8	82568920	82599085
ENSG00000253598	8	82605864	82607295
ENSG00000104231	8	82613413	82645140
ENSG00000164695	8	82644681	82671752
ENSG00000104497	8	82711814	82755103
ENSG00000184672	8	85095020	85834081
ENSG00000133739	8	86019312	86058639
ENSG00000133740	8	86089340	86129389
ENSG00000176731	8	86125874	86133024
ENSG00000185015	8	86132814	86224322
ENSG00000133742	8	86239835	86291245
ENSG00000164879	8	86285663	86361276
ENSG00000104267	8	86376087	86393724
ENSG00000147614	8	86999550	87166459
ENSG00000147613	8	87059336	87100852
ENSG00000164893	8	87226290	87333377
ENSG00000123124	8	87354713	87490651
ENSG00000176623	8	87479282	87526588
ENSG00000085719	8	87526648	87573728
ENSG00000170289	8	87566203	87755905
ENSG00000176571	8	87878633	88627449
ENSG00000176566	8	88882973	88886245
ENSG00000156103	8	89044237	89340256
ENSG00000104312	8	90769959	90804077
ENSG00000164823	8	90914075	90940118
ENSG00000104320	8	90936741	91015458
ENSG00000104325	8	91013556	91084644
ENSG00000104327	8	91070834	91107705
ENSG00000180694	8	91634221	91803862
ENSG00000123119	8	91803341	91971623
ENSG00000253250	8	91970310	91997810
ENSG00000155099	8	91999787	92053237
ENSG00000155100	8	92082422	92099325
ENSG00000214954	8	92114058	92231487
ENSG00000147606	8	92221720	92410385
ENSG00000079102	8	92967198	93115644
ENSG00000205133	8	93895756	94030016
ENSG00000188343	8	94710787	94745112
ENSG00000183808	8	94740381	94753328
ENSG00000164953	8	94767066	94831464
ENSG00000164951	8	94870014	94938298
ENSG00000079112	8	95136607	95229533
ENSG00000164949	8	95261475	95274691
ENSG00000197275	8	95384186	95487364
ENSG00000265817	8	95390603	95449182
ENSG00000164944	8	95499915	95565759
ENSG00000104413	8	95652715	95719696
ENSG00000156162	8	95731903	95806066
ENSG00000164941	8	95825537	95893976
ENSG00000175305	8	95886573	95908910
ENSG00000156170	8	95907759	96128685
ENSG00000164938	8	95938198	95961630
ENSG00000175895	8	96127868	96168928
ENSG00000156172	8	96255402	96281660
ENSG00000156466	8	97154559	97173043
ENSG00000156467	8	97235173	97247851
ENSG00000156469	8	97250388	97273856
ENSG00000156471	8	97274111	97398308
ENSG00000169439	8	97505636	97625695
ENSG00000104324	8	97657208	98164266
ENSG00000180543	8	98285714	98290158
ENSG00000147649	8	98655838	98742490
ENSG00000104341	8	98787283	98866455
ENSG00000132561	8	98881066	99049586
ENSG00000156482	8	99028613	99058699
ENSG00000177459	8	99076497	99107742
ENSG00000132541	8	99097405	99129436
ENSG00000104356	8	99129512	99172407
ENSG00000104361	8	99202052	99306836
ENSG00000104375	8	99383454	99955057
ENSG00000156486	8	99439096	99445887
ENSG00000164920	8	99952342	99964566
ENSG00000132549	8	100025480	100889810
ENSG00000164919	8	100882841	100905992
ENSG00000132554	8	100973162	101143498
ENSG00000156509	8	101145577	101158056
ENSG00000147669	8	101162836	101166235
ENSG00000104450	8	101170079	101271508
ENSG00000034677	8	101246428	101348448
ENSG00000186106	8	101521978	101572019
ENSG00000174226	8	101585108	101675645
ENSG00000070756	8	101698042	101735039
ENSG00000164924	8	101926752	101965627
ENSG00000120963	8	102183440	102219315
ENSG00000083307	8	102504647	102681957
ENSG00000104490	8	102698768	103137137
ENSG00000048392	8	103216728	103251612
ENSG00000104517	8	103262831	103425113
ENSG00000155087	8	103563815	103573248
ENSG00000155090	8	103661007	103667959
ENSG00000155096	8	103836191	103906094
ENSG00000289653	8	103870272	103876090
ENSG00000155097	8	104033276	104085913
ENSG00000164929	8	104152596	104260631
ENSG00000164930	8	104310659	104345096
ENSG00000164932	8	104383723	104396045
ENSG00000164933	8	104410861	104427419
ENSG00000285982	8	104410884	104514125
ENSG00000164934	8	104426877	104456075
ENSG00000176406	8	104511864	105266928
ENSG00000147647	8	105339641	105479341
ENSG00000164935	8	105351313	105368919
ENSG00000147650	8	105499711	105601522
ENSG00000169946	8	105602959	106818043
ENSG00000164830	8	107282338	107764941
ENSG00000174429	8	107771232	107782481
ENSG00000154188	8	108261708	108510285
ENSG00000147655	8	108911542	109096021
ENSG00000104408	8	109175014	109455727
ENSG00000104412	8	109455828	109564124
ENSG00000164841	8	109619077	109799855
ENSG00000174417	8	110098812	110133796
ENSG00000120526	8	110150910	110346724
ENSG00000120533	8	110345782	110358185
ENSG00000205038	8	110374656	110549438
ENSG00000147654	8	110551848	110582303
ENSG00000289767	8	110551953	110552031
ENSG00000147642	8	110586205	110704030
ENSG00000164794	8	110975839	110988012
ENSG00000164796	8	113235155	114449170
ENSG00000104447	8	116420722	116821901
ENSG00000147677	8	117654367	117779166
ENSG00000147679	8	117778729	117862826
ENSG00000164754	8	117858171	117887165
ENSG00000205002	8	117950421	117960978
ENSG00000164756	8	117962510	118188955
ENSG00000164758	8	118532936	118552710
ENSG00000182197	8	118806727	119124140
ENSG00000177570	8	119201692	119634353
ENSG00000164761	8	119935794	119964492
ENSG00000184374	8	120007689	120125860
ENSG00000147676	8	120177271	120262145
ENSG00000136999	8	120428606	120436695
ENSG00000136960	8	120569316	120685922
ENSG00000064313	8	120743010	120845105
ENSG00000136982	8	120846182	120868264
ENSG00000155792	8	120885908	121063818
ENSG00000187955	8	121072017	121385814
ENSG00000172172	8	121392989	121457649
ENSG00000172167	8	121457628	121554375
ENSG00000172164	8	121547243	121825515
ENSG00000170961	8	122624354	122653791
ENSG00000178764	8	123793535	123986763
ENSG00000136986	8	124025408	124054648
ENSG00000156787	8	124054206	124164499
ENSG00000147689	8	124191198	124222321
ENSG00000189376	8	124230512	124253654
ENSG00000259305	8	124238427	124286526
ENSG00000165156	8	124258907	124287783
ENSG00000156802	8	124332088	124428592
ENSG00000156795	8	124428958	124482270
ENSG00000156804	8	124510127	124553515
ENSG00000175946	8	124655277	124666050
ENSG00000104537	8	124693032	124749684
ENSG00000176853	8	124780671	124827694
ENSG00000214814	8	124864225	125134431
ENSG00000164983	8	125317359	125384954
ENSG00000183665	8	125463059	125474393
ENSG00000170881	8	125486938	125500861
ENSG00000147687	8	125500724	125551701
ENSG00000147684	8	125551337	125592891
ENSG00000170873	8	125563011	125741191
ENSG00000180938	8	125985505	126004454
ENSG00000104549	8	126010707	126034538
ENSG00000164961	8	126036500	126104063
ENSG00000156831	8	126103913	126380314
ENSG00000173334	8	126442392	126451201
ENSG00000168672	8	127564682	127570731
ENSG00000212993	8	128334426	128432313
ENSG00000136997	8	128747678	128755199
ENSG00000147697	8	130760440	130798872
ENSG00000153310	8	130851837	131029752
ENSG00000153317	8	131064348	131456330
ENSG00000155897	8	131792544	132053835
ENSG00000132294	8	132916317	133025891
ENSG00000253117	8	133036461	133071634
ENSG00000258417	8	133036483	133097904
ENSG00000132297	8	133073386	133123408
ENSG00000184156	8	133133106	133493344
ENSG00000129295	8	133582379	133687870
ENSG00000165071	8	133697251	133772960
ENSG00000129292	8	133787555	133862250
ENSG00000042832	8	133879196	134147149
ENSG00000155926	8	134047628	134141462
ENSG00000104415	8	134203107	134243935
ENSG00000104419	8	134249412	134314267
ENSG00000008513	8	134467089	134584763
ENSG00000066827	8	135489492	135725420
ENSG00000131773	8	136469211	136668967
ENSG00000147724	8	139142264	139509512
ENSG00000169436	8	139600476	139926317
ENSG00000169427	8	140613079	140716391
ENSG00000167632	8	140739180	141468680
ENSG00000104472	8	141521385	141527255
ENSG00000123908	8	141530253	141645796
ENSG00000169398	8	141667997	142012317
ENSG00000105339	8	142127375	142205909
ENSG00000022567	8	142217263	142318486
ENSG00000204882	8	142366568	142377393
ENSG00000184489	8	142401595	142442558
ENSG00000226807	8	142443927	142517332
ENSG00000226490	8	142524736	142528839
ENSG00000171045	8	143293436	143484633
ENSG00000181790	8	143530789	143626372
ENSG00000198576	8	143692408	143695842
ENSG00000234616	8	143738872	143763388
ENSG00000167653	8	143751724	143764145
ENSG00000160886	8	143781404	143786610
ENSG00000130193	8	143808592	143818358
ENSG00000126233	8	143822357	143823834
ENSG00000197353	8	143831566	143834426
ENSG00000283992	8	143845750	143851248
ENSG00000284505	8	143845750	143859642
ENSG00000180155	8	143852613	143859307
ENSG00000167656	8	143866295	143867964
ENSG00000104499	8	143915585	143997924
ENSG00000160882	8	143952719	143961418
ENSG00000179142	8	143991838	143999361
ENSG00000160932	8	144094137	144105254
ENSG00000291309	8	144122254	144129776
ENSG00000261667	8	144161714	144164905
ENSG00000176956	8	144239329	144242130
ENSG00000277494	8	144294892	144299048
ENSG00000181638	8	144328164	144344877
ENSG00000264668	8	144329278	144358575
ENSG00000250571	8	144345361	144359109
ENSG00000185730	8	144371844	144382124
ENSG00000184428	8	144383621	144442151
ENSG00000158106	8	144450978	144466393
ENSG00000182759	8	144501350	144512904
ENSG00000014164	8	144519823	144623750
ENSG00000104518	8	144635375	144645234
ENSG00000204839	8	144648356	144655282
ENSG00000147813	8	144656950	144660821
ENSG00000104529	8	144661865	144681713
ENSG00000179886	8	144679999	144685396
ENSG00000104524	8	144685378	144691945
ENSG00000104522	8	144694785	144700220
ENSG00000183309	8	144717686	144738590
ENSG00000181135	8	144766620	144796070
ENSG00000255181	8	144788862	144790281
ENSG00000181085	8	144798447	144804630
ENSG00000180921	8	144806101	144822904
ENSG00000203499	8	144815678	144872817
ENSG00000180900	8	144873088	144897964
ENSG00000179950	8	144898512	144912881
ENSG00000185189	8	144915751	144923283
ENSG00000261150	8	144939495	144952638
ENSG00000178209	8	144989318	145051209
ENSG00000178685	8	145051317	145086942
ENSG00000178719	8	145064214	145069105
ENSG00000186583	8	145086580	145101935
ENSG00000178814	8	145106164	145118996
ENSG00000178896	8	145133461	145136313
ENSG00000290230	8	145133543	145139235
ENSG00000197858	8	145137238	145148054
ENSG00000179091	8	145149940	145152430
ENSG00000179526	8	145152414	145163029
ENSG00000179632	8	145158013	145162523
ENSG00000179698	8	145162627	145173233
ENSG00000235173	8	145192675	145195756
ENSG00000179832	8	145202876	145317375
ENSG00000204775	8	145317001	145331155
ENSG00000260428	8	145321347	145323386
ENSG00000187786	8	145321515	145323047
ENSG00000230567	8	145437878	145440837
ENSG00000170727	8	145486053	145515084
ENSG00000188686	8	145490547	145492472
ENSG00000185122	8	145515201	145538394
ENSG00000185000	8	145538245	145550581
ENSG00000261678	8	145554226	145560167
ENSG00000185803	8	145557617	145585109
ENSG00000261587	8	145575876	145578616
ENSG00000271698	8	145576886	145579271
ENSG00000182325	8	145579085	145583038
ENSG00000173137	8	145596788	145618460
ENSG00000071894	8	145618442	145635250
ENSG00000147804	8	145635124	145642280
ENSG00000160948	8	145648978	145654884
ENSG00000160949	8	145654144	145669873
ENSG00000187954	8	145672726	145688293
ENSG00000291316	8	145674963	145690815
ENSG00000291317	8	145689198	145692275
ENSG00000167702	8	145691321	145699587
ENSG00000160973	8	145698793	145701258
ENSG00000160972	8	145701370	145727511
ENSG00000167701	8	145727989	145732879
ENSG00000167700	8	145733644	145736702
ENSG00000160957	8	145736665	145743276
ENSG00000160959	8	145743339	145751630
ENSG00000254402	8	145747767	145752994
ENSG00000213563	8	145751115	145754518
ENSG00000147799	8	145754561	145911266
ENSG00000198169	8	145945898	145981804
ENSG00000196378	8	145995824	146014071
ENSG00000161016	8	146015148	146018889
ENSG00000197363	8	146024246	146038421
ENSG00000147789	8	146052277	146073933
ENSG00000170619	8	146063143	146079616
ENSG00000196150	8	146101880	146127604
ENSG00000170631	8	146154739	146176276
ENSG00000182307	8	146277790	146292073
ENSG00000181404	9	14467	73867
ENSG00000170122	9	116229	118419
ENSG00000172785	9	119286	179149
ENSG00000107099	9	214674	465532
ENSG00000107104	9	470287	746107
ENSG00000137090	9	841688	969092
ENSG00000064218	9	976371	991748
ENSG00000173253	9	1048998	1059535
ENSG00000080503	9	1980288	2193626
ENSG00000147852	9	2621180	2660058
ENSG00000080608	9	2715907	2844132
ENSG00000168263	9	2717508	2730039
ENSG00000080298	9	3218295	3526921
ENSG00000107249	9	3824125	4348394
ENSG00000106688	9	4490205	4587471
ENSG00000106686	9	4553384	4666676
ENSG00000205808	9	4662292	4665260
ENSG00000106993	9	4679554	4708401
ENSG00000147853	9	4709393	4742045
ENSG00000120158	9	4792879	4928574
ENSG00000096968	9	4984388	5129952
ENSG00000120210	9	4991976	5185670
ENSG00000120211	9	5231406	5235306
ENSG00000107014	9	5298696	5304718
ENSG00000107018	9	5334928	5339878
ENSG00000107020	9	5357959	5439254
ENSG00000120217	9	5450501	5470568
ENSG00000197646	9	5485743	5571284
ENSG00000107036	9	5628736	5778257
ENSG00000099219	9	5749830	5879539
ENSG00000183354	9	5881594	6008497
ENSG00000120215	9	5890871	5910608
ENSG00000137040	9	6011023	6015641
ENSG00000137033	9	6215134	6281598
ENSG00000170777	9	6328373	6331893
ENSG00000147854	9	6413149	6507058
ENSG00000178445	9	6532462	6645736
ENSG00000107077	9	6720861	7175650
ENSG00000137038	9	7796487	7888382
ENSG00000153707	9	8314244	10613004
ENSG00000107165	9	12333993	12710599
ENSG00000153714	9	12775002	12823061
ENSG00000107186	9	13100468	13279791
ENSG00000147862	9	14081840	14398984
ENSG00000175893	9	14586762	14694198
ENSG00000147869	9	14717323	14722740
ENSG00000164946	9	14734667	14910995
ENSG00000155158	9	15163618	15307360
ENSG00000164975	9	15422657	15465953
ENSG00000164985	9	15461994	15511202
ENSG00000164989	9	15552503	16061663
ENSG00000173068	9	16409499	16871942
ENSG00000044459	9	17134952	17503923
ENSG00000107295	9	17579056	17797129
ENSG00000178031	9	17906559	18910950
ENSG00000155875	9	18858902	19049358
ENSG00000155876	9	19049423	19051025
ENSG00000147874	9	19053137	19103120
ENSG00000147872	9	19108371	19149369
ENSG00000137154	9	19200283	19380299
ENSG00000137145	9	19230431	19374987
ENSG00000177076	9	19408940	19452505
ENSG00000155886	9	19507448	19789224
ENSG00000171843	9	20341665	20622527
ENSG00000188352	9	20658302	20999330
ENSG00000188921	9	20993511	21031653
ENSG00000171855	9	21077101	21077943
ENSG00000177047	9	21140629	21141833
ENSG00000137080	9	21165634	21166661
ENSG00000236637	9	21186615	21187588
ENSG00000214042	9	21201466	21202206
ENSG00000186803	9	21206178	21207144
ENSG00000147885	9	21216370	21217312
ENSG00000234829	9	21227240	21228223
ENSG00000228083	9	21238999	21240006
ENSG00000147873	9	21304323	21305314
ENSG00000198642	9	21320021	21335405
ENSG00000120235	9	21349832	21351379
ENSG00000233816	9	21367369	21368058
ENSG00000188379	9	21384252	21385399
ENSG00000120242	9	21409114	21410186
ENSG00000197919	9	21440436	21441317
ENSG00000184995	9	21480836	21482314
ENSG00000099810	9	21802611	21937652
ENSG00000147889	9	21966921	21995302
ENSG00000147883	9	22002897	22009326
ENSG00000176399	9	22446774	22468200
ENSG00000107105	9	23690095	23826352
ENSG00000205442	9	24542948	24545946
ENSG00000198680	9	25676965	25678444
ENSG00000120159	9	26837781	26892824
ENSG00000137055	9	26903355	26947495
ENSG00000096872	9	26947035	27066198
ENSG00000184434	9	26993132	27005709
ENSG00000120156	9	27109026	27232092
ENSG00000120160	9	27284650	27297150
ENSG00000120162	9	27325205	27529829
ENSG00000147896	9	27524286	27526498
ENSG00000147894	9	27535636	27573895
ENSG00000174482	9	27937613	29213913
ENSG00000122729	9	32384588	32485290
ENSG00000107201	9	32455298	32526348
ENSG00000288684	9	32455319	32552603
ENSG00000197579	9	32540540	32552611
ENSG00000235453	9	32551140	32568621
ENSG00000165264	9	32552995	32573162
ENSG00000122728	9	32629450	32635669
ENSG00000188133	9	32783531	32789201
ENSG00000137074	9	32886597	33025176
ENSG00000086061	9	33025199	33041858
ENSG00000122692	9	33041761	33081411
ENSG00000086062	9	33100489	33167399
ENSG00000122711	9	33218361	33248567
ENSG00000107262	9	33247816	33264720
ENSG00000086065	9	33264013	33282071
ENSG00000086102	9	33290424	33372467
ENSG00000165269	9	33383129	33437236
ENSG00000165272	9	33441152	33447596
ENSG00000165271	9	33461349	33473930
ENSG00000230453	9	33523518	33608848
ENSG00000010438	9	33750675	33799231
ENSG00000107341	9	33817156	33920401
ENSG00000137073	9	33921687	34049420
ENSG00000198876	9	34086380	34127399
ENSG00000165006	9	34179001	34252523
ENSG00000186638	9	34248323	34329282
ENSG00000164978	9	34329492	34343713
ENSG00000164976	9	34366619	34377150
ENSG00000164972	9	34379015	34397828
ENSG00000164970	9	34398180	34458591
ENSG00000122735	9	34457410	34520988
ENSG00000168913	9	34521039	34523174
ENSG00000122756	9	34551419	34593478
ENSG00000164967	9	34610481	34612604
ENSG00000137100	9	34613540	34620528
ENSG00000205143	9	34621044	34630502
ENSG00000147955	9	34631711	34637843
ENSG00000213930	9	34637362	34651753
ENSG00000258728	9	34646626	34661885
ENSG00000137070	9	34651577	34661901
ENSG00000213927	9	34661875	34664047
ENSG00000187186	9	34664158	34666121
ENSG00000172724	9	34689557	34691354
ENSG00000137077	9	34709000	34710166
ENSG00000205108	9	34719191	34729537
ENSG00000187791	9	34889057	34895796
ENSG00000122733	9	34957603	34982543
ENSG00000137094	9	34989636	34999402
ENSG00000174038	9	35041090	35045985
ENSG00000165280	9	35053923	35072724
ENSG00000288699	9	35065334	35074174
ENSG00000221829	9	35073788	35082443
ENSG00000165282	9	35085487	35096631
ENSG00000165283	9	35099464	35103194
ENSG00000005238	9	35104107	35116356
ENSG00000198722	9	35161824	35405338
ENSG00000198853	9	35489665	35562265
ENSG00000215187	9	35561826	35563913
ENSG00000107140	9	35605230	35610327
ENSG00000137101	9	35609960	35646809
ENSG00000137078	9	35649283	35650969
ENSG00000159884	9	35658272	35661523
ENSG00000137135	9	35658869	35675865
ENSG00000107159	9	35673893	35681158
ENSG00000198467	9	35681987	35691115
ENSG00000137076	9	35696920	35732211
ENSG00000107175	9	35732291	35738886
ENSG00000070610	9	35734572	35749985
ENSG00000107185	9	35748608	35759599
ENSG00000215183	9	35752985	35756612
ENSG00000159899	9	35790998	35809731
ENSG00000137098	9	35808040	35812271
ENSG00000137133	9	35812955	35815353
ENSG00000285645	9	35812955	35828731
ENSG00000137103	9	35814446	35865517
ENSG00000204930	9	35816386	35828746
ENSG00000168828	9	35869458	35870400
ENSG00000196196	9	35906197	35907135
ENSG00000235387	9	35909483	35937152
ENSG00000278889	9	35957103	35958153
ENSG00000243641	9	36002904	36003866
ENSG00000122707	9	36036891	36124456
ENSG00000122694	9	36136412	36163912
ENSG00000185972	9	36165746	36172383
ENSG00000122705	9	36190851	36304780
ENSG00000159921	9	36214436	36277041
ENSG00000137075	9	36336391	36487547
ENSG00000165304	9	36572069	36682130
ENSG00000196092	9	36833264	37034267
ENSG00000147905	9	37118626	37383817
ENSG00000137106	9	37422655	37463036
ENSG00000168795	9	37437682	37468849
ENSG00000137054	9	37481690	37503700
ENSG00000147912	9	37510887	37576391
ENSG00000256966	9	37512542	37592468
ENSG00000175768	9	37582641	37592618
ENSG00000255872	9	37588408	38068686
ENSG00000070601	9	37650857	37746903
ENSG00000165275	9	37753763	37780788
ENSG00000107371	9	37759229	37832116
ENSG00000122741	9	37800549	37880306
ENSG00000122696	9	37879395	37904386
ENSG00000107338	9	37915344	38069269
ENSG00000137124	9	38392618	38398660
ENSG00000137142	9	38406523	38424460
ENSG00000180071	9	38540562	38622527
ENSG00000283329	9	38694261	38720132
ENSG00000106714	9	39064705	39288610
ENSG00000204849	9	39355664	39361961
ENSG00000204848	9	39884973	39891212
ENSG00000227921	9	40028618	40032419
ENSG00000147926	9	40700289	40706539
ENSG00000274349	9	40760698	40836417
ENSG00000234214	9	41321105	41327366
ENSG00000233788	9	41500677	41506927
ENSG00000215126	9	42668606	42714964
ENSG00000204828	9	42717232	42720344
ENSG00000132498	9	43064964	43133546
ENSG00000232866	9	43135093	43135516
ENSG00000185775	9	43624505	43630732
ENSG00000154529	9	43684900	43924051
ENSG00000283378	9	43685237	43822686
ENSG00000268708	9	44325914	44326079
ENSG00000268578	9	45441271	45441544
ENSG00000204807	9	45733557	45734898
ENSG00000237198	9	46385689	46387033
ENSG00000231997	9	46389108	46391558
ENSG00000236029	9	47295853	47314324
ENSG00000234734	9	65503361	65509612
ENSG00000232833	9	67784942	67786626
ENSG00000170215	9	67792936	67794113
ENSG00000233434	9	67924789	67925212
ENSG00000196774	9	67926759	67969842
ENSG00000155282	9	67968791	67988000
ENSG00000204793	9	69199478	69202206
ENSG00000204790	9	69204536	69269664
ENSG00000196400	9	69252843	69254034
ENSG00000204788	9	69377900	69380599
ENSG00000204779	9	70175705	70178817
ENSG00000184659	9	70426621	70429733
ENSG00000147996	9	70432002	70497242
ENSG00000269337	9	70646587	70648958
ENSG00000196873	9	70846917	70914954
ENSG00000228537	9	70866133	70866574
ENSG00000187559	9	70917781	70920002
ENSG00000154330	9	70943222	71149927
ENSG00000181778	9	71149854	71155802
ENSG00000107242	9	71320099	71624109
ENSG00000187866	9	71394979	71400484
ENSG00000165059	9	71627418	71629031
ENSG00000165060	9	71650644	71693994
ENSG00000285130	9	71650661	71870105
ENSG00000119139	9	71736178	71889559
ENSG00000135063	9	71939481	72007538
ENSG00000107282	9	72042446	72287310
ENSG00000188647	9	72324436	72374983
ENSG00000204711	9	72435698	72526073
ENSG00000165072	9	72658430	72841905
ENSG00000198887	9	72873184	72969792
ENSG00000119138	9	72999500	73029575
ENSG00000083067	9	73143974	74061895
ENSG00000135048	9	74296309	74431608
ENSG00000107362	9	74474814	74526158
ENSG00000155621	9	74526362	74601791
ENSG00000204669	9	74666290	74687639
ENSG00000119125	9	74729509	74872111
ENSG00000107372	9	74965227	74980703
ENSG00000165091	9	75136522	75453215
ENSG00000165092	9	75502859	75695371
ENSG00000135046	9	75763788	75785609
ENSG00000198963	9	77112243	77308095
ENSG00000119121	9	77337409	77503012
ENSG00000135045	9	77560861	77567839
ENSG00000156017	9	77595704	77643398
ENSG00000106733	9	77675484	77703749
ENSG00000134996	9	77703335	77764907
ENSG00000099139	9	78505553	78977893
ENSG00000135002	9	79000431	79009454
ENSG00000187210	9	79034764	79266121
ENSG00000106772	9	79226290	79521509
ENSG00000204612	9	79633620	79637290
ENSG00000197969	9	79792317	80036455
ENSG00000156049	9	80037993	80264128
ENSG00000156052	9	80331011	80647418
ENSG00000148019	9	80850951	80894608
ENSG00000135069	9	80912008	80970942
ENSG00000106829	9	82186686	82341799
ENSG00000196781	9	84197226	84304598
ENSG00000189357	9	84543341	84549915
ENSG00000186788	9	84558413	84565010
ENSG00000214929	9	84603685	84610170
ENSG00000165105	9	85594503	85678172
ENSG00000172159	9	85857903	86153654
ENSG00000148057	9	86237962	86259055
ENSG00000135018	9	86272299	86323149
ENSG00000165113	9	86352794	86444433
ENSG00000165115	9	86448673	86536475
ENSG00000165118	9	86551273	86571903
ENSG00000165119	9	86581587	86596503
ENSG00000178966	9	86595268	86618995
ENSG00000197506	9	86890370	86955675
ENSG00000148053	9	87283288	87710986
ENSG00000135049	9	88161449	88357061
ENSG00000135040	9	88555915	88643433
ENSG00000135052	9	88629050	88715203
ENSG00000187753	9	88835178	88874574
ENSG00000135070	9	88849630	88898019
ENSG00000083223	9	88902638	88969727
ENSG00000180447	9	89559275	89562423
ENSG00000196730	9	90112116	90323990
ENSG00000135047	9	90338964	90346386
ENSG00000177992	9	90497790	90503820
ENSG00000230246	9	90529401	90538574
ENSG00000283205	9	90571127	90571800
ENSG00000156345	9	90579818	90589733
ENSG00000177910	9	90744218	90753392
ENSG00000106723	9	91002347	91095266
ENSG00000130045	9	91148946	91199427
ENSG00000213694	9	91605776	91620245
ENSG00000148082	9	91620684	91794987
ENSG00000123975	9	91926068	91931632
ENSG00000187742	9	91933373	91982033
ENSG00000187764	9	91975694	92113118
ENSG00000130222	9	92219852	92224692
ENSG00000165023	9	93372112	93405185
ENSG00000165025	9	93563859	93660833
ENSG00000148090	9	93976085	94124256
ENSG00000165030	9	94170651	94245877
ENSG00000169071	9	94325371	94712562
ENSG00000090054	9	94762367	94877775
ENSG00000196305	9	94972479	95056138
ENSG00000198000	9	95059638	95087920
ENSG00000188312	9	95087905	95382813
ENSG00000106809	9	95145548	95169018
ENSG00000127083	9	95174314	95186765
ENSG00000106819	9	95218473	95254492
ENSG00000106823	9	95255834	95299020
ENSG00000127080	9	95375264	95432562
ENSG00000185963	9	95473643	95527150
ENSG00000127081	9	95605451	95640334
ENSG00000127084	9	95709690	95798522
ENSG00000157303	9	95820964	95847425
ENSG00000165233	9	95858433	95875568
ENSG00000131669	9	95883775	95896896
ENSG00000165238	9	95946402	96082856
ENSG00000188938	9	96193721	96215884
ENSG00000048828	9	96213928	96328683
ENSG00000197724	9	96338646	96441883
ENSG00000131668	9	96713907	96717691
ENSG00000158079	9	96793074	96872140
ENSG00000175787	9	97021560	97086944
ENSG00000130950	9	97080478	97090928
ENSG00000148110	9	97136683	97223326
ENSG00000130957	9	97321000	97356144
ENSG00000165140	9	97363423	97402607
ENSG00000148120	9	97488884	97914077
ENSG00000158169	9	97861334	98189080
ENSG00000185920	9	98205260	98279341
ENSG00000182150	9	98633544	98883438
ENSG00000130948	9	98997586	99064503
ENSG00000285269	9	98997611	99114342
ENSG00000130958	9	99074372	99146129
ENSG00000165244	9	99148118	99180754
ENSG00000130956	9	99212378	99253620
ENSG00000081377	9	99252521	99382153
ENSG00000158122	9	99401857	99417621
ENSG00000081386	9	99516833	99540413
ENSG00000196597	9	99543673	99637907
ENSG00000188152	9	99690590	99702537
ENSG00000136943	9	99787353	99918840
ENSG00000197816	9	100069584	100141035
ENSG00000196116	9	100174254	100258409
ENSG00000136842	9	100263460	100369101
ENSG00000136925	9	100362360	100395860
ENSG00000136937	9	100395682	100439276
ENSG00000136936	9	100415419	100459692
ENSG00000178919	9	100615506	100619001
ENSG00000136932	9	100656792	100684854
ENSG00000136929	9	100689071	100707140
ENSG00000136938	9	100745406	100779363
ENSG00000106785	9	100797522	100881688
ENSG00000095380	9	100818917	100846678
ENSG00000106789	9	100883255	100955490
ENSG00000095383	9	100961279	101018711
ENSG00000136928	9	101050367	101472023
ENSG00000165138	9	101492178	101559249
ENSG00000119514	9	101569893	101613551
ENSG00000204291	9	101704960	101833401
ENSG00000106799	9	101866318	101916679
ENSG00000119523	9	101978705	101984276
ENSG00000106803	9	101984344	101992980
ENSG00000119508	9	102584127	102629175
ENSG00000136874	9	102668934	102736818
ENSG00000023318	9	102741191	102861336
ENSG00000119509	9	102860658	103069479
ENSG00000136891	9	103064060	103115241
ENSG00000066697	9	103188973	103233808
ENSG00000251349	9	103204551	103339920
ENSG00000241697	9	103235364	103339920
ENSG00000170681	9	103340313	103352301
ENSG00000148123	9	103790969	104087621
ENSG00000136881	9	104114266	104147684
ENSG00000136897	9	104148396	104160949
ENSG00000136870	9	104161122	104176460
ENSG00000136872	9	104182840	104211948
ENSG00000165152	9	104233195	104295821
ENSG00000155827	9	104296101	104325632
ENSG00000198785	9	104331632	104500938
ENSG00000188386	9	104353884	104357305
ENSG00000155833	9	105757591	105780772
ENSG00000136824	9	106855974	106906771
ENSG00000186881	9	107266542	107267505
ENSG00000148136	9	107288532	107289492
ENSG00000204246	9	107298028	107299139
ENSG00000186943	9	107331447	107332413
ENSG00000277556	9	107360736	107361696
ENSG00000276119	9	107366950	107367910
ENSG00000136839	9	107379527	107380487
ENSG00000179055	9	107456797	107457745
ENSG00000136783	9	107509943	107522652
ENSG00000165028	9	107526006	107540047
ENSG00000165029	9	107543285	107690531
ENSG00000070214	9	108006798	108202156
ENSG00000106701	9	108210075	108314716
ENSG00000106692	9	108320401	108416103
ENSG00000186051	9	108418508	108427703
ENSG00000095209	9	108456619	108538912
ENSG00000148143	9	109624565	109775917
ENSG00000119318	9	110045416	110094475
ENSG00000136826	9	110246733	110252765
ENSG00000148156	9	111616866	111618268
ENSG00000187003	9	111624544	111626038
ENSG00000070061	9	111629176	111696696
ENSG00000119328	9	111696408	111713223
ENSG00000119326	9	111704847	111775927
ENSG00000106771	9	111777413	111882257
ENSG00000260230	9	111892571	111929531
ENSG00000095203	9	111933741	112083350
ENSG00000070159	9	112137742	112260625
ENSG00000157654	9	112260603	112934794
ENSG00000188959	9	112952326	112970460
ENSG00000136810	9	113006088	113018918
ENSG00000204193	9	113065754	113100173
ENSG00000165124	9	113127526	113342452
ENSG00000030304	9	113430934	113568840
ENSG00000198121	9	113634051	113801145
ENSG00000171133	9	114089507	114092506
ENSG00000136813	9	114121280	114247027
ENSG00000173258	9	114287332	114340420
ENSG00000106853	9	114308907	114362179
ENSG00000059769	9	114393595	114416634
ENSG00000244115	9	114393664	114432511
ENSG00000242616	9	114423618	114562969
ENSG00000165181	9	114448449	114557290
ENSG00000148154	9	114659050	114697666
ENSG00000106868	9	114803055	114937817
ENSG00000119314	9	114977349	115095977
ENSG00000119471	9	115142297	115247466
ENSG00000165185	9	115249105	115431679
ENSG00000148153	9	115446204	115480431
ENSG00000148158	9	115513002	115643953
ENSG00000119457	9	115641198	115653201
ENSG00000228623	9	115750407	115774524
ENSG00000136866	9	115800655	115819084
ENSG00000136867	9	115913229	115926422
ENSG00000119321	9	115923284	115983740
ENSG00000136868	9	115983469	116029217
ENSG00000176386	9	115985289	116037884
ENSG00000136875	9	116037915	116057624
ENSG00000165188	9	116059371	116065658
ENSG00000148225	9	116075500	116102619
ENSG00000119411	9	116111793	116133515
ENSG00000119431	9	116135493	116139755
ENSG00000148218	9	116148582	116163638
ENSG00000148229	9	116169510	116173005
ENSG00000157653	9	116172332	116191972
ENSG00000138835	9	116207009	116360025
ENSG00000157657	9	116638330	116818875
ENSG00000106927	9	116822405	116843252
ENSG00000136883	9	116848404	116861652
ENSG00000196739	9	116917764	117074793
ENSG00000229314	9	117085229	117089252
ENSG00000228278	9	117092055	117096023
ENSG00000106948	9	117096434	117156687
ENSG00000095397	9	117164356	117267812
ENSG00000136888	9	117349850	117361197
ENSG00000157693	9	117373484	117408704
ENSG00000230054	9	117418580	117424656
ENSG00000230601	9	117428712	117444474
ENSG00000181634	9	117546930	117568376
ENSG00000106952	9	117655621	117692878
ENSG00000041982	9	117781852	117880538
ENSG00000182752	9	118915837	119164602
ENSG00000148219	9	119185389	120177468
ENSG00000119401	9	119449575	119464774
ENSG00000285082	9	120466433	120845971
ENSG00000136869	9	120466446	120487015
ENSG00000078725	9	121915734	122131795
ENSG00000136861	9	123151151	123342458
ENSG00000106780	9	123362947	123476753
ENSG00000119402	9	123514254	123555718
ENSG00000214654	9	123554679	123564067
ENSG00000095261	9	123577772	123605668
ENSG00000119403	9	123616698	123657183
ENSG00000056558	9	123664669	123694155
ENSG00000106804	9	123695263	123837475
ENSG00000119397	9	123836936	123940066
ENSG00000119396	9	123940409	123985294
ENSG00000148180	9	123963600	124097001
ENSG00000148175	9	124090700	124132584
ENSG00000204136	9	124207264	124275680
ENSG00000136848	9	124329334	124547811
ENSG00000175764	9	124577951	124855887
ENSG00000119421	9	124862775	124922098
ENSG00000185681	9	124922180	124962369
ENSG00000106852	9	124964854	124991907
ENSG00000119446	9	124999899	125027136
ENSG00000148187	9	125026418	125093618
ENSG00000095303	9	125132807	125158158
ENSG00000136834	9	125239235	125240207
ENSG00000197233	9	125273079	125274024
ENSG00000239590	9	125281418	125282363
ENSG00000171505	9	125288635	125289574
ENSG00000171501	9	125315389	125316495
ENSG00000171496	9	125328544	125345665
ENSG00000165202	9	125377015	125377963
ENSG00000280094	9	125390402	125419908
ENSG00000173679	9	125423843	125424929
ENSG00000171481	9	125437407	125438385
ENSG00000136939	9	125486267	125487206
ENSG00000171459	9	125504580	125513064
ENSG00000148215	9	125551210	125552176
ENSG00000136940	9	125560666	125590925
ENSG00000165204	9	125562400	125563354
ENSG00000056586	9	125606833	125667794
ENSG00000186130	9	125670330	125675614
ENSG00000171448	9	125677825	125693846
ENSG00000011454	9	125703110	125925348
ENSG00000188394	9	125795927	125800971
ENSG00000165209	9	125871771	126031383
ENSG00000148204	9	126118447	126142605
ENSG00000119522	9	126141925	126692435
ENSG00000106689	9	126763947	126795582
ENSG00000119408	9	127019883	127175064
ENSG00000136930	9	127115276	127177757
ENSG00000180264	9	127212721	127240870
ENSG00000136931	9	127243508	127269737
ENSG00000148200	9	127279552	127533630
ENSG00000185585	9	127539376	127577990
ENSG00000136918	9	127615543	127621877
ENSG00000136942	9	127620150	127624298
ENSG00000136950	9	127624386	127640031
ENSG00000136935	9	127640552	127710773
ENSG00000173611	9	127704885	127905863
ENSG00000119414	9	127907285	127952220
ENSG00000136933	9	127951463	127996442
ENSG00000044574	9	127997017	128023996
ENSG00000165219	9	128024057	128129488
ENSG00000119487	9	128199658	128469547
ENSG00000167081	9	128508960	128729660
ENSG00000196814	9	129088771	129269328
ENSG00000136944	9	129376200	129463313
ENSG00000169155	9	129567265	129600491
ENSG00000177125	9	129622903	129648159
ENSG00000136828	9	129677038	129985447
ENSG00000136859	9	129849610	129885067
ENSG00000136895	9	129986542	130155964
ENSG00000136856	9	130159408	130170705
ENSG00000196152	9	130186651	130212009
ENSG00000197958	9	130209699	130214375
ENSG00000148356	9	130213746	130265784
ENSG00000136830	9	130267616	130341330
ENSG00000136854	9	130341647	130458308
ENSG00000187024	9	130452379	130487166
ENSG00000160401	9	130469256	130478283
ENSG00000167094	9	130478351	130493871
ENSG00000160404	9	130493793	130497636
ENSG00000095370	9	130500594	130541052
ENSG00000136807	9	130547529	130555152
ENSG00000136877	9	130556874	130577346
ENSG00000106991	9	130573407	130617513
ENSG00000106992	9	130628712	130640839
ENSG00000257524	9	130630127	130668303
ENSG00000160408	9	130647597	130668913
ENSG00000136840	9	130669196	130679338
ENSG00000167103	9	130683158	130693104
ENSG00000136908	9	130697367	130700160
ENSG00000167106	9	130701768	130743356
ENSG00000171169	9	130823510	130830487
ENSG00000148339	9	130830446	130871526
ENSG00000148334	9	130882970	130890743
ENSG00000148346	9	130911348	130915735
ENSG00000171159	9	130922496	130926209
ENSG00000148337	9	130923510	130966763
ENSG00000106976	9	130953932	131017535
ENSG00000167110	9	131018106	131038317
ENSG00000175854	9	131037656	131078404
ENSG00000167112	9	131067436	131085022
ENSG00000167113	9	131084760	131096354
ENSG00000167114	9	131102752	131125564
ENSG00000167118	9	131133618	131154298
ENSG00000167123	9	131173852	131199643
ENSG00000136811	9	131217458	131264443
ENSG00000119392	9	131266932	131306155
ENSG00000197694	9	131314835	131395944
ENSG00000119333	9	131395923	131419128
ENSG00000119335	9	131445701	131458681
ENSG00000160447	9	131464766	131483205
ENSG00000160446	9	131483139	131486427
ENSG00000160445	9	131492062	131534695
ENSG00000107021	9	131549504	131572713
ENSG00000167136	9	131580728	131584964
ENSG00000198917	9	131581928	131592119
ENSG00000286112	9	131581940	131644212
ENSG00000171097	9	131595214	131644837
ENSG00000136802	9	131644397	131680323
ENSG00000175287	9	131683243	131704332
ENSG00000251184	9	131703755	131719302
ENSG00000175283	9	131707807	131709884
ENSG00000095319	9	131709958	131770117
ENSG00000148341	9	131755065	131790650
ENSG00000148343	9	131798891	131834375
ENSG00000167130	9	131843374	131853442
ENSG00000095321	9	131855090	131873594
ENSG00000119383	9	131872827	131911227
ENSG00000235007	9	131901690	132022856
ENSG00000188483	9	131937829	131940542
ENSG00000148335	9	132350087	132399025
ENSG00000179058	9	132374502	132383382
ENSG00000148331	9	132396878	132404644
ENSG00000167157	9	132427801	132484955
ENSG00000148344	9	132500608	132515359
ENSG00000136816	9	132565408	132575921
ENSG00000136827	9	132575219	132586528
ENSG00000136819	9	132589471	132598144
ENSG00000136878	9	132596975	132644123
ENSG00000187239	9	132649456	132805524
ENSG00000148358	9	132815703	132902450
ENSG00000107130	9	132934592	133000018
ENSG00000148357	9	133046880	133309512
ENSG00000215428	9	133274027	133282641
ENSG00000130707	9	133318667	133377750
ENSG00000107164	9	133454350	133513743
ENSG00000130711	9	133539979	133558375
ENSG00000130713	9	133569106	133582997
ENSG00000097007	9	133588428	133763064
ENSG00000288570	9	133589011	133589113
ENSG00000188710	9	133768092	133772201
ENSG00000130720	9	133775579	133816621
ENSG00000050555	9	133884263	133969862
ENSG00000126878	9	133971831	133998632
ENSG00000126883	9	134000253	134110056
ENSG00000126882	9	134133461	134153583
ENSG00000160539	9	134164844	134234411
ENSG00000288701	9	134249021	134375586
ENSG00000291303	9	134305514	134305607
ENSG00000288841	9	134308144	134321862
ENSG00000130714	9	134378174	134399195
ENSG00000130717	9	134399141	134406678
ENSG00000283526	9	134420905	134436282
ENSG00000107263	9	134452143	134615523
ENSG00000160563	9	134717490	134955285
ENSG00000196358	9	135036405	135119917
ENSG00000107290	9	135136741	135230506
ENSG00000125482	9	135250882	135282242
ENSG00000188523	9	135285428	135448708
ENSG00000125485	9	135412384	135545790
ENSG00000125492	9	135457456	135467040
ENSG00000125484	9	135545408	135570342
ENSG00000165695	9	135600958	135754166
ENSG00000165698	9	135753412	135765705
ENSG00000165699	9	135766733	135822263
ENSG00000165702	9	135819385	135867076
ENSG00000148308	9	135906060	135933892
ENSG00000170835	9	135937366	135947250
ENSG00000160271	9	135973042	136024829
ENSG00000285245	9	135973506	136039303
ENSG00000148288	9	136026405	136039634
ENSG00000171102	9	136080662	136084698
ENSG00000175164	9	136108663	136151442
ENSG00000148296	9	136195518	136203128
ENSG00000148297	9	136205147	136214997
ENSG00000148303	9	136214803	136218292
ENSG00000148290	9	136217922	136223554
ENSG00000148291	9	136223394	136229795
ENSG00000148248	9	136228324	136243106
ENSG00000198870	9	136243201	136271222
ENSG00000148300	9	136271148	136283218
ENSG00000160323	9	136279476	136324526
ENSG00000160325	9	136325085	136335972
ENSG00000160326	9	136327173	136344272
ENSG00000187616	9	136379706	136393736
ENSG00000197859	9	136397284	136440646
ENSG00000196990	9	136442196	136474544
ENSG00000123454	9	136499576	136524453
ENSG00000123453	9	136528648	136605100
ENSG00000160293	9	136627012	136857978
ENSG00000235106	9	136890549	136899790
ENSG00000169925	9	136895425	136933684
ENSG00000196363	9	136999466	137025095
ENSG00000186350	9	137208942	137332433
ENSG00000130635	9	137533568	137736691
ENSG00000160339	9	137772542	137782520
ENSG00000085265	9	137795076	137809830
ENSG00000130558	9	137967105	138013028
ENSG00000196422	9	138370917	138380745
ENSG00000160345	9	138386365	138393604
ENSG00000122140	9	138391814	138396524
ENSG00000160349	9	138413282	138418388
ENSG00000122136	9	138437348	138441817
ENSG00000122133	9	138453594	138458803
ENSG00000236543	9	138496189	138511741
ENSG00000204007	9	138515492	138533064
ENSG00000148386	9	138555153	138558809
ENSG00000165643	9	138585251	138596346
ENSG00000107147	9	138594017	138687356
ENSG00000130559	9	138700331	138799439
ENSG00000130560	9	138816505	138853248
ENSG00000148411	9	138898381	138987175
ENSG00000238227	9	139004911	139010794
ENSG00000107187	9	139088094	139096976
ENSG00000165661	9	139098176	139137679
ENSG00000160360	9	139221879	139254062
ENSG00000213221	9	139253930	139258227
ENSG00000289701	9	139256354	139268098
ENSG00000187796	9	139258406	139268137
ENSG00000165684	9	139270017	139294680
ENSG00000165689	9	139296372	139305075
ENSG00000165688	9	139305080	139322460
ENSG00000148384	9	139323065	139334336
ENSG00000148396	9	139334546	139378297
ENSG00000148400	9	139388883	139440502
ENSG00000172889	9	139552734	139567138
ENSG00000169692	9	139567592	139581937
ENSG00000165716	9	139606752	139619196
ENSG00000187922	9	139632617	139637810
ENSG00000204003	9	139632617	139642907
ENSG00000267206	9	139638467	139642985
ENSG00000204001	9	139648836	139652997
ENSG00000177984	9	139654084	139660709
ENSG00000244187	9	139685753	139687771
ENSG00000272896	9	139685829	139695049
ENSG00000213213	9	139690788	139702195
ENSG00000196642	9	139702298	139735641
ENSG00000232434	9	139736928	139743255
ENSG00000054148	9	139742444	139745497
ENSG00000177943	9	139745393	139755256
ENSG00000107223	9	139756563	139760797
ENSG00000127191	9	139776353	139823675
ENSG00000159069	9	139832881	139844576
ENSG00000176919	9	139836982	139841434
ENSG00000184925	9	139843841	139850989
ENSG00000107317	9	139869503	139876204
ENSG00000284341	9	139871968	139879889
ENSG00000214402	9	139876354	139880864
ENSG00000310560	9	139886850	139888528
ENSG00000169583	9	139889058	139891183
ENSG00000107331	9	139901676	139923369
ENSG00000180549	9	139924624	139927279
ENSG00000279073	9	139925691	139934890
ENSG00000107281	9	139932027	139941154
ENSG00000054179	9	139942557	139948523
ENSG00000186193	9	139956577	139965047
ENSG00000197355	9	139971920	139978998
ENSG00000177239	9	139980367	140003643
ENSG00000176978	9	140004990	140012763
ENSG00000176884	9	140032796	140063219
ENSG00000184709	9	140063208	140064512
ENSG00000261793	9	140063304	140066438
ENSG00000185863	9	140065308	140066510
ENSG00000176248	9	140069234	140083482
ENSG00000176101	9	140083090	140084825
ENSG00000176058	9	140086067	140098647
ENSG00000187713	9	140098532	140100102
ENSG00000188566	9	140100112	140113825
ENSG00000284976	9	140111944	140113815
ENSG00000212864	9	140114027	140116766
ENSG00000197191	9	140119624	140120769
ENSG00000233198	9	140121358	140124094
ENSG00000198569	9	140125207	140131009
ENSG00000188229	9	140135728	140138167
ENSG00000188163	9	140138034	140142224
ENSG00000197768	9	140145058	140147937
ENSG00000188986	9	140149660	140167996
ENSG00000198113	9	140169304	140177095
ENSG00000198435	9	140194081	140196725
ENSG00000187609	9	140201344	140318365
ENSG00000188747	9	140317202	140328905
ENSG00000188833	9	140328812	140336335
ENSG00000165802	9	140342020	140354030
ENSG00000130653	9	140354402	140445014
ENSG00000182154	9	140444874	140447009
ENSG00000148399	9	140448886	140473390
ENSG00000165724	9	140476516	140484974
ENSG00000197070	9	140500069	140512313
ENSG00000181090	9	140513351	140764470
ENSG00000148408	9	140772232	141019078
ENSG00000261456	10	92826	120105
ENSG00000015171	10	176026	300713
ENSG00000151240	10	320139	735879
ENSG00000107929	10	849849	977763
ENSG00000107937	10	1034347	1065943
ENSG00000148377	10	1064846	1071803
ENSG00000067064	10	1083670	1095306
ENSG00000047056	10	1095203	1206933
ENSG00000185736	10	1223246	1779721
ENSG00000067057	10	3108523	3183137
ENSG00000107959	10	3179918	3215035
ENSG00000067082	10	3818186	3827475
ENSG00000165568	10	4828819	4890256
ENSG00000187134	10	4986300	5025477
ENSG00000151632	10	5011986	5060225
ENSG00000196139	10	5077544	5150438
ENSG00000264006	10	5163954	5227155
ENSG00000198610	10	5237423	5262573
ENSG00000178473	10	5406927	5416657
ENSG00000178462	10	5435062	5446797
ENSG00000173848	10	5454504	5501023
ENSG00000178372	10	5540658	5541535
ENSG00000178363	10	5566922	5568736
ENSG00000196372	10	5680817	5708592
ENSG00000108021	10	5726692	5807687
ENSG00000057608	10	5805544	5884097
ENSG00000134461	10	5902895	5931959
ENSG00000134452	10	5932125	5979589
ENSG00000134470	10	5985466	6020152
ENSG00000134460	10	6052650	6104335
ENSG00000134453	10	6128859	6159422
ENSG00000170525	10	6186846	6296609
ENSG00000065675	10	6469096	6622819
ENSG00000198879	10	7200584	7453461
ENSG00000123243	10	7601230	7708986
ENSG00000151655	10	7741347	7800640
ENSG00000151657	10	7792923	7829966
ENSG00000165629	10	7830053	7849876
ENSG00000165632	10	7860458	8058596
ENSG00000107485	10	8087173	8117790
ENSG00000048740	10	10840358	11378676
ENSG00000148429	10	11502325	11653808
ENSG00000134463	10	11784354	11809363
ENSG00000148426	10	11865336	11914278
ENSG00000151461	10	11962017	12085171
ENSG00000181192	10	12110923	12167947
ENSG00000065665	10	12171634	12211962
ENSG00000165609	10	12206841	12238156
ENSG00000151465	10	12237907	12292596
ENSG00000183049	10	12391510	12877547
ENSG00000151468	10	12938623	13141654
ENSG00000123240	10	13141440	13201482
ENSG00000065328	10	13203524	13253112
ENSG00000165623	10	13262607	13276430
ENSG00000107537	10	13318852	13344414
ENSG00000086475	10	13359423	13390598
ENSG00000165626	10	13480482	13571289
ENSG00000165630	10	13628920	13710447
ENSG00000151474	10	13685704	14504143
ENSG00000065809	10	14560554	14816898
ENSG00000185267	10	14859772	14880576
ENSG00000187522	10	14880161	14913853
ENSG00000284024	10	14880161	14889000
ENSG00000152455	10	14920320	14948332
ENSG00000152457	10	14939356	14996433
ENSG00000197889	10	14996187	15030051
ENSG00000152463	10	15074224	15115854
ENSG00000176244	10	15115035	15130803
ENSG00000152464	10	15139070	15181819
ENSG00000152465	10	15144581	15210725
ENSG00000148468	10	15253321	15413310
ENSG00000077943	10	15555951	15762360
ENSG00000148481	10	15818912	15902554
ENSG00000165983	10	16478937	16557221
ENSG00000165985	10	16552760	16563886
ENSG00000148484	10	16609273	16859604
ENSG00000107611	10	16865963	17171971
ENSG00000107614	10	17179333	17244055
ENSG00000026025	10	17270238	17279596
ENSG00000148488	10	17357413	17496682
ENSG00000165996	10	17630298	17659567
ENSG00000136738	10	17686121	17777902
ENSG00000148483	10	17794198	17842869
ENSG00000183748	10	17851360	17953180
ENSG00000120586	10	18098350	18200093
ENSG00000148482	10	18240752	18332223
ENSG00000165995	10	18429249	18832488
ENSG00000241058	10	18831828	18948216
ENSG00000165997	10	18948231	18970571
ENSG00000204740	10	19337726	20079332
ENSG00000120594	10	20104870	20578787
ENSG00000078114	10	21068900	21581942
ENSG00000180592	10	21802402	21815299
ENSG00000078403	10	21813511	22032561
ENSG00000136770	10	22045462	22292700
ENSG00000223601	10	22497402	22506949
ENSG00000148444	10	22604907	22609361
ENSG00000269897	10	22605315	22618473
ENSG00000168283	10	22609985	22620616
ENSG00000077327	10	22634372	22743155
ENSG00000150867	10	22823781	23003525
ENSG00000165309	10	23216940	23327454
ENSG00000148450	10	23384405	23429052
ENSG00000168267	10	23481232	23483176
ENSG00000179133	10	23491623	23633776
ENSG00000165312	10	23728002	23731308
ENSG00000120549	10	23983673	24836779
ENSG00000107863	10	24872536	25012928
ENSG00000099256	10	25099652	25241698
ENSG00000151023	10	25270906	25351260
ENSG00000185875	10	25305501	25315790
ENSG00000151025	10	25463661	25891160
ENSG00000095777	10	26223125	26501464
ENSG00000136750	10	26505178	26593489
ENSG00000077420	10	26727087	26857380
ENSG00000148459	10	26986368	27035729
ENSG00000136754	10	27034193	27150025
ENSG00000107890	10	27262720	27389451
ENSG00000136758	10	27396704	27444197
ENSG00000120539	10	27443352	27476884
ENSG00000107897	10	27457062	27531977
ENSG00000182077	10	27686048	27703299
ENSG00000099246	10	27793101	27834048
ENSG00000150051	10	27961801	28035325
ENSG00000169126	10	28064113	28288463
ENSG00000150054	10	28339920	28624221
ENSG00000095787	10	28821420	28912043
ENSG00000095739	10	28966437	28973821
ENSG00000120563	10	29577988	29607259
ENSG00000197321	10	29746259	30026054
ENSG00000165757	10	30301730	30404425
ENSG00000107951	10	30598728	30663379
ENSG00000107968	10	30722146	30751279
ENSG00000151033	10	30895148	30918693
ENSG00000183621	10	31109134	31321041
ENSG00000148516	10	31607422	31818744
ENSG00000165322	10	32094324	32217806
ENSG00000170759	10	32297927	32345384
ENSG00000120616	10	32556586	32667737
ENSG00000216937	10	32735029	33171804
ENSG00000150093	10	33039236	33294722
ENSG00000099250	10	33466418	33625192
ENSG00000148498	10	34398486	35104354
ENSG00000108094	10	35297391	35415936
ENSG00000095794	10	35415717	35501888
ENSG00000108100	10	35535951	35861599
ENSG00000177291	10	35894267	35897865
ENSG00000177283	10	35927173	35931226
ENSG00000148513	10	37414520	37521497
ENSG00000198105	10	38062497	38147037
ENSG00000175395	10	38205905	38265588
ENSG00000189180	10	38299221	38374021
ENSG00000075407	10	38383196	38439223
ENSG00000283930	10	38383294	38649028
ENSG00000225119	10	38717072	38736822
ENSG00000196693	10	43068402	43134313
ENSG00000165733	10	43278082	43330387
ENSG00000165731	10	43572472	43625801
ENSG00000169826	10	43633277	43680809
ENSG00000198915	10	43689979	43762532
ENSG00000150201	10	43867081	43871785
ENSG00000169813	10	43880652	43932545
ENSG00000243660	10	43932276	43978631
ENSG00000196793	10	44047643	44070073
ENSG00000198298	10	44101859	44117156
ENSG00000169740	10	44139305	44144817
ENSG00000107562	10	44865605	44881943
ENSG00000187783	10	45406661	45432460
ENSG00000107551	10	45454853	45491456
ENSG00000165507	10	45466427	45474266
ENSG00000165512	10	45495708	45502656
ENSG00000256574	10	45797741	45811058
ENSG00000012779	10	45869596	45941571
ENSG00000165406	10	45950031	46090381
ENSG00000172671	10	46108820	46168497
ENSG00000172661	10	46222639	46288417
ENSG00000188234	10	46321040	46349325
ENSG00000204179	10	46549953	46641047
ENSG00000204176	10	46952508	46971402
ENSG00000277758	10	46952509	46971402
ENSG00000204175	10	46992046	47007883
ENSG00000204174	10	47079025	47092105
ENSG00000264717	10	47083455	47090865
ENSG00000150165	10	47157981	47174095
ENSG00000189090	10	47177202	47181683
ENSG00000204172	10	47191842	47239740
ENSG00000274209	10	47657579	47701965
ENSG00000186807	10	47746934	47763043
ENSG00000215033	10	47746960	47770873
ENSG00000152726	10	47894021	47949414
ENSG00000072444	10	48001601	48055020
ENSG00000197910	10	48247667	48252145
ENSG00000265190	10	48255185	48279202
ENSG00000215020	10	48255277	48279201
ENSG00000265763	10	48355029	48382844
ENSG00000265203	10	48381479	48391001
ENSG00000263761	10	48411768	48416913
ENSG00000266524	10	48425780	48439304
ENSG00000183675	10	48736872	48827968
ENSG00000276430	10	49203351	49207832
ENSG00000170324	10	49361129	49482958
ENSG00000107643	10	49514678	49647405
ENSG00000128805	10	49637923	49864312
ENSG00000128815	10	49892868	50191006
ENSG00000165383	10	50117523	50147887
ENSG00000165633	10	50222279	50323602
ENSG00000172538	10	50339197	50342068
ENSG00000204161	10	50361796	50396632
ENSG00000177354	10	50507180	50537971
ENSG00000165606	10	50572108	50606532
ENSG00000225830	10	50662212	50747586
ENSG00000070748	10	50817139	50875990
ENSG00000187714	10	50818354	50820768
ENSG00000178645	10	50887682	50918309
ENSG00000197444	10	50929430	50970440
ENSG00000227345	10	51026323	51130717
ENSG00000174196	10	51187936	51192034
ENSG00000174194	10	51224679	51371323
ENSG00000204152	10	51371388	51387770
ENSG00000263639	10	51547640	51562517
ENSG00000266412	10	51565150	51590957
ENSG00000265354	10	51589019	51623362
ENSG00000204149	10	51741948	51771416
ENSG00000099290	10	51827639	51896340
ENSG00000188611	10	51942536	52039482
ENSG00000198964	10	52065344	52384951
ENSG00000204147	10	52499076	52576257
ENSG00000148584	10	52559167	52645478
ENSG00000185532	10	52750646	54058185
ENSG00000177613	10	53455244	53459357
ENSG00000107984	10	54074032	54077804
ENSG00000165471	10	54517833	54532771
ENSG00000150275	10	55562529	57387704
ENSG00000122952	10	58112469	58121155
ENSG00000151151	10	59951276	60027722
ENSG00000122873	10	60028871	60050929
ENSG00000072401	10	60094732	60131282
ENSG00000108064	10	60145103	60161468
ENSG00000122870	10	60272514	60591197
ENSG00000165443	10	60936346	61007704
ENSG00000148541	10	61005569	61122941
ENSG00000165449	10	61409026	61495762
ENSG00000227877	10	61496448	61530705
ENSG00000108091	10	61548503	61666799
ENSG00000151150	10	61786054	62493295
ENSG00000170312	10	62538068	62556106
ENSG00000072422	10	62629194	62761214
ENSG00000196932	10	63166395	63213150
ENSG00000183346	10	63422676	63527139
ENSG00000150347	10	63661003	63856705
ENSG00000182010	10	63940563	64028661
ENSG00000138311	10	64133846	64242016
ENSG00000285837	10	64133949	64431773
ENSG00000181915	10	64564478	64568241
ENSG00000122877	10	64571754	64578929
ENSG00000148572	10	64893005	64916642
ENSG00000171988	10	64926979	65281612
ENSG00000165476	10	65281089	65384890
ENSG00000183230	10	67672213	69523397
ENSG00000198739	10	68685785	68861311
ENSG00000289325	10	68686064	68686106
ENSG00000108176	10	69556421	69609955
ENSG00000096717	10	69644403	69678151
ENSG00000148634	10	69681654	69835112
ENSG00000138347	10	69847652	69971776
ENSG00000179774	10	69990350	69991872
ENSG00000108187	10	70021769	70093873
ENSG00000096746	10	70090929	70103761
ENSG00000204130	10	70100862	70167140
ENSG00000138346	10	70173816	70231880
ENSG00000122912	10	70232834	70287298
ENSG00000138336	10	70320040	70457822
ENSG00000060339	10	70480767	70553667
ENSG00000165730	10	70586954	70655206
ENSG00000107625	10	70660953	70707106
ENSG00000165732	10	70715889	70745175
ENSG00000198954	10	70748486	70803302
ENSG00000122862	10	70847333	70865454
ENSG00000122958	10	70883266	70934170
ENSG00000156502	10	70939988	70968866
ENSG00000156510	10	70980046	71027327
ENSG00000156515	10	71029738	71163255
ENSG00000075073	10	71162639	71176681
ENSG00000099282	10	71210904	71267434
ENSG00000122859	10	71331239	71333269
ENSG00000171224	10	71389982	71393372
ENSG00000197467	10	71561629	71724033
ENSG00000099284	10	71812298	71872040
ENSG00000042286	10	71814415	71893027
ENSG00000156521	10	71897732	71906478
ENSG00000079332	10	71907043	71946042
ENSG00000180817	10	71962585	71993669
ENSG00000148734	10	72007083	72043769
ENSG00000172731	10	72058724	72142408
ENSG00000148730	10	72163884	72188376
ENSG00000156574	10	72191690	72207709
ENSG00000107719	10	72237412	72428512
ENSG00000180644	10	72356155	72362546
ENSG00000138316	10	72432121	72522199
ENSG00000166220	10	72530992	72545159
ENSG00000166224	10	72575653	72718480
ENSG00000166228	10	72642035	72648375
ENSG00000107731	10	72972278	73062644
ENSG00000198246	10	73078987	73141182
ENSG00000107736	10	73156639	73575706
ENSG00000214688	10	73471456	73497597
ENSG00000107738	10	73507311	73533367
ENSG00000197746	10	73575781	73611147
ENSG00000122863	10	73723294	73778907
ENSG00000107742	10	73818772	73848792
ENSG00000138303	10	73851909	73977413
ENSG00000166295	10	73975407	73995620
ENSG00000168209	10	74033676	74035796
ENSG00000148719	10	74092586	74114927
ENSG00000107745	10	74115053	74385894
ENSG00000156026	10	74451844	74647454
ENSG00000138315	10	74653329	74692796
ENSG00000138308	10	74672897	74714645
ENSG00000122884	10	74765567	74856868
ENSG00000122882	10	74861683	74928815
ENSG00000166321	10	74870131	74891588
ENSG00000138286	10	74927874	75004264
ENSG00000213551	10	74943118	75007079
ENSG00000182180	10	75008516	75012453
ENSG00000156042	10	75013518	75118628
ENSG00000138279	10	75124783	75174491
ENSG00000166343	10	75183335	75193327
ENSG00000107758	10	75196174	75255794
ENSG00000166348	10	75257294	75385877
ENSG00000177791	10	75391312	75401863
ENSG00000166317	10	75404637	75423563
ENSG00000172650	10	75434032	75457869
ENSG00000176986	10	75504104	75531933
ENSG00000196968	10	75532027	75540011
ENSG00000172586	10	75541795	75543412
ENSG00000214655	10	75545305	75561557
ENSG00000272916	10	75556270	75571411
ENSG00000166507	10	75561496	75571723
ENSG00000148660	10	75572257	75634401
ENSG00000122861	10	75668933	75677261
ENSG00000035403	10	75754949	75882833
ENSG00000185009	10	75879874	75910815
ENSG00000156110	10	75910941	76469723
ENSG00000156650	10	76584668	76792391
ENSG00000188716	10	76797228	76833415
ENSG00000293543	10	76854183	76869011
ENSG00000079393	10	76854188	76866259
ENSG00000293542	10	76854188	76868966
ENSG00000156671	10	76859342	76941888
ENSG00000165637	10	76969734	76991223
ENSG00000165644	10	76990065	76995848
ENSG00000165655	10	77157586	77162159
ENSG00000148655	10	77191202	78319928
ENSG00000156113	10	78629357	79398668
ENSG00000151208	10	79550534	79686980
ENSG00000148606	10	79712904	79789311
ENSG00000138326	10	79793479	79816573
ENSG00000108175	10	80828659	81076309
ENSG00000108179	10	81107215	81115108
ENSG00000165424	10	81111061	81205431
ENSG00000253626	10	81272287	81276198
ENSG00000185303	10	81315515	81371679
ENSG00000122852	10	81319141	81409466
ENSG00000188199	10	81462981	81474439
ENSG00000228570	10	81586493	81610636
ENSG00000133661	10	81696177	81743754
ENSG00000133678	10	81838395	81852620
ENSG00000189129	10	81891436	81906802
ENSG00000122359	10	81910643	81965471
ENSG00000151224	10	82029534	82049908
ENSG00000170788	10	82095859	82116518
ENSG00000133665	10	82104484	82128949
ENSG00000122378	10	82166197	82196873
ENSG00000108219	10	82213629	82292936
ENSG00000178217	10	82297656	82406318
ENSG00000185737	10	83634332	84746937
ENSG00000165678	10	85899236	85914599
ENSG00000188373	10	85933513	85945052
ENSG00000148600	10	85954268	85981447
ENSG00000204033	10	85980325	85985302
ENSG00000148602	10	85988627	86001304
ENSG00000148604	10	85990420	86020395
ENSG00000107771	10	86088296	86278279
ENSG00000182771	10	87359307	88126568
ENSG00000062650	10	88195011	88281602
ENSG00000122375	10	88414273	88426219
ENSG00000289258	10	88414273	88459779
ENSG00000122367	10	88426419	88496662
ENSG00000107779	10	88515506	88692584
ENSG00000173269	10	88695295	88729240
ENSG00000173267	10	88715508	88723023
ENSG00000148671	10	88728187	88767681
ENSG00000188100	10	88779993	88820368
ENSG00000148672	10	88809957	88855164
ENSG00000122376	10	88853761	88951237
ENSG00000184923	10	88985203	88996667
ENSG00000214562	10	89117475	89130454
ENSG00000107789	10	89264614	89314853
ENSG00000198682	10	89419368	89507467
ENSG00000138138	10	89504399	89602114
ENSG00000227268	10	89618913	89623292
ENSG00000171862	10	89622393	89731689
ENSG00000289051	10	89623314	89623413
ENSG00000184719	10	90033306	90344289
ENSG00000204022	10	90346508	90367639
ENSG00000182333	10	90424196	90438573
ENSG00000204021	10	90466004	90512535
ENSG00000204020	10	90519737	90539385
ENSG00000173239	10	90562485	90580305
ENSG00000152766	10	90579651	90611699
ENSG00000138134	10	90639118	90734912
ENSG00000107796	10	90694570	90751098
ENSG00000026103	10	90713568	90789364
ENSG00000138135	10	90965384	90967076
ENSG00000107798	10	90972585	91175126
ENSG00000119922	10	91043449	91069030
ENSG00000119917	10	91087062	91137232
ENSG00000204010	10	91137805	91144964
ENSG00000185745	10	91152301	91166246
ENSG00000152778	10	91174323	91181364
ENSG00000152779	10	91189929	91316460
ENSG00000152782	10	91339252	91405022
ENSG00000138182	10	91461336	91534698
ENSG00000148680	10	92500560	92617977
ENSG00000148688	10	92631242	92668312
ENSG00000148677	10	92671847	92681036
ENSG00000180628	10	92922094	93044096
ENSG00000165338	10	93169035	93274588
ENSG00000119938	10	93379043	93392830
ENSG00000107854	10	93558112	93626512
ENSG00000174721	10	93666251	93669265
ENSG00000095564	10	93683513	93791196
ENSG00000107864	10	93806447	94051387
ENSG00000198060	10	94050897	94113838
ENSG00000119912	10	94211439	94333855
ENSG00000138160	10	94333860	94415154
ENSG00000152804	10	94449648	94455406
ENSG00000138190	10	94586586	94819252
ENSG00000187553	10	94820553	94829299
ENSG00000095596	10	94833230	94837644
ENSG00000138119	10	95066184	95242093
ENSG00000138180	10	95256332	95288855
ENSG00000186188	10	95326408	95365599
ENSG00000138207	10	95349925	95362869
ENSG00000095464	10	95372288	95425769
ENSG00000148690	10	95426881	95463053
ENSG00000108231	10	95517595	95566031
ENSG00000176273	10	95653673	95715821
ENSG00000138193	10	95753562	96092582
ENSG00000173145	10	96080095	96122741
ENSG00000108239	10	96162132	96297211
ENSG00000119969	10	96305084	96373664
ENSG00000108242	10	96442615	96496000
ENSG00000276490	10	96447909	96612832
ENSG00000165841	10	96522291	96682023
ENSG00000138109	10	96698299	96749908
ENSG00000138115	10	96794114	96829362
ENSG00000173124	10	96953955	96988688
ENSG00000107438	10	96997324	97050885
ENSG00000095637	10	97071145	97321228
ENSG00000059573	10	97365692	97416644
ENSG00000119977	10	97419578	97453902
ENSG00000138185	10	97471507	97661192
ENSG00000270099	10	97620303	97684603
ENSG00000188649	10	97667358	97793504
ENSG00000107443	10	97802808	97820629
ENSG00000177853	10	97889450	97965046
ENSG00000095585	10	97948925	98032417
ENSG00000107447	10	98064164	98098323
ENSG00000197430	10	98102971	98119124
ENSG00000095587	10	98124363	98273717
ENSG00000077147	10	98277865	98347211
ENSG00000155629	10	98351637	98480661
ENSG00000196233	10	98591558	98755715
ENSG00000187122	10	98757793	98945880
ENSG00000269891	10	98912800	99052396
ENSG00000213390	10	98981925	99052432
ENSG00000165879	10	99079026	99081674
ENSG00000181274	10	99089010	99094488
ENSG00000052749	10	99116112	99185835
ENSG00000171314	10	99185860	99193203
ENSG00000171311	10	99187769	99205844
ENSG00000171307	10	99205896	99217693
ENSG00000155229	10	99217838	99259259
ENSG00000165886	10	99258607	99330965
ENSG00000165887	10	99332250	99343655
ENSG00000241935	10	99344078	99373588
ENSG00000249967	10	99344129	99433669
ENSG00000203942	10	99349476	99350693
ENSG00000171160	10	99374306	99393896
ENSG00000155252	10	99400424	99436573
ENSG00000119986	10	99432721	99447320
ENSG00000155254	10	99472928	99477909
ENSG00000155256	10	99496866	99520666
ENSG00000120057	10	99526506	99532046
ENSG00000155265	10	99581653	99631339
ENSG00000095713	10	99614466	99790587
ENSG00000166024	10	99894363	100005383
ENSG00000138131	10	100007441	100028409
ENSG00000119943	10	100139643	100174974
ENSG00000107521	10	100170694	100206725
ENSG00000289758	10	100173757	100206679
ENSG00000172987	10	100216832	100995637
ENSG00000119946	10	101088785	101154089
ENSG00000120053	10	101156624	101191224
ENSG00000119919	10	101292683	101296283
ENSG00000155287	10	101370264	101382552
ENSG00000285932	10	101411350	101491871
ENSG00000198018	10	101419170	101472248
ENSG00000014919	10	101454309	101492617
ENSG00000119929	10	101462313	101517764
ENSG00000023839	10	101542395	101613429
ENSG00000107554	10	101635331	101769808
ENSG00000120054	10	101800860	101841666
ENSG00000107566	10	101909849	101945821
ENSG00000213341	10	101948054	101989370
ENSG00000095485	10	101989779	102027444
ENSG00000196072	10	102032552	102046467
ENSG00000107593	10	102047904	102090023
ENSG00000099194	10	102106263	102124596
ENSG00000075290	10	102222764	102243503
ENSG00000075826	10	102244753	102279651
ENSG00000255339	10	102265383	102289640
ENSG00000166136	10	102283423	102289759
ENSG00000166135	10	102288827	102441655
ENSG00000075891	10	102495135	102589703
ENSG00000119906	10	102672718	102724893
ENSG00000055950	10	102727886	102750209
ENSG00000095539	10	102729248	102745630
ENSG00000107815	10	102747122	102754162
ENSG00000107816	10	102756294	102767611
ENSG00000186862	10	102767434	102792054
ENSG00000107819	10	102790984	102801003
ENSG00000107821	10	102820863	102828407
ENSG00000107807	10	102890766	102897548
ENSG00000138136	10	102985935	102990160
ENSG00000166167	10	103113785	103317083
ENSG00000166171	10	103330315	103369426
ENSG00000166169	10	103335806	103348032
ENSG00000107829	10	103370418	103455057
ENSG00000107831	10	103529572	103540130
ENSG00000107833	10	103541073	103543205
ENSG00000198408	10	103544198	103578379
ENSG00000120049	10	103585724	103603764
ENSG00000120029	10	103605354	103816021
ENSG00000166189	10	103825104	103827795
ENSG00000198728	10	103866244	103880210
ENSG00000148840	10	103892749	103910092
ENSG00000166197	10	103911925	103923634
ENSG00000119915	10	103986049	103989348
ENSG00000107859	10	103989509	104001271
ENSG00000107862	10	104005126	104142658
ENSG00000077150	10	104153865	104162288
ENSG00000059915	10	104162369	104181298
ENSG00000107872	10	104168590	104182901
ENSG00000107874	10	104182994	104192477
ENSG00000120055	10	104209374	104211307
ENSG00000138111	10	104221118	104236805
ENSG00000138107	10	104221636	104262503
ENSG00000107882	10	104263707	104393294
ENSG00000171206	10	104402149	104422548
ENSG00000138175	10	104433486	104474286
ENSG00000156398	10	104474231	104503251
ENSG00000166272	10	104503678	104594372
ENSG00000148795	10	104590215	104597265
ENSG00000166275	10	104613979	104624738
ENSG00000270316	10	104614027	104661658
ENSG00000214435	10	104629051	104661670
ENSG00000148842	10	104677878	104849981
ENSG00000076685	10	104846233	105037381
ENSG00000235376	10	105005642	105007775
ENSG00000148798	10	105036837	105050110
ENSG00000156374	10	105062551	105110909
ENSG00000148835	10	105127703	105149082
ENSG00000173915	10	105148729	105156251
ENSG00000148843	10	105156357	105206056
ENSG00000138172	10	105206532	105212539
ENSG00000185933	10	105212995	105218659
ENSG00000183128	10	105232559	105238999
ENSG00000107954	10	105253347	105354927
ENSG00000107957	10	105353782	105615533
ENSG00000107960	10	105616547	105678522
ENSG00000065613	10	105726672	105789002
ENSG00000065618	10	105790509	105846170
ENSG00000156384	10	105881814	105886145
ENSG00000197748	10	105889644	105992124
ENSG00000148834	10	105995112	106027364
ENSG00000065621	10	106028629	106064710
ENSG00000148841	10	106068257	106098572
ENSG00000120051	10	106113514	106214913
ENSG00000156395	10	106401046	107025002
ENSG00000108018	10	108333419	108924473
ENSG00000108039	10	111624247	111683334
ENSG00000148700	10	111756103	111895325
ENSG00000119950	10	111967302	112047676
ENSG00000119953	10	112049181	112064761
ENSG00000138166	10	112257663	112271304
ENSG00000108055	10	112327424	112365823
ENSG00000203867	10	112403630	112599231
ENSG00000150593	10	112631546	112659773
ENSG00000214413	10	112658486	112679131
ENSG00000108061	10	112677688	112777074
ENSG00000150594	10	112836785	112840667
ENSG00000119927	10	113907130	113975182
ENSG00000119913	10	114043156	114064807
ENSG00000197142	10	114132156	114188141
ENSG00000023041	10	114184172	114207391
ENSG00000151532	10	114206754	114578658
ENSG00000148737	10	114709772	114927439
ENSG00000148702	10	115310594	115352639
ENSG00000197893	10	115348471	115423882
ENSG00000165806	10	115438915	115491429
ENSG00000148735	10	115511019	115543190
ENSG00000198924	10	115594482	115614178
ENSG00000196865	10	115614232	115676955
ENSG00000043591	10	115803623	115806665
ENSG00000165813	10	115880619	115933998
ENSG00000095627	10	115939027	115992427
ENSG00000165816	10	115999003	116054250
ENSG00000169129	10	116053361	116164893
ENSG00000099204	10	116190867	116527822
ENSG00000151553	10	116581438	116659593
ENSG00000165832	10	116697951	116737438
ENSG00000107518	10	116852601	117708512
ENSG00000151892	10	117816434	118036317
ENSG00000182645	10	118083898	118139543
ENSG00000203837	10	118187357	118237478
ENSG00000175535	10	118305441	118327369
ENSG00000187021	10	118349895	118368689
ENSG00000266200	10	118380463	118404656
ENSG00000165863	10	118421717	118429825
ENSG00000165868	10	118430701	118609764
ENSG00000188316	10	118608990	118671301
ENSG00000187164	10	118640986	118886099
ENSG00000148704	10	118888030	118898142
ENSG00000186795	10	118956466	118970265
ENSG00000165646	10	119000339	119038944
ENSG00000165650	10	119036783	119135533
ENSG00000170370	10	119301954	119309059
ENSG00000107560	10	119764327	119806462
ENSG00000165669	10	120057435	120101845
ENSG00000119973	10	120349507	120356218
ENSG00000151893	10	120431741	120514763
ENSG00000188613	10	120789224	120802314
ENSG00000107581	10	120793180	120840381
ENSG00000119979	10	120863562	120897500
ENSG00000183605	10	120880465	120925238
ENSG00000165672	10	120927209	120938379
ENSG00000198873	10	120967048	121219272
ENSG00000148908	10	121259113	121303134
ENSG00000151923	10	121331312	121356695
ENSG00000151929	10	121410389	121437427
ENSG00000198825	10	121485533	121589482
ENSG00000197771	10	121587289	121652070
ENSG00000107651	10	121652103	121704171
ENSG00000203805	10	122216408	122351579
ENSG00000120008	10	122610685	122669038
ENSG00000066468	10	123237843	123358286
ENSG00000107669	10	123468905	123688318
ENSG00000107672	10	123712847	123734817
ENSG00000138162	10	123748676	124014077
ENSG00000138152	10	124030809	124097676
ENSG00000107679	10	124133736	124193885
ENSG00000254636	10	124214167	124216870
ENSG00000166033	10	124218065	124275519
ENSG00000187908	10	124320155	124403258
ENSG00000286135	10	124432364	124439012
ENSG00000183559	10	124457223	124459364
ENSG00000138161	10	124591672	124605693
ENSG00000286088	10	124591681	124639101
ENSG00000213185	10	124608592	124639159
ENSG00000203795	10	124670118	124672629
ENSG00000119965	10	124690415	124713855
ENSG00000179988	10	124713895	124757031
ENSG00000095574	10	124744846	124768344
ENSG00000196177	10	124768486	124817818
ENSG00000188620	10	124895471	124898941
ENSG00000188816	10	124901915	124910190
ENSG00000154473	10	124913879	125072662
ENSG00000154478	10	125425869	125456917
ENSG00000121898	10	125465721	125699785
ENSG00000182022	10	125765629	125853216
ENSG00000065154	10	126085865	126108331
ENSG00000229544	10	126133810	126138640
ENSG00000107902	10	126150356	126306459
ENSG00000258539	10	126305647	126480298
ENSG00000189319	10	126307859	126433046
ENSG00000203791	10	126436716	126480487
ENSG00000165660	10	126490352	126525241
ENSG00000019995	10	126630690	126676983
ENSG00000175029	10	126670224	126851577
ENSG00000175018	10	127265089	127371734
ENSG00000107938	10	127408082	127452803
ENSG00000154485	10	127442147	127464484
ENSG00000188690	10	127473547	127511859
ENSG00000107949	10	127512090	127543042
ENSG00000089876	10	127524901	127585085
ENSG00000203780	10	127585092	127698166
ENSG00000148848	10	127700948	128077073
ENSG00000154493	10	128113564	128487279
ENSG00000150760	10	128593955	129252069
ENSG00000188916	10	128933688	128994858
ENSG00000214285	10	129347571	129351806
ENSG00000186766	10	129535380	129539449
ENSG00000180745	10	129674250	129705564
ENSG00000132334	10	129705062	129884122
ENSG00000148773	10	129894921	129924724
ENSG00000170430	10	131264941	131569249
ENSG00000108001	10	131633495	131771319
ENSG00000237489	10	131818287	131909108
ENSG00000108010	10	131934625	131982787
ENSG00000176769	10	132890652	133110046
ENSG00000175470	10	133747960	133826297
ENSG00000176171	10	133773120	133795490
ENSG00000188385	10	133849838	133998364
ENSG00000151640	10	134000399	134019268
ENSG00000165752	10	134020985	134145400
ENSG00000148814	10	134145609	134195014
ENSG00000171813	10	134209892	134231369
ENSG00000068383	10	134351268	134596986
ENSG00000148826	10	134596681	134599655
ENSG00000171811	10	134619996	134756329
ENSG00000197177	10	134901316	134945181
ENSG00000171798	10	134973493	135039918
ENSG00000171794	10	135042854	135045064
ENSG00000151650	10	135049271	135055435
ENSG00000151651	10	135075918	135090415
ENSG00000130640	10	135092137	135132329
ENSG00000198546	10	135122387	135126669
ENSG00000283496	10	135122912	135166035
ENSG00000130643	10	135137574	135150486
ENSG00000165828	10	135160649	135167519
ENSG00000148803	10	135167454	135172302
ENSG00000127884	10	135175870	135187220
ENSG00000148832	10	135192463	135207449
ENSG00000254536	10	135193519	135233777
ENSG00000148824	10	135207573	135236271
ENSG00000203772	10	135234168	135238131
ENSG00000214279	10	135267430	135337064
ENSG00000130649	10	135333908	135374726
ENSG00000268925	10	135341024	135342663
ENSG00000171772	10	135366324	135383341
ENSG00000225899	10	135437397	135440301
ENSG00000177951	11	167782	208697
ENSG00000188076	11	193076	194577
ENSG00000177947	11	196759	200263
ENSG00000177963	11	207476	215166
ENSG00000142082	11	215024	236933
ENSG00000185627	11	236946	252988
ENSG00000174885	11	278405	286693
ENSG00000142102	11	289076	297512
ENSG00000206013	11	298198	299535
ENSG00000185201	11	303653	309412
ENSG00000288681	11	308406	315274
ENSG00000142089	11	309008	329477
ENSG00000185885	11	309995	315277
ENSG00000182272	11	369455	382119
ENSG00000184363	11	392572	404910
ENSG00000185187	11	405709	417475
ENSG00000185101	11	417919	442074
ENSG00000174915	11	448266	501144
ENSG00000023191	11	494508	507397
ENSG00000174775	11	532240	537345
ENSG00000161328	11	536839	554927
ENSG00000185522	11	554848	560745
ENSG00000099849	11	560205	564069
ENSG00000070047	11	576168	612265
ENSG00000185507	11	612549	615985
ENSG00000099834	11	616403	626080
ENSG00000070031	11	626307	627238
ENSG00000069696	11	637267	640708
ENSG00000177030	11	644218	707120
ENSG00000177106	11	694436	727731
ENSG00000177042	11	695009	705030
ENSG00000177156	11	747397	765037
ENSG00000177225	11	767059	777509
ENSG00000184524	11	785898	790115
ENSG00000177542	11	790472	798323
ENSG00000288675	11	797509	799192
ENSG00000177595	11	798936	809755
ENSG00000177600	11	799412	812893
ENSG00000293685	11	803396	804421
ENSG00000177666	11	818905	825575
ENSG00000177685	11	826135	831995
ENSG00000177697	11	832700	839833
ENSG00000177700	11	837354	842729
ENSG00000214063	11	840684	867122
ENSG00000177830	11	866871	915581
ENSG00000183020	11	924879	1012247
ENSG00000184956	11	1012821	1036720
ENSG00000198788	11	1074873	1104418
ENSG00000215182	11	1151578	1222366
ENSG00000117983	11	1244294	1283404
ENSG00000078902	11	1285999	1331490
ENSG00000174672	11	1411127	1483921
ENSG00000182208	11	1490685	1522479
ENSG00000184545	11	1575279	1594308
ENSG00000205869	11	1605570	1606515
ENSG00000205867	11	1618405	1619526
ENSG00000196224	11	1628793	1629695
ENSG00000241598	11	1642186	1643370
ENSG00000185940	11	1651003	1652162
ENSG00000205864	11	1718423	1718987
ENSG00000244242	11	1753634	1771839
ENSG00000250644	11	1756049	1785186
ENSG00000117984	11	1773980	1785805
ENSG00000149043	11	1849535	1858753
ENSG00000130598	11	1860199	1862912
ENSG00000130592	11	1872132	1913499
ENSG00000283787	11	1909306	1938945
ENSG00000130595	11	1940684	1959943
ENSG00000214026	11	1968506	2036175
ENSG00000167244	11	2150340	2179828
ENSG00000284779	11	2150340	2170835
ENSG00000129965	11	2153766	2182441
ENSG00000254647	11	2181007	2182453
ENSG00000180176	11	2185157	2193200
ENSG00000183734	11	2289726	2292272
ENSG00000110665	11	2316856	2324412
ENSG00000064201	11	2323209	2339436
ENSG00000110651	11	2397394	2419311
ENSG00000184281	11	2421716	2425110
ENSG00000070985	11	2425743	2465751
ENSG00000053918	11	2465882	2870337
ENSG00000129757	11	2904441	2907007
ENSG00000110628	11	2920946	2946479
ENSG00000181649	11	2949501	2950825
ENSG00000205531	11	2965657	3013648
ENSG00000110619	11	3022148	3078878
ENSG00000021762	11	3108335	3187971
ENSG00000182170	11	3239172	3240045
ENSG00000184350	11	3246258	3253884
ENSG00000005801	11	3360489	3400454
ENSG00000167311	11	3659731	3664419
ENSG00000129744	11	3666334	3689780
ENSG00000129749	11	3686815	3692616
ENSG00000110713	11	3692311	3819024
ENSG00000148985	11	3818952	3856886
ENSG00000177105	11	3848206	3862578
ENSG00000167323	11	3875755	4114442
ENSG00000167325	11	4115935	4161918
ENSG00000284018	11	4254445	4255519
ENSG00000284306	11	4262869	4263938
ENSG00000283873	11	4308312	4309417
ENSG00000284546	11	4351018	4352096
ENSG00000221996	11	4388491	4389618
ENSG00000132109	11	4406125	4414979
ENSG00000181963	11	4470523	4471593
ENSG00000196778	11	4503874	4514729
ENSG00000197790	11	4566419	4567376
ENSG00000226288	11	4602971	4614572
ENSG00000232268	11	4615267	4616245
ENSG00000167333	11	4618323	4629470
ENSG00000197428	11	4658705	4664292
ENSG00000180785	11	4664648	4676773
ENSG00000167332	11	4701399	4719091
ENSG00000197674	11	4711651	4719091
ENSG00000167346	11	4726012	5013663
ENSG00000280021	11	4790207	4791170
ENSG00000279270	11	4824661	4825612
ENSG00000176925	11	4842549	4843688
ENSG00000176922	11	4869465	4870440
ENSG00000176900	11	4903047	4904115
ENSG00000176895	11	4925011	4930694
ENSG00000176893	11	4933816	4940582
ENSG00000278870	11	4944602	4945571
ENSG00000205497	11	4964059	4968837
ENSG00000205496	11	4976000	4976945
ENSG00000176798	11	5016079	5026768
ENSG00000205495	11	5067754	5068693
ENSG00000176787	11	5079878	5080859
ENSG00000273085	11	5090800	5091729
ENSG00000171944	11	5150004	5159588
ENSG00000182070	11	5168052	5175989
ENSG00000176742	11	5220963	5221914
ENSG00000244734	11	5246692	5250627
ENSG00000223609	11	5253906	5264930
ENSG00000213934	11	5269432	5271091
ENSG00000284931	11	5269498	5276015
ENSG00000196565	11	5274416	5526837
ENSG00000239920	11	5275620	5699666
ENSG00000213931	11	5289573	5526884
ENSG00000183251	11	5322242	5323178
ENSG00000167355	11	5324672	5526884
ENSG00000279012	11	5344587	5345529
ENSG00000176239	11	5372736	5373678
ENSG00000184698	11	5405040	5414495
ENSG00000167360	11	5443339	5444438
ENSG00000167359	11	5461798	5462746
ENSG00000187918	11	5470551	5477750
ENSG00000181609	11	5509913	5510981
ENSG00000175520	11	5528528	5531190
ENSG00000175518	11	5535621	5539663
ENSG00000181616	11	5565717	5569772
ENSG00000187747	11	5602105	5603116
ENSG00000121236	11	5617337	5634190
ENSG00000258588	11	5617953	5665630
ENSG00000258659	11	5640992	5665630
ENSG00000132256	11	5684423	5959851
ENSG00000132274	11	5710838	5758321
ENSG00000181109	11	5747730	5748696
ENSG00000181023	11	5757676	5759755
ENSG00000181074	11	5775471	5777190
ENSG00000181017	11	5782381	5790312
ENSG00000181009	11	5797393	5804587
ENSG00000181001	11	5807699	5812497
ENSG00000180988	11	5830139	5842724
ENSG00000205409	11	5862156	5863184
ENSG00000183269	11	5877977	5878922
ENSG00000180974	11	5901857	5908311
ENSG00000277932	11	5914436	5923962
ENSG00000184478	11	5959979	5972579
ENSG00000188691	11	5988781	5989726
ENSG00000183313	11	6007120	6008217
ENSG00000183389	11	6020673	6028178
ENSG00000180934	11	6040564	6055570
ENSG00000180919	11	6128912	6130067
ENSG00000255307	11	6190583	6191558
ENSG00000175485	11	6220452	6221418
ENSG00000180878	11	6226785	6232367
ENSG00000051009	11	6232562	6255943
ENSG00000132259	11	6255993	6267154
ENSG00000110148	11	6280926	6293359
ENSG00000170955	11	6340174	6341854
ENSG00000166311	11	6411609	6416230
ENSG00000166313	11	6416339	6440747
ENSG00000110169	11	6447404	6463849
ENSG00000110171	11	6469841	6495691
ENSG00000132254	11	6495911	6502711
ENSG00000132286	11	6502674	6514273
ENSG00000283977	11	6502713	6530210
ENSG00000132275	11	6517734	6624870
ENSG00000179532	11	6518488	6614990
ENSG00000166333	11	6624936	6632107
ENSG00000166337	11	6627522	6633772
ENSG00000166340	11	6633997	6640681
ENSG00000166341	11	6642559	6677067
ENSG00000158042	11	6701593	6704644
ENSG00000188124	11	6786855	6793209
ENSG00000279486	11	6804249	6812791
ENSG00000184933	11	6812965	6820922
ENSG00000166363	11	6866912	6867869
ENSG00000170790	11	6884286	6895950
ENSG00000170782	11	6897854	6898852
ENSG00000166368	11	6912803	6913733
ENSG00000178358	11	6942231	6943227
ENSG00000149054	11	6947572	7022237
ENSG00000149050	11	7017872	7041618
ENSG00000158077	11	7041691	7093288
ENSG00000170748	11	7110227	7112381
ENSG00000170743	11	7260007	7491018
ENSG00000183801	11	7506583	7534130
ENSG00000166387	11	7534527	7679850
ENSG00000166394	11	7684094	7698455
ENSG00000183378	11	7710666	7728026
ENSG00000183303	11	7817519	7818491
ENSG00000182334	11	7846363	7852389
ENSG00000279000	11	7946137	7952817
ENSG00000170683	11	7958716	7963257
ENSG00000182261	11	7979082	7986996
ENSG00000175390	11	7991796	8023411
ENSG00000166402	11	8040738	8127792
ENSG00000166405	11	8114510	8190645
ENSG00000166407	11	8245854	8290356
ENSG00000130413	11	8413409	8615841
ENSG00000166436	11	8633582	8704243
ENSG00000166441	11	8704277	8736308
ENSG00000166444	11	8714888	8932500
ENSG00000166452	11	8932653	8943955
ENSG00000176029	11	8941621	8954555
ENSG00000176009	11	8959123	8964565
ENSG00000175348	11	8968537	8986560
ENSG00000175352	11	8987227	9026837
ENSG00000175356	11	9041021	9159663
ENSG00000184014	11	9160370	9287508
ENSG00000166471	11	9302199	9336236
ENSG00000205339	11	9406149	9469676
ENSG00000166478	11	9481864	9550704
ENSG00000166483	11	9595085	9615006
ENSG00000133789	11	9685603	9774847
ENSG00000133812	11	9798321	10326426
ENSG00000148926	11	10324553	10328946
ENSG00000133805	11	10329707	10529426
ENSG00000110315	11	10533067	10562883
ENSG00000133800	11	10576965	10633238
ENSG00000072952	11	10594622	10715537
ENSG00000198730	11	10772507	10823174
ENSG00000110321	11	10818362	10830496
ENSG00000236287	11	10833619	10880345
ENSG00000110328	11	11292409	11643980
ENSG00000254598	11	11373487	11374799
ENSG00000170242	11	11862968	11983436
ENSG00000050165	11	11977752	12031497
ENSG00000133816	11	12115553	12383689
ENSG00000197702	11	12398679	12571299
ENSG00000187079	11	12695916	12966300
ENSG00000189431	11	13030861	13033668
ENSG00000133794	11	13298192	13409597
ENSG00000148925	11	13408681	13485578
ENSG00000152266	11	13513599	13517730
ENSG00000197601	11	13689007	13753916
ENSG00000262655	11	13983917	14289681
ENSG00000133818	11	14299463	14386054
ENSG00000129083	11	14464901	14521575
ENSG00000256206	11	14515327	14541892
ENSG00000129084	11	14525755	14665183
ENSG00000152270	11	14665207	14896205
ENSG00000186104	11	14898893	14913810
ENSG00000175868	11	14926541	15105249
ENSG00000110680	11	14988166	14993905
ENSG00000188487	11	15133968	15268756
ENSG00000110693	11	15987993	16761140
ENSG00000110696	11	16634677	16779889
ENSG00000166689	11	16798842	17036138
ENSG00000110700	11	17088295	17099278
ENSG00000011405	11	17099275	17229535
ENSG00000070081	11	17229617	17371529
ENSG00000188211	11	17373222	17398890
ENSG00000187486	11	17385627	17410913
ENSG00000006071	11	17414043	17498443
ENSG00000006611	11	17515440	17565984
ENSG00000188162	11	17568804	17668699
ENSG00000129152	11	17741110	17743685
ENSG00000129159	11	17756269	17878360
ENSG00000129158	11	17809588	18034748
ENSG00000129167	11	18039100	18067818
ENSG00000166788	11	18091480	18127657
ENSG00000179826	11	18142500	18160037
ENSG00000179817	11	18194382	18195829
ENSG00000148965	11	18251276	18258409
ENSG00000255071	11	18252968	18270184
ENSG00000134339	11	18259781	18270217
ENSG00000173432	11	18287663	18292679
ENSG00000110756	11	18300213	18344072
ENSG00000110768	11	18343799	18389430
ENSG00000134333	11	18415892	18429974
ENSG00000166796	11	18433831	18473618
ENSG00000166800	11	18477368	18501150
ENSG00000074319	11	18489881	18548514
ENSG00000151116	11	18551152	18610296
ENSG00000247595	11	18610326	18631804
ENSG00000179119	11	18627944	18656340
ENSG00000151117	11	18714667	18727285
ENSG00000179057	11	18725857	18747779
ENSG00000110786	11	18749473	18814270
ENSG00000170255	11	18955044	18960963
ENSG00000183695	11	19076000	19082266
ENSG00000177054	11	19138644	19199261
ENSG00000129170	11	19197526	19232120
ENSG00000129173	11	19245539	19263233
ENSG00000166833	11	19371448	20143149
ENSG00000109851	11	20176569	20182025
ENSG00000109854	11	20377454	20405820
ENSG00000185238	11	20409069	20532404
ENSG00000165970	11	20621138	20680833
ENSG00000165973	11	20690676	21599259
ENSG00000171714	11	21804203	22305115
ENSG00000091664	11	22359397	22401051
ENSG00000183161	11	22644077	22647371
ENSG00000148935	11	22647053	22835351
ENSG00000198168	11	22833699	22851847
ENSG00000255359	11	22868466	22882024
ENSG00000187398	11	24518514	25104260
ENSG00000134343	11	26210332	26684908
ENSG00000169550	11	26580576	26593812
ENSG00000148942	11	26688565	26744976
ENSG00000176971	11	27015657	27018636
ENSG00000129151	11	27062243	27208199
ENSG00000109881	11	27350924	27384842
ENSG00000205213	11	27385524	27494377
ENSG00000148943	11	27497942	27528338
ENSG00000176697	11	27676438	27743607
ENSG00000121621	11	28042163	28129735
ENSG00000169519	11	28129793	28548590
ENSG00000182255	11	30029667	30038592
ENSG00000131808	11	30252559	30256810
ENSG00000152219	11	30344594	30360516
ENSG00000066382	11	30406038	30608476
ENSG00000170959	11	30851914	31391359
ENSG00000170946	11	31391344	31454384
ENSG00000148950	11	31453944	31531205
ENSG00000109911	11	31531290	31811874
ENSG00000007372	11	31806325	31839517
ENSG00000285283	11	31833937	32126213
ENSG00000049449	11	32112512	32129187
ENSG00000184937	11	32409319	32457433
ENSG00000149100	11	32605286	32627812
ENSG00000186714	11	32623790	32816915
ENSG00000135378	11	32851219	32879668
ENSG00000060749	11	32914355	33014864
ENSG00000121690	11	33037420	33055384
ENSG00000176148	11	33060961	33127491
ENSG00000176102	11	33098732	33183919
ENSG00000110422	11	33278216	33378571
ENSG00000110427	11	33397622	33695650
ENSG00000205177	11	33719805	33722374
ENSG00000284969	11	33719805	33744015
ENSG00000085063	11	33724554	33758841
ENSG00000110429	11	33761378	33796091
ENSG00000135363	11	33880107	33913625
ENSG00000135387	11	34073194	34125384
ENSG00000135372	11	34127128	34169219
ENSG00000166016	11	34172532	34379592
ENSG00000121691	11	34460254	34493610
ENSG00000135374	11	34500336	34546742
ENSG00000135373	11	34638589	34684935
ENSG00000149089	11	34874639	34938069
ENSG00000110435	11	34937374	35042888
ENSG00000026508	11	35160266	35253951
ENSG00000110436	11	35272750	35441612
ENSG00000149090	11	35453368	35551850
ENSG00000179431	11	35640006	35642415
ENSG00000166326	11	35683952	35839559
ENSG00000179241	11	35965529	36295838
ENSG00000110442	11	36290832	36311001
ENSG00000135362	11	36317668	36486761
ENSG00000175104	11	36505317	36531860
ENSG00000166349	11	36531896	36614708
ENSG00000175097	11	36597122	36619831
ENSG00000166352	11	36615917	36697247
ENSG00000148948	11	40134960	41481325
ENSG00000166181	11	43333503	43366083
ENSG00000052841	11	43380458	43516485
ENSG00000149084	11	43702057	43879293
ENSG00000166199	11	43902359	43941922
ENSG00000187479	11	43964185	43965430
ENSG00000205126	11	44069529	44081529
ENSG00000110455	11	44087464	44108142
ENSG00000151348	11	44117196	44306065
ENSG00000052850	11	44281988	44331691
ENSG00000085117	11	44585962	44642623
ENSG00000157570	11	44747870	44953980
ENSG00000175274	11	44907452	44972859
ENSG00000019485	11	45117355	45256663
ENSG00000019505	11	45261851	45307900
ENSG00000175264	11	45669237	45687648
ENSG00000181830	11	45825620	45834569
ENSG00000121671	11	45868667	45904801
ENSG00000121653	11	45907142	45928023
ENSG00000234776	11	45928062	45928825
ENSG00000121680	11	45931212	45940407
ENSG00000165905	11	45939695	45950929
ENSG00000135365	11	45950868	46143026
ENSG00000157613	11	46299185	46342974
ENSG00000149091	11	46354213	46402107
ENSG00000110492	11	46402296	46405389
ENSG00000180720	11	46405137	46413542
ENSG00000110497	11	46417962	46615794
ENSG00000180423	11	46622828	46639461
ENSG00000175224	11	46638799	46696370
ENSG00000175220	11	46698623	46722529
ENSG00000175213	11	46722559	46727465
ENSG00000180210	11	46740627	46790118
ENSG00000175216	11	46764316	46867861
ENSG00000134569	11	46878266	46940195
ENSG00000149179	11	46958238	47187088
ENSG00000149182	11	47157216	47199027
ENSG00000165912	11	47199060	47209040
ENSG00000134574	11	47235984	47262108
ENSG00000134575	11	47259147	47270841
ENSG00000025434	11	47269849	47290684
ENSG00000110514	11	47290710	47351591
ENSG00000134571	11	47352955	47374255
ENSG00000066336	11	47376409	47430922
ENSG00000165915	11	47428681	47438140
ENSG00000165916	11	47440314	47448041
ENSG00000165917	11	47458365	47470746
ENSG00000149187	11	47487483	47587123
ENSG00000213619	11	47586886	47606119
ENSG00000110536	11	47586980	47595015
ENSG00000123444	11	47593746	47600536
ENSG00000196666	11	47607757	47610749
ENSG00000172247	11	47611216	47617196
ENSG00000109919	11	47625889	47664252
ENSG00000165923	11	47681141	47736943
ENSG00000109920	11	47738044	47789014
ENSG00000030066	11	47799422	47870115
ENSG00000149177	11	48001964	48192393
ENSG00000175619	11	48238360	48239293
ENSG00000172208	11	48266654	48267569
ENSG00000176567	11	48285411	48286332
ENSG00000176555	11	48327773	48328706
ENSG00000176547	11	48346470	48347509
ENSG00000176540	11	48387035	48388019
ENSG00000237388	11	48510343	48511276
ENSG00000220948	11	48997048	49005439
ENSG00000182053	11	49049051	49060005
ENSG00000214891	11	49075264	49080666
ENSG00000086205	11	49166642	49230195
ENSG00000258817	11	49973941	49974973
ENSG00000221954	11	50003007	50004073
ENSG00000221840	11	51411376	51412450
ENSG00000225997	11	51435454	51436405
ENSG00000185926	11	51515280	51516213
ENSG00000150244	11	55029629	55038592
ENSG00000181961	11	55110675	55111665
ENSG00000181958	11	55135448	55136396
ENSG00000181939	11	55321781	55322897
ENSG00000279514	11	55339602	55340538
ENSG00000172188	11	55369834	55375123
ENSG00000181927	11	55402587	55407787
ENSG00000174982	11	55415801	55420332
ENSG00000181903	11	55429675	55433673
ENSG00000186886	11	55491250	55497099
ENSG00000279761	11	55540912	55541860
ENSG00000186113	11	55563030	55563978
ENSG00000279395	11	55578841	55579954
ENSG00000186119	11	55587104	55588049
ENSG00000205030	11	55594693	55595632
ENSG00000205029	11	55606226	55607216
ENSG00000124900	11	55650771	55659288
ENSG00000187612	11	55681124	55682060
ENSG00000167825	11	55702930	55703878
ENSG00000174970	11	55733229	55737423
ENSG00000149133	11	55761155	55762103
ENSG00000181785	11	55795128	55805669
ENSG00000172154	11	55860782	55861718
ENSG00000181767	11	55871161	55875136
ENSG00000181761	11	55889847	55890789
ENSG00000167822	11	55902195	55907679
ENSG00000181752	11	55926868	55927795
ENSG00000174957	11	55944092	55945034
ENSG00000254658	11	55976459	55982700
ENSG00000181718	11	55998756	56001733
ENSG00000172489	11	56019674	56020700
ENSG00000181698	11	56041628	56044297
ENSG00000181693	11	56055936	56059732
ENSG00000280314	11	56082618	56088117
ENSG00000150261	11	56113513	56114476
ENSG00000172487	11	56127689	56128766
ENSG00000172199	11	56143098	56144031
ENSG00000272987	11	56180170	56181161
ENSG00000279961	11	56184732	56185710
ENSG00000284732	11	56226695	56240830
ENSG00000150269	11	56229943	56230879
ENSG00000174937	11	56236748	56240830
ENSG00000181371	11	56257909	56258848
ENSG00000255223	11	56309814	56310735
ENSG00000254834	11	56344210	56345265
ENSG00000255012	11	56376710	56382352
ENSG00000172464	11	56408963	56409917
ENSG00000172459	11	56431160	56432096
ENSG00000174914	11	56466569	56471362
ENSG00000172457	11	56508697	56516175
ENSG00000241356	11	56587047	56587994
ENSG00000181282	11	56738523	56739456
ENSG00000181273	11	56756387	56757320
ENSG00000183908	11	56949219	56959193
ENSG00000134817	11	57001049	57004726
ENSG00000149115	11	57067060	57093158
ENSG00000149136	11	57093454	57103428
ENSG00000109991	11	57105818	57142041
ENSG00000156575	11	57144240	57148625
ENSG00000186652	11	57154251	57161329
ENSG00000254979	11	57154836	57191534
ENSG00000134802	11	57174425	57224980
ENSG00000186907	11	57227955	57245009
ENSG00000149150	11	57251535	57283255
ENSG00000134809	11	57292232	57298506
ENSG00000214872	11	57305046	57318093
ENSG00000156587	11	57319127	57335759
ENSG00000149131	11	57364858	57386721
ENSG00000172409	11	57406076	57430229
ENSG00000166793	11	57412558	57417419
ENSG00000156599	11	57434903	57469734
ENSG00000156603	11	57471180	57479822
ENSG00000213593	11	57479835	57510461
ENSG00000288534	11	57480052	57585905
ENSG00000211450	11	57508961	57511028
ENSG00000254732	11	57509249	57572245
ENSG00000233436	11	57510984	57520622
ENSG00000198561	11	57520713	57587020
ENSG00000186509	11	57791351	57949090
ENSG00000279051	11	57798423	57799380
ENSG00000172377	11	57884212	57893004
ENSG00000186513	11	57956540	57961527
ENSG00000197887	11	57970674	57971616
ENSG00000280204	11	57980190	57983558
ENSG00000180475	11	57995352	57996392
ENSG00000172772	11	58034262	58035734
ENSG00000197786	11	58125595	58126544
ENSG00000172769	11	58169935	58174349
ENSG00000172365	11	58188709	58195596
ENSG00000172362	11	58206465	58209711
ENSG00000198283	11	58274278	58275580
ENSG00000110031	11	58294342	58345695
ENSG00000186660	11	58345947	58389149
ENSG00000255073	11	58346643	58392114
ENSG00000242689	11	58390131	58394301
ENSG00000149124	11	58407897	58499485
ENSG00000156689	11	58601536	58671690
ENSG00000166840	11	58672869	58811002
ENSG00000255151	11	58853778	58862261
ENSG00000189057	11	58874656	58895853
ENSG00000166801	11	58910174	58922517
ENSG00000110042	11	58938901	58976075
ENSG00000197629	11	58975981	58980949
ENSG00000176495	11	59126366	59139189
ENSG00000172324	11	59184440	59193888
ENSG00000172320	11	59203940	59218855
ENSG00000166884	11	59224432	59225380
ENSG00000254466	11	59240786	59246836
ENSG00000176200	11	59271047	59271986
ENSG00000172742	11	59278839	59288178
ENSG00000110048	11	59341869	59383267
ENSG00000166889	11	59403941	59436637
ENSG00000172289	11	59480387	59481320
ENSG00000166900	11	59480927	59605777
ENSG00000166902	11	59573609	59578852
ENSG00000134812	11	59596744	59612974
ENSG00000134827	11	59620271	59633964
ENSG00000285231	11	59646253	59663958
ENSG00000284873	11	59705903	59724956
ENSG00000285010	11	59731389	59737832
ENSG00000255393	11	59745491	59798570
ENSG00000149507	11	59807753	59821331
ENSG00000149516	11	59824058	59838590
ENSG00000149534	11	59855732	59865942
ENSG00000110077	11	59937401	59952141
ENSG00000110079	11	59953128	60085786
ENSG00000214787	11	59967741	60010637
ENSG00000166926	11	60094722	60164071
ENSG00000166927	11	60131208	60163429
ENSG00000166928	11	60146001	60185231
ENSG00000166930	11	60197043	60222689
ENSG00000156738	11	60223223	60238227
ENSG00000071203	11	60260167	60275010
ENSG00000204979	11	60282863	60310196
ENSG00000166959	11	60467047	60484102
ENSG00000214782	11	60492191	60512503
ENSG00000166961	11	60524334	60544208
ENSG00000172689	11	60552804	60568780
ENSG00000110104	11	60609452	60618570
ENSG00000183134	11	60618404	60623462
ENSG00000149506	11	60635013	60643168
ENSG00000110107	11	60658017	60674081
ENSG00000110108	11	60679991	60690917
ENSG00000006118	11	60691923	60704633
ENSG00000110446	11	60704530	60720127
ENSG00000013725	11	60739121	60787851
ENSG00000110448	11	60869936	60895426
ENSG00000167987	11	60878472	60934829
ENSG00000229859	11	60970777	60980572
ENSG00000229183	11	60989817	60999168
ENSG00000256713	11	61008645	61018918
ENSG00000167992	11	61023142	61063027
ENSG00000167986	11	61066917	61110070
ENSG00000149476	11	61100675	61121813
ENSG00000162144	11	61115923	61129817
ENSG00000149483	11	61129434	61145364
ENSG00000187049	11	61159863	61167882
ENSG00000149532	11	61170111	61197579
ENSG00000256591	11	61196690	61253296
ENSG00000167985	11	61197502	61241088
ENSG00000162148	11	61248590	61258405
ENSG00000204950	11	61276219	61278492
ENSG00000011347	11	61281184	61348675
ENSG00000134780	11	61447621	61514477
ENSG00000124920	11	61520063	61555992
ENSG00000134825	11	61535925	61560276
ENSG00000168496	11	61560195	61564712
ENSG00000134824	11	61560450	61634828
ENSG00000149485	11	61567094	61596792
ENSG00000221968	11	61640985	61659610
ENSG00000167994	11	61664702	61687763
ENSG00000167995	11	61717278	61732989
ENSG00000167996	11	61727188	61735114
ENSG00000149503	11	61891455	61922948
ENSG00000168515	11	61957686	61961013
ENSG00000124939	11	61976136	61981417
ENSG00000124935	11	62009680	62012286
ENSG00000110484	11	62037628	62040634
ENSG00000197745	11	62063751	62066549
ENSG00000162174	11	62104817	62160889
ENSG00000149021	11	62172573	62190669
ENSG00000124942	11	62201002	62323709
ENSG00000254772	11	62327063	62341560
ENSG00000255508	11	62327073	62359005
ENSG00000149016	11	62342515	62359111
ENSG00000149480	11	62360684	62369401
ENSG00000149499	11	62369686	62380452
ENSG00000149489	11	62379192	62382590
ENSG00000149541	11	62382463	62389654
ENSG00000089597	11	62392291	62414200
ENSG00000185085	11	62414318	62420790
ENSG00000255432	11	62417164	62432652
ENSG00000278615	11	62430285	62432725
ENSG00000162194	11	62430287	62439758
ENSG00000214756	11	62432779	62435970
ENSG00000204922	11	62437743	62441475
ENSG00000162191	11	62443968	62446806
ENSG00000177363	11	62453876	62457083
ENSG00000168000	11	62456759	62477335
ENSG00000234857	11	62457745	62494858
ENSG00000162188	11	62473870	62479557
ENSG00000214753	11	62480100	62495111
ENSG00000310599	11	62494355	62494739
ENSG00000162222	11	62495157	62507767
ENSG00000185670	11	62504642	62526309
ENSG00000168002	11	62528923	62534189
ENSG00000162227	11	62538777	62554816
ENSG00000168569	11	62539099	62559496
ENSG00000185475	11	62554845	62559640
ENSG00000162231	11	62559593	62573776
ENSG00000162236	11	62574330	62599550
ENSG00000283268	11	62599791	62600315
ENSG00000133316	11	62599812	62609702
ENSG00000168003	11	62623440	62656384
ENSG00000168539	11	62675298	62689351
ENSG00000197901	11	62703855	62752447
ENSG00000149452	11	62756624	62785035
ENSG00000197658	11	62844876	62911695
ENSG00000196600	11	62925907	63011262
ENSG00000184999	11	63035492	63079348
ENSG00000149742	11	63136687	63179272
ENSG00000168004	11	63228874	63258702
ENSG00000133317	11	63273436	63287241
ENSG00000133321	11	63296921	63316550
ENSG00000133328	11	63320240	63331631
ENSG00000176485	11	63337220	63384375
ENSG00000184743	11	63391557	63439395
ENSG00000133318	11	63448914	63527383
ENSG00000188070	11	63527362	63537226
ENSG00000168005	11	63580875	63595192
ENSG00000072518	11	63606322	63678494
ENSG00000167771	11	63678462	63687261
ENSG00000110583	11	63706139	63724798
ENSG00000176340	11	63742049	63744017
ENSG00000167770	11	63753323	63769285
ENSG00000133315	11	63766023	63933975
ENSG00000126500	11	63803227	63886877
ENSG00000168439	11	63952742	63972023
ENSG00000149781	11	63973396	63991370
ENSG00000149743	11	63991269	63994297
ENSG00000149761	11	63993411	63998160
ENSG00000110011	11	63997628	64001760
ENSG00000173511	11	64001876	64006738
ENSG00000173486	11	64008473	64012057
ENSG00000286264	11	64008565	64012057
ENSG00000173457	11	64011948	64014430
ENSG00000149782	11	64018968	64036898
ENSG00000002330	11	64037298	64059420
ENSG00000173264	11	64037532	64058164
ENSG00000182450	11	64058772	64067505
ENSG00000219435	11	64067808	64072244
ENSG00000173153	11	64072550	64085333
ENSG00000173113	11	64083930	64085560
ENSG00000126432	11	64085447	64089301
ENSG00000168071	11	64107667	64125008
ENSG00000162302	11	64126604	64139689
ENSG00000168065	11	64323102	64340349
ENSG00000197891	11	64358111	64369827
ENSG00000110076	11	64373644	64490676
ENSG00000068831	11	64494375	64512930
ENSG00000068976	11	64513859	64527464
ENSG00000168066	11	64532075	64546276
ENSG00000168067	11	64552388	64570719
ENSG00000133895	11	64570970	64578768
ENSG00000171219	11	64590521	64612209
ENSG00000110047	11	64619112	64655846
ENSG00000110046	11	64662001	64684723
ENSG00000068971	11	64685023	64701954
ENSG00000149735	11	64701941	64703368
ENSG00000168070	11	64704987	64739587
ENSG00000168062	11	64755415	64764492
ENSG00000213465	11	64781205	64791802
ENSG00000273003	11	64781652	64808044
ENSG00000110025	11	64794874	64808052
ENSG00000168061	11	64808367	64814794
ENSG00000168060	11	64812288	64826032
ENSG00000146670	11	64833769	64851638
ENSG00000162300	11	64851680	64855883
ENSG00000187066	11	64852444	64856849
ENSG00000149823	11	64856794	64879336
ENSG00000149809	11	64879315	64884151
ENSG00000174276	11	64883873	64885175
ENSG00000149806	11	64887652	64889695
ENSG00000162298	11	64889250	64914385
ENSG00000149792	11	64889653	64894845
ENSG00000204710	11	64933606	64940853
ENSG00000014216	11	64948035	64979479
ENSG00000014138	11	65029304	65073432
ENSG00000285816	11	65029397	65094016
ENSG00000149798	11	65066424	65090135
ENSG00000133884	11	65101261	65121735
ENSG00000173825	11	65122215	65125086
ENSG00000162241	11	65142655	65152023
ENSG00000126391	11	65154061	65180999
ENSG00000142186	11	65292513	65306184
ENSG00000168056	11	65306025	65326403
ENSG00000173465	11	65337928	65341676
ENSG00000176973	11	65339818	65341672
ENSG00000173442	11	65343412	65361562
ENSG00000269018	11	65358663	65359949
ENSG00000173338	11	65360305	65363469
ENSG00000173327	11	65364618	65382855
ENSG00000197136	11	65383211	65404914
ENSG00000213445	11	65405555	65418403
ENSG00000173039	11	65421068	65430611
ENSG00000172977	11	65479461	65487077
ENSG00000172922	11	65481370	65488461
ENSG00000254470	11	65540192	65549181
ENSG00000172818	11	65554183	65564692
ENSG00000172757	11	65590491	65629499
ENSG00000172803	11	65601133	65624369
ENSG00000172732	11	65624595	65635126
ENSG00000172638	11	65633769	65645970
ENSG00000172543	11	65647278	65651214
ENSG00000172500	11	65651209	65656005
ENSG00000175602	11	65658142	65659108
ENSG00000175592	11	65659518	65668046
ENSG00000175573	11	65684279	65686610
ENSG00000175550	11	65686727	65689038
ENSG00000175513	11	65712949	65727690
ENSG00000175467	11	65729150	65747610
ENSG00000175376	11	65759478	65769945
ENSG00000175334	11	65769301	65771643
ENSG00000175315	11	65778975	65780978
ENSG00000175294	11	65784221	65793952
ENSG00000175229	11	65808217	65816975
ENSG00000087365	11	65818198	65836781
ENSG00000175115	11	65837486	66016111
ENSG00000174996	11	66024736	66035335
ENSG00000174903	11	66036055	66044965
ENSG00000174871	11	66045639	66052774
ENSG00000174851	11	66051722	66057161
ENSG00000179292	11	66059301	66066509
ENSG00000174807	11	66081963	66084517
ENSG00000174791	11	66097710	66104313
ENSG00000174744	11	66104801	66112609
ENSG00000174684	11	66112843	66115329
ENSG00000174669	11	66127570	66139949
ENSG00000174576	11	66188502	66194180
ENSG00000174547	11	66202544	66234211
ENSG00000174516	11	66233772	66246471
ENSG00000254986	11	66247459	66277661
ENSG00000256349	11	66276548	66301086
ENSG00000174483	11	66278075	66302133
ENSG00000174165	11	66288089	66313717
ENSG00000248746	11	66313864	66330807
ENSG00000174080	11	66330931	66336352
ENSG00000182791	11	66357645	66360536
ENSG00000173992	11	66360312	66374176
ENSG00000239306	11	66384063	66397407
ENSG00000248643	11	66384095	66413942
ENSG00000173933	11	66405240	66435853
ENSG00000173914	11	66432463	66445398
ENSG00000173898	11	66449965	66512143
ENSG00000173715	11	66511920	66610989
ENSG00000173653	11	66610304	66615632
ENSG00000173599	11	66615677	66725997
ENSG00000173621	11	66624015	66627948
ENSG00000173237	11	66742741	66744482
ENSG00000173227	11	66774241	66818583
ENSG00000173156	11	66824077	66839517
ENSG00000173120	11	66886716	67025555
ENSG00000173020	11	67033820	67054035
ENSG00000172932	11	67056124	67069959
ENSG00000172830	11	67070947	67080081
ENSG00000172613	11	67085340	67165885
ENSG00000175482	11	67112869	67124445
ENSG00000256514	11	67119041	67141057
ENSG00000175505	11	67131637	67141774
ENSG00000172531	11	67165645	67188656
ENSG00000175463	11	67165923	67177565
ENSG00000172508	11	67182437	67193086
ENSG00000175634	11	67195911	67202887
ENSG00000172725	11	67202979	67211301
ENSG00000213402	11	67202979	67205155
ENSG00000175514	11	67218770	67220202
ENSG00000175544	11	67219875	67229225
ENSG00000172663	11	67229179	67236764
ENSG00000110711	11	67235643	67259507
ENSG00000110697	11	67258544	67273736
ENSG00000167797	11	67273959	67276174
ENSG00000167791	11	67286381	67291990
ENSG00000084207	11	67350992	67359583
ENSG00000167792	11	67373122	67380027
ENSG00000167799	11	67395406	67397585
ENSG00000167800	11	67398772	67407240
ENSG00000132744	11	67410020	67418373
ENSG00000132746	11	67429624	67448697
ENSG00000110057	11	67758569	67772454
ENSG00000006534	11	67776011	67796751
ENSG00000110717	11	67798082	67804118
ENSG00000110719	11	67806442	67818368
ENSG00000110721	11	67820313	67888918
ENSG00000110066	11	67922328	67981603
ENSG00000171067	11	68028801	68039471
ENSG00000162337	11	68079896	68216745
ENSG00000110075	11	68227941	68382813
ENSG00000069482	11	68450486	68458675
ENSG00000132749	11	68472779	68519039
ENSG00000110090	11	68522086	68611880
ENSG00000197345	11	68629848	68671311
ENSG00000132740	11	68671329	68708072
ENSG00000172938	11	68747488	68748457
ENSG00000172935	11	68771842	68781877
ENSG00000162341	11	68816310	68903787
ENSG00000287725	11	68840381	68929910
ENSG00000284713	11	68922944	68929910
ENSG00000172927	11	69061603	69182496
ENSG00000110092	11	69455836	69469244
ENSG00000149716	11	69467838	69490186
ENSG00000162344	11	69512998	69519430
ENSG00000075388	11	69585788	69590114
ENSG00000186895	11	69624734	69634186
ENSG00000131620	11	69832011	70035651
ENSG00000168040	11	70049366	70066723
ENSG00000131626	11	70116759	70231420
ENSG00000085733	11	70243808	70282692
ENSG00000162105	11	70313908	70963892
ENSG00000172893	11	71139237	71163916
ENSG00000172890	11	71164153	71235155
ENSG00000244411	11	71238311	71239717
ENSG00000241233	11	71249069	71250257
ENSG00000254997	11	71259464	71260656
ENSG00000204572	11	71276607	71277783
ENSG00000204571	11	71292899	71314401
ENSG00000289716	11	71516041	71639704
ENSG00000184276	11	71544244	71548758
ENSG00000254469	11	71576548	71639965
ENSG00000225805	11	71589497	71595609
ENSG00000137522	11	71640049	71708645
ENSG00000137496	11	71709657	71718363
ENSG00000137497	11	71713904	71791741
ENSG00000184154	11	71791330	71807943
ENSG00000284922	11	71791375	71821830
ENSG00000149357	11	71796564	71814441
ENSG00000284844	11	71814550	71822594
ENSG00000110200	11	71817414	71824736
ENSG00000110203	11	71825913	71852131
ENSG00000110195	11	71900571	71910375
ENSG00000165457	11	71927643	71933003
ENSG00000165458	11	71934566	71950230
ENSG00000165462	11	71950119	71956710
ENSG00000162129	11	71996537	72145726
ENSG00000186642	11	72287183	72385637
ENSG00000186635	11	72393479	72505094
ENSG00000214530	11	72464259	72505094
ENSG00000168010	11	72525181	72556083
ENSG00000137478	11	72547085	72853532
ENSG00000175591	11	72927707	72953474
ENSG00000171631	11	72975541	73016150
ENSG00000110237	11	73019319	73081833
ENSG00000054967	11	73087368	73108521
ENSG00000054965	11	73111530	73309300
ENSG00000021300	11	73357221	73373866
ENSG00000175582	11	73386681	73472512
ENSG00000175581	11	73498340	73576700
ENSG00000181924	11	73580889	73588029
ENSG00000175575	11	73587742	73642175
ENSG00000187726	11	73662057	73681413
ENSG00000175567	11	73684474	73694589
ENSG00000175564	11	73711320	73720288
ENSG00000168014	11	73723761	73882257
ENSG00000214517	11	73882126	73965761
ENSG00000149380	11	73946844	74022732
ENSG00000165434	11	74041358	74109520
ENSG00000175538	11	74165884	74178790
ENSG00000175536	11	74201546	74204777
ENSG00000077514	11	74204894	74380164
ENSG00000054938	11	74407472	74442672
ENSG00000166439	11	74459875	74553460
ENSG00000166435	11	74518782	74660247
ENSG00000118363	11	74660302	74692680
ENSG00000162139	11	74695404	74731726
ENSG00000171561	11	74792796	74807923
ENSG00000137491	11	74811606	74925728
ENSG00000261594	11	74951817	74954751
ENSG00000137486	11	74971164	75063339
ENSG00000149273	11	75105369	75133350
ENSG00000149243	11	75133436	75144250
ENSG00000158555	11	75145681	75237032
ENSG00000149257	11	75272607	75286693
ENSG00000171533	11	75297959	75380234
ENSG00000166391	11	75428856	75444010
ENSG00000062282	11	75470555	75524912
ENSG00000198382	11	75526217	75855305
ENSG00000085741	11	75897367	75921808
ENSG00000137492	11	76060855	76092190
ENSG00000179240	11	76092345	76125665
ENSG00000158636	11	76155929	76264671
ENSG00000137507	11	76368566	76381914
ENSG00000182704	11	76492445	76509203
ENSG00000078124	11	76571901	76737843
ENSG00000198488	11	76745435	76753022
ENSG00000149260	11	76778006	76837203
ENSG00000254550	11	76813884	76814379
ENSG00000137474	11	76839250	76926288
ENSG00000178795	11	76927598	77012734
ENSG00000149269	11	77032591	77185682
ENSG00000074201	11	77225979	77348860
ENSG00000178301	11	77300434	77346819
ENSG00000048649	11	77371052	77532068
ENSG00000087884	11	77532144	77629741
ENSG00000149262	11	77585462	77705922
ENSG00000151364	11	77726759	77757239
ENSG00000259112	11	77728015	77790913
ENSG00000151365	11	77774704	77779399
ENSG00000151366	11	77779341	77792919
ENSG00000159063	11	77806288	77850708
ENSG00000188997	11	77882277	77899692
ENSG00000118369	11	77899841	77926280
ENSG00000033327	11	77926337	78129396
ENSG00000137513	11	78146583	78286241
ENSG00000149256	11	78363872	79152076
ENSG00000182103	11	82440980	82444908
ENSG00000137509	11	82533421	82681628
ENSG00000165490	11	82611015	82669830
ENSG00000137502	11	82684173	82782973
ENSG00000165494	11	82868028	82898495
ENSG00000137494	11	82904745	82971738
ENSG00000137500	11	82956666	82997435
ENSG00000150672	11	83166053	85339445
ENSG00000171204	11	85339598	85350011
ENSG00000171202	11	85358998	85367593
ENSG00000137504	11	85368784	85393953
ENSG00000179071	11	85394889	85397240
ENSG00000137501	11	85405265	85522227
ENSG00000150676	11	85539948	85631066
ENSG00000073921	11	85668198	85780926
ENSG00000074266	11	85912252	85990855
ENSG00000149196	11	86013221	86057290
ENSG00000149201	11	86085776	86134153
ENSG00000151376	11	86149791	86383680
ENSG00000150687	11	86502099	86665195
ENSG00000174804	11	86656719	86666513
ENSG00000166575	11	86748864	87039868
ENSG00000123892	11	87839296	87908682
ENSG00000109861	11	87998235	88092854
ENSG00000168959	11	88237742	88799160
ENSG00000077498	11	88911041	89028929
ENSG00000086991	11	89054995	89231357
ENSG00000214414	11	89443465	89451042
ENSG00000168930	11	89530821	89541745
ENSG00000189253	11	89603311	89611657
ENSG00000223417	11	89644277	89654937
ENSG00000233802	11	89657230	89666233
ENSG00000204450	11	89699203	89707242
ENSG00000204449	11	89764272	89775195
ENSG00000255009	11	89819116	89820301
ENSG00000077616	11	89864681	89926064
ENSG00000110172	11	89915341	89956306
ENSG00000165323	11	91957815	92629641
ENSG00000134640	11	92702815	92718234
ENSG00000180773	11	92877143	92931161
ENSG00000165325	11	93063135	93171655
ENSG00000166002	11	93211632	93276932
ENSG00000166004	11	93394806	93463526
ENSG00000166012	11	93463112	93517559
ENSG00000182919	11	93474730	93503252
ENSG00000284057	11	93474828	93545546
ENSG00000042429	11	93517391	93548131
ENSG00000214376	11	93551396	93583809
ENSG00000181333	11	93754518	93847376
ENSG00000110218	11	93861992	93918187
ENSG00000183560	11	94037744	94041314
ENSG00000123901	11	94110480	94134596
ENSG00000020922	11	94148734	94245844
ENSG00000168876	11	94227143	94235103
ENSG00000257057	11	94245595	94265368
ENSG00000134627	11	94277004	94354589
ENSG00000196371	11	94277085	94283063
ENSG00000166025	11	94439595	94609915
ENSG00000150316	11	94695783	94708881
ENSG00000186280	11	94706871	94732954
ENSG00000235268	11	94758420	94760762
ENSG00000255855	11	94781304	94784504
ENSG00000263465	11	94800081	94804390
ENSG00000149218	11	94822728	94867359
ENSG00000149212	11	94898675	94965707
ENSG00000077458	11	95502115	95523575
ENSG00000166037	11	95523127	95570236
ENSG00000087053	11	95554928	95658481
ENSG00000184384	11	95709760	96076421
ENSG00000149231	11	96082403	96123122
ENSG00000183340	11	96123151	96240740
ENSG00000149972	11	98891677	100229618
ENSG00000165895	11	100557893	100864674
ENSG00000082175	11	100900353	101000550
ENSG00000137672	11	101318166	101743295
ENSG00000187151	11	101761389	101897189
ENSG00000110318	11	101785726	101871795
ENSG00000137691	11	101918131	101955870
ENSG00000137693	11	101980697	102104267
ENSG00000023445	11	102188180	102210136
ENSG00000110330	11	102217937	102249413
ENSG00000152558	11	102267058	102341117
ENSG00000137673	11	102391237	102401586
ENSG00000137674	11	102447561	102496065
ENSG00000137675	11	102562216	102576511
ENSG00000118113	11	102582525	102597783
ENSG00000166670	11	102641231	102651361
ENSG00000196611	11	102660130	102668900
ENSG00000149968	11	102706530	102714348
ENSG00000262406	11	102733463	102745722
ENSG00000137745	11	102813721	102826471
ENSG00000137692	11	102921413	102962934
ENSG00000187240	11	102980078	103350593
ENSG00000170962	11	103735771	104035121
ENSG00000170967	11	103907366	103909926
ENSG00000204403	11	104756443	104769399
ENSG00000196954	11	104813591	104840095
ENSG00000137757	11	104862657	104893898
ENSG00000137752	11	104894306	104905979
ENSG00000204397	11	104909817	104972160
ENSG00000255501	11	105008439	105402426
ENSG00000152578	11	105480260	105852819
ENSG00000170903	11	105866348	105893139
ENSG00000182359	11	105917953	105948188
ENSG00000149313	11	105946226	105969437
ENSG00000152402	11	106544743	106889266
ENSG00000152404	11	107190866	107328571
ENSG00000137760	11	107373450	107436492
ENSG00000110675	11	107461803	107537699
ENSG00000170290	11	107577702	107590431
ENSG00000110660	11	107661179	107799021
ENSG00000179331	11	107799172	107838871
ENSG00000166266	11	107879545	107978510
ENSG00000075239	11	107987420	108019686
ENSG00000149308	11	108025992	108093388
ENSG00000149311	11	108093513	108239831
ENSG00000269042	11	108130253	108136482
ENSG00000166323	11	108179244	108338265
ENSG00000178202	11	108342831	108369332
ENSG00000110723	11	108376160	108464509
ENSG00000178105	11	108535778	108811728
ENSG00000185742	11	109292858	109359602
ENSG00000137710	11	109735019	110168344
ENSG00000149289	11	109964097	110042568
ENSG00000137714	11	110300021	110335640
ENSG00000137727	11	110447764	110583914
ENSG00000150750	11	111116448	111157128
ENSG00000214290	11	111169269	111179462
ENSG00000110777	11	111222978	111326357
ENSG00000137707	11	111338249	111385094
ENSG00000183644	11	111385486	111407770
ENSG00000204381	11	111411003	111436352
ENSG00000170145	11	111473105	111601581
ENSG00000137713	11	111597630	111637439
ENSG00000086848	11	111652917	111743131
ENSG00000258529	11	111657008	111750151
ENSG00000255561	11	111744669	111751969
ENSG00000137720	11	111749657	111756701
ENSG00000109846	11	111778961	111794448
ENSG00000170276	11	111782881	111785824
ENSG00000254445	11	111783458	111797597
ENSG00000149300	11	111788754	111797599
ENSG00000150764	11	111797866	111893817
ENSG00000150768	11	111895755	111935130
ENSG00000150773	11	111923207	111945000
ENSG00000150776	11	111944808	111955878
ENSG00000150779	11	111953452	111957525
ENSG00000204370	11	111957083	111990741
ENSG00000255292	11	111957625	112064530
ENSG00000150782	11	112013422	112035116
ENSG00000150783	11	112038034	112043782
ENSG00000197580	11	112046193	112096620
ENSG00000150787	11	112096780	112141174
ENSG00000188771	11	112118874	112131585
ENSG00000149294	11	112831995	113149160
ENSG00000149292	11	113185263	113254268
ENSG00000170209	11	113258494	113271309
ENSG00000149295	11	113279741	113347126
ENSG00000166682	11	113558263	113577114
ENSG00000086827	11	113600514	113644495
ENSG00000228607	11	113650516	113651209
ENSG00000048028	11	113668590	113746339
ENSG00000149305	11	113775516	113819803
ENSG00000166736	11	113845795	113861037
ENSG00000109906	11	113929055	114127489
ENSG00000166741	11	114128485	114230763
ENSG00000180425	11	114262163	114271235
ENSG00000076053	11	114270750	114284927
ENSG00000255663	11	114271402	114314656
ENSG00000076043	11	114310079	114338873
ENSG00000095110	11	114389562	114430612
ENSG00000137634	11	114441311	114548979
ENSG00000204361	11	114549229	114577793
ENSG00000182985	11	115039936	115375677
ENSG00000137656	11	116618884	116643757
ENSG00000109917	11	116644513	116659195
ENSG00000110243	11	116659728	116663744
ENSG00000110244	11	116691414	116694145
ENSG00000110245	11	116697733	116705972
ENSG00000118137	11	116705391	116712783
ENSG00000160584	11	116714116	116969181
ENSG00000168092	11	117014992	117047612
ENSG00000149577	11	117049444	117068170
ENSG00000149591	11	117068223	117078182
ENSG00000160613	11	117073302	117103346
ENSG00000167257	11	117102868	117158147
ENSG00000186318	11	117155946	117187009
ENSG00000110274	11	117185271	117284334
ENSG00000177103	11	117298486	117688242
ENSG00000137731	11	117671552	117699451
ENSG00000255245	11	117690876	117747384
ENSG00000137726	11	117703736	117748392
ENSG00000137747	11	117771354	117800176
ENSG00000110324	11	117857083	117873754
ENSG00000255274	11	117874347	117959016
ENSG00000137648	11	117947699	117996227
ENSG00000177098	11	118004090	118023623
ENSG00000149575	11	118033519	118047370
ENSG00000160593	11	118064438	118097040
ENSG00000160588	11	118097403	118123092
ENSG00000149573	11	118124129	118135253
ENSG00000198851	11	118175414	118186892
ENSG00000167286	11	118205250	118213430
ENSG00000160654	11	118215051	118225878
ENSG00000110344	11	118230291	118269928
ENSG00000167283	11	118272058	118303995
ENSG00000285827	11	118272315	118353454
ENSG00000118058	11	118307169	118397549
ENSG00000172425	11	118398027	118401914
ENSG00000149582	11	118401349	118418990
ENSG00000118096	11	118415094	118443687
ENSG00000095139	11	118443097	118473750
ENSG00000019144	11	118477109	118528750
ENSG00000118094	11	118527973	118550405
ENSG00000110367	11	118618470	118661937
ENSG00000160683	11	118754575	118768498
ENSG00000186174	11	118764582	118796637
ENSG00000110375	11	118795871	118829271
ENSG00000176302	11	118842331	118851999
ENSG00000186166	11	118868759	118886523
ENSG00000118181	11	118885373	118889436
ENSG00000196655	11	118889441	118896166
ENSG00000137700	11	118894459	118901618
ENSG00000149428	11	118914894	118927965
ENSG00000160695	11	118938498	118953465
ENSG00000256269	11	118955569	118964632
ENSG00000188486	11	118964582	118966177
ENSG00000172269	11	118966687	118979043
ENSG00000172375	11	118972906	118989256
ENSG00000172273	11	118992217	119006771
ENSG00000172350	11	119019737	119033364
ENSG00000160703	11	119037188	119054728
ENSG00000172367	11	119056164	119060938
ENSG00000248712	11	119060762	119076978
ENSG00000110395	11	119076744	119184638
ENSG00000076706	11	119178680	119192233
ENSG00000173456	11	119205235	119208021
ENSG00000223953	11	119209650	119211652
ENSG00000235718	11	119209650	119217417
ENSG00000036672	11	119225923	119252432
ENSG00000154096	11	119286184	119295697
ENSG00000110400	11	119494118	119600200
ENSG00000137699	11	119981992	120056239
ENSG00000184232	11	120081434	120101916
ENSG00000137709	11	120107347	120190751
ENSG00000181264	11	120195887	120205833
ENSG00000196914	11	120206945	120360648
ENSG00000149403	11	120382416	120859617
ENSG00000154114	11	120894777	120962793
ENSG00000285509	11	120894832	120983819
ENSG00000109927	11	120971950	121062201
ENSG00000109929	11	121163388	121184121
ENSG00000137642	11	121322288	121504474
ENSG00000259571	11	121986046	121986925
ENSG00000154127	11	122526428	122685183
ENSG00000109943	11	122700188	122743353
ENSG00000109944	11	122753389	122834575
ENSG00000188909	11	122848276	122852544
ENSG00000109971	11	122928191	122933940
ENSG00000166250	11	122940331	123067407
ENSG00000023171	11	123228957	123498484
ENSG00000166257	11	123499893	123525954
ENSG00000166261	11	123593749	123613223
ENSG00000221931	11	123624286	123625228
ENSG00000196099	11	123676114	123677059
ENSG00000204300	11	123753625	123756379
ENSG00000181518	11	123772872	123779938
ENSG00000171014	11	123810322	123811282
ENSG00000181499	11	123813572	123814547
ENSG00000196248	11	123847366	123848490
ENSG00000198674	11	123864868	123865870
ENSG00000254737	11	123883702	123889441
ENSG00000236981	11	123893718	123894657
ENSG00000234560	11	123897503	123901343
ENSG00000182634	11	123906718	123912034
ENSG00000110002	11	123986109	124018430
ENSG00000197309	11	124054050	124059489
ENSG00000255425	11	124082412	124086537
ENSG00000181214	11	124095435	124096373
ENSG00000197849	11	124111833	124124262
ENSG00000255298	11	124126270	124136122
ENSG00000196341	11	124172725	124184997
ENSG00000279116	11	124189156	124190095
ENSG00000284680	11	124252288	124254397
ENSG00000284609	11	124265428	124268922
ENSG00000280090	11	124293836	124294769
ENSG00000197125	11	124307339	124315594
ENSG00000170953	11	124409529	124415231
ENSG00000196119	11	124436554	124452840
ENSG00000154143	11	124481322	124490254
ENSG00000154144	11	124492686	124518538
ENSG00000110013	11	124503007	124565605
ENSG00000064199	11	124543221	124568210
ENSG00000154146	11	124609833	124619240
ENSG00000019102	11	124617366	124622172
ENSG00000149564	11	124622477	124632221
ENSG00000120458	11	124634578	124670604
ENSG00000154134	11	124735307	124751369
ENSG00000154133	11	124753560	124768398
ENSG00000165478	11	124789099	124806329
ENSG00000221932	11	124789144	124790575
ENSG00000149548	11	124823950	124911547
ENSG00000134955	11	124932961	124960414
ENSG00000150433	11	124964273	124981768
ENSG00000165495	11	125034431	125304185
ENSG00000149557	11	125312775	125462475
ENSG00000149547	11	125406502	125454932
ENSG00000134910	11	125461605	125495117
ENSG00000149554	11	125495056	125546152
ENSG00000134940	11	125541415	125550771
ENSG00000171053	11	125616172	125619764
ENSG00000196844	11	125646006	125648725
ENSG00000236027	11	125658020	125661497
ENSG00000237353	11	125703209	125709969
ENSG00000198331	11	125753507	125770743
ENSG00000110060	11	125762240	125773124
ENSG00000109832	11	125773241	125813599
ENSG00000283703	11	125815937	125828544
ENSG00000064309	11	125825689	125933232
ENSG00000165526	11	126071685	126081589
ENSG00000197798	11	126081580	126135059
ENSG00000182934	11	126125025	126139041
ENSG00000110074	11	126138917	126151653
ENSG00000150455	11	126152390	126168742
ENSG00000110063	11	126173864	126219902
ENSG00000110080	11	126224570	126312190
ENSG00000149571	11	126293251	126873357
ENSG00000134954	11	128328654	128457508
ENSG00000151702	11	128556428	128683164
ENSG00000151704	11	128706208	128744568
ENSG00000120457	11	128760346	128792630
ENSG00000120471	11	128804624	128813296
ENSG00000134909	11	128834953	129149221
ENSG00000043039	11	129245654	129322176
ENSG00000151715	11	129685679	129731976
ENSG00000170322	11	129732980	129765487
ENSG00000170325	11	129769599	129872757
ENSG00000084234	11	129938040	130014708
ENSG00000149418	11	130029634	130080265
ENSG00000196323	11	130096570	130184814
ENSG00000134917	11	130274816	130298629
ENSG00000166106	11	130318528	130346542
ENSG00000120451	11	130736143	130786402
ENSG00000182667	11	131240371	132206718
ENSG00000183715	11	132284869	133402436
ENSG00000166118	11	133710524	133715435
ENSG00000080854	11	133766331	133826919
ENSG00000166086	11	133938891	134021968
ENSG00000151503	11	134018932	134095400
ENSG00000151502	11	134094505	134117690
ENSG00000151500	11	134117813	134123269
ENSG00000151498	11	134123402	134137390
ENSG00000166105	11	134144137	134189475
ENSG00000149328	11	134201778	134248237
ENSG00000109956	11	134248396	134282146
ENSG00000268640	12	147050	147379
ENSG00000120645	12	175920	287623
ENSG00000111181	12	299233	329312
ENSG00000010379	12	329785	373363
ENSG00000073614	12	388716	498757
ENSG00000120647	12	498437	551813
ENSG00000139044	12	569087	672677
ENSG00000171840	12	672016	772921
ENSG00000060237	12	861700	1020620
ENSG00000002016	12	1020034	1099221
ENSG00000082805	12	1099162	1605101
ENSG00000111186	12	1639018	1756411
ENSG00000171823	12	1671005	1704021
ENSG00000006831	12	1797738	1897851
ENSG00000151062	12	1901127	2027834
ENSG00000166159	12	1929431	1945921
ENSG00000151065	12	2048789	2113726
ENSG00000151067	12	2079854	2807118
ENSG00000004478	12	2903454	2915578
ENSG00000111203	12	2921786	2972057
ENSG00000053702	12	2934047	2944712
ENSG00000283297	12	2958190	2966230
ENSG00000111206	12	2966840	2986365
ENSG00000171792	12	2985422	2999429
ENSG00000078246	12	2986387	3050310
ENSG00000197905	12	3068195	3149844
ENSG00000011105	12	3180345	3395732
ENSG00000111218	12	3490513	3703145
ENSG00000130038	12	3715797	3873987
ENSG00000111224	12	3900211	3982627
ENSG00000118971	12	4378919	4416101
ENSG00000285901	12	4382926	4514658
ENSG00000078237	12	4416927	4469196
ENSG00000118972	12	4477391	4488881
ENSG00000111241	12	4537319	4554984
ENSG00000047621	12	4596899	4647687
ENSG00000111247	12	4647939	4669422
ENSG00000010219	12	4671351	4725932
ENSG00000272921	12	4714108	4771811
ENSG00000111254	12	4722547	4758240
ENSG00000139180	12	4758259	4810566
ENSG00000255639	12	4758265	4883352
ENSG00000130035	12	4829034	4961095
ENSG00000151079	12	4918498	4922486
ENSG00000111262	12	5019069	5027424
ENSG00000130037	12	5153043	5161781
ENSG00000185652	12	5541252	5630704
ENSG00000047617	12	5641033	6055400
ENSG00000110799	12	6058041	6233938
ENSG00000010278	12	6308879	6347439
ENSG00000008323	12	6419331	6438102
ENSG00000067182	12	6437921	6451282
ENSG00000111319	12	6454288	6493085
ENSG00000111321	12	6484209	6500739
ENSG00000139193	12	6554097	6560886
ENSG00000139192	12	6560854	6575685
ENSG00000139190	12	6571401	6580116
ENSG00000111639	12	6599368	6603024
ENSG00000010292	12	6602520	6641138
ENSG00000111640	12	6643176	6648098
ENSG00000010295	12	6648125	6665270
ENSG00000111641	12	6666027	6677859
ENSG00000285238	12	6666050	6716535
ENSG00000111642	12	6679245	6724150
ENSG00000184574	12	6727999	6745612
ENSG00000111644	12	6747239	6756609
ENSG00000111653	12	6759446	6772348
ENSG00000126746	12	6774201	6798740
ENSG00000139200	12	6802955	6810027
ENSG00000111652	12	6833178	6841630
ENSG00000089693	12	6857150	6878100
ENSG00000159335	12	6874680	6880120
ENSG00000089692	12	6881524	6887623
ENSG00000010610	12	6896022	6929975
ENSG00000250510	12	6930788	6939138
ENSG00000110811	12	6937383	6949033
ENSG00000111664	12	6949116	6956559
ENSG00000111665	12	6953885	6961519
ENSG00000111667	12	6961260	6975798
ENSG00000111669	12	6976281	6987679
ENSG00000111671	12	6980096	6998524
ENSG00000010626	12	6982617	7023409
ENSG00000111674	12	7022907	7033135
ENSG00000111676	12	7033615	7051487
ENSG00000111678	12	7052080	7055174
ENSG00000111679	12	7055578	7070481
ENSG00000215021	12	7074488	7080006
ENSG00000126749	12	7079926	7089103
ENSG00000290146	12	7080082	7105522
ENSG00000111684	12	7081187	7126085
ENSG00000182326	12	7096349	7178587
ENSG00000159403	12	7187511	7245205
ENSG00000139178	12	7242181	7261843
ENSG00000139194	12	7268330	7281489
ENSG00000139182	12	7280671	7311543
ENSG00000139197	12	7341247	7371172
ENSG00000215009	12	7456666	7481317
ENSG00000177675	12	7499279	7632495
ENSG00000177575	12	7622011	7656509
ENSG00000111701	12	7801994	7818506
ENSG00000184344	12	7842378	7848405
ENSG00000187569	12	7863992	7870159
ENSG00000198178	12	7877240	7904218
ENSG00000205857	12	7917810	7926719
ENSG00000111704	12	7940388	7951751
ENSG00000173262	12	7965106	8043800
ENSG00000059804	12	8071822	8171605
ENSG00000065970	12	8185268	8208120
ENSG00000171860	12	8209438	8219038
ENSG00000089818	12	8229533	8250479
ENSG00000111729	12	8276211	8291205
ENSG00000284393	12	8290734	8327918
ENSG00000196946	12	8309609	8341135
ENSG00000171847	12	8373854	8380219
ENSG00000205846	12	8608544	8632377
ENSG00000166527	12	8662069	8675239
ENSG00000166523	12	8685867	8693677
ENSG00000111732	12	8754749	8765840
ENSG00000197614	12	8789940	8825117
ENSG00000166532	12	8834077	8935693
ENSG00000166535	12	8975060	9039599
ENSG00000111752	12	9066418	9097458
ENSG00000003056	12	9092957	9102553
ENSG00000139187	12	9102638	9318225
ENSG00000175899	12	9220258	9268827
ENSG00000126838	12	9301434	9361008
ENSG00000111796	12	9746482	9760547
ENSG00000069493	12	9817563	9852151
ENSG00000293488	12	9854776	9892981
ENSG00000110848	12	9905080	9913499
ENSG00000150045	12	9980014	9997608
ENSG00000110852	12	10004966	10023236
ENSG00000256797	12	10034086	10048434
ENSG00000188393	12	10051270	10084971
ENSG00000172322	12	10103858	10148703
ENSG00000165682	12	10138239	10166025
ENSG00000256660	12	10163224	10171403
ENSG00000197992	12	10183275	10218632
ENSG00000150048	12	10216994	10268156
ENSG00000172243	12	10269363	10282870
ENSG00000173391	12	10308837	10324744
ENSG00000165685	12	10323109	10344408
ENSG00000139112	12	10365055	10375733
ENSG00000134539	12	10378655	10482209
ENSG00000213809	12	10523935	10544475
ENSG00000255819	12	10524950	10562747
ENSG00000183542	12	10555655	10562358
ENSG00000205810	12	10564906	10573196
ENSG00000255641	12	10564909	10588602
ENSG00000205809	12	10579451	10594901
ENSG00000134545	12	10593008	10607286
ENSG00000180574	12	10658199	10675736
ENSG00000111196	12	10755990	10766217
ENSG00000060140	12	10769238	10826919
ENSG00000060138	12	10845861	10876290
ENSG00000121377	12	10954129	10955228
ENSG00000121314	12	10958648	10959887
ENSG00000121381	12	10961691	10962769
ENSG00000231887	12	10977557	11324209
ENSG00000121318	12	10977816	10978959
ENSG00000111215	12	10998442	11324201
ENSG00000275778	12	10998446	11324199
ENSG00000212128	12	11060523	11062163
ENSG00000134551	12	11081650	11087446
ENSG00000212127	12	11090005	11324174
ENSG00000212126	12	11138510	11139513
ENSG00000255837	12	11148558	11150905
ENSG00000212124	12	11174216	11175221
ENSG00000256436	12	11182984	11184008
ENSG00000268301	12	11187085	11187277
ENSG00000226761	12	11213962	11214895
ENSG00000255374	12	11243884	11244914
ENSG00000256188	12	11285555	11287245
ENSG00000256537	12	11323753	11364376
ENSG00000186136	12	11338597	11339545
ENSG00000197870	12	11418845	11422846
ENSG00000230657	12	11460009	11463374
ENSG00000251655	12	11504755	11508527
ENSG00000121335	12	11544472	11653977
ENSG00000139083	12	11802546	12048322
ENSG00000121380	12	12202776	12364020
ENSG00000070018	12	12268957	12420129
ENSG00000111261	12	12473114	12503419
ENSG00000165714	12	12509989	12635268
ENSG00000111266	12	12626214	12716083
ENSG00000111269	12	12764744	12798311
ENSG00000183150	12	12812979	12868926
ENSG00000111276	12	12838430	12875309
ENSG00000178878	12	12878849	12982911
ENSG00000213782	12	12966248	12982918
ENSG00000013588	12	13043714	13070873
ENSG00000111291	12	13093507	13105152
ENSG00000013583	12	13127799	13153246
ENSG00000084444	12	13197117	13295457
ENSG00000111305	12	13236464	13256619
ENSG00000289766	12	13241716	13256420
ENSG00000134531	12	13349461	13372877
ENSG00000273079	12	13590874	14135074
ENSG00000293563	12	14132860	14133831
ENSG00000171681	12	14518371	14655867
ENSG00000121316	12	14656592	14720864
ENSG00000070019	12	14765564	14849588
ENSG00000197837	12	14920931	14924067
ENSG00000246705	12	14927337	14930938
ENSG00000084463	12	14936527	14956446
ENSG00000182993	12	14955796	15059522
ENSG00000179256	12	14956997	14967125
ENSG00000111339	12	14975310	14996566
ENSG00000111341	12	15032300	15058181
ENSG00000139055	12	15065532	15091493
ENSG00000111348	12	15094941	15114921
ENSG00000139053	12	15102759	15135635
ENSG00000134533	12	15260715	15543421
ENSG00000151490	12	15475189	15755111
ENSG00000151491	12	15770838	16035266
ENSG00000023734	12	16034932	16057384
ENSG00000023697	12	16064152	16190317
ENSG00000188991	12	16341417	16430621
ENSG00000008394	12	16423764	16762195
ENSG00000048540	12	16700679	16766104
ENSG00000111404	12	18233801	18473043
ENSG00000139144	12	18395879	18801352
ENSG00000139151	12	18836101	18891036
ENSG00000177938	12	18891051	18895856
ENSG00000052126	12	19282445	19529339
ENSG00000139154	12	19556977	19873737
ENSG00000172572	12	20521254	20841519
ENSG00000139155	12	20848264	20906322
ENSG00000111700	12	20959577	21071166
ENSG00000257046	12	20968606	21243181
ENSG00000257062	12	21200111	21329831
ENSG00000134538	12	21280794	21451001
ENSG00000084453	12	21417532	21572612
ENSG00000121351	12	21507891	21532916
ENSG00000121350	12	21590523	21624186
ENSG00000004700	12	21617652	21654605
ENSG00000111711	12	21654713	21671344
ENSG00000134548	12	21679228	21694185
ENSG00000111713	12	21684477	21757887
ENSG00000285854	12	21689135	21810734
ENSG00000111716	12	21788271	21910826
ENSG00000121361	12	21916871	21928551
ENSG00000069431	12	21950321	22095479
ENSG00000111726	12	22199106	22218610
ENSG00000111728	12	22216705	22589977
ENSG00000111731	12	22601499	22697510
ENSG00000139163	12	22778007	22843601
ENSG00000134532	12	23682436	24715480
ENSG00000060982	12	24962876	25102492
ENSG00000118308	12	25157274	25261425
ENSG00000118307	12	25260741	25348106
ENSG00000205707	12	25345367	25362889
ENSG00000133703	12	25358178	25479409
ENSG00000152936	12	25562239	25801594
ENSG00000123094	12	26110999	26232827
ENSG00000123095	12	26270109	26278041
ENSG00000123096	12	26274922	26452225
ENSG00000123104	12	26488283	26986174
ENSG00000064102	12	27057181	27091266
ENSG00000111790	12	27091332	27119598
ENSG00000064115	12	27107229	27167442
ENSG00000152944	12	27175475	27219278
ENSG00000214700	12	27233988	27237527
ENSG00000211455	12	27396899	27478896
ENSG00000029153	12	27485732	27578224
ENSG00000165935	12	27599667	27655808
ENSG00000110841	12	27676362	27849237
ENSG00000174236	12	27849378	27850531
ENSG00000061794	12	27863727	27909236
ENSG00000205693	12	27915222	27933171
ENSG00000087448	12	27932346	27955975
ENSG00000087494	12	28111015	28125690
ENSG00000123106	12	28286180	28734446
ENSG00000064763	12	29301947	29494065
ENSG00000087502	12	29487694	29534141
ENSG00000187950	12	29565405	29650621
ENSG00000133687	12	29653757	29937694
ENSG00000133704	12	30781913	30848844
ENSG00000110888	12	30862440	30976238
ENSG00000110900	12	31079360	31149539
ENSG00000013573	12	31226214	31257747
ENSG00000139146	12	31433355	31479994
ENSG00000170456	12	31530432	31744137
ENSG00000233381	12	31767389	31805031
ENSG00000139160	12	31800092	31826050
ENSG00000151743	12	31823773	31882152
ENSG00000300510	12	31902323	31908252
ENSG00000188375	12	31944117	31945234
ENSG00000174718	12	32112302	32146050
ENSG00000151746	12	32259575	32536569
ENSG00000139132	12	32552250	32798986
ENSG00000087470	12	32832132	32898586
ENSG00000139131	12	32878717	32908884
ENSG00000057294	12	32943677	33049755
ENSG00000110975	12	33526445	33592933
ENSG00000139133	12	34175394	34188233
ENSG00000175548	12	38710554	38723527
ENSG00000139117	12	39040622	39301234
ENSG00000139116	12	39687028	39837522
ENSG00000173208	12	39941364	40013794
ENSG00000180116	12	40019967	40302104
ENSG00000151229	12	40148825	40499898
ENSG00000188906	12	40590544	40763089
ENSG00000205592	12	40787195	40964636
ENSG00000018236	12	41086231	41467258
ENSG00000165966	12	41582034	41968549
ENSG00000151233	12	42475645	42538692
ENSG00000015153	12	42550904	42632172
ENSG00000134283	12	42632218	42853519
ENSG00000139168	12	42696957	42720061
ENSG00000139174	12	42850553	42984159
ENSG00000173157	12	43746568	43946018
ENSG00000129317	12	44112793	44152998
ENSG00000198001	12	44152739	44192112
ENSG00000151239	12	44187261	44200133
ENSG00000139173	12	44229550	44783547
ENSG00000184613	12	44901200	45315674
ENSG00000185610	12	45405726	45444890
ENSG00000177119	12	45609768	45876065
ENSG00000189079	12	46122691	46301825
ENSG00000139218	12	46312912	46385905
ENSG00000111371	12	46576835	46663855
ENSG00000134294	12	46751966	46766617
ENSG00000139209	12	47157423	47226285
ENSG00000139211	12	47469488	47474714
ENSG00000179715	12	47471726	47630452
ENSG00000005175	12	48054595	48099823
ENSG00000111405	12	48103515	48119352
ENSG00000079337	12	48127961	48164825
ENSG00000211584	12	48147697	48176536
ENSG00000061273	12	48176503	48226917
ENSG00000111424	12	48235318	48336833
ENSG00000134291	12	48357324	48364289
ENSG00000139219	12	48366748	48398474
ENSG00000079387	12	48433565	48500101
ENSG00000152556	12	48498920	48546272
ENSG00000177981	12	48541570	48574998
ENSG00000177875	12	48577425	48579711
ENSG00000172640	12	48596120	48597077
ENSG00000187166	12	48722761	48724064
ENSG00000167528	12	48730961	48745199
ENSG00000139223	12	48866340	48867407
ENSG00000177627	12	48876279	48890309
ENSG00000284723	12	48919413	48920355
ENSG00000198678	12	48953663	48956741
ENSG00000167531	12	48961465	48965650
ENSG00000139620	12	49046992	49076050
ENSG00000129315	12	49081382	49110783
ENSG00000257987	12	49121216	49159575
ENSG00000174233	12	49159972	49183691
ENSG00000167535	12	49207575	49222727
ENSG00000174243	12	49223537	49246627
ENSG00000172602	12	49250915	49259655
ENSG00000134287	12	49296922	49351316
ENSG00000272822	12	49297284	49351150
ENSG00000139537	12	49297886	49325625
ENSG00000134285	12	49315299	49321694
ENSG00000169884	12	49358966	49366454
ENSG00000125084	12	49372103	49376405
ENSG00000181418	12	49388930	49393160
ENSG00000181929	12	49396053	49412605
ENSG00000288710	12	49396055	49417860
ENSG00000167548	12	49412756	49454579
ENSG00000167550	12	49458456	49463912
ENSG00000139549	12	49480437	49488592
ENSG00000139636	12	49490331	49504685
ENSG00000123416	12	49521561	49525183
ENSG00000167552	12	49577927	49583109
ENSG00000167553	12	49582517	49668385
ENSG00000135406	12	49688922	49692471
ENSG00000135451	12	49716946	49725520
ENSG00000186897	12	49726190	49731012
ENSG00000178401	12	49739388	49751331
ENSG00000123352	12	49760021	49922223
ENSG00000135519	12	49932801	49952131
ENSG00000187778	12	49950325	49961935
ENSG00000110844	12	49961999	50038451
ENSG00000135436	12	49976666	49999424
ENSG00000161791	12	50030280	50101950
ENSG00000139644	12	50101506	50158720
ENSG00000167566	12	50184396	50222535
ENSG00000186666	12	50229824	50236918
ENSG00000135472	12	50260677	50298002
ENSG00000167580	12	50344517	50352666
ENSG00000161798	12	50355009	50359467
ENSG00000086159	12	50360975	50370937
ENSG00000161800	12	50370704	50426921
ENSG00000110881	12	50451132	50477406
ENSG00000066117	12	50478977	50495655
ENSG00000167588	12	50497763	50523433
ENSG00000178449	12	50505763	50514248
ENSG00000139624	12	50523070	50561318
ENSG00000050405	12	50569569	50677335
ENSG00000185958	12	50720011	50790407
ENSG00000161813	12	50786164	50873792
ENSG00000066084	12	50898743	51142442
ENSG00000123268	12	51157491	51214947
ENSG00000186452	12	51236701	51281669
ENSG00000185432	12	51317253	51326295
ENSG00000289695	12	51318750	51364485
ENSG00000110911	12	51345841	51422351
ENSG00000214511	12	51346319	51364645
ENSG00000050426	12	51441743	51462746
ENSG00000110925	12	51454986	51477449
ENSG00000135457	12	51487437	51566922
ENSG00000184271	12	51580717	51611872
ENSG00000183283	12	51632506	51665950
ENSG00000170545	12	51638340	51664303
ENSG00000110934	12	51674820	51718454
ENSG00000139610	12	51722224	51740590
ENSG00000139629	12	51745029	51786653
ENSG00000050438	12	51785099	51909549
ENSG00000196876	12	51984048	52206650
ENSG00000284730	12	52207703	52208711
ENSG00000261308	12	52211681	52242515
ENSG00000167612	12	52281791	52285513
ENSG00000139567	12	52300690	52317147
ENSG00000135503	12	52345457	52390868
ENSG00000161835	12	52400723	52409679
ENSG00000123358	12	52416614	52453295
ENSG00000123395	12	52463028	52471281
ENSG00000284791	12	52473486	52502041
ENSG00000167767	12	52562778	52586097
ENSG00000135480	12	52626302	52645972
ENSG00000170442	12	52643082	52702949
ENSG00000205426	12	52679695	52685320
ENSG00000170523	12	52708083	52715184
ENSG00000135443	12	52753788	52761267
ENSG00000161849	12	52771594	52779438
ENSG00000161850	12	52787713	52800121
ENSG00000170454	12	52817852	52828166
ENSG00000185479	12	52840433	52845940
ENSG00000170465	12	52862298	52867591
ENSG00000205420	12	52880958	52887051
ENSG00000186081	12	52908357	52914316
ENSG00000139648	12	52937691	52946931
ENSG00000170484	12	52958933	52967629
ENSG00000170486	12	52979371	52995324
ENSG00000186049	12	53001352	53012345
ENSG00000172867	12	53038340	53045997
ENSG00000167768	12	53068518	53074193
ENSG00000189182	12	53083408	53097310
ENSG00000185069	12	53161937	53171131
ENSG00000186442	12	53183467	53189903
ENSG00000170477	12	53200331	53207902
ENSG00000185640	12	53215190	53228098
ENSG00000170423	12	53231586	53242878
ENSG00000170421	12	53290964	53343740
ENSG00000111057	12	53339470	53346697
ENSG00000063046	12	53400045	53436016
ENSG00000111077	12	53440751	53458407
ENSG00000167778	12	53458098	53473200
ENSG00000167779	12	53491218	53496131
ENSG00000167780	12	53497239	53518324
ENSG00000139631	12	53551445	53574719
ENSG00000139651	12	53574337	53588928
ENSG00000139626	12	53585100	53601096
ENSG00000172819	12	53604348	53626766
ENSG00000283536	12	53635682	53636508
ENSG00000182544	12	53645033	53648192
ENSG00000135476	12	53662030	53687429
ENSG00000123349	12	53689073	53693241
ENSG00000139637	12	53693477	53700967
ENSG00000094914	12	53701238	53718650
ENSG00000170374	12	53720357	53739101
ENSG00000185591	12	53773917	53810232
ENSG00000135409	12	53817454	53825458
ENSG00000205352	12	53835090	53840446
ENSG00000197111	12	53845682	53878404
ENSG00000139625	12	53873451	53893849
ENSG00000139546	12	53894703	53900217
ENSG00000139574	12	53900466	53901277
ENSG00000267281	12	53900473	54019765
ENSG00000170653	12	53901638	54020198
ENSG00000135390	12	54020297	54072444
ENSG00000012822	12	54102299	54121531
ENSG00000123364	12	54332500	54340330
ENSG00000123407	12	54348685	54352742
ENSG00000123388	12	54366908	54371429
ENSG00000180818	12	54378847	54384065
ENSG00000273049	12	54379627	54428674
ENSG00000197757	12	54384406	54424609
ENSG00000180806	12	54388677	54397123
ENSG00000037965	12	54402693	54406555
ENSG00000198353	12	54409679	54449816
ENSG00000172789	12	54426830	54429147
ENSG00000123415	12	54515059	54582794
ENSG00000094916	12	54624724	54673927
ENSG00000135486	12	54673975	54680874
ENSG00000123405	12	54685889	54695045
ENSG00000111481	12	54694984	54745634
ENSG00000139572	12	54756227	54758279
ENSG00000161642	12	54762911	54785124
ENSG00000161638	12	54789043	54813301
ENSG00000170627	12	54849732	54867388
ENSG00000123338	12	54891495	54942029
ENSG00000123360	12	54943333	54973027
ENSG00000135447	12	54969169	54982630
ENSG00000135413	12	55024593	55028681
ENSG00000161634	12	55038371	55042279
ENSG00000172551	12	55224300	55289794
ENSG00000135426	12	55341797	55382890
ENSG00000123307	12	55413750	55423803
ENSG00000170605	12	55520188	55526536
ENSG00000179919	12	55614807	55615761
ENSG00000197706	12	55640980	55642088
ENSG00000188324	12	55687770	55690355
ENSG00000205330	12	55708125	55716150
ENSG00000205329	12	55723825	55726473
ENSG00000187857	12	55756757	55763065
ENSG00000205328	12	55794311	55795253
ENSG00000185821	12	55820036	55820978
ENSG00000179695	12	55837851	55847133
ENSG00000184954	12	55862982	55863924
ENSG00000205327	12	55886160	55887102
ENSG00000179626	12	55943384	55949618
ENSG00000179615	12	55966250	55969398
ENSG00000175398	12	56030674	56031619
ENSG00000135424	12	56072921	56110190
ENSG00000170439	12	56075227	56089534
ENSG00000135441	12	56109693	56113873
ENSG00000258311	12	56109818	56118489
ENSG00000135437	12	56114149	56118500
ENSG00000135404	12	56117293	56131153
ENSG00000135414	12	56136904	56151050
ENSG00000205323	12	56144977	56211698
ENSG00000257390	12	56151057	56221332
ENSG00000123353	12	56211816	56217883
ENSG00000135392	12	56212621	56224610
ENSG00000123342	12	56229215	56236791
ENSG00000170473	12	56295195	56326404
ENSG00000065357	12	56321101	56347813
ENSG00000185664	12	56347886	56367103
ENSG00000123374	12	56360563	56366575
ENSG00000111540	12	56367641	56390469
ENSG00000139531	12	56390637	56400427
ENSG00000123411	12	56401174	56432221
ENSG00000197728	12	56435133	56438483
ENSG00000065361	12	56470581	56497291
ENSG00000257411	12	56495113	56503075
ENSG00000170515	12	56498131	56510115
ENSG00000229117	12	56510367	56511753
ENSG00000135482	12	56512025	56521300
ENSG00000139641	12	56512032	56543893
ENSG00000196465	12	56545748	56553433
ENSG00000092841	12	56552104	56560358
ENSG00000139613	12	56556141	56583373
ENSG00000181852	12	56595961	56618061
ENSG00000139579	12	56615760	56623646
ENSG00000139540	12	56623821	56632000
ENSG00000139645	12	56631589	56652451
ENSG00000135469	12	56660628	56665522
ENSG00000062485	12	56665481	56694181
ENSG00000144785	12	56679698	56709845
ENSG00000257727	12	56701806	56710149
ENSG00000135473	12	56710005	56727839
ENSG00000110944	12	56727956	56734196
ENSG00000170581	12	56732138	56754069
ENSG00000175336	12	56754347	56756648
ENSG00000111602	12	56810145	56843243
ENSG00000135517	12	56843284	56862952
ENSG00000285528	12	56843482	56881956
ENSG00000176422	12	56862319	56873494
ENSG00000135423	12	56864727	56882200
ENSG00000076067	12	56915589	57010823
ENSG00000076108	12	56989378	57030700
ENSG00000110955	12	57031272	57039865
ENSG00000110958	12	57045445	57082194
ENSG00000196531	12	57106087	57125414
ENSG00000285625	12	57108394	57135321
ENSG00000198056	12	57124220	57146170
ENSG00000025423	12	57145599	57182195
ENSG00000170426	12	57316915	57328194
ENSG00000139547	12	57343869	57353160
ENSG00000166856	12	57388269	57392675
ENSG00000166860	12	57392618	57400346
ENSG00000166863	12	57403782	57422669
ENSG00000166866	12	57419044	57444984
ENSG00000166881	12	57449422	57481848
ENSG00000166886	12	57482664	57489261
ENSG00000166888	12	57489184	57525924
ENSG00000123384	12	57522257	57607179
ENSG00000182379	12	57610561	57620234
ENSG00000182199	12	57620335	57628720
ENSG00000185633	12	57628322	57636535
ENSG00000185482	12	57637234	57644980
ENSG00000258830	12	57643390	57690269
ENSG00000179912	12	57647543	57824836
ENSG00000175189	12	57828481	57845852
ENSG00000139269	12	57846104	57853065
ENSG00000111087	12	57853564	57866053
ENSG00000123329	12	57866041	57882616
ENSG00000166986	12	57869226	57911487
ENSG00000175197	12	57910365	57917415
ENSG00000285133	12	57911493	57914265
ENSG00000166987	12	57914491	57924399
ENSG00000175203	12	57923348	57941041
ENSG00000155980	12	57939807	57980418
ENSG00000166908	12	57984942	57997203
ENSG00000178498	12	57998265	58003589
ENSG00000240771	12	58003892	58011030
ENSG00000287908	12	58009061	58019910
ENSG00000135454	12	58017190	58027027
ENSG00000135506	12	58087622	58122127
ENSG00000135439	12	58117542	58135994
ENSG00000135452	12	58131794	58145168
ENSG00000135446	12	58139824	58149798
ENSG00000139266	12	58148721	58154196
ENSG00000111012	12	58156115	58162771
ENSG00000037897	12	58162252	58165916
ENSG00000123427	12	58165273	58176329
ENSG00000257921	12	58166441	58191339
ENSG00000123297	12	58176512	58222440
ENSG00000135407	12	58191157	58212519
ENSG00000175215	12	58213706	58240761
ENSG00000166896	12	58299820	58352933
ENSG00000139263	12	59262570	59314369
ENSG00000118596	12	59989731	60183638
ENSG00000198673	12	62101120	62672933
ENSG00000135655	12	62653853	62811213
ENSG00000061987	12	62860577	62994258
ENSG00000111110	12	62958417	63328945
ENSG00000166148	12	63536537	63544988
ENSG00000177990	12	63952691	64062721
ENSG00000118600	12	64173585	64203574
ENSG00000196935	12	64237534	64555999
ENSG00000174206	12	64576707	64616091
ENSG00000185306	12	64658540	64784563
ENSG00000184575	12	64797946	64844912
ENSG00000183735	12	64845868	64895898
ENSG00000153179	12	64900779	65091349
ENSG00000135677	12	65107220	65153231
ENSG00000111490	12	65153262	65274815
ENSG00000288591	12	65153274	65371291
ENSG00000156076	12	65444343	65515364
ENSG00000174106	12	65563120	65642267
ENSG00000174099	12	65672320	65898938
ENSG00000149948	12	66218002	66360073
ENSG00000139233	12	66508301	66524543
ENSG00000228144	12	66517695	66563767
ENSG00000155957	12	66529624	66563856
ENSG00000090376	12	66582773	66648404
ENSG00000127311	12	66696230	66737425
ENSG00000155974	12	66741209	67462944
ENSG00000111530	12	67663055	67713735
ENSG00000127334	12	68041691	68059188
ENSG00000111537	12	68548546	68553530
ENSG00000111536	12	68595127	68619595
ENSG00000127318	12	68642020	68647386
ENSG00000111554	12	68666221	68726178
ENSG00000127314	12	69004188	69065683
ENSG00000111581	12	69080729	69139591
ENSG00000175782	12	69139858	69187756
ENSG00000135679	12	69201919	69239326
ENSG00000135678	12	69235970	69365352
ENSG00000111605	12	69633321	69673611
ENSG00000090382	12	69742159	69748019
ENSG00000127337	12	69753447	69791787
ENSG00000166225	12	69864127	69973575
ENSG00000166226	12	69979201	69995362
ENSG00000198812	12	70002342	70004689
ENSG00000127325	12	70037138	70093258
ENSG00000127328	12	70132563	70216986
ENSG00000258052	12	70195447	70249145
ENSG00000166268	12	70219000	70352879
ENSG00000111596	12	70636759	70748775
ENSG00000135643	12	70759982	70828074
ENSG00000127329	12	70909648	71031222
ENSG00000153233	12	71031845	71314624
ENSG00000127324	12	71518232	71835680
ENSG00000139292	12	71833573	71980092
ENSG00000133858	12	72000190	72061507
ENSG00000173451	12	72057746	72074426
ENSG00000258064	12	72067982	72092750
ENSG00000139291	12	72079841	72098829
ENSG00000080371	12	72148613	72194068
ENSG00000121749	12	72233485	72321030
ENSG00000139287	12	72332623	72580400
ENSG00000072657	12	72481044	73064540
ENSG00000253719	12	74931613	74939212
ENSG00000166006	12	75432355	75603658
ENSG00000180881	12	75669757	75784732
ENSG00000173401	12	75728448	75764342
ENSG00000180481	12	75784827	75826474
ENSG00000139278	12	75874530	75897645
ENSG00000111615	12	75884641	75905458
ENSG00000139289	12	76419225	76426342
ENSG00000187109	12	76426765	76479406
ENSG00000179941	12	76738252	76742229
ENSG00000091039	12	76745097	76953622
ENSG00000186908	12	77157771	77247722
ENSG00000175183	12	77237643	77273420
ENSG00000165891	12	77415023	77459361
ENSG00000067798	12	77718419	78607073
ENSG00000067715	12	79257428	79845791
ENSG00000177425	12	79968757	80085179
ENSG00000058272	12	80165918	80329242
ENSG00000165899	12	80493315	80774662
ENSG00000139304	12	80799772	81072804
ENSG00000111046	12	81101311	81103451
ENSG00000111049	12	81110683	81113452
ENSG00000111052	12	81186297	81331756
ENSG00000111058	12	81330191	81654991
ENSG00000139220	12	81651752	82153334
ENSG00000133773	12	82617458	82752586
ENSG00000127720	12	82752276	82873020
ENSG00000179104	12	83080657	83528651
ENSG00000072041	12	85253268	85307410
ENSG00000231738	12	85408088	85430057
ENSG00000133640	12	85430090	85658237
ENSG00000180318	12	85673867	85696331
ENSG00000198774	12	86194479	86230369
ENSG00000133636	12	86267938	86276772
ENSG00000182050	12	86349443	87232683
ENSG00000165805	12	88373810	88427816
ENSG00000133641	12	88427621	88443939
ENSG00000198707	12	88442791	88535878
ENSG00000139324	12	88535956	88593666
ENSG00000049130	12	88886564	88974630
ENSG00000139318	12	89741010	89746286
ENSG00000139323	12	89751644	89919980
ENSG00000259075	12	89913183	89920041
ENSG00000257594	12	89913187	89918575
ENSG00000070961	12	89981824	90103421
ENSG00000197651	12	91299397	91348955
ENSG00000083782	12	91357457	91398805
ENSG00000139330	12	91444266	91451803
ENSG00000139329	12	91496301	91505461
ENSG00000011465	12	91534259	91576996
ENSG00000133639	12	92534052	92539632
ENSG00000187510	12	93096617	93166233
ENSG00000102189	12	93164411	93323139
ENSG00000173598	12	93771657	93804075
ENSG00000177889	12	93799447	93836041
ENSG00000198015	12	93836132	93909992
ENSG00000120833	12	93963582	93980373
ENSG00000169372	12	94071149	94288618
ENSG00000136040	12	94542329	94701453
ENSG00000173588	12	94699724	94853766
ENSG00000057704	12	94960896	95044392
ENSG00000184752	12	95270833	95397526
ENSG00000120798	12	95414003	95467419
ENSG00000180263	12	95470523	95611287
ENSG00000028203	12	95611520	95699097
ENSG00000111142	12	95867294	95909713
ENSG00000136014	12	95909700	95947119
ENSG00000074527	12	96051303	96185153
ENSG00000139343	12	96252538	96297608
ENSG00000165972	12	96260824	96336460
ENSG00000139344	12	96336822	96362610
ENSG00000084110	12	96366438	96390145
ENSG00000111144	12	96394074	96437303
ENSG00000111145	12	96587754	96663615
ENSG00000059758	12	96672003	96794377
ENSG00000188596	12	96883347	97269335
ENSG00000139350	12	97301000	97351603
ENSG00000120802	12	98909259	98944131
ENSG00000075415	12	98968187	99000159
ENSG00000166130	12	99007181	99038893
ENSG00000120868	12	99038925	99129213
ENSG00000185046	12	99120233	100378744
ENSG00000180219	12	100041529	100043894
ENSG00000111647	12	100422231	100536669
ENSG00000075089	12	100592898	100635645
ENSG00000166153	12	100597445	100660874
ENSG00000136021	12	100660606	100735773
ENSG00000179520	12	100750618	100815835
ENSG00000012504	12	100848846	100958194
ENSG00000139354	12	100967419	101022068
ENSG00000151572	12	101110997	101522428
ENSG00000256870	12	101548964	101604023
ENSG00000120800	12	101673871	101780398
ENSG00000120805	12	101759085	101801574
ENSG00000166211	12	101868690	101880915
ENSG00000196091	12	101962129	102082465
ENSG00000111666	12	102090723	102172241
ENSG00000139351	12	102122422	102133314
ENSG00000111670	12	102137808	102224764
ENSG00000136048	12	102271066	102405916
ENSG00000120860	12	102405513	102455929
ENSG00000075188	12	102463745	102514038
ENSG00000185480	12	102513898	102591311
ENSG00000183395	12	102590235	102591613
ENSG00000017427	12	102789650	102875637
ENSG00000171759	12	103230665	103352190
ENSG00000139352	12	103351443	103354293
ENSG00000179088	12	103631367	103895534
ENSG00000136011	12	103981043	104160625
ENSG00000111696	12	104164229	104235095
ENSG00000166598	12	104323883	104349686
ENSG00000204954	12	104334539	104359899
ENSG00000139372	12	104359575	104382654
ENSG00000120820	12	104379606	104458248
ENSG00000111727	12	104458296	104500305
ENSG00000120837	12	104510856	104532073
ENSG00000198431	12	104609549	104746566
ENSG00000255150	12	104697515	104698985
ENSG00000171310	12	104849071	105155794
ENSG00000136052	12	105195577	105352539
ENSG00000151131	12	105380072	105467977
ENSG00000136010	12	105413560	105501423
ENSG00000136051	12	105501100	105563181
ENSG00000136044	12	105566261	105630008
ENSG00000235162	12	105629066	105806662
ENSG00000074590	12	106457121	106532925
ENSG00000136026	12	106630224	106698059
ENSG00000166046	12	106695705	106741484
ENSG00000013503	12	106751469	106905002
ENSG00000111783	12	106976467	107156583
ENSG00000111785	12	107168098	107283096
ENSG00000151135	12	107349443	107372662
ENSG00000120832	12	107366896	107380953
ENSG00000008405	12	107385140	107487637
ENSG00000151136	12	107712196	108053421
ENSG00000136045	12	108079535	108107241
ENSG00000110851	12	108126642	108155106
ENSG00000187855	12	108168479	108170423
ENSG00000075035	12	108522903	108644316
ENSG00000174600	12	108681819	108733113
ENSG00000198855	12	108907485	108919616
ENSG00000075856	12	108915989	108955178
ENSG00000136003	12	108956323	108963162
ENSG00000183160	12	108983625	108992098
ENSG00000110876	12	109014187	109027672
ENSG00000110880	12	109038883	109154377
ENSG00000084112	12	109171965	109251415
ENSG00000110887	12	109252706	109294830
ENSG00000166111	12	109301515	109458875
ENSG00000135093	12	109460892	109525830
ENSG00000189046	12	109522957	109536269
ENSG00000076248	12	109535372	109564532
ENSG00000076555	12	109554123	109706033
ENSG00000139445	12	109715781	109747096
ENSG00000174527	12	109785703	109893330
ENSG00000110906	12	109886458	109915166
ENSG00000151148	12	109915178	109974512
ENSG00000139428	12	109991518	110011387
ENSG00000110921	12	110011058	110038416
ENSG00000139438	12	110151622	110208302
ENSG00000111199	12	110220890	110271349
ENSG00000139433	12	110288746	110318356
ENSG00000139437	12	110338067	110421648
ENSG00000139436	12	110367595	110434196
ENSG00000076513	12	110436989	110477570
ENSG00000174456	12	110458156	110511443
ENSG00000122970	12	110562117	110656602
ENSG00000174437	12	110718406	110788900
ENSG00000196510	12	110810309	110841547
ENSG00000111229	12	110872239	110888229
ENSG00000111231	12	110890276	110907075
ENSG00000204856	12	110906208	110930003
ENSG00000111237	12	110907706	110939939
ENSG00000151164	12	110939282	110971363
ENSG00000196850	12	110971048	111021190
ENSG00000204852	12	111051830	111101394
ENSG00000122986	12	111065639	111142757
ENSG00000186298	12	111146169	111180746
ENSG00000173093	12	111284571	111345341
ENSG00000111245	12	111347798	111359249
ENSG00000111249	12	111471525	111788360
ENSG00000198324	12	111798453	111806979
ENSG00000111252	12	111842788	111889429
ENSG00000204842	12	111881287	112037482
ENSG00000089234	12	112079947	112123811
ENSG00000111271	12	112123839	112194951
ENSG00000257767	12	112191692	112229224
ENSG00000111275	12	112204689	112255338
ENSG00000089022	12	112279800	112340028
ENSG00000292259	12	112280039	112280174
ENSG00000198270	12	112331516	112452077
ENSG00000089248	12	112450617	112463872
ENSG00000111300	12	112464491	112547240
ENSG00000135148	12	112563316	112591416
ENSG00000173064	12	112597990	112820249
ENSG00000089009	12	112841757	112856650
ENSG00000179295	12	112856153	112947724
ENSG00000089169	12	113008182	113336688
ENSG00000089127	12	113343659	113371026
ENSG00000111331	12	113375854	113414267
ENSG00000111335	12	113416190	113449530
ENSG00000135144	12	113494482	113535835
ENSG00000111344	12	113534318	113574069
ENSG00000186710	12	113587512	113597333
ENSG00000123064	12	113594976	113623315
ENSG00000139405	12	113622848	113631460
ENSG00000166578	12	113630112	113658910
ENSG00000186815	12	113658853	113739132
ENSG00000089060	12	113736562	113797309
ENSG00000151176	12	113796346	113829436
ENSG00000135094	12	113830226	113864108
ENSG00000139410	12	113847601	113876202
ENSG00000089116	12	113899836	113910087
ENSG00000122965	12	114233528	114404174
ENSG00000089225	12	114791714	114846910
ENSG00000135111	12	115108058	115122221
ENSG00000123066	12	116395708	116715526
ENSG00000258102	12	116985908	117014413
ENSG00000111412	12	117147974	117175889
ENSG00000135119	12	117175981	117291438
ENSG00000135116	12	117293947	117319254
ENSG00000174989	12	117348642	117470305
ENSG00000088992	12	117476726	117537286
ENSG00000135108	12	117579778	117628334
ENSG00000089250	12	117645945	117889977
ENSG00000171435	12	117890815	118406951
ENSG00000111445	12	118451391	118471352
ENSG00000176871	12	118468433	118500237
ENSG00000176834	12	118501396	118573833
ENSG00000089220	12	118573869	118588371
ENSG00000135090	12	118587604	118810746
ENSG00000111707	12	118814307	118856770
ENSG00000139767	12	119419158	119600858
ENSG00000152137	12	119609358	119662662
ENSG00000183273	12	119772501	119978854
ENSG00000224982	12	120031362	120080882
ENSG00000111725	12	120105665	120119436
ENSG00000122966	12	120122911	120315144
ENSG00000135127	12	120426664	120532302
ENSG00000111737	12	120532130	120555308
ENSG00000089154	12	120565004	120632781
ENSG00000089157	12	120634499	120639040
ENSG00000089159	12	120648240	120703605
ENSG00000089163	12	120729963	120751054
ENSG00000170890	12	120759916	120765590
ENSG00000135097	12	120779130	120808033
ENSG00000111775	12	120875891	120878547
ENSG00000111780	12	120875999	120897811
ENSG00000170855	12	120880866	120884220
ENSG00000257218	12	120884245	120901554
ENSG00000111786	12	120893939	120933751
ENSG00000088986	12	120906252	120936718
ENSG00000110871	12	120940471	120972239
ENSG00000022840	12	120971281	121015397
ENSG00000288623	12	120972498	120972762
ENSG00000167272	12	121011379	121019216
ENSG00000157782	12	121078364	121105132
ENSG00000110917	12	121124601	121142090
ENSG00000175970	12	121148227	121161445
ENSG00000122971	12	121163575	121177814
ENSG00000157837	12	121200311	121342219
ENSG00000135100	12	121416344	121440317
ENSG00000157895	12	121438287	121454309
ENSG00000135114	12	121455564	121477051
ENSG00000089041	12	121570586	121625837
ENSG00000135124	12	121647762	121671917
ENSG00000110931	12	121654904	121736113
ENSG00000089053	12	121746044	121837701
ENSG00000170633	12	121837879	121884271
ENSG00000089094	12	121866897	122020193
ENSG00000276045	12	122064412	122081017
ENSG00000139714	12	122086646	122110564
ENSG00000188735	12	122150629	122220909
ENSG00000139725	12	122206187	122241311
ENSG00000139718	12	122241762	122270564
ENSG00000158104	12	122277024	122301504
ENSG00000110801	12	122326629	122356205
ENSG00000256950	12	122326713	122359378
ENSG00000158023	12	122356459	122441835
ENSG00000110987	12	122457326	122499952
ENSG00000175727	12	122516626	122631896
ENSG00000158113	12	122652283	122688020
ENSG00000204671	12	122656574	122658770
ENSG00000176383	12	122688226	122693501
ENSG00000184047	12	122691939	122710632
ENSG00000284934	12	122692207	122712083
ENSG00000256861	12	122692324	122750972
ENSG00000139719	12	122714109	122751051
ENSG00000130779	12	122755977	122907327
ENSG00000033030	12	122956145	122985551
ENSG00000111011	12	122987999	123011649
ENSG00000184445	12	123011791	123112731
ENSG00000182782	12	123185838	123187906
ENSG00000255398	12	123199301	123201360
ENSG00000196917	12	123210621	123215393
ENSG00000139726	12	123237369	123255943
ENSG00000130783	12	123259062	123312077
ENSG00000130787	12	123318998	123347510
ENSG00000139722	12	123349873	123380689
ENSG00000150967	12	123403023	123466198
ENSG00000111325	12	123459125	123464593
ENSG00000182196	12	123464590	123468029
ENSG00000090975	12	123468025	123636215
ENSG00000051825	12	123636865	123728563
ENSG00000130921	12	123716687	123742628
ENSG00000111328	12	123734657	123756883
ENSG00000139697	12	123773654	123849769
ENSG00000183955	12	123868632	123893902
ENSG00000150977	12	123893803	123921305
ENSG00000184209	12	123942623	123957703
ENSG00000188026	12	123952347	124018966
ENSG00000086598	12	124069059	124083131
ENSG00000111364	12	124086618	124105492
ENSG00000111361	12	124104951	124118315
ENSG00000111358	12	124118284	124147153
ENSG00000168778	12	124155655	124192952
ENSG00000185344	12	124196879	124246309
ENSG00000197653	12	124246423	124420269
ENSG00000119242	12	124403205	124458802
ENSG00000179195	12	124456290	124499994
ENSG00000178882	12	124457786	124800572
ENSG00000196498	12	124808951	125052195
ENSG00000073060	12	125261400	125367216
ENSG00000150991	12	125394841	125424472
ENSG00000150990	12	125431368	125473688
ENSG00000184992	12	125478161	125515779
ENSG00000081760	12	125549908	125629112
ENSG00000139364	12	125670930	126146925
ENSG00000181234	12	128751706	129192458
ENSG00000139370	12	129277736	129308586
ENSG00000151948	12	129337970	129469515
ENSG00000151952	12	129556268	130388757
ENSG00000111432	12	130647002	130650287
ENSG00000125207	12	130822406	130857184
ENSG00000060709	12	130880674	131252775
ENSG00000111450	12	131274140	131323844
ENSG00000132341	12	131356536	131362225
ENSG00000111452	12	131437578	131627013
ENSG00000061936	12	132195622	132284285
ENSG00000198598	12	132312936	132338407
ENSG00000177169	12	132379139	132407708
ENSG00000177192	12	132413743	132430443
ENSG00000183495	12	132434341	132565007
ENSG00000185163	12	132621134	132628901
ENSG00000184967	12	132628951	132637020
ENSG00000182870	12	132680922	132905937
ENSG00000112787	12	133066135	133161776
ENSG00000204583	12	133179680	133187171
ENSG00000187848	12	133195355	133198976
ENSG00000177084	12	133200337	133263964
ENSG00000176894	12	133264155	133285164
ENSG00000247077	12	133287366	133299322
ENSG00000176915	12	133302084	133338682
ENSG00000090615	12	133345486	133405731
ENSG00000072609	12	133398771	133532892
ENSG00000196458	12	133494890	133532918
ENSG00000198393	12	133562769	133609540
ENSG00000198040	12	133613846	133639892
ENSG00000196387	12	133656972	133684569
ENSG00000214029	12	133681363	133707073
ENSG00000256223	12	133706933	133736053
ENSG00000256825	12	133707568	133778957
ENSG00000090612	12	133757993	133791420
ENSG00000227059	12	133794896	133812465
ENSG00000198033	13	19747908	19755966
ENSG00000132958	13	19997014	20135767
ENSG00000121390	13	20142387	20357161
ENSG00000196199	13	20207769	20247583
ENSG00000132950	13	20397620	20439077
ENSG00000121741	13	20532811	20665997
ENSG00000121743	13	20712389	20735756
ENSG00000165474	13	20761600	20767121
ENSG00000121742	13	20796099	20806591
ENSG00000165475	13	20977803	21100034
ENSG00000032742	13	21140737	21265838
ENSG00000172458	13	21276264	21297240
ENSG00000150456	13	21296526	21348132
ENSG00000132953	13	21351466	21477189
ENSG00000150457	13	21547166	21635746
ENSG00000150459	13	21714256	21723593
ENSG00000165480	13	21726198	21750746
ENSG00000173141	13	21750462	21753283
ENSG00000180776	13	21922921	22033608
ENSG00000165487	13	22066828	22178357
ENSG00000102678	13	22245204	22278643
ENSG00000102683	13	23734148	23900099
ENSG00000151835	13	23862826	24007904
ENSG00000127863	13	24144331	24250246
ENSG00000027001	13	24304137	24463589
ENSG00000205863	13	24465235	24471643
ENSG00000182957	13	24553814	24881214
ENSG00000273167	13	24553837	24895171
ENSG00000240654	13	24881302	24896675
ENSG00000102699	13	24995067	25087065
ENSG00000075673	13	25254544	25286691
ENSG00000132972	13	25338305	25454061
ENSG00000151849	13	25456412	25497029
ENSG00000151846	13	25670272	25673394
ENSG00000165566	13	25735815	25746428
ENSG00000139505	13	25819631	25861686
ENSG00000139496	13	25875659	25939530
ENSG00000132932	13	25946033	26599991
ENSG00000180730	13	26618633	26626163
ENSG00000127870	13	26706248	26796688
ENSG00000132964	13	26828026	26995131
ENSG00000132970	13	27131785	27263087
ENSG00000132975	13	27329335	27335167
ENSG00000152484	13	27640281	27746024
ENSG00000122026	13	27825418	27840689
ENSG00000122035	13	27844921	27849331
ENSG00000122034	13	27998719	28009962
ENSG00000122033	13	28003958	28024752
ENSG00000139517	13	28120046	28195493
ENSG00000186184	13	28194877	28318376
ENSG00000169840	13	28366618	28368907
ENSG00000139515	13	28494129	28500452
ENSG00000165556	13	28533781	28550122
ENSG00000183463	13	28551852	28562832
ENSG00000122025	13	28577409	28674731
ENSG00000152520	13	28712328	28869474
ENSG00000102755	13	28873675	29069427
ENSG00000132963	13	29233175	29255456
ENSG00000139508	13	29234117	29293157
ENSG00000132938	13	29394041	30080086
ENSG00000139514	13	30083545	30169931
ENSG00000122042	13	30338409	30424849
ENSG00000102781	13	30776765	30881693
ENSG00000236444	13	30996623	31003897
ENSG00000189403	13	31030839	31193011
ENSG00000132952	13	31191828	31234909
ENSG00000132965	13	31287613	31339211
ENSG00000102802	13	31480335	31499713
ENSG00000175664	13	31506774	31556661
ENSG00000120694	13	31709011	31736527
ENSG00000187676	13	31774095	31906415
ENSG00000133105	13	32313661	32377528
ENSG00000073910	13	32420848	32873264
ENSG00000189167	13	32877834	32889502
ENSG00000139618	13	32889221	32974407
ENSG00000139597	13	32974858	33002469
ENSG00000244754	13	33006552	33113295
ENSG00000083642	13	33160450	33352460
ENSG00000133116	13	33590552	33640282
ENSG00000133121	13	33677272	33924824
ENSG00000133119	13	34392184	34605473
ENSG00000172915	13	35516405	36247161
ENSG00000180660	13	36047554	36052903
ENSG00000133083	13	36342787	36706303
ENSG00000120669	13	36742352	36788727
ENSG00000250709	13	36742929	36871981
ENSG00000242715	13	36796139	36872012
ENSG00000133104	13	36875773	36944356
ENSG00000133101	13	37005646	37017098
ENSG00000180440	13	37247933	37272596
ENSG00000133111	13	37393323	37422308
ENSG00000120693	13	37418966	37495026
ENSG00000120697	13	37523699	37574902
ENSG00000120699	13	37572951	37600020
ENSG00000102710	13	37580162	37633867
ENSG00000180138	13	37677394	37679803
ENSG00000133110	13	38136717	38172994
ENSG00000133107	13	38206198	38444483
ENSG00000120686	13	38923663	38937758
ENSG00000150893	13	39261205	39461270
ENSG00000133115	13	39540060	39565010
ENSG00000120685	13	39583995	39612260
ENSG00000188811	13	39612436	39624248
ENSG00000183722	13	39783251	40177874
ENSG00000133103	13	40229762	40365805
ENSG00000150907	13	41129802	41241751
ENSG00000102738	13	41301828	41345489
ENSG00000102743	13	41363543	41386598
ENSG00000120690	13	41505375	41635830
ENSG00000120688	13	41634741	41658150
ENSG00000165572	13	41701703	41706940
ENSG00000120696	13	41763968	41768707
ENSG00000120662	13	41790279	41885969
ENSG00000172766	13	41885359	41951299
ENSG00000102760	13	42031083	42045021
ENSG00000102763	13	42140968	42535281
ENSG00000102780	13	42614170	42830716
ENSG00000023516	13	42845604	42897421
ENSG00000120659	13	43136870	43182151
ENSG00000179813	13	43355682	43367513
ENSG00000133106	13	43460521	43566530
ENSG00000120675	13	43597337	43688351
ENSG00000120658	13	43787138	44361466
ENSG00000151773	13	44398043	44454173
ENSG00000179630	13	44453051	44469230
ENSG00000281883	13	44457934	44602664
ENSG00000151778	13	44946220	44971854
ENSG00000102804	13	45006277	45151571
ENSG00000083635	13	45512097	45563630
ENSG00000133114	13	45563662	45611806
ENSG00000188342	13	45694573	45859045
ENSG00000180332	13	45766986	45775182
ENSG00000133112	13	45894532	45915421
ENSG00000174032	13	45967449	46008834
ENSG00000136152	13	46039011	46110838
ENSG00000165837	13	46108655	46189876
ENSG00000174015	13	46276453	46288696
ENSG00000215475	13	46351375	46425904
ENSG00000123200	13	46528497	46626918
ENSG00000080618	13	46627091	46679244
ENSG00000136167	13	46700053	46786008
ENSG00000173988	13	46786061	46851252
ENSG00000102445	13	46908814	47012327
ENSG00000136141	13	47127263	47327403
ENSG00000139684	13	47344453	47373909
ENSG00000102468	13	47405679	47471228
ENSG00000136143	13	48319869	48612106
ENSG00000136146	13	48575957	48669288
ENSG00000136159	13	48611648	48628334
ENSG00000136156	13	48806746	48844495
ENSG00000139687	13	48877844	49173574
ENSG00000139679	13	48901498	49018842
ENSG00000136161	13	49062992	49110144
ENSG00000152207	13	49227843	49285365
ENSG00000102531	13	49549927	49783917
ENSG00000102539	13	49794252	49799339
ENSG00000102543	13	49821997	49867628
ENSG00000102547	13	49882763	50018480
ENSG00000136169	13	50017928	50069141
ENSG00000136147	13	50069229	50103127
ENSG00000136144	13	50106073	50160878
ENSG00000152213	13	50202598	50208980
ENSG00000123179	13	50234808	50265751
ENSG00000102753	13	50271878	50367206
ENSG00000123178	13	50486836	50510651
ENSG00000204977	13	50510054	50594619
ENSG00000198553	13	50589388	50596503
ENSG00000186047	13	51093498	51418077
ENSG00000136104	13	51483880	51598258
ENSG00000226792	13	51656253	51774390
ENSG00000150510	13	51796078	51858379
ENSG00000253309	13	51909907	51938873
ENSG00000102786	13	51928211	52028402
ENSG00000139668	13	52158013	52341847
ENSG00000102796	13	52326064	52378325
ENSG00000285444	13	52338085	52419297
ENSG00000281106	13	52387481	52419410
ENSG00000123171	13	52436103	52440370
ENSG00000123191	13	52504570	52586336
ENSG00000253710	13	52585846	52653370
ENSG00000253797	13	52598825	52608334
ENSG00000197168	13	52607745	52703232
ENSG00000136098	13	52704867	52733992
ENSG00000136114	13	52934435	52990510
ENSG00000136100	13	52985250	53024825
ENSG00000136108	13	53029562	53050777
ENSG00000139675	13	53216564	53217910
ENSG00000165416	13	53226580	53275046
ENSG00000136110	13	53277331	53314279
ENSG00000136099	13	53417022	53422778
ENSG00000102837	13	53602899	53627400
ENSG00000204919	13	57715050	57718075
ENSG00000229665	13	57715050	57731218
ENSG00000204918	13	57721620	57724645
ENSG00000227151	13	57734764	57737789
ENSG00000234278	13	57741329	57744354
ENSG00000118946	13	58205561	58303447
ENSG00000139734	13	60239715	60738105
ENSG00000083544	13	60970589	61148015
ENSG00000280165	13	61983096	61989984
ENSG00000197991	13	61983989	62001984
ENSG00000237378	13	64320872	64325215
ENSG00000285566	13	64406492	64407188
ENSG00000184226	13	66876964	67804589
ENSG00000150361	13	70274583	70682627
ENSG00000276644	13	72012050	72441504
ENSG00000204899	13	73282493	73301969
ENSG00000136122	13	73301885	73330338
ENSG00000083520	13	73326305	73356252
ENSG00000083535	13	73355777	73592785
ENSG00000102554	13	73629112	73651726
ENSG00000118922	13	74260157	74742470
ENSG00000136111	13	75857622	76056798
ENSG00000188243	13	76099348	76123577
ENSG00000118939	13	76123617	76184222
ENSG00000136153	13	76194568	76434008
ENSG00000178695	13	77454308	77460542
ENSG00000102794	13	77522644	77532775
ENSG00000102805	13	77564793	77637165
ENSG00000283208	13	77566211	77703726
ENSG00000005812	13	77566731	77601348
ENSG00000005810	13	77616607	77901242
ENSG00000288716	13	77901038	77901125
ENSG00000136155	13	78109738	78220907
ENSG00000139737	13	78271820	78338751
ENSG00000136160	13	78469614	78549666
ENSG00000152192	13	79172495	79177689
ENSG00000152193	13	79186906	79233328
ENSG00000139746	13	79885946	79980614
ENSG00000102471	13	80055283	80130214
ENSG00000136158	13	80909651	80917120
ENSG00000178235	13	84451338	84456611
ENSG00000184564	13	86364816	86380820
ENSG00000165300	13	88323608	88348529
ENSG00000179399	13	92050837	93525937
ENSG00000183098	13	93879058	95060276
ENSG00000080166	13	95089063	95131938
ENSG00000088451	13	95226293	95248542
ENSG00000152749	13	95254040	95305347
ENSG00000125285	13	95361874	95364801
ENSG00000125257	13	95672083	95954078
ENSG00000134873	13	96085846	96255562
ENSG00000134874	13	96230454	96296996
ENSG00000102580	13	96328852	96447244
ENSG00000102595	13	96453832	96705738
ENSG00000185352	13	96742351	97491818
ENSG00000165621	13	97637965	97646986
ENSG00000139793	13	97873686	98051636
ENSG00000125249	13	98085966	98121384
ENSG00000065150	13	98605910	98677058
ENSG00000152767	13	98794417	99107432
ENSG00000139797	13	98828037	98829525
ENSG00000102572	13	99097437	99230196
ENSG00000088386	13	99335945	99405136
ENSG00000088387	13	99445681	99739705
ENSG00000134882	13	99853010	100038760
ENSG00000125245	13	99906983	99914000
ENSG00000169508	13	99944072	99959730
ENSG00000125304	13	100098563	100216304
ENSG00000125246	13	100258883	100561715
ENSG00000139800	13	100615216	100624023
ENSG00000043355	13	100633518	100639021
ENSG00000175198	13	100741267	101182693
ENSG00000134864	13	101177510	101241784
ENSG00000125247	13	101255877	101327889
ENSG00000102452	13	101706123	102068868
ENSG00000198542	13	102104783	102373760
ENSG00000102466	13	102363152	103054809
ENSG00000134900	13	103249284	103332310
ENSG00000139780	13	103337183	103347396
ENSG00000175820	13	103381715	103411424
ENSG00000151287	13	103418164	103427727
ENSG00000134901	13	103436629	103452670
ENSG00000134897	13	103451449	103494100
ENSG00000270181	13	103451458	103528346
ENSG00000134899	13	103498179	103528347
ENSG00000250878	13	103532388	103548385
ENSG00000125255	13	103696346	103718769
ENSG00000182346	13	106118214	106143385
ENSG00000125266	13	107142091	107188019
ENSG00000134884	13	107194019	107220515
ENSG00000204442	13	107815856	108519846
ENSG00000174405	13	108859785	108870723
ENSG00000139826	13	108870513	108886839
ENSG00000102524	13	108903586	108960834
ENSG00000041515	13	109248498	109860355
ENSG00000185950	13	110405040	110438983
ENSG00000187498	13	110801308	110959551
ENSG00000134871	13	110958123	111165558
ENSG00000139832	13	111175411	111214476
ENSG00000213995	13	111267850	111295435
ENSG00000134905	13	111293754	111365952
ENSG00000153487	13	111365081	111401293
ENSG00000088448	13	111530884	111567558
ENSG00000102606	13	111766904	111958086
ENSG00000153495	13	111968529	111996598
ENSG00000182968	13	112721461	112726022
ENSG00000153498	13	113030621	113089011
ENSG00000126216	13	113139317	113242521
ENSG00000068650	13	113344223	113541493
ENSG00000126217	13	113548642	113754728
ENSG00000057593	13	113760074	113775001
ENSG00000126218	13	113777083	113803847
ENSG00000126231	13	113812700	113827941
ENSG00000126226	13	113831429	113863774
ENSG00000139842	13	113862505	113921424
ENSG00000185896	13	113951401	113978730
ENSG00000139835	13	113974320	114018482
ENSG00000153531	13	114053924	114108231
ENSG00000150401	13	114109602	114145301
ENSG00000150403	13	114145032	114208907
ENSG00000198176	13	114238838	114295826
ENSG00000186009	13	114303117	114312515
ENSG00000185974	13	114321468	114440710
ENSG00000184497	13	114462165	114519970
ENSG00000183087	13	114523439	114567098
ENSG00000185989	13	114747192	114898252
ENSG00000283361	13	114920164	114988562
ENSG00000130177	13	115000329	115038922
ENSG00000169062	13	115046915	115071294
ENSG00000198824	13	115079955	115103103
ENSG00000257115	14	19377592	19378576
ENSG00000222036	14	19553363	19589684
ENSG00000187537	14	19988414	20020274
ENSG00000258453	14	20181093	20182044
ENSG00000176294	14	20187172	20298414
ENSG00000182652	14	20211728	20217630
ENSG00000176299	14	20241661	20251857
ENSG00000176290	14	20336354	20337304
ENSG00000165762	14	20343299	20352093
ENSG00000176281	14	20388764	20389739
ENSG00000155249	14	20399074	20404918
ENSG00000169488	14	20443748	20444726
ENSG00000196383	14	20468070	20472921
ENSG00000169484	14	20482300	20487468
ENSG00000176253	14	20497556	20504199
ENSG00000176246	14	20528202	20529144
ENSG00000176230	14	20578896	20590360
ENSG00000184394	14	20606977	20613632
ENSG00000196832	14	20659053	20669236
ENSG00000176219	14	20691867	20692863
ENSG00000258806	14	20697559	20698507
ENSG00000176198	14	20707443	20712510
ENSG00000136319	14	20724715	20774129
ENSG00000100814	14	20779510	20801478
ENSG00000129484	14	20811698	20830235
ENSG00000129566	14	20833824	20881668
ENSG00000185271	14	20894009	20904330
ENSG00000092094	14	20914558	20923250
ENSG00000100823	14	20922682	20926197
ENSG00000165782	14	20925813	20929778
ENSG00000198805	14	20930149	20945255
ENSG00000182545	14	20973694	20982045
ENSG00000188655	14	21024250	21029210
ENSG00000173464	14	21051049	21078045
ENSG00000259060	14	21051049	21077956
ENSG00000258436	14	21058230	21059537
ENSG00000181803	14	21108853	21109852
ENSG00000258818	14	21149230	21169377
ENSG00000214274	14	21151023	21167132
ENSG00000259171	14	21152744	21168737
ENSG00000181562	14	21214044	21216541
ENSG00000181552	14	21236561	21239109
ENSG00000169413	14	21249188	21251954
ENSG00000129538	14	21269385	21271045
ENSG00000169397	14	21350551	21360509
ENSG00000169385	14	21423502	21424597
ENSG00000165792	14	21457932	21465196
ENSG00000165794	14	21467412	21470032
ENSG00000165795	14	21484741	21539255
ENSG00000179636	14	21492243	21504437
ENSG00000206150	14	21500975	21502968
ENSG00000165799	14	21510473	21512395
ENSG00000173431	14	21525979	21526616
ENSG00000165801	14	21537783	21558430
ENSG00000165804	14	21557625	21572883
ENSG00000232070	14	21566968	21571885
ENSG00000169327	14	21616527	21627221
ENSG00000092199	14	21675532	21737953
ENSG00000092200	14	21748240	21819462
ENSG00000092201	14	21819446	21852203
ENSG00000100888	14	21853351	21924287
ENSG00000129472	14	21926861	21945134
ENSG00000092203	14	21944754	21972379
ENSG00000165819	14	21966269	21979574
ENSG00000165821	14	21989229	22005366
ENSG00000169208	14	22036649	22048212
ENSG00000255582	14	22101990	22103098
ENSG00000221977	14	22122049	22135858
ENSG00000276240	14	22136098	22142035
ENSG00000129562	14	23033800	23058153
ENSG00000100439	14	23067150	23081871
ENSG00000255804	14	23099832	23113563
ENSG00000155463	14	23235729	23245566
ENSG00000155465	14	23242429	23299031
ENSG00000172590	14	23299078	23305235
ENSG00000157227	14	23305739	23318252
ENSG00000197324	14	23340916	23350924
ENSG00000139890	14	23352343	23356897
ENSG00000100461	14	23362411	23388393
ENSG00000100462	14	23389315	23398669
ENSG00000092036	14	23415435	23426372
ENSG00000259132	14	23415477	23451469
ENSG00000129474	14	23440384	23451858
ENSG00000100802	14	23455101	23479740
ENSG00000100804	14	23485747	23504450
ENSG00000222028	14	23511419	23513271
ENSG00000139880	14	23516269	23526879
ENSG00000100813	14	23527768	23564825
ENSG00000179933	14	23563899	23569667
ENSG00000283654	14	23568269	23574229
ENSG00000092067	14	23586243	23589467
ENSG00000092068	14	23594502	23652894
ENSG00000215277	14	23654523	23742688
ENSG00000290292	14	23727904	23769007
ENSG00000235194	14	23764859	23772161
ENSG00000129473	14	23767997	23782280
ENSG00000258643	14	23776040	23795386
ENSG00000100836	14	23790654	23795387
ENSG00000092096	14	23815521	23822123
ENSG00000100842	14	23822455	23835498
ENSG00000166090	14	23842016	23845614
ENSG00000166091	14	23845834	23848983
ENSG00000197616	14	23849413	23878156
ENSG00000092054	14	23881939	23905348
ENSG00000129460	14	23938671	23979235
ENSG00000136367	14	23990058	24025403
ENSG00000259431	14	24025195	24029989
ENSG00000213983	14	24028762	24038718
ENSG00000092051	14	24037242	24048067
ENSG00000100867	14	24099322	24114850
ENSG00000157326	14	24422920	24438490
ENSG00000187630	14	24439081	24475619
ENSG00000186648	14	24520594	24538945
ENSG00000100884	14	24540044	24547311
ENSG00000129535	14	24547869	24584237
ENSG00000100889	14	24563260	24579809
ENSG00000100897	14	24583217	24594826
ENSG00000259371	14	24590163	24601040
ENSG00000139914	14	24599866	24602060
ENSG00000092010	14	24605349	24608178
ENSG00000100908	14	24608165	24611234
ENSG00000100911	14	24612567	24616781
ENSG00000092098	14	24615890	24629871
ENSG00000259529	14	24616755	24635663
ENSG00000213928	14	24630308	24637254
ENSG00000100918	14	24641060	24650131
ENSG00000196497	14	24649247	24658198
ENSG00000259522	14	24649599	24659624
ENSG00000100926	14	24658344	24665495
ENSG00000254692	14	24658361	24682681
ENSG00000139908	14	24674900	24677570
ENSG00000254505	14	24678785	24683038
ENSG00000213920	14	24683143	24685278
ENSG00000255526	14	24683159	24701560
ENSG00000129559	14	24686006	24701747
ENSG00000100938	14	24701415	24708454
ENSG00000092330	14	24703213	24711874
ENSG00000092295	14	24718318	24733640
ENSG00000100949	14	24734672	24740828
ENSG00000157379	14	24759798	24769344
ENSG00000196943	14	24769029	24778332
ENSG00000136305	14	24774391	24780662
ENSG00000213906	14	24774938	24781261
ENSG00000213903	14	24780392	24787244
ENSG00000129467	14	24787295	24804416
ENSG00000129465	14	24805229	24809230
ENSG00000100968	14	24834877	24848821
ENSG00000205978	14	24868065	24888512
ENSG00000100441	14	24892256	24911054
ENSG00000139899	14	24893090	24900180
ENSG00000100445	14	24908855	24912113
ENSG00000092009	14	24974557	24977479
ENSG00000100448	14	25042722	25045458
ENSG00000100450	14	25075684	25079029
ENSG00000100453	14	25100158	25103485
ENSG00000168952	14	25278658	25519541
ENSG00000139910	14	26912294	27067510
ENSG00000176165	14	29233533	29239485
ENSG00000184304	14	30045683	30661106
ENSG00000092140	14	31028308	31089375
ENSG00000092108	14	31091466	31207546
ENSG00000100473	14	31343642	31364709
ENSG00000196792	14	31362765	31495761
ENSG00000100478	14	31494126	31600204
ENSG00000092148	14	31569319	31677589
ENSG00000129493	14	31759840	31889815
ENSG00000203546	14	31803516	31926649
ENSG00000129480	14	31899460	31926721
ENSG00000214943	14	31952079	31957247
ENSG00000151413	14	31959160	32330512
ENSG00000100852	14	32544998	32628936
ENSG00000151320	14	32672780	33306892
ENSG00000151322	14	33403600	34290071
ENSG00000129521	14	34393425	34931982
ENSG00000165389	14	34901828	34931481
ENSG00000129518	14	34985142	35009001
ENSG00000129515	14	35030297	35099416
ENSG00000165410	14	35176205	35184154
ENSG00000198604	14	35221232	35344855
ENSG00000100883	14	35451161	35498894
ENSG00000151327	14	35514321	35585838
ENSG00000092020	14	35554671	35591755
ENSG00000100890	14	35591046	35747746
ENSG00000258790	14	35591753	35786682
ENSG00000100902	14	35747800	35787942
ENSG00000100906	14	35870283	35873957
ENSG00000168348	14	36003368	36006262
ENSG00000174373	14	36007556	36278533
ENSG00000100916	14	36295503	36401533
ENSG00000151332	14	36767435	36789888
ENSG00000257520	14	36942410	36990356
ENSG00000136352	14	36985595	36990356
ENSG00000136327	14	37049207	37051821
ENSG00000198807	14	37126771	37148569
ENSG00000183032	14	37147124	37641950
ENSG00000151338	14	37667084	38049459
ENSG00000129514	14	37937638	38065266
ENSG00000139865	14	38064585	38510649
ENSG00000139874	14	38677098	38682274
ENSG00000176435	14	38723203	38725300
ENSG00000100934	14	39501119	39578852
ENSG00000092208	14	39583487	39608243
ENSG00000182400	14	39609565	39639738
ENSG00000100941	14	39644078	39652638
ENSG00000150527	14	39699433	39857727
ENSG00000165355	14	39865576	39901683
ENSG00000165379	14	42075861	42373754
ENSG00000189139	14	44973350	44976488
ENSG00000179476	14	45366401	45376462
ENSG00000179454	14	45393525	45511527
ENSG00000198718	14	45431384	45543636
ENSG00000185246	14	45553275	45585487
ENSG00000100442	14	45581389	45604524
ENSG00000187790	14	45605110	45670095
ENSG00000129534	14	45672326	45722747
ENSG00000165496	14	47120211	47120986
ENSG00000139915	14	47305721	48144810
ENSG00000213741	14	49967168	50065884
ENSG00000165501	14	50065196	50081393
ENSG00000165502	14	50067531	50087369
ENSG00000168282	14	50087515	50100032
ENSG00000165506	14	50090417	50102004
ENSG00000100479	14	50110271	50155142
ENSG00000197776	14	50159816	50220356
ENSG00000165516	14	50234256	50295622
ENSG00000165525	14	50247671	50319775
ENSG00000165527	14	50359324	50363922
ENSG00000100483	14	50575347	50583320
ENSG00000100485	14	50583517	50698650
ENSG00000087299	14	50704279	50778963
ENSG00000125375	14	50778232	50823476
ENSG00000100490	14	50792981	50883181
ENSG00000012983	14	50884561	51027846
ENSG00000198513	14	50999225	51100737
ENSG00000151748	14	51093332	51135320
ENSG00000100503	14	51186479	51298758
ENSG00000100504	14	51324607	51411454
ENSG00000131969	14	51338762	51371690
ENSG00000100505	14	51441970	51562804
ENSG00000139921	14	51706868	51725779
ENSG00000139926	14	51863363	52197447
ENSG00000186469	14	52292911	52446062
ENSG00000087302	14	52456157	52479457
ENSG00000087303	14	52468503	52535994
ENSG00000168229	14	52734383	52743444
ENSG00000125384	14	52780942	52796542
ENSG00000087301	14	52896188	53020283
ENSG00000180998	14	53019539	53104433
ENSG00000197930	14	53106631	53162745
ENSG00000100519	14	53173872	53195325
ENSG00000198252	14	53196759	53241728
ENSG00000100522	14	53237692	53258420
ENSG00000073712	14	53323659	53419155
ENSG00000100523	14	53503461	53620073
ENSG00000125378	14	54411198	54425481
ENSG00000100526	14	54863565	54886941
ENSG00000100528	14	54878668	54908187
ENSG00000197045	14	54941182	54955797
ENSG00000100532	14	54976528	55009482
ENSG00000020577	14	55032833	55260032
ENSG00000131979	14	55308677	55370000
ENSG00000198554	14	55405665	55494170
ENSG00000180008	14	55493832	55516209
ENSG00000168175	14	55518363	55536914
ENSG00000131981	14	55588068	55614747
ENSG00000126787	14	55598988	55658347
ENSG00000178974	14	55738060	55850943
ENSG00000258469	14	55738094	55766223
ENSG00000126775	14	55833107	55878551
ENSG00000182521	14	55880926	55923446
ENSG00000126777	14	56025788	56168246
ENSG00000139946	14	56584530	56768466
ENSG00000070269	14	56955070	57117326
ENSG00000165588	14	57266526	57283512
ENSG00000070367	14	57667223	57735694
ENSG00000053770	14	57735162	57765462
ENSG00000139977	14	57857220	57882626
ENSG00000100557	14	57919635	57960697
ENSG00000151812	14	58030536	58448914
ENSG00000139971	14	58466451	58764859
ENSG00000131966	14	58666713	58705477
ENSG00000100567	14	58711456	58738816
ENSG00000032219	14	58765100	58840715
ENSG00000196860	14	58862644	58875422
ENSG00000100575	14	58865224	58894382
ENSG00000100578	14	58894101	59018017
ENSG00000165617	14	59100683	59115332
ENSG00000100592	14	59655362	59838125
ENSG00000126790	14	59785309	59951170
ENSG00000181619	14	59895738	59932100
ENSG00000050130	14	59950898	59972130
ENSG00000151838	14	59971255	60043532
ENSG00000139970	14	60062692	60337570
ENSG00000131951	14	60386429	60533537
ENSG00000126773	14	60558626	60638097
ENSG00000100612	14	60607524	60636576
ENSG00000100614	14	60712468	60765943
ENSG00000179008	14	60863185	60982263
ENSG00000184302	14	60975862	60979570
ENSG00000126778	14	61110137	61124979
ENSG00000100625	14	61176255	61191082
ENSG00000020426	14	61201449	61440582
ENSG00000126814	14	61438157	61448414
ENSG00000139974	14	61447822	61581036
ENSG00000027075	14	61654275	62017700
ENSG00000182107	14	61744086	61748481
ENSG00000310561	14	61788670	61788754
ENSG00000258989	14	61995844	62124684
ENSG00000100644	14	62162073	62215249
ENSG00000023608	14	62229035	62263163
ENSG00000139973	14	62278565	62579270
ENSG00000289503	14	62542056	62595141
ENSG00000140015	14	63166180	63568757
ENSG00000126785	14	63670830	63760238
ENSG00000179600	14	63779547	63785651
ENSG00000154001	14	63835577	64010130
ENSG00000140006	14	64048304	64108800
ENSG00000126821	14	64150917	64195056
ENSG00000054654	14	64228615	64694862
ENSG00000140009	14	64550948	64804832
ENSG00000100714	14	64854747	64930177
ENSG00000089775	14	64897534	64971952
ENSG00000179841	14	64931991	64941223
ENSG00000126804	14	64968868	65000410
ENSG00000126803	14	65002621	65012893
ENSG00000165807	14	65016606	65056816
ENSG00000126822	14	65170818	65216969
ENSG00000070182	14	65212999	65346739
ENSG00000258289	14	65381077	65424034
ENSG00000125954	14	65381201	65528523
ENSG00000176153	14	65405868	65409466
ENSG00000139998	14	65412530	65439946
ENSG00000257365	14	65453553	65529378
ENSG00000125952	14	65472114	65569415
ENSG00000033170	14	65751843	66213902
ENSG00000196553	14	66878420	66965397
ENSG00000171723	14	66974123	67648525
ENSG00000172717	14	67656043	67695269
ENSG00000072415	14	67707428	67802780
ENSG00000100554	14	67761086	67826984
ENSG00000134001	14	67826708	67861114
ENSG00000100558	14	67852367	67878955
ENSG00000198133	14	67913799	68000597
ENSG00000054690	14	67999778	68056444
ENSG00000100564	14	68048670	68067035
ENSG00000081181	14	68086572	68134047
ENSG00000100568	14	68102022	68141639
ENSG00000258466	14	68126535	68157086
ENSG00000072042	14	68143507	68162512
ENSG00000139988	14	68168601	68201170
ENSG00000072121	14	68194089	68283309
ENSG00000182185	14	68286456	69196937
ENSG00000185650	14	69254370	69262988
ENSG00000072110	14	69340358	69446996
ENSG00000139990	14	69517596	69619898
ENSG00000081177	14	69658189	69710739
ENSG00000100626	14	69725992	69853922
ENSG00000100632	14	69846838	69865321
ENSG00000029364	14	69864730	69930363
ENSG00000175985	14	69951407	69998270
ENSG00000267909	14	70036213	70041609
ENSG00000100647	14	70078282	70181863
ENSG00000100650	14	70193537	70240623
ENSG00000100652	14	70234770	70264384
ENSG00000198732	14	70320846	70559471
ENSG00000100678	14	70510930	70656199
ENSG00000133983	14	70791796	70883703
ENSG00000258644	14	70792779	70883793
ENSG00000213463	14	70833214	70883821
ENSG00000139985	14	70883822	70927172
ENSG00000134007	14	70989073	71001734
ENSG00000133997	14	71047968	71067409
ENSG00000133985	14	71108207	71148961
ENSG00000006432	14	71189241	71276285
ENSG00000100731	14	71374083	71582101
ENSG00000197555	14	71786992	72207949
ENSG00000182732	14	72398694	73033240
ENSG00000205683	14	73075740	73360827
ENSG00000119599	14	73393064	73428808
ENSG00000165861	14	73436151	73493850
ENSG00000119707	14	73525013	73590609
ENSG00000080815	14	73603124	73690401
ENSG00000100767	14	73703044	73812218
ENSG00000133961	14	73740852	73932875
ENSG00000187105	14	73945187	74025653
ENSG00000170468	14	73957636	73986840
ENSG00000184227	14	74003824	74010503
ENSG00000119673	14	74034322	74055591
ENSG00000177465	14	74058362	74062472
ENSG00000205669	14	74077647	74086594
ENSG00000119661	14	74111576	74170437
ENSG00000176903	14	74178484	74181089
ENSG00000156030	14	74181823	74256990
ENSG00000140043	14	74318493	74352431
ENSG00000258653	14	74318672	74398983
ENSG00000119725	14	74352902	74399226
ENSG00000156050	14	74398202	74417119
ENSG00000119723	14	74416627	74430375
ENSG00000187097	14	74423389	74486104
ENSG00000119636	14	74486042	74549568
ENSG00000119711	14	74522698	74551197
ENSG00000205659	14	74551644	74668198
ENSG00000119614	14	74706150	74729443
ENSG00000119688	14	74751970	74769773
ENSG00000133980	14	74769770	74826716
ENSG00000183379	14	74872595	74893030
ENSG00000119655	14	74893820	74960882
ENSG00000165898	14	74960422	74966463
ENSG00000119681	14	74964864	75079083
ENSG00000119682	14	75120138	75179822
ENSG00000119616	14	75179845	75217411
ENSG00000119596	14	75229990	75326140
ENSG00000119608	14	75319572	75342859
ENSG00000119689	14	75348592	75370671
ENSG00000198208	14	75370652	75390013
ENSG00000119630	14	75407666	75422331
ENSG00000119718	14	75469590	75479822
ENSG00000119684	14	75479925	75518237
ENSG00000119640	14	75519638	75536191
ENSG00000119703	14	75530810	75586207
ENSG00000119638	14	75546054	75594049
ENSG00000170348	14	75597807	75643357
ENSG00000170345	14	75745522	75749895
ENSG00000140044	14	75894417	75940816
ENSG00000156127	14	75988796	76013338
ENSG00000119686	14	76044932	76129559
ENSG00000119685	14	76099966	76421429
ENSG00000133935	14	76114420	76127915
ENSG00000119650	14	76368477	76550956
ENSG00000119699	14	76424407	76449371
ENSG00000089916	14	76618246	76720687
ENSG00000119715	14	76777053	76968182
ENSG00000071246	14	77227283	77249360
ENSG00000013523	14	77248074	77292591
ENSG00000100565	14	77292713	77336649
ENSG00000119669	14	77490884	77495053
ENSG00000198894	14	77564467	77583632
ENSG00000259164	14	77564652	77691807
ENSG00000165548	14	77582909	77725843
ENSG00000177108	14	77597607	77609377
ENSG00000165553	14	77731824	77737556
ENSG00000009830	14	77741297	77787243
ENSG00000100577	14	77787337	77810366
ENSG00000100580	14	77801365	77843693
ENSG00000100583	14	77843030	77858717
ENSG00000165555	14	77860362	77889868
ENSG00000151445	14	77893015	77924297
ENSG00000100591	14	77924084	77935827
ENSG00000100593	14	77940735	77965753
ENSG00000100596	14	77972338	78083126
ENSG00000100601	14	78138742	78174383
ENSG00000119705	14	78174386	78227449
ENSG00000100603	14	78175360	78227552
ENSG00000063761	14	78266400	78403533
ENSG00000021645	14	78636714	80334636
ENSG00000211448	14	80663867	80854102
ENSG00000100629	14	80943310	81425863
ENSG00000165409	14	81421331	81612652
ENSG00000165417	14	81641794	81687723
ENSG00000140022	14	81726994	81902863
ENSG00000071537	14	81937889	82000228
ENSG00000185070	14	85996359	86120774
ENSG00000054983	14	88304162	88460011
ENSG00000140030	14	88471471	88481157
ENSG00000100433	14	88646445	88793253
ENSG00000042317	14	88851266	88938875
ENSG00000070778	14	88932120	89021365
ENSG00000100722	14	89029290	89093942
ENSG00000165521	14	89078582	89259340
ENSG00000165533	14	89290495	89347425
ENSG00000053254	14	89591213	90085842
ENSG00000140025	14	90261011	90421123
ENSG00000042088	14	90421281	90511166
ENSG00000152315	14	90528332	90652201
ENSG00000100764	14	90722848	90741775
ENSG00000119720	14	90734202	90798471
ENSG00000198668	14	90862844	90874614
ENSG00000165914	14	90990906	91282871
ENSG00000100784	14	91314203	91527031
ENSG00000133943	14	91526386	91693276
ENSG00000119714	14	91698872	91731123
ENSG00000015133	14	91737665	91884236
ENSG00000100796	14	91923481	91976902
ENSG00000133962	14	92047038	92247053
ENSG00000165929	14	92246088	92333882
ENSG00000140092	14	92335752	92414410
ENSG00000100815	14	92432333	92507248
ENSG00000066427	14	92510824	92572971
ENSG00000183648	14	92582162	92588324
ENSG00000165934	14	92587854	92638491
ENSG00000140090	14	92788923	92967827
ENSG00000100599	14	92979775	93155341
ENSG00000293569	14	93086329	93094313
ENSG00000100600	14	93170137	93217478
ENSG00000066455	14	93260546	93307713
ENSG00000100604	14	93388973	93401640
ENSG00000100605	14	93393453	93582805
ENSG00000165943	14	93648519	93651277
ENSG00000153485	14	93651294	93654810
ENSG00000259066	14	93651316	93684934
ENSG00000170270	14	93657216	93673486
ENSG00000012963	14	93673580	93695574
ENSG00000011114	14	93703894	93799440
ENSG00000133958	14	93799563	94177174
ENSG00000187581	14	93813526	93817795
ENSG00000175785	14	94184642	94255443
ENSG00000140067	14	94385238	94395956
ENSG00000100628	14	94400127	94445179
ENSG00000175699	14	94453510	94475211
ENSG00000089723	14	94492673	94515966
ENSG00000089737	14	94514631	94547564
ENSG00000165948	14	94547615	94570194
ENSG00000165949	14	94571180	94583039
ENSG00000119632	14	94591915	94596592
ENSG00000119698	14	94612463	94746575
ENSG00000140093	14	94745102	94759659
ENSG00000170099	14	94770580	94789740
ENSG00000258597	14	94830651	94833037
ENSG00000197249	14	94843080	94857363
ENSG00000186910	14	94906934	94919167
ENSG00000170054	14	94929052	94947464
ENSG00000165953	14	94953609	94984183
ENSG00000100665	14	95027725	95037334
ENSG00000188488	14	95027734	95063381
ENSG00000273259	14	95058393	95090985
ENSG00000196136	14	95065196	95093339
ENSG00000133937	14	95232844	95236467
ENSG00000100697	14	95552563	95624349
ENSG00000165959	14	95648275	95786397
ENSG00000176438	14	95873601	95983193
ENSG00000182512	14	95999838	96011063
ENSG00000213231	14	96152732	96158977
ENSG00000100721	14	96160491	96180535
ENSG00000250366	14	96332922	96392210
ENSG00000227051	14	96505658	96561837
ENSG00000168398	14	96670861	96715829
ENSG00000258691	14	96671179	96730268
ENSG00000100739	14	96722151	96735306
ENSG00000066739	14	96745530	96829761
ENSG00000100744	14	96829787	96854495
ENSG00000140057	14	96858432	96956370
ENSG00000090060	14	96967768	97033457
ENSG00000100749	14	97263639	97421185
ENSG00000127152	14	99635622	99738536
ENSG00000183576	14	99861396	99947266
ENSG00000090061	14	99947504	100001383
ENSG00000205476	14	99966525	100070604
ENSG00000182218	14	100111457	100146908
ENSG00000036530	14	100150534	100193658
ENSG00000066629	14	100204028	100408399
ENSG00000196405	14	100437779	100610575
ENSG00000168350	14	100610292	100626027
ENSG00000100811	14	100704633	100749127
ENSG00000197119	14	100757451	100772886
ENSG00000140107	14	100789491	100796760
ENSG00000140105	14	100800117	100843144
ENSG00000176473	14	100842753	100996645
ENSG00000183092	14	101003482	101053769
ENSG00000185559	14	101192040	101204563
ENSG00000254656	14	101346088	101370061
ENSG00000197406	14	102026474	102029791
ENSG00000078304	14	102227974	102395292
ENSG00000197102	14	102430854	102522782
ENSG00000080824	14	102547073	102606112
ENSG00000140153	14	102605838	102691186
ENSG00000080823	14	102690835	102771532
ENSG00000022976	14	102783712	102810977
ENSG00000100865	14	102807437	102829255
ENSG00000196663	14	102829268	102968816
ENSG00000156381	14	102968102	102976163
ENSG00000089902	14	103058984	103210011
ENSG00000131323	14	103243661	103377839
ENSG00000166126	14	103388974	103399935
ENSG00000198752	14	103398715	103523946
ENSG00000283071	14	103550509	103556370
ENSG00000205436	14	103560873	103576910
ENSG00000185215	14	103587600	103603780
ENSG00000100664	14	103799879	103811364
ENSG00000291313	14	103800572	103802271
ENSG00000075413	14	103851696	103970174
ENSG00000166165	14	103985995	103989506
ENSG00000166166	14	103987917	104003412
ENSG00000166170	14	104022880	104043098
ENSG00000126214	14	104028231	104180588
ENSG00000256053	14	104028690	104080287
ENSG00000256500	14	104029297	104152263
ENSG00000126215	14	104163904	104181843
ENSG00000100711	14	104182060	104200008
ENSG00000088808	14	104199512	104313955
ENSG00000156411	14	104378612	104395497
ENSG00000156414	14	104394759	104519021
ENSG00000227729	14	104406761	104408900
ENSG00000166183	14	104551872	104581921
ENSG00000066735	14	104602789	104647234
ENSG00000258986	14	104941013	105071986
ENSG00000184601	14	105045885	105056854
ENSG00000203485	14	105147481	105188874
ENSG00000185100	14	105190509	105213862
ENSG00000184990	14	105219457	105234833
ENSG00000142208	14	105235683	105266273
ENSG00000179627	14	105265750	105271051
ENSG00000099814	14	105330833	105363109
ENSG00000166428	14	105391048	105404123
ENSG00000185567	14	105403579	105444713
ENSG00000140104	14	105452093	105476821
ENSG00000170779	14	105474867	105500167
ENSG00000183484	14	105514993	105532279
ENSG00000184916	14	105607317	105635258
ENSG00000183828	14	105639272	105647662
ENSG00000185024	14	105675612	105781928
ENSG00000184887	14	105714868	105717464
ENSG00000179364	14	105766898	105864486
ENSG00000226174	14	105864860	105916445
ENSG00000182979	14	105886143	105937076
ENSG00000182809	14	105939275	105946509
ENSG00000213145	14	105946681	105955286
ENSG00000257341	14	105953534	105958606
ENSG00000185347	14	105956190	105967468
ENSG00000184986	14	105992331	105996544
ENSG00000277322	15	20737092	20747116
ENSG00000268343	15	21004685	21005369
ENSG00000230031	15	21040699	21071645
ENSG00000278522	15	22048288	22083261
ENSG00000233917	15	22051851	22083261
ENSG00000280709	15	22303182	22383817
ENSG00000285472	15	22303182	22383810
ENSG00000274102	15	22358190	22371174
ENSG00000182974	15	22368476	22369563
ENSG00000279408	15	22382380	22383509
ENSG00000183706	15	22382471	22383815
ENSG00000269182	15	22456893	22460353
ENSG00000197414	15	22736244	22746004
ENSG00000277865	15	22736244	22746000
ENSG00000275835	15	22833421	22890045
ENSG00000273749	15	22892003	23006018
ENSG00000140157	15	23003704	23034445
ENSG00000170113	15	23043277	23100007
ENSG00000259455	15	23405067	23414195
ENSG00000273756	15	23569674	23579345
ENSG00000261739	15	23599893	23613490
ENSG00000174450	15	23684183	23692394
ENSG00000179455	15	23810819	23875224
ENSG00000254585	15	23888694	23893016
ENSG00000182636	15	23930545	23932454
ENSG00000185823	15	24920920	24928542
ENSG00000128739	15	25068772	25223872
ENSG00000273173	15	25200065	25222999
ENSG00000214265	15	25200179	25245425
ENSG00000114062	15	25578873	25684271
ENSG00000206190	15	25922418	26110333
ENSG00000166206	15	26788697	27184688
ENSG00000186297	15	27111854	27194357
ENSG00000182256	15	27216205	27787132
ENSG00000104044	15	28000003	28344812
ENSG00000128731	15	28356184	28567327
ENSG00000237850	15	28592995	28603232
ENSG00000153684	15	28623765	28637169
ENSG00000183629	15	28764755	28778162
ENSG00000227717	15	28798712	28808927
ENSG00000188626	15	28943727	28983532
ENSG00000261649	15	29086976	29093823
ENSG00000034053	15	29129593	29410522
ENSG00000104059	15	29409914	29863638
ENSG00000185115	15	29557191	29562028
ENSG00000104067	15	29991369	30261283
ENSG00000179938	15	30375156	30388895
ENSG00000261247	15	30427252	30440953
ENSG00000166664	15	30652767	30686063
ENSG00000186399	15	30692763	30706465
ENSG00000178115	15	30844251	30857889
ENSG00000261794	15	30896229	30909957
ENSG00000285077	15	30916695	30941734
ENSG00000284906	15	30916749	31065207
ENSG00000198690	15	31182760	31238414
ENSG00000166912	15	31210920	31284184
ENSG00000134160	15	31293266	31453365
ENSG00000169926	15	31618888	31727870
ENSG00000169918	15	31767599	32162994
ENSG00000175344	15	32215639	32465221
ENSG00000249931	15	32681798	32695495
ENSG00000206127	15	32734113	32747837
ENSG00000268759	15	32774820	32780289
ENSG00000232653	15	32885655	32899513
ENSG00000288864	15	32906059	32989298
ENSG00000198826	15	32907343	32933537
ENSG00000166922	15	32933584	32989816
ENSG00000166923	15	33009197	33037309
ENSG00000248905	15	33057743	33486930
ENSG00000198838	15	33603146	34158324
ENSG00000169857	15	34128571	34367358
ENSG00000184984	15	34260459	34359661
ENSG00000134153	15	34368169	34394132
ENSG00000182405	15	34394282	34400889
ENSG00000134152	15	34432564	34502322
ENSG00000128463	15	34517196	34522364
ENSG00000140199	15	34521983	34630263
ENSG00000182117	15	34631358	34635383
ENSG00000184507	15	34635514	34649940
ENSG00000176454	15	34650832	34659909
ENSG00000175265	15	34671134	34730054
ENSG00000215252	15	34817283	34880706
ENSG00000159248	15	35043231	35047206
ENSG00000159251	15	35082306	35088115
ENSG00000021776	15	35143849	35262033
ENSG00000198146	15	35270540	35281682
ENSG00000134146	15	35372011	35838614
ENSG00000255192	15	35375609	35377498
ENSG00000186073	15	36871810	37102451
ENSG00000134138	15	37181403	37394849
ENSG00000166069	15	38214057	38259927
ENSG00000166068	15	38544275	38650705
ENSG00000171262	15	38746306	38779913
ENSG00000172575	15	38780302	38857778
ENSG00000137801	15	39872329	39891669
ENSG00000150667	15	39880556	40075061
ENSG00000166073	15	40091202	40213179
ENSG00000128829	15	40226261	40328859
ENSG00000140319	15	40325184	40331389
ENSG00000104081	15	40380088	40401131
ENSG00000156970	15	40453183	40513340
ENSG00000137843	15	40509627	40569692
ENSG00000259288	15	40510699	40557093
ENSG00000137841	15	40570375	40600168
ENSG00000230778	15	40570571	40575267
ENSG00000259330	15	40615891	40618918
ENSG00000188549	15	40623651	40633157
ENSG00000233041	15	40643224	40649825
ENSG00000140323	15	40650418	40670824
ENSG00000128944	15	40674920	40687862
ENSG00000128928	15	40697684	40728157
ENSG00000140320	15	40728808	40760443
ENSG00000169105	15	40763181	40765359
ENSG00000128891	15	40811716	40857255
ENSG00000166133	15	40861486	40867372
ENSG00000137812	15	40886198	40956542
ENSG00000051180	15	40986970	41024544
ENSG00000137824	15	41012851	41048051
ENSG00000137880	15	41056239	41060072
ENSG00000104129	15	41057357	41099698
ENSG00000188277	15	41062176	41064649
ENSG00000166140	15	41099282	41107284
ENSG00000166143	15	41106927	41121595
ENSG00000166145	15	41135709	41152474
ENSG00000104140	15	41164410	41166445
ENSG00000104142	15	41186608	41196175
ENSG00000128917	15	41221529	41231281
ENSG00000128965	15	41245158	41249678
ENSG00000128908	15	41271076	41408768
ENSG00000178997	15	41474921	41522957
ENSG00000187446	15	41523020	41574088
ENSG00000285920	15	41576203	41673196
ENSG00000104147	15	41598608	41624880
ENSG00000137804	15	41612990	41673567
ENSG00000137806	15	41679414	41701603
ENSG00000137815	15	41700604	41775763
ENSG00000137825	15	41785556	41795754
ENSG00000062524	15	41795830	41806087
ENSG00000103932	15	41808753	41836481
ENSG00000092445	15	41849871	41876534
ENSG00000174197	15	41913330	42065281
ENSG00000137802	15	42066630	42120055
ENSG00000243789	15	42120263	42129789
ENSG00000168970	15	42120291	42140355
ENSG00000243708	15	42129971	42140347
ENSG00000137877	15	42140342	42186253
ENSG00000103966	15	42188124	42264814
ENSG00000188089	15	42273590	42343390
ENSG00000159337	15	42359205	42386765
ENSG00000168907	15	42431230	42448859
ENSG00000166887	15	42450897	42500526
ENSG00000103978	15	42501863	42566328
ENSG00000214013	15	42565392	42645866
ENSG00000258461	15	42640299	42704517
ENSG00000092529	15	42651690	42705149
ENSG00000103994	15	42705019	42783350
ENSG00000092531	15	42783429	42837558
ENSG00000285942	15	42789591	42840986
ENSG00000180979	15	42826823	42841002
ENSG00000137814	15	42841024	42864463
ENSG00000159433	15	42867770	43013198
ENSG00000140326	15	43015740	43029356
ENSG00000128881	15	43030926	43213050
ENSG00000159459	15	43235093	43398341
ENSG00000137842	15	43415475	43477344
ENSG00000285117	15	43471911	43498681
ENSG00000166946	15	43477314	43489377
ENSG00000166947	15	43483547	43513253
ENSG00000104055	15	43524786	43559133
ENSG00000159495	15	43568467	43594455
ENSG00000168806	15	43615845	43622782
ENSG00000168803	15	43621850	43647618
ENSG00000140265	15	43650116	43663258
ENSG00000137822	15	43661417	43701971
ENSG00000067369	15	43695257	43802928
ENSG00000166963	15	43803142	43823820
ENSG00000168781	15	43825658	43882428
ENSG00000237289	15	43885250	43897101
ENSG00000242866	15	43890088	43911000
ENSG00000284772	15	43906404	43924483
ENSG00000166762	15	43920699	43960318
ENSG00000223572	15	43985082	43994701
ENSG00000167004	15	44038560	44065479
ENSG00000128886	15	44064801	44069515
ENSG00000262560	15	44064813	44091333
ENSG00000140264	15	44069283	44088289
ENSG00000310796	15	44084462	44096627
ENSG00000184716	15	44086358	44092723
ENSG00000242028	15	44088338	44096774
ENSG00000140259	15	44093581	44116941
ENSG00000092470	15	44116694	44160614
ENSG00000171877	15	44162957	44487478
ENSG00000166734	15	44580895	44707958
ENSG00000137770	15	44719383	44821238
ENSG00000104131	15	44829251	44856831
ENSG00000104133	15	44846632	44955888
ENSG00000229474	15	44957919	45003584
ENSG00000166710	15	45003449	45011051
ENSG00000185880	15	45021182	45060029
ENSG00000167014	15	45248883	45271429
ENSG00000140263	15	45315312	45369385
ENSG00000140279	15	45384846	45406385
ENSG00000140274	15	45406521	45410621
ENSG00000140254	15	45409560	45422811
ENSG00000137857	15	45421646	45457776
ENSG00000138606	15	45457768	45493375
ENSG00000137860	15	45544423	45570046
ENSG00000171766	15	45625675	45694527
ENSG00000171763	15	45694521	45713615
ENSG00000166920	15	45722775	45740961
ENSG00000104154	15	45771802	45815034
ENSG00000104164	15	45879304	45908145
ENSG00000260170	15	45879547	45968514
ENSG00000137767	15	45923344	45983499
ENSG00000137872	15	47476274	48066427
ENSG00000188467	15	48413185	48434897
ENSG00000104177	15	48426827	48470574
ENSG00000233932	15	48470070	48495957
ENSG00000074803	15	48470587	48596277
ENSG00000128951	15	48623206	48635572
ENSG00000166147	15	48700211	48937990
ENSG00000103995	15	49005123	49103345
ENSG00000185634	15	49115936	49256124
ENSG00000255302	15	49170280	49172372
ENSG00000138593	15	49280671	49338767
ENSG00000166200	15	49398263	49447860
ENSG00000156958	15	49447851	49660068
ENSG00000166262	15	49619157	49913155
ENSG00000140285	15	49715365	49780974
ENSG00000104047	15	49913120	49948557
ENSG00000104043	15	50150433	50475146
ENSG00000140284	15	50474391	50528649
ENSG00000140287	15	50534142	50558164
ENSG00000104064	15	50567584	50647639
ENSG00000138592	15	50715779	50806620
ENSG00000170236	15	50786213	50838907
ENSG00000092439	15	50844668	50979044
ENSG00000288645	15	50940997	50978916
ENSG00000138600	15	50994461	51058147
ENSG00000081014	15	51200863	51298098
ENSG00000183578	15	51345684	51397475
ENSG00000137869	15	51500252	51630805
ENSG00000186417	15	51633693	51700204
ENSG00000104093	15	51739906	51915180
ENSG00000104112	15	51973634	52013225
ENSG00000140280	15	52014841	52043784
ENSG00000128872	15	52043759	52108562
ENSG00000138594	15	52121821	52239494
ENSG00000166477	15	52229983	52264121
ENSG00000069956	15	52244301	52359574
ENSG00000289025	15	52338041	52338098
ENSG00000137875	15	52401458	52404974
ENSG00000069966	15	52407295	52483591
ENSG00000128833	15	52484504	52588014
ENSG00000197535	15	52599476	52821447
ENSG00000128989	15	52839240	52862082
ENSG00000047346	15	52873512	53002023
ENSG00000169856	15	53047248	53083277
ENSG00000166415	15	53805936	54055077
ENSG00000137766	15	54270396	54923944
ENSG00000137876	15	55472993	55489276
ENSG00000069974	15	55495162	55611374
ENSG00000225973	15	55609282	55611619
ENSG00000069943	15	55611140	55647848
ENSG00000260916	15	55611883	55700710
ENSG00000261652	15	55700676	55710998
ENSG00000256061	15	55702721	55800434
ENSG00000171016	15	55831080	55881194
ENSG00000166450	15	55903740	56035403
ENSG00000069869	15	56119113	56285860
ENSG00000181827	15	56379476	56537303
ENSG00000151575	15	56536167	56738197
ENSG00000138587	15	56713740	56757368
ENSG00000137871	15	56922360	57026286
ENSG00000285253	15	56944684	57210771
ENSG00000140262	15	57210295	57591907
ENSG00000128849	15	57668163	57843942
ENSG00000263155	15	57884085	57977876
ENSG00000137878	15	57884104	58006945
ENSG00000255529	15	57998837	58074962
ENSG00000128918	15	58245620	58790067
ENSG00000103569	15	58430366	58478116
ENSG00000166035	15	58702577	58862650
ENSG00000137845	15	58881006	59042072
ENSG00000128923	15	59063314	59154101
ENSG00000157450	15	59157372	59389709
ENSG00000137776	15	59171243	59226213
ENSG00000157456	15	59397263	59418231
ENSG00000157483	15	59424606	59665322
ENSG00000171989	15	59499040	59500789
ENSG00000157470	15	59664876	59815895
ENSG00000140297	15	59848140	59950901
ENSG00000140307	15	59930255	59949742
ENSG00000140299	15	59951343	59981688
ENSG00000171956	15	60296431	60353931
ENSG00000182718	15	60639331	60695084
ENSG00000128915	15	60711805	60771361
ENSG00000069667	15	60780481	61521503
ENSG00000129003	15	62144586	62352683
ENSG00000198535	15	62359174	62363118
ENSG00000205502	15	62450533	62457920
ENSG00000171914	15	62682686	63136832
ENSG00000140416	15	63334327	63364116
ENSG00000103642	15	63414011	63434262
ENSG00000185088	15	63418056	63450222
ENSG00000166128	15	63481727	63560368
ENSG00000138613	15	63568215	63601327
ENSG00000074410	15	63613575	63674453
ENSG00000140455	15	63796698	63886841
ENSG00000197361	15	63889396	63901231
ENSG00000103657	15	63900815	64126198
ENSG00000035664	15	64199230	64364234
ENSG00000166797	15	64364310	64386463
ENSG00000028528	15	64386320	64438772
ENSG00000157734	15	64443798	64449682
ENSG00000166794	15	64447937	64455360
ENSG00000169118	15	64457722	64648755
ENSG00000259316	15	64473377	64673641
ENSG00000166803	15	64656326	64679888
ENSG00000103671	15	64679945	64750854
ENSG00000180357	15	64752746	64978269
ENSG00000180304	15	64979030	64995482
ENSG00000166831	15	65032083	65068061
ENSG00000140451	15	65107826	65117878
ENSG00000241839	15	65131428	65160203
ENSG00000249240	15	65134080	65223120
ENSG00000166839	15	65204050	65272185
ENSG00000090487	15	65246892	65282652
ENSG00000103707	15	65283165	65321992
ENSG00000186198	15	65337468	65345737
ENSG00000103710	15	65345673	65369030
ENSG00000234438	15	65369082	65372288
ENSG00000246922	15	65384102	65407540
ENSG00000090470	15	65409715	65426176
ENSG00000166855	15	65440555	65477983
ENSG00000138615	15	65487096	65503831
ENSG00000138617	15	65523734	65592958
ENSG00000174498	15	65619463	65670427
ENSG00000103742	15	65673815	65715423
ENSG00000074603	15	65734799	65810097
ENSG00000074696	15	65822754	65870693
ENSG00000138614	15	65871089	65903955
ENSG00000074621	15	65903702	65954374
ENSG00000174485	15	65950382	66084647
ENSG00000103769	15	66018390	66186572
ENSG00000157890	15	66187415	66546151
ENSG00000166938	15	66585553	66626246
ENSG00000075131	15	66628527	66679096
ENSG00000169032	15	66679152	66783996
ENSG00000174446	15	66779975	66790163
ENSG00000174444	15	66790351	66816872
ENSG00000174442	15	66797295	66842470
ENSG00000188501	15	66839515	66858343
ENSG00000137834	15	66993560	67075200
ENSG00000166949	15	67356099	67487513
ENSG00000103591	15	67492798	67547535
ENSG00000103599	15	67547112	67794600
ENSG00000189227	15	67813441	67822486
ENSG00000137764	15	67834947	68099463
ENSG00000188779	15	68112040	68126922
ENSG00000033800	15	68346596	68490943
ENSG00000260007	15	68476368	68522058
ENSG00000129007	15	68482124	68498427
ENSG00000128973	15	68499313	68549551
ENSG00000169018	15	68570061	68588352
ENSG00000137809	15	68588868	68724557
ENSG00000103647	15	68870892	69020147
ENSG00000140350	15	69070871	69113265
ENSG00000258484	15	69110558	69239325
ENSG00000290203	15	69222841	69355085
ENSG00000255346	15	69307027	69355104
ENSG00000138604	15	69452877	69564558
ENSG00000137819	15	69591225	69702607
ENSG00000137807	15	69706583	69740768
ENSG00000137818	15	69744993	69748546
ENSG00000140332	15	70340111	70390517
ENSG00000137831	15	70946891	71055911
ENSG00000166173	15	71121467	71147124
ENSG00000137821	15	71145576	71364043
ENSG00000129028	15	71173667	71184911
ENSG00000187720	15	71389289	72075724
ENSG00000278570	15	72084975	72110602
ENSG00000066933	15	72114630	72410920
ENSG00000166192	15	72406597	72436035
ENSG00000175318	15	72452145	72490173
ENSG00000067225	15	72491363	72524162
ENSG00000137817	15	72533515	72565342
ENSG00000273025	15	72559085	72612289
ENSG00000140488	15	72577066	72612965
ENSG00000260729	15	72577066	72668324
ENSG00000213614	15	72633258	72668763
ENSG00000187806	15	72690641	72700710
ENSG00000166233	15	72766647	72895330
ENSG00000215186	15	72947036	72961942
ENSG00000175202	15	72968130	72978964
ENSG00000140463	15	72978520	73034349
ENSG00000159322	15	73028290	73078189
ENSG00000067141	15	73343984	73597548
ENSG00000138622	15	73612198	73661301
ENSG00000183324	15	73735486	73852363
ENSG00000156642	15	73838851	73926477
ENSG00000103855	15	73976305	74006862
ENSG00000205363	15	74027779	74045700
ENSG00000167139	15	74165903	74181557
ENSG00000129038	15	74218328	74244480
ENSG00000067221	15	74271265	74286965
ENSG00000140464	15	74287012	74340170
ENSG00000159289	15	74362196	74374893
ENSG00000167178	15	74392650	74430883
ENSG00000129009	15	74464753	74469215
ENSG00000137868	15	74471805	74504610
ENSG00000140481	15	74495044	74628815
ENSG00000140459	15	74630085	74660227
ENSG00000138623	15	74701628	74726308
ENSG00000138629	15	74737526	74753532
ENSG00000179361	15	74833527	74890474
ENSG00000179335	15	74890839	74937811
ENSG00000179151	15	74922896	74988635
ENSG00000140465	15	75011881	75030812
ENSG00000140505	15	75041134	75048950
ENSG00000103653	15	75074362	75096520
ENSG00000140506	15	75105055	75118101
ENSG00000213578	15	75118933	75124145
ENSG00000140474	15	75128455	75135689
ENSG00000140497	15	75136067	75165717
ENSG00000178802	15	75182344	75194562
ENSG00000178761	15	75184514	75199674
ENSG00000178741	15	75211933	75231694
ENSG00000178718	15	75246757	75249115
ENSG00000198794	15	75249558	75313840
ENSG00000138621	15	75315889	75409805
ENSG00000167173	15	75487962	75504512
ENSG00000167195	15	75550673	75565798
ENSG00000140478	15	75575174	75587873
ENSG00000140365	15	75628339	75635567
ENSG00000140398	15	75639217	75649458
ENSG00000140400	15	75647546	75660999
ENSG00000169375	15	75661718	75748185
ENSG00000169410	15	75755590	75871926
ENSG00000169371	15	75889605	75918812
ENSG00000177971	15	75931424	75941049
ENSG00000173548	15	75940136	75954644
ENSG00000173546	15	75966661	76005199
ENSG00000182950	15	76016374	76020031
ENSG00000140367	15	76135449	76193459
ENSG00000167196	15	76196192	76234854
ENSG00000169752	15	76227531	76352143
ENSG00000169758	15	76352255	76521464
ENSG00000140374	15	76480540	76604073
ENSG00000159556	15	76629063	76634818
ENSG00000140386	15	76640243	77198313
ENSG00000117906	15	77223988	77246736
ENSG00000140368	15	77285664	77329818
ENSG00000140391	15	77333743	77376328
ENSG00000173517	15	77392996	77712645
ENSG00000140382	15	77712170	77788898
ENSG00000169783	15	77905367	78113244
ENSG00000167202	15	78276376	78370096
ENSG00000183476	15	78370148	78396714
ENSG00000136425	15	78394640	78423909
ENSG00000166411	15	78423838	78464289
ENSG00000103740	15	78459808	78538032
ENSG00000140403	15	78556426	78574540
ENSG00000140395	15	78561715	78598917
ENSG00000166426	15	78632600	78640594
ENSG00000136381	15	78729771	78793797
ENSG00000188266	15	78799723	78830001
ENSG00000041357	15	78832429	78853139
ENSG00000169684	15	78857824	78888787
ENSG00000080644	15	78885392	78913675
ENSG00000117971	15	78914281	79020098
ENSG00000136378	15	79051544	79103867
ENSG00000185787	15	79102827	79195544
ENSG00000103811	15	79213398	79241918
ENSG00000058335	15	79252246	79383274
ENSG00000166557	15	79512274	79719776
ENSG00000235711	15	79575052	79590583
ENSG00000169330	15	79723343	79764648
ENSG00000136371	15	80125925	80189723
ENSG00000259332	15	80137490	80216098
ENSG00000140379	15	80253232	80263587
ENSG00000086666	15	80351234	80432636
ENSG00000103876	15	80444632	80479334
ENSG00000259417	15	80487821	80544612
ENSG00000172379	15	80696439	80890280
ENSG00000136379	15	80972023	81049478
ENSG00000103888	15	81071602	81244119
ENSG00000117899	15	81238628	81282191
ENSG00000140406	15	81293262	81298131
ENSG00000288625	15	81294481	81294622
ENSG00000156206	15	81299372	81441522
ENSG00000172349	15	81451914	81606401
ENSG00000172345	15	81601392	81616526
ENSG00000188869	15	81623427	81666562
ENSG00000183496	15	82334117	82338515
ENSG00000140598	15	82422545	82555116
ENSG00000188659	15	82555084	82577273
ENSG00000205281	15	82635128	82641708
ENSG00000197978	15	82722221	82731340
ENSG00000259243	15	83011377	83018200
ENSG00000182774	15	83205341	83209374
ENSG00000260836	15	83205537	83241946
ENSG00000214575	15	83211949	83317614
ENSG00000103723	15	83328031	83378866
ENSG00000186628	15	83424112	83474902
ENSG00000156232	15	83478331	83504862
ENSG00000103942	15	83503414	83654907
ENSG00000169612	15	83654949	83659811
ENSG00000169609	15	83657114	83680401
ENSG00000064726	15	83685173	83736166
ENSG00000136404	15	83776119	83829822
ENSG00000166503	15	83781488	83877178
ENSG00000169594	15	83924634	83953418
ENSG00000140600	15	84115978	84287501
ENSG00000156218	15	84322403	84708596
ENSG00000184206	15	84904523	84914112
ENSG00000176371	15	85144215	85171029
ENSG00000177082	15	85182512	85197576
ENSG00000197696	15	85198358	85204504
ENSG00000140612	15	85212758	85259699
ENSG00000166716	15	85291577	85349678
ENSG00000136383	15	85360405	85418941
ENSG00000156222	15	85427798	85518924
ENSG00000073417	15	85523669	85682477
ENSG00000170776	15	85923800	86292591
ENSG00000183655	15	86302555	86338181
ENSG00000273540	15	86623100	87592402
ENSG00000140538	15	88402980	88800226
ENSG00000259494	15	89002357	89010871
ENSG00000173867	15	89002730	89089818
ENSG00000181991	15	89010642	89068515
ENSG00000140543	15	89037669	89090554
ENSG00000181026	15	89163299	89175514
ENSG00000172183	15	89178834	89199716
ENSG00000157766	15	89346656	89418586
ENSG00000140511	15	89420518	89438830
ENSG00000140545	15	89441912	89456812
ENSG00000140526	15	89630688	89745588
ENSG00000140522	15	89753098	89765810
ENSG00000140525	15	89787083	89861324
ENSG00000140521	15	89848427	89878205
ENSG00000291307	15	89873437	89877042
ENSG00000140519	15	89995224	90040048
ENSG00000140534	15	90118684	90174289
ENSG00000166813	15	90152018	90206331
ENSG00000166819	15	90207594	90222699
ENSG00000166821	15	90220993	90234019
ENSG00000140527	15	90234039	90286872
ENSG00000166823	15	90293104	90294534
ENSG00000188095	15	90303820	90321987
ENSG00000166825	15	90328104	90358635
ENSG00000157823	15	90373829	90437872
ENSG00000250021	15	90377538	90456116
ENSG00000242498	15	90438236	90456200
ENSG00000140548	15	90542410	90625440
ENSG00000182054	15	90626275	90645745
ENSG00000185033	15	90703834	90772913
ENSG00000185043	15	90773169	90777349
ENSG00000183208	15	90776701	90789045
ENSG00000284626	15	90777430	90808696
ENSG00000213471	15	90792760	90808716
ENSG00000261147	15	90792786	90815442
ENSG00000182768	15	90808873	90827868
ENSG00000275674	15	90809547	90857733
ENSG00000196391	15	90895470	90912380
ENSG00000140575	15	90931437	91045473
ENSG00000140577	15	91073111	91188579
ENSG00000197299	15	91260569	91359398
ENSG00000140564	15	91411816	91426796
ENSG00000182511	15	91426923	91439603
ENSG00000196547	15	91445446	91465817
ENSG00000184508	15	91455024	91478428
ENSG00000140553	15	91473408	91497325
ENSG00000166965	15	91498053	91508041
ENSG00000198901	15	91509266	91538861
ENSG00000284946	15	91509418	91565798
ENSG00000184056	15	91540863	91565846
ENSG00000185518	15	91642928	91845797
ENSG00000176463	15	92396528	92715667
ENSG00000140557	15	92937072	93011960
ENSG00000185442	15	93160670	93353116
ENSG00000173575	15	93429431	93571228
ENSG00000182175	15	93578499	93632521
ENSG00000140563	15	94774395	95027183
ENSG00000185551	15	96869024	96883494
ENSG00000140450	15	98503928	98517070
ENSG00000140443	15	99191766	99507761
ENSG00000183571	15	99509947	99551023
ENSG00000182253	15	99638418	99676055
ENSG00000103852	15	99676526	99791439
ENSG00000168904	15	99791140	99930936
ENSG00000068305	15	100105575	100256695
ENSG00000183060	15	100255900	100273768
ENSG00000140470	15	100511640	100882212
ENSG00000154227	15	100940598	101085202
ENSG00000140471	15	101099572	101143437
ENSG00000183475	15	101142721	101191910
ENSG00000184254	15	101402127	101456967
ENSG00000154237	15	101459096	101618464
ENSG00000131873	15	101685843	101792546
ENSG00000131871	15	101810532	101817707
ENSG00000131876	15	101821711	101835512
ENSG00000140479	15	101829987	102065407
ENSG00000184277	15	102095914	102192606
ENSG00000185418	15	102193776	102264770
ENSG00000184140	15	102343710	102347092
ENSG00000182854	15	102352403	102360402
ENSG00000177693	15	102462243	102463318
ENSG00000161980	16	94354	103665
ENSG00000161981	16	103815	110009
ENSG00000007384	16	108055	128177
ENSG00000103152	16	127004	186890
ENSG00000103148	16	129384	188721
ENSG00000130656	16	192725	204504
ENSG00000206177	16	203889	216771
ENSG00000188536	16	222018	223911
ENSG00000206172	16	226657	227528
ENSG00000086506	16	230434	231182
ENSG00000007392	16	238940	279486
ENSG00000167930	16	284518	322184
ENSG00000076344	16	318298	325982
ENSG00000242173	16	330384	333012
ENSG00000185615	16	333150	337217
ENSG00000103126	16	337438	402736
ENSG00000086504	16	415447	421291
ENSG00000129925	16	420777	437115
ENSG00000103202	16	446723	460369
ENSG00000242612	16	451832	462494
ENSG00000090565	16	475591	573014
ENSG00000103326	16	577696	604638
ENSG00000161992	16	609686	615534
ENSG00000007541	16	616993	634123
ENSG00000257108	16	616998	619497
ENSG00000197562	16	639005	679350
ENSG00000127578	16	679237	684119
ENSG00000130731	16	684410	686380
ENSG00000172366	16	686815	698477
ENSG00000161996	16	699285	717839
ENSG00000140983	16	718079	724176
ENSG00000103269	16	725603	728277
ENSG00000103266	16	729978	732872
ENSG00000161999	16	731664	734530
ENSG00000127580	16	734612	740446
ENSG00000127585	16	742496	755862
ENSG00000103260	16	765091	769798
ENSG00000103254	16	770579	772592
ENSG00000162004	16	772579	776956
ENSG00000103253	16	776492	785527
ENSG00000103245	16	779719	791331
ENSG00000102854	16	810727	818868
ENSG00000162006	16	819426	832056
ENSG00000007376	16	834972	838408
ENSG00000127586	16	838044	850739
ENSG00000127588	16	848018	850772
ENSG00000103227	16	903616	1031320
ENSG00000005513	16	1031442	1036981
ENSG00000162009	16	1113865	1131472
ENSG00000184471	16	1138224	1149403
ENSG00000196557	16	1203097	1274171
ENSG00000116176	16	1271649	1275795
ENSG00000197253	16	1277270	1283728
ENSG00000172236	16	1289265	1292558
ENSG00000095917	16	1306058	1309011
ENSG00000103275	16	1341356	1377021
ENSG00000007516	16	1383637	1399442
ENSG00000007520	16	1399235	1401901
ENSG00000090581	16	1401923	1415740
ENSG00000059145	16	1413204	1464754
ENSG00000174109	16	1469751	1470759
ENSG00000284395	16	1481077	1484444
ENSG00000197599	16	1484382	1494559
ENSG00000103249	16	1494933	1525107
ENSG00000251692	16	1535885	1538984
ENSG00000100726	16	1543328	1562554
ENSG00000187535	16	1560426	1662085
ENSG00000131634	16	1578673	1605583
ENSG00000007545	16	1662336	1727911
ENSG00000261732	16	1682258	1736718
ENSG00000206053	16	1728255	1752862
ENSG00000138834	16	1756165	1820377
ENSG00000103024	16	1820316	1821749
ENSG00000074071	16	1821888	1823490
ENSG00000197774	16	1822282	1831711
ENSG00000162032	16	1826709	1843703
ENSG00000095906	16	1832931	1839192
ENSG00000099769	16	1840226	1844974
ENSG00000063854	16	1845619	1877190
ENSG00000180185	16	1876966	1892056
ENSG00000162039	16	1883985	1934297
ENSG00000162040	16	1961474	1968418
ENSG00000198736	16	1985684	1993273
ENSG00000140986	16	1993790	2007609
ENSG00000140990	16	2009499	2012108
ENSG00000140988	16	2011986	2015513
ENSG00000179580	16	2016822	2018978
ENSG00000183751	16	2021971	2033059
ENSG00000196408	16	2028911	2034639
ENSG00000269205	16	2031631	2032920
ENSG00000127554	16	2033698	2037752
ENSG00000127561	16	2039636	2044278
ENSG00000167962	16	2047653	2059824
ENSG00000183971	16	2059925	2070758
ENSG00000065054	16	2075355	2089029
ENSG00000065057	16	2089813	2097869
ENSG00000103197	16	2097344	2139494
ENSG00000008710	16	2138707	2185901
ENSG00000167964	16	2190802	2204168
ENSG00000131653	16	2205691	2228132
ENSG00000167971	16	2227179	2246791
ENSG00000167965	16	2254247	2259456
ENSG00000182685	16	2259251	2260908
ENSG00000184207	16	2261592	2264849
ENSG00000167967	16	2273439	2285746
ENSG00000167968	16	2285815	2288714
ENSG00000167969	16	2289375	2302303
ENSG00000205937	16	2303115	2318416
ENSG00000167970	16	2303736	2312345
ENSG00000167972	16	2325877	2390791
ENSG00000162063	16	2479393	2508916
ENSG00000162062	16	2510084	2514966
ENSG00000162068	16	2521285	2524148
ENSG00000162065	16	2525050	2559674
ENSG00000260272	16	2546031	2570221
ENSG00000185883	16	2563712	2570221
ENSG00000259784	16	2563964	2577958
ENSG00000162066	16	2570339	2581425
ENSG00000205923	16	2580034	2581420
ENSG00000140992	16	2587968	2653193
ENSG00000167977	16	2732515	2759033
ENSG00000172382	16	2762418	2771273
ENSG00000167978	16	2802007	2822541
ENSG00000103363	16	2821412	2827323
ENSG00000103355	16	2833925	2837951
ENSG00000215148	16	2848469	2855307
ENSG00000007038	16	2867129	2876307
ENSG00000162078	16	2880161	2889588
ENSG00000005001	16	2902727	2908680
ENSG00000162076	16	2932867	2953102
ENSG00000059122	16	2961598	3001211
ENSG00000131650	16	3013624	3018383
ENSG00000127564	16	3018023	3030816
ENSG00000162073	16	3019241	3023487
ENSG00000262152	16	3038255	3052298
ENSG00000289281	16	3054131	3054862
ENSG00000213937	16	3062922	3064508
ENSG00000184697	16	3064704	3070074
ENSG00000006327	16	3068444	3072388
ENSG00000131652	16	3072540	3077758
ENSG00000103145	16	3072624	3074315
ENSG00000162069	16	3077681	3086996
ENSG00000008516	16	3096061	3110732
ENSG00000008517	16	3114300	3132195
ENSG00000130182	16	3138887	3149373
ENSG00000122386	16	3162549	3170530
ENSG00000085644	16	3179776	3192807
ENSG00000168124	16	3238202	3274781
ENSG00000010539	16	3272322	3286223
ENSG00000103313	16	3290390	3306956
ENSG00000006194	16	3313798	3351707
ENSG00000140993	16	3348388	3355731
ENSG00000162086	16	3355383	3370005
ENSG00000168158	16	3405887	3407308
ENSG00000285329	16	3415097	3529552
ENSG00000140987	16	3432079	3451485
ENSG00000103343	16	3451192	3459480
ENSG00000167981	16	3482412	3493541
ENSG00000122390	16	3493621	3536963
ENSG00000215131	16	3543482	3545491
ENSG00000103351	16	3550974	3590655
ENSG00000167984	16	3588088	3627406
ENSG00000188827	16	3629653	3661620
ENSG00000213918	16	3661677	3730146
ENSG00000126602	16	3701638	3767598
ENSG00000005339	16	3775053	3930737
ENSG00000162104	16	4003386	4166496
ENSG00000185739	16	4239368	4292286
ENSG00000090447	16	4307185	4323078
ENSG00000126603	16	4364760	4389600
ENSG00000217930	16	4380377	4405610
ENSG00000103426	16	4390250	4470497
ENSG00000262246	16	4404541	4475708
ENSG00000168140	16	4421840	4433541
ENSG00000103423	16	4475804	4510596
ENSG00000153406	16	4511672	4545766
ENSG00000103415	16	4524245	4560666
ENSG00000089486	16	4560618	4588836
ENSG00000205832	16	4606335	4650775
ENSG00000153443	16	4658878	4665049
ENSG00000102858	16	4666492	4740980
ENSG00000168101	16	4743561	4745864
ENSG00000168096	16	4746499	4784391
ENSG00000166246	16	4784314	4799399
ENSG00000103199	16	4798238	4817627
ENSG00000140623	16	4827605	4838401
ENSG00000267795	16	4838375	4846734
ENSG00000067836	16	4846961	4852929
ENSG00000140632	16	4853201	4897346
ENSG00000118900	16	4896664	4932404
ENSG00000118898	16	4929448	5010744
ENSG00000103184	16	5008289	5069160
ENSG00000103174	16	5074755	5084144
ENSG00000033011	16	5083701	5137382
ENSG00000153446	16	5092771	5116170
ENSG00000118894	16	5134112	5147912
ENSG00000078328	16	5289801	7763344
ENSG00000232258	16	8587605	8622306
ENSG00000067365	16	8715510	8758991
ENSG00000183044	16	8768451	8878434
ENSG00000184857	16	8872088	8891622
ENSG00000140650	16	8882678	8956393
ENSG00000153048	16	8946797	8964800
ENSG00000283516	16	8969559	8979212
ENSG00000187555	16	8985949	9069187
ENSG00000182831	16	9185449	9215494
ENSG00000183454	16	9847259	10277354
ENSG00000166669	16	10420289	10577499
ENSG00000213853	16	10622277	10674716
ENSG00000153060	16	10721356	10788789
ENSG00000103274	16	10837641	10863671
ENSG00000166676	16	10854774	10912653
ENSG00000179583	16	10960077	11036880
ENSG00000182108	16	11022746	11036340
ENSG00000038532	16	11038363	11283604
ENSG00000185338	16	11340255	11350415
ENSG00000175643	16	11343474	11475521
ENSG00000178279	16	11361603	11363392
ENSG00000178257	16	11367054	11367488
ENSG00000122304	16	11369487	11370347
ENSG00000175646	16	11374691	11375257
ENSG00000188897	16	11453700	11621105
ENSG00000189067	16	11640078	11734127
ENSG00000184602	16	11761881	11773022
ENSG00000153066	16	11772927	11837561
ENSG00000122299	16	11844440	11891121
ENSG00000171490	16	11927705	11945445
ENSG00000103342	16	11961983	12009941
ENSG00000234719	16	12021114	12070502
ENSG00000048462	16	12058993	12061927
ENSG00000048471	16	12070549	12668146
ENSG00000103381	16	12745709	12897746
ENSG00000237515	16	12995447	13334275
ENSG00000175595	16	14013993	14046207
ENSG00000186260	16	14164913	14360637
ENSG00000140694	16	14529554	14726587
ENSG00000269049	16	14564840	14565056
ENSG00000103429	16	14726668	14763111
ENSG00000069764	16	14766237	14788352
ENSG00000224712	16	14797266	14820201
ENSG00000254852	16	14836388	14859321
ENSG00000103512	16	14927546	14990017
ENSG00000183426	16	15016657	15045919
ENSG00000179889	16	15068446	15247530
ENSG00000157045	16	15131708	15149941
ENSG00000085721	16	15153819	15188170
ENSG00000183793	16	15457483	15474906
ENSG00000156968	16	15489602	15507130
ENSG00000261130	16	15489609	15609207
ENSG00000166780	16	15528330	15718887
ENSG00000166783	16	15688157	15737068
ENSG00000072864	16	15737122	15828550
ENSG00000133392	16	15796990	15952297
ENSG00000133393	16	15959574	15982503
ENSG00000103222	16	16042993	16237116
ENSG00000091262	16	16243420	16317496
ENSG00000103226	16	16326361	16394665
ENSG00000183889	16	16411299	16444467
ENSG00000214967	16	16465062	16487831
ENSG00000103489	16	17195624	17564836
ENSG00000214940	16	18411797	18441133
ENSG00000233024	16	18451941	18473190
ENSG00000185164	16	18511180	18573535
ENSG00000134419	16	18786685	18801744
ENSG00000260342	16	18799383	18812843
ENSG00000170540	16	18802929	18812896
ENSG00000157106	16	18816180	18937783
ENSG00000170537	16	18995248	19075271
ENSG00000167186	16	19078884	19093514
ENSG00000205730	16	19125252	19132953
ENSG00000103528	16	19179291	19279658
ENSG00000261210	16	19297051	19333469
ENSG00000103534	16	19421748	19510441
ENSG00000006007	16	19513001	19533456
ENSG00000103540	16	19535128	19564732
ENSG00000103544	16	19566560	19718117
ENSG00000103550	16	19668664	19730075
ENSG00000174628	16	19727776	19869791
ENSG00000167191	16	19868011	19897497
ENSG00000180269	16	20039559	20085214
ENSG00000169347	16	20320894	20339736
ENSG00000169344	16	20342809	20367726
ENSG00000169340	16	20370495	20416061
ENSG00000183549	16	20420628	20452661
ENSG00000183747	16	20455332	20498993
ENSG00000066813	16	20545319	20587766
ENSG00000005187	16	20621563	20809167
ENSG00000166743	16	20634553	20710214
ENSG00000066654	16	20714136	20753408
ENSG00000196678	16	20791513	20911673
ENSG00000005189	16	20817477	20861450
ENSG00000188215	16	20866217	20911724
ENSG00000102897	16	20911141	20936335
ENSG00000158486	16	20943802	21170764
ENSG00000011638	16	21169624	21192653
ENSG00000103310	16	21208769	21225833
ENSG00000175311	16	21244992	21265173
ENSG00000103316	16	21249616	21314406
ENSG00000169246	16	21413556	21459890
ENSG00000197006	16	21608537	21668794
ENSG00000140749	16	21650869	21663961
ENSG00000155719	16	21675287	21773258
ENSG00000185864	16	21845882	21892150
ENSG00000140740	16	21963955	22002137
ENSG00000155714	16	21995184	22012439
ENSG00000185716	16	22018957	22098857
ENSG00000175267	16	22103827	22168287
ENSG00000183921	16	22173811	22203531
ENSG00000103319	16	22217571	22300061
ENSG00000058600	16	22308692	22346424
ENSG00000140743	16	22357255	22448488
ENSG00000243716	16	22490440	22547863
ENSG00000122254	16	22825481	23023507
ENSG00000103404	16	23072725	23160789
ENSG00000166828	16	23193996	23228206
ENSG00000168447	16	23289550	23392622
ENSG00000168434	16	23399812	23464533
ENSG00000103365	16	23473532	23533318
ENSG00000103356	16	23532073	23569054
ENSG00000103353	16	23568876	23585717
ENSG00000004779	16	23592271	23607651
ENSG00000083093	16	23614477	23652665
ENSG00000166847	16	23652699	23688795
ENSG00000166851	16	23688975	23701695
ENSG00000134398	16	23699436	23724578
ENSG00000166869	16	23765937	23770381
ENSG00000166501	16	23847258	24231934
ENSG00000006116	16	24267513	24373735
ENSG00000122257	16	24549012	24584186
ENSG00000090905	16	24621528	24838955
ENSG00000158865	16	24857160	24922951
ENSG00000140750	16	24929122	25026989
ENSG00000205629	16	25123023	25189555
ENSG00000103375	16	25227050	25240259
ENSG00000155592	16	25247320	25269182
ENSG00000182601	16	25703278	26149008
ENSG00000234186	16	27078246	27080489
ENSG00000155666	16	27214795	27237310
ENSG00000169189	16	27233625	27280111
ENSG00000077238	16	27324781	27376881
ENSG00000103522	16	27413493	27463373
ENSG00000077235	16	27470874	27561283
ENSG00000047578	16	27561452	27791694
ENSG00000169181	16	27798845	28075077
ENSG00000169180	16	28109295	28223388
ENSG00000188322	16	28270565	28335172
ENSG00000198156	16	28353836	28374831
ENSG00000205609	16	28387995	28415174
ENSG00000261832	16	28467690	28503421
ENSG00000233232	16	28467691	28481870
ENSG00000188603	16	28485430	28506898
ENSG00000184730	16	28505954	28510287
ENSG00000197272	16	28510679	28523374
ENSG00000176046	16	28544027	28550391
ENSG00000176476	16	28549495	28603115
ENSG00000197165	16	28601007	28611236
ENSG00000196502	16	28616316	28623826
ENSG00000255524	16	28648973	28670067
ENSG00000184110	16	28699877	28757261
ENSG00000196993	16	28763106	28784187
ENSG00000168488	16	28834302	28848560
ENSG00000178952	16	28852937	28857742
ENSG00000178188	16	28857903	28886426
ENSG00000196296	16	28889702	28915834
ENSG00000177548	16	28910059	28947849
ENSG00000177455	16	28943284	28950665
ENSG00000176953	16	28962126	28978415
ENSG00000169682	16	28985445	28995871
ENSG00000213658	16	28996127	29002107
ENSG00000254206	16	29392629	29418034
ENSG00000261740	16	29454549	29465974
ENSG00000183336	16	29464906	29466335
ENSG00000181625	16	29465820	29469546
ENSG00000213648	16	29470312	29476302
ENSG00000169203	16	29494853	29519918
ENSG00000103485	16	29674276	29710027
ENSG00000197471	16	29674276	29682199
ENSG00000185905	16	29753782	29757402
ENSG00000174992	16	29771910	29795208
ENSG00000079616	16	29801456	29816711
ENSG00000103495	16	29816956	29822499
ENSG00000167371	16	29822701	29827215
ENSG00000280893	16	29823580	29831415
ENSG00000280789	16	29827405	29833812
ENSG00000281348	16	29828558	29841950
ENSG00000013364	16	29831713	29859362
ENSG00000103502	16	29868793	29874737
ENSG00000174938	16	29882478	29910905
ENSG00000174939	16	29911682	29931187
ENSG00000174943	16	29915196	29937559
ENSG00000149932	16	29952204	29984375
ENSG00000149930	16	29984994	30003585
ENSG00000149929	16	30003633	30007449
ENSG00000169592	16	30006302	30017117
ENSG00000149927	16	30016826	30034593
ENSG00000167194	16	30034517	30039059
ENSG00000149926	16	30035744	30064301
ENSG00000285043	16	30064420	30082849
ENSG00000149925	16	30075483	30081780
ENSG00000149923	16	30087286	30096714
ENSG00000149922	16	30097112	30103256
ENSG00000090238	16	30103633	30108238
ENSG00000102886	16	30116129	30125357
ENSG00000102882	16	30125423	30134829
ENSG00000102879	16	30194117	30200408
ENSG00000169627	16	30204247	30205629
ENSG00000132207	16	30205194	30208889
ENSG00000261052	16	30209378	30215647
ENSG00000198064	16	30234212	30266591
ENSG00000169217	16	30352684	30367174
ENSG00000169221	16	30368421	30381852
ENSG00000180209	16	30381651	30389314
ENSG00000180035	16	30389425	30411431
ENSG00000180096	16	30389454	30407314
ENSG00000179965	16	30418462	30442431
ENSG00000179958	16	30424352	30441485
ENSG00000179918	16	30454950	30457197
ENSG00000005844	16	30483977	30534890
ENSG00000169957	16	30535320	30538651
ENSG00000261459	16	30537242	30546175
ENSG00000169955	16	30540853	30546670
ENSG00000169951	16	30565083	30569847
ENSG00000229809	16	30580600	30584057
ENSG00000197162	16	30585059	30597129
ENSG00000156853	16	30613877	30635335
ENSG00000289491	16	30621530	30621674
ENSG00000156858	16	30662015	30667750
ENSG00000156860	16	30669750	30682133
ENSG00000080603	16	30709447	30752732
ENSG00000282034	16	30715386	30756492
ENSG00000281991	16	30749199	30756519
ENSG00000156873	16	30759564	30772499
ENSG00000196118	16	30768742	30773544
ENSG00000103549	16	30772880	30791744
ENSG00000102870	16	30789775	30798537
ENSG00000099385	16	30830014	30905625
ENSG00000150281	16	30907926	30914870
ENSG00000099364	16	30934374	30960106
ENSG00000175938	16	30960374	30967834
ENSG00000099381	16	30968613	30995987
ENSG00000099377	16	30996348	31000477
ENSG00000099365	16	31000575	31022220
ENSG00000103496	16	31044208	31054298
ENSG00000167394	16	31071091	31085563
ENSG00000167395	16	31085713	31095519
ENSG00000151006	16	31094756	31100951
ENSG00000255439	16	31094758	31106279
ENSG00000167397	16	31101579	31107303
ENSG00000103507	16	31117426	31124787
ENSG00000103510	16	31125808	31142719
ENSG00000052344	16	31142752	31147050
ENSG00000178226	16	31150245	31161536
ENSG00000089280	16	31191450	31208286
ENSG00000103490	16	31212805	31214773
ENSG00000177238	16	31225336	31242860
ENSG00000169900	16	31227281	31228485
ENSG00000169896	16	31271273	31344215
ENSG00000140678	16	31366453	31394322
ENSG00000156886	16	31404577	31437828
ENSG00000156885	16	31439050	31439756
ENSG00000176723	16	31443912	31455646
ENSG00000140691	16	31469399	31478495
ENSG00000140682	16	31482904	31490050
ENSG00000140675	16	31494321	31502183
ENSG00000140688	16	31500784	31520632
ENSG00000169877	16	31524257	31540131
ENSG00000197302	16	31724546	31806213
ENSG00000185947	16	31885102	31929378
ENSG00000205456	16	32264605	32267257
ENSG00000183632	16	32684847	32687488
ENSG00000278848	16	32684847	32687488
ENSG00000205457	16	33205545	33208181
ENSG00000275034	16	33205545	33208188
ENSG00000261509	16	33262080	33264721
ENSG00000284209	16	34265088	34294702
ENSG00000171241	16	46612475	46655318
ENSG00000069329	16	46690042	46723432
ENSG00000091651	16	46723211	46732313
ENSG00000140795	16	46735478	46824321
ENSG00000155330	16	46830513	46865390
ENSG00000166123	16	46916767	46965213
ENSG00000069345	16	46989272	47007622
ENSG00000171208	16	47111612	47177941
ENSG00000129636	16	47188296	47498062
ENSG00000102893	16	47495032	47735437
ENSG00000140798	16	48114791	48189931
ENSG00000121270	16	48199682	48281481
ENSG00000102910	16	48278159	48397035
ENSG00000196470	16	48390273	48482315
ENSG00000102921	16	48572635	48654061
ENSG00000102924	16	49311596	49315792
ENSG00000166152	16	49407713	49433344
ENSG00000102935	16	49521433	49891832
ENSG00000205423	16	50058319	50076712
ENSG00000155393	16	50099869	50141185
ENSG00000121274	16	50186810	50269223
ENSG00000121281	16	50278608	50352520
ENSG00000166164	16	50347396	50402972
ENSG00000140807	16	50582221	50683162
ENSG00000167208	16	50700209	50715656
ENSG00000167207	16	50727126	50767261
ENSG00000083799	16	50775941	50835848
ENSG00000103449	16	51169750	51186596
ENSG00000224578	16	51587345	51681045
ENSG00000103460	16	52470327	52581716
ENSG00000277639	16	53069600	53086811
ENSG00000177200	16	53088878	53363064
ENSG00000103479	16	53467887	53525582
ENSG00000166971	16	53524412	53538325
ENSG00000103494	16	53632063	53737852
ENSG00000140718	16	53735602	54192426
ENSG00000177508	16	54317191	54321383
ENSG00000176842	16	54964689	54968399
ENSG00000159387	16	55357884	55364683
ENSG00000087245	16	55423610	55541972
ENSG00000087253	16	55542904	55620580
ENSG00000256812	16	55600594	55601601
ENSG00000103546	16	55689871	55741559
ENSG00000198848	16	55836755	55867251
ENSG00000159398	16	55880064	55989945
ENSG00000087258	16	56223570	56391358
ENSG00000159461	16	56395359	56459512
ENSG00000167005	16	56462383	56486113
ENSG00000288725	16	56464466	56535411
ENSG00000087263	16	56485418	56513036
ENSG00000125124	16	56499550	56616581
ENSG00000102891	16	56598983	56603022
ENSG00000087250	16	56622984	56625007
ENSG00000125148	16	56642040	56643417
ENSG00000169715	16	56659385	56661026
ENSG00000205364	16	56666395	56667900
ENSG00000205362	16	56672112	56674001
ENSG00000169688	16	56685795	56687118
ENSG00000198417	16	56691550	56694612
ENSG00000125144	16	56700640	56701986
ENSG00000205358	16	56703570	56705049
ENSG00000187193	16	56715968	56720024
ENSG00000102900	16	56764005	56884200
ENSG00000070915	16	56899113	56949764
ENSG00000051108	16	56964725	56980405
ENSG00000087237	16	56995832	57017759
ENSG00000140853	16	57023395	57118152
ENSG00000140848	16	57126427	57182283
ENSG00000172775	16	57186376	57220089
ENSG00000159579	16	57220047	57276419
ENSG00000102931	16	57279008	57293744
ENSG00000102934	16	57282457	57318597
ENSG00000102962	16	57391835	57400105
ENSG00000006210	16	57406367	57418958
ENSG00000102970	16	57438677	57449977
ENSG00000005194	16	57462079	57481334
ENSG00000088682	16	57481335	57495189
ENSG00000102978	16	57496558	57505924
ENSG00000125170	16	57505827	57521296
ENSG00000135736	16	57545715	57571077
ENSG00000159618	16	57562495	57625595
ENSG00000205336	16	57644562	57699494
ENSG00000182885	16	57702016	57723292
ENSG00000159625	16	57728700	57765719
ENSG00000140854	16	57769579	57792185
ENSG00000140859	16	57789578	57896959
ENSG00000070729	16	57915794	58005034
ENSG00000159648	16	58010337	58022022
ENSG00000166188	16	58028575	58034624
ENSG00000103005	16	58033448	58055524
ENSG00000102996	16	58059457	58080807
ENSG00000070761	16	58147069	58163335
ENSG00000070770	16	58191809	58232097
ENSG00000103021	16	58265059	58317742
ENSG00000103023	16	58313899	58328953
ENSG00000181938	16	58328982	58440053
ENSG00000103034	16	58496748	58547534
ENSG00000103037	16	58549381	58557748
ENSG00000125107	16	58552448	58663791
ENSG00000103042	16	58696917	58718676
ENSG00000125166	16	58720035	58768272
ENSG00000150394	16	61681144	62070941
ENSG00000140937	16	64977654	65160017
ENSG00000179776	16	66400489	66438689
ENSG00000166546	16	66460848	66527434
ENSG00000260851	16	66503713	66551217
ENSG00000166548	16	66541904	66586449
ENSG00000217555	16	66586464	66600156
ENSG00000254788	16	66586488	66613040
ENSG00000089505	16	66600294	66613042
ENSG00000140932	16	66613333	66622185
ENSG00000140931	16	66637775	66647797
ENSG00000183723	16	66648651	66730761
ENSG00000135720	16	66754794	66785761
ENSG00000249961	16	66788541	66835525
ENSG00000159593	16	66836775	66907161
ENSG00000168748	16	66878315	66888058
ENSG00000172840	16	66912490	66929659
ENSG00000166589	16	66942023	66953092
ENSG00000166592	16	66955583	66960213
ENSG00000166595	16	66965839	66968834
ENSG00000172831	16	66968334	66979001
ENSG00000172828	16	66995120	67009067
ENSG00000172824	16	67022475	67044322
ENSG00000067955	16	67062885	67134963
ENSG00000125149	16	67143842	67182449
ENSG00000237172	16	67175924	67185165
ENSG00000102871	16	67187870	67197665
ENSG00000135722	16	67193833	67198475
ENSG00000265690	16	67197286	67199720
ENSG00000102878	16	67198582	67203850
ENSG00000140939	16	67204055	67210094
ENSG00000196123	16	67209500	67218133
ENSG00000179044	16	67218214	67224147
ENSG00000205250	16	67226018	67232824
ENSG00000102890	16	67233006	67237934
ENSG00000168701	16	67261004	67263186
ENSG00000135723	16	67263288	67281444
ENSG00000135740	16	67271584	67306096
ENSG00000196155	16	67311411	67323404
ENSG00000168676	16	67323329	67360671
ENSG00000159708	16	67360699	67419126
ENSG00000159713	16	67422928	67427423
ENSG00000159714	16	67428053	67450738
ENSG00000176387	16	67464553	67471458
ENSG00000159720	16	67471424	67515132
ENSG00000159723	16	67516472	67517457
ENSG00000039523	16	67552319	67580693
ENSG00000102974	16	67595732	67673094
ENSG00000159753	16	67678889	67691474
ENSG00000102977	16	67691413	67694715
ENSG00000102981	16	67694251	67698171
ENSG00000124074	16	67696846	67701859
ENSG00000159761	16	67700703	67702662
ENSG00000141098	16	67708428	67753257
ENSG00000141084	16	67756971	67840468
ENSG00000102904	16	67840666	67866053
ENSG00000102901	16	67862058	67881716
ENSG00000168286	16	67876221	67878100
ENSG00000102898	16	67878270	67906474
ENSG00000038358	16	67906950	67918425
ENSG00000188038	16	67918769	67922760
ENSG00000159792	16	67927145	67963581
ENSG00000141086	16	67961541	67966270
ENSG00000261884	16	67963515	67969922
ENSG00000205220	16	67968405	67970770
ENSG00000213398	16	67973051	67978586
ENSG00000124067	16	67977375	68003506
ENSG00000141096	16	68009562	68014459
ENSG00000167261	16	68021293	68034529
ENSG00000167264	16	68021647	68113249
ENSG00000263201	16	68047337	68049816
ENSG00000182810	16	68054817	68057137
ENSG00000072736	16	68118652	68263164
ENSG00000103067	16	68259875	68272007
ENSG00000103066	16	68279205	68294968
ENSG00000103064	16	68298074	68335758
ENSG00000103061	16	68318399	68344873
ENSG00000132600	16	68344817	68394757
ENSG00000103056	16	68392228	68482455
ENSG00000184939	16	68563991	68611791
ENSG00000062038	16	68670090	68761373
ENSG00000039068	16	68771143	68869448
ENSG00000103047	16	68877418	69120421
ENSG00000103044	16	69139542	69155365
ENSG00000286140	16	69151566	69166493
ENSG00000168802	16	69151910	69166754
ENSG00000141076	16	69165192	69265035
ENSG00000168807	16	69221041	69342957
ENSG00000260914	16	69333583	69356605
ENSG00000132612	16	69345200	69360844
ENSG00000213380	16	69354041	69373825
ENSG00000258429	16	69355892	69364518
ENSG00000272617	16	69362545	69368776
ENSG00000260371	16	69368992	69390211
ENSG00000259900	16	69369177	69385635
ENSG00000132603	16	69371897	69377012
ENSG00000157315	16	69376919	69385716
ENSG00000132604	16	69389365	69442476
ENSG00000103018	16	69432303	69514683
ENSG00000102908	16	69598995	69738571
ENSG00000181019	16	69725211	69760573
ENSG00000141101	16	69775772	69788848
ENSG00000198373	16	69796182	69978458
ENSG00000157322	16	69984606	69998357
ENSG00000090857	16	70148126	70196442
ENSG00000157335	16	70207223	70221266
ENSG00000223496	16	70280679	70285845
ENSG00000090861	16	70285884	70323612
ENSG00000157349	16	70323564	70369897
ENSG00000260537	16	70333095	70406487
ENSG00000168872	16	70380762	70413892
ENSG00000157350	16	70409878	70473168
ENSG00000157353	16	70488299	70514180
ENSG00000103051	16	70514468	70557487
ENSG00000189091	16	70557683	70611575
ENSG00000157368	16	70613769	70695461
ENSG00000132613	16	70695105	70719991
ENSG00000268927	16	70695568	70699741
ENSG00000103043	16	70721337	70835083
ENSG00000157423	16	70835985	71264640
ENSG00000180917	16	71313974	71323620
ENSG00000172137	16	71392614	71424963
ENSG00000260734	16	71463881	71475959
ENSG00000167377	16	71481498	71497000
ENSG00000261611	16	71481501	71523216
ENSG00000157429	16	71498456	71599407
ENSG00000140835	16	71559134	71575855
ENSG00000198650	16	71599561	71611001
ENSG00000140832	16	71660051	71676019
ENSG00000040199	16	71671735	71758606
ENSG00000166747	16	71762901	71843106
ENSG00000224470	16	71842340	71919173
ENSG00000182149	16	71879871	71965104
ENSG00000102984	16	71893577	71929241
ENSG00000277481	16	71963439	72034303
ENSG00000102967	16	72042485	72061565
ENSG00000310525	16	72071996	72127458
ENSG00000257017	16	72088375	72094972
ENSG00000261701	16	72097045	72111147
ENSG00000140830	16	72118750	72128332
ENSG00000140829	16	72127510	72146813
ENSG00000118557	16	72145471	72210779
ENSG00000140836	16	72816782	73925772
ENSG00000103035	16	74330677	74340190
ENSG00000196436	16	74410202	74426015
ENSG00000140839	16	74442527	74458079
ENSG00000090863	16	74481323	74641044
ENSG00000168411	16	74655289	74700812
ENSG00000168404	16	74705751	74735070
ENSG00000103089	16	74746851	74808737
ENSG00000103091	16	74896061	75034073
ENSG00000186187	16	75032903	75144894
ENSG00000166816	16	75145751	75150699
ENSG00000184517	16	75182390	75206154
ENSG00000168928	16	75237995	75241075
ENSG00000168925	16	75252877	75260238
ENSG00000050820	16	75262077	75301953
ENSG00000153774	16	75327594	75468115
ENSG00000261717	16	75446580	75498606
ENSG00000166822	16	75476950	75499397
ENSG00000183196	16	75505948	75529378
ENSG00000135702	16	75562426	75570017
ENSG00000260092	16	75562428	75579328
ENSG00000205084	16	75570469	75590189
ENSG00000034713	16	75600246	75628359
ENSG00000065457	16	75630764	75657201
ENSG00000065427	16	75658056	75682563
ENSG00000166848	16	75681621	75795772
ENSG00000284484	16	75694123	75710909
ENSG00000282757	16	75727789	75735361
ENSG00000283755	16	75748027	75760390
ENSG00000152910	16	76311168	76594656
ENSG00000287694	16	76311184	76853523
ENSG00000103111	16	77224730	77236297
ENSG00000205078	16	77233295	77247114
ENSG00000140873	16	77281708	77468933
ENSG00000140876	16	77756369	77809941
ENSG00000171724	16	77822422	78014006
ENSG00000166509	16	78056410	78100660
ENSG00000186153	16	78133295	79246566
ENSG00000178573	16	79617023	79634636
ENSG00000168589	16	80574629	80584712
ENSG00000166446	16	80631802	80838510
ENSG00000286221	16	80862631	81040501
ENSG00000103121	16	81000343	81053877
ENSG00000166451	16	81040109	81067165
ENSG00000284512	16	81055919	81129891
ENSG00000166454	16	81069412	81080957
ENSG00000166455	16	81086798	81110874
ENSG00000260643	16	81087190	81129903
ENSG00000140905	16	81111835	81130033
ENSG00000166473	16	81134478	81253977
ENSG00000135697	16	81272179	81324833
ENSG00000261609	16	81348535	81424491
ENSG00000153815	16	81478403	81745369
ENSG00000197943	16	81771851	81996292
ENSG00000184860	16	82022458	82045107
ENSG00000086696	16	82041722	82132141
ENSG00000135698	16	82165524	82203835
ENSG00000140945	16	82660568	83834247
ENSG00000230989	16	83752914	83853344
ENSG00000103150	16	83932660	83985052
ENSG00000140961	16	83964914	83999940
ENSG00000103154	16	84001847	84036383
ENSG00000166558	16	84043161	84076750
ENSG00000140943	16	84086306	84150573
ENSG00000310590	16	84135573	84135603
ENSG00000103160	16	84155736	84178821
ENSG00000154099	16	84178864	84212377
ENSG00000103168	16	84211450	84220678
ENSG00000140955	16	84224717	84230776
ENSG00000168418	16	84252261	84273624
ENSG00000103175	16	84328219	84363461
ENSG00000064270	16	84402080	84499387
ENSG00000140950	16	84509949	84598892
ENSG00000103187	16	84599200	84651744
ENSG00000135686	16	84677029	84701445
ENSG00000103194	16	84733546	84813534
ENSG00000103196	16	84853579	84954376
ENSG00000153786	16	85007348	85045149
ENSG00000135709	16	85061313	85127838
ENSG00000153789	16	85131962	85146094
ENSG00000131149	16	85203129	85709812
ENSG00000131153	16	85706768	85723681
ENSG00000154102	16	85723688	85784751
ENSG00000131148	16	85805362	85833801
ENSG00000131143	16	85832237	85843803
ENSG00000140968	16	85932720	85956214
ENSG00000103241	16	86543301	86549030
ENSG00000103248	16	86563782	86588843
ENSG00000176692	16	86600433	86603336
ENSG00000176678	16	86609944	86617086
ENSG00000260456	16	87117166	87351039
ENSG00000131152	16	87336480	87367881
ENSG00000103264	16	87360591	87425750
ENSG00000140941	16	87417557	87438698
ENSG00000140948	16	87439850	87526638
ENSG00000154118	16	87635439	87731983
ENSG00000104731	16	87730089	87799606
ENSG00000103257	16	87863620	87903122
ENSG00000174990	16	87915150	87970211
ENSG00000172530	16	87982731	88117050
ENSG00000225614	16	88449365	88507167
ENSG00000179588	16	88519614	88603441
ENSG00000158545	16	88636794	88698376
ENSG00000124391	16	88704977	88706878
ENSG00000051523	16	88709681	88717493
ENSG00000167508	16	88718340	88729576
ENSG00000185669	16	88741398	88752923
ENSG00000158717	16	88762900	88772834
ENSG00000174177	16	88772876	88784263
ENSG00000103335	16	88781744	88851661
ENSG00000167513	16	88870183	88875668
ENSG00000198931	16	88874729	88878380
ENSG00000141012	16	88880139	88924242
ENSG00000167515	16	88922626	88929096
ENSG00000205022	16	88929739	88933070
ENSG00000129993	16	88941264	89043617
ENSG00000176715	16	89154781	89230531
ENSG00000129910	16	89238148	89261902
ENSG00000259803	16	89261864	89268102
ENSG00000170100	16	89284089	89303551
ENSG00000167522	16	89334025	89557116
ENSG00000288715	16	89383452	89484702
ENSG00000197912	16	89557125	89624178
ENSG00000167526	16	89627043	89634244
ENSG00000178773	16	89642136	89663657
ENSG00000015413	16	89679714	89704866
ENSG00000131165	16	89707222	89724148
ENSG00000167523	16	89724146	89737697
ENSG00000185324	16	89747143	89762782
ENSG00000158792	16	89762763	89768143
ENSG00000075399	16	89773534	89788289
ENSG00000158805	16	89786806	89807335
ENSG00000187741	16	89793089	89883387
ENSG00000204991	16	89884585	89937730
ENSG00000141002	16	89939620	89980037
ENSG00000258839	16	89978525	89987387
ENSG00000198211	16	89985571	90002502
ENSG00000258947	16	89987798	90005171
ENSG00000140995	16	90014420	90034489
ENSG00000003249	16	90071054	90086300
ENSG00000141013	16	90086035	90111779
ENSG00000126856	16	90122972	90158482
ENSG00000272636	17	5808	31484
ENSG00000181031	17	59919	236169
ENSG00000187624	17	260091	280855
ENSG00000183688	17	289767	295732
ENSG00000141252	17	411741	624959
ENSG00000167695	17	635650	646251
ENSG00000179409	17	646078	657241
ENSG00000167699	17	660335	685583
ENSG00000171861	17	685580	695752
ENSG00000167693	17	702548	883058
ENSG00000177370	17	900328	906913
ENSG00000159842	17	906757	1133034
ENSG00000205899	17	1173736	1175111
ENSG00000184811	17	1182846	1204274
ENSG00000108953	17	1247567	1303622
ENSG00000167193	17	1323981	1366458
ENSG00000197879	17	1367478	1396003
ENSG00000132376	17	1397863	1420055
ENSG00000174238	17	1421010	1466157
ENSG00000167703	17	1472560	1533399
ENSG00000074660	17	1537140	1549418
ENSG00000167705	17	1549430	1553379
ENSG00000174231	17	1553916	1588205
ENSG00000185561	17	1591890	1613935
ENSG00000167716	17	1619815	1641895
ENSG00000167711	17	1645361	1658567
ENSG00000132386	17	1665250	1680923
ENSG00000186532	17	1682777	1733930
ENSG00000132383	17	1732994	1803378
ENSG00000185924	17	1837969	1928651
ENSG00000108963	17	1933428	1947194
ENSG00000262664	17	1945314	1947194
ENSG00000177374	17	1957446	1966537
ENSG00000070366	17	1963131	2207230
ENSG00000167720	17	2206675	2229952
ENSG00000167721	17	2225668	2241261
ENSG00000141258	17	2240780	2284354
ENSG00000070444	17	2287365	2304438
ENSG00000127804	17	2308854	2415200
ENSG00000007168	17	2496475	2588923
ENSG00000132361	17	2592678	2615959
ENSG00000277200	17	2624093	2653219
ENSG00000132359	17	2658921	2941037
ENSG00000262628	17	2965961	2966903
ENSG00000184166	17	2991776	3007718
ENSG00000183024	17	3029902	3030847
ENSG00000262085	17	3057182	3058178
ENSG00000172150	17	3100811	3101744
ENSG00000172146	17	3110831	3122192
ENSG00000221882	17	3179469	3289624
ENSG00000180090	17	3194309	3201656
ENSG00000180042	17	3289222	3290170
ENSG00000180016	17	3300396	3301706
ENSG00000159961	17	3323860	3324829
ENSG00000127780	17	3336162	3337137
ENSG00000141255	17	3343303	3417148
ENSG00000108381	17	3375666	3406701
ENSG00000167723	17	3413794	3461108
ENSG00000196689	17	3468736	3513176
ENSG00000262304	17	3488441	3539545
ENSG00000197417	17	3510725	3539933
ENSG00000040531	17	3539738	3566399
ENSG00000213977	17	3563043	3571975
ENSG00000257950	17	3566355	3599490
ENSG00000127774	17	3572086	3576131
ENSG00000083454	17	3573055	3599694
ENSG00000083457	17	3617920	3704521
ENSG00000177602	17	3627195	3629995
ENSG00000074356	17	3705450	3749559
ENSG00000004660	17	3763607	3798187
ENSG00000108405	17	3799884	3819876
ENSG00000074370	17	3827158	3867795
ENSG00000074755	17	3907724	4046924
ENSG00000167740	17	4046460	4091980
ENSG00000185722	17	4067113	4167292
ENSG00000132388	17	4172514	4269975
ENSG00000182557	17	4337233	4391505
ENSG00000183018	17	4402132	4442333
ENSG00000132382	17	4442190	4458700
ENSG00000167741	17	4459635	4464115
ENSG00000188176	17	4487292	4512095
ENSG00000161905	17	4533029	4545591
ENSG00000141456	17	4573067	4607634
ENSG00000141480	17	4613686	4624797
ENSG00000161920	17	4634704	4636907
ENSG00000161921	17	4636208	4643361
ENSG00000141497	17	4642401	4649416
ENSG00000142484	17	4675128	4686517
ENSG00000182853	17	4688574	4693703
ENSG00000182327	17	4692220	4694031
ENSG00000142507	17	4699437	4701800
ENSG00000262165	17	4704452	4710310
ENSG00000129219	17	4710367	4726731
ENSG00000141503	17	4736440	4801362
ENSG00000108556	17	4801062	4837735
ENSG00000205710	17	4802711	4806231
ENSG00000185245	17	4835554	4838320
ENSG00000108528	17	4837863	4843453
ENSG00000108523	17	4843290	4848520
ENSG00000108518	17	4848945	4853814
ENSG00000108515	17	4851327	4860429
ENSG00000091640	17	4862519	4871132
ENSG00000108509	17	4871285	4890981
ENSG00000196388	17	4891423	4902414
ENSG00000129250	17	4900922	4931698
ENSG00000132517	17	4935893	4955306
ENSG00000180787	17	4981534	4999673
ENSG00000167840	17	5008562	5026459
ENSG00000129204	17	5019325	5078331
ENSG00000180626	17	5077312	5095204
ENSG00000161929	17	5112208	5138166
ENSG00000029725	17	5185551	5290193
ENSG00000108559	17	5262934	5323486
ENSG00000129197	17	5322384	5336210
ENSG00000108561	17	5335943	5352152
ENSG00000005100	17	5344235	5372353
ENSG00000072849	17	5374572	5390139
ENSG00000167842	17	5389603	5395402
ENSG00000091592	17	5402733	5522746
ENSG00000286190	17	5402745	5404335
ENSG00000285471	17	5676244	5984114
ENSG00000179314	17	5961125	6027749
ENSG00000129221	17	6297011	6338521
ENSG00000129195	17	6346862	6354791
ENSG00000091622	17	6354581	6459889
ENSG00000198920	17	6481349	6544063
ENSG00000282936	17	6481349	6544033
ENSG00000129235	17	6544030	6549696
ENSG00000108590	17	6546629	6555611
ENSG00000256806	17	6555080	6596523
ENSG00000141485	17	6588032	6616698
ENSG00000132530	17	6658692	6678968
ENSG00000177294	17	6679527	6700422
ENSG00000167858	17	6692450	6735082
ENSG00000108839	17	6899366	6914075
ENSG00000219200	17	6915734	6917853
ENSG00000161939	17	6915952	6920841
ENSG00000258315	17	6917797	6920865
ENSG00000161940	17	6926367	6933611
ENSG00000174327	17	6939298	6944352
ENSG00000174326	17	6944922	6947413
ENSG00000132514	17	6977854	6984487
ENSG00000161944	17	7003483	7019924
ENSG00000141505	17	7075744	7082987
ENSG00000132535	17	7090504	7123157
ENSG00000072778	17	7120442	7128594
ENSG00000004975	17	7128655	7137859
ENSG00000040633	17	7138346	7143043
ENSG00000170296	17	7143325	7145807
ENSG00000262526	17	7143744	7147956
ENSG00000175826	17	7146900	7156162
ENSG00000262302	17	7150146	7165410
ENSG00000170291	17	7154135	7163486
ENSG00000181885	17	7160676	7167337
ENSG00000181856	17	7184981	7192562
ENSG00000006047	17	7191570	7198071
ENSG00000132507	17	7210261	7215827
ENSG00000132522	17	7212787	7218885
ENSG00000261915	17	7215978	7222495
ENSG00000215041	17	7218945	7232714
ENSG00000072818	17	7236277	7254799
ENSG00000213859	17	7255206	7258265
ENSG00000182896	17	7258440	7260540
ENSG00000174292	17	7283851	7293100
ENSG00000187838	17	7293044	7300375
ENSG00000262481	17	7293051	7307418
ENSG00000205544	17	7306091	7307459
ENSG00000169992	17	7308001	7323181
ENSG00000181323	17	7323640	7324958
ENSG00000184560	17	7328880	7330889
ENSG00000283439	17	7332174	7336141
ENSG00000286007	17	7332178	7339599
ENSG00000181284	17	7338661	7341000
ENSG00000161958	17	7341445	7348258
ENSG00000170175	17	7348321	7361031
ENSG00000174282	17	7362683	7387599
ENSG00000259224	17	7384763	7386817
ENSG00000181222	17	7387683	7417935
ENSG00000239697	17	7451823	7461209
ENSG00000248871	17	7452414	7464920
ENSG00000161955	17	7461566	7464979
ENSG00000161956	17	7465182	7475289
ENSG00000277957	17	7466602	7482035
ENSG00000161960	17	7476034	7482327
ENSG00000129226	17	7482696	7485835
ENSG00000129255	17	7486530	7497739
ENSG00000129194	17	7491494	7493421
ENSG00000129245	17	7494546	7518236
ENSG00000129214	17	7517262	7536789
ENSG00000141504	17	7529550	7531199
ENSG00000129244	17	7549943	7561091
ENSG00000141510	17	7565095	7590866
ENSG00000141499	17	7589387	7606825
ENSG00000108947	17	7608488	7614692
ENSG00000183914	17	7621044	7737062
ENSG00000132510	17	7737509	7758128
ENSG00000167874	17	7758373	7759434
ENSG00000183011	17	7759997	7788558
ENSG00000182224	17	7761012	7765602
ENSG00000170004	17	7788103	7816080
ENSG00000179859	17	7816554	7819697
ENSG00000170049	17	7824272	7833176
ENSG00000262730	17	7829247	7833942
ENSG00000170043	17	7833661	7835443
ENSG00000170037	17	7835417	7853273
ENSG00000132518	17	7905931	7923662
ENSG00000179593	17	7942327	7952454
ENSG00000179477	17	7971910	7991036
ENSG00000179148	17	7999216	8022367
ENSG00000179111	17	8023908	8027434
ENSG00000179094	17	8043783	8059826
ENSG00000263620	17	8054132	8066295
ENSG00000220205	17	8062465	8066904
ENSG00000179029	17	8075756	8079728
ENSG00000196544	17	8091661	8093500
ENSG00000178999	17	8107651	8113958
ENSG00000178971	17	8128131	8151395
ENSG00000178921	17	8150934	8174470
ENSG00000125434	17	8191078	8198730
ENSG00000108961	17	8191947	8193412
ENSG00000198844	17	8213538	8226523
ENSG00000184650	17	8243156	8249368
ENSG00000184619	17	8260218	8280058
ENSG00000263809	17	8271954	8286507
ENSG00000161970	17	8280816	8287382
ENSG00000189051	17	8294018	8301147
ENSG00000166579	17	8311844	8404427
ENSG00000133026	17	8377521	8535623
ENSG00000161973	17	8633246	8649290
ENSG00000183318	17	8650840	8661879
ENSG00000185156	17	8700426	8702685
ENSG00000276231	17	8706038	8771015
ENSG00000141506	17	8782226	8869327
ENSG00000065320	17	8906395	9147319
ENSG00000170310	17	9153464	9479910
ENSG00000166596	17	9479942	9546774
ENSG00000154914	17	9547978	9633093
ENSG00000184544	17	9674749	9694912
ENSG00000214978	17	9703923	9725398
ENSG00000065325	17	9725521	9797482
ENSG00000109047	17	9799635	9808899
ENSG00000007237	17	9813921	10102231
ENSG00000006788	17	10204180	10276449
ENSG00000133020	17	10293637	10325269
ENSG00000264424	17	10346605	10372878
ENSG00000109061	17	10394342	10422038
ENSG00000125414	17	10424462	10453019
ENSG00000109063	17	10531841	10560628
ENSG00000133028	17	10575789	10601694
ENSG00000170222	17	10600562	10616605
ENSG00000187824	17	10602330	10633699
ENSG00000263429	17	10698223	10707423
ENSG00000233670	17	10725785	10741425
ENSG00000188803	17	11143853	11467382
ENSG00000007174	17	11501772	11873067
ENSG00000154957	17	11859517	11900813
ENSG00000065559	17	11924123	12047149
ENSG00000141052	17	12569205	12672268
ENSG00000006740	17	12692778	12894962
ENSG00000006744	17	12894583	12921384
ENSG00000153976	17	13396483	13505275
ENSG00000006695	17	13972805	14135055
ENSG00000223510	17	14138988	14140181
ENSG00000125430	17	14204340	14252723
ENSG00000109099	17	15079631	15175611
ENSG00000125409	17	15207126	15244951
ENSG00000239704	17	15337252	15379049
ENSG00000259024	17	15339336	15466877
ENSG00000175106	17	15405576	15466911
ENSG00000241322	17	15468796	15522828
ENSG00000251537	17	15474803	15554969
ENSG00000221926	17	15531262	15587627
ENSG00000255104	17	15602864	15649256
ENSG00000187607	17	15602889	15624103
ENSG00000214946	17	15635559	15649478
ENSG00000170425	17	15848405	15879783
ENSG00000214941	17	15879531	15903033
ENSG00000011295	17	15902698	15971732
ENSG00000141027	17	15932377	16121501
ENSG00000108474	17	16120493	16255113
ENSG00000166582	17	16243323	16256977
ENSG00000170315	17	16282210	16286061
ENSG00000187688	17	16310777	16341177
ENSG00000181350	17	16344805	16395553
ENSG00000141040	17	16450266	16472534
ENSG00000197566	17	16524046	16557176
ENSG00000170160	17	16592849	16681290
ENSG00000266302	17	16593573	16707769
ENSG00000240505	17	16833128	16875434
ENSG00000133030	17	16945693	17120995
ENSG00000179598	17	17103934	17109685
ENSG00000264187	17	17105961	17140501
ENSG00000154803	17	17115512	17140642
ENSG00000141030	17	17147998	17184627
ENSG00000205309	17	17206628	17250979
ENSG00000141026	17	17380293	17397800
ENSG00000108551	17	17397505	17399718
ENSG00000133027	17	17408871	17495421
ENSG00000108557	17	17584635	17714769
ENSG00000072310	17	17713711	17740351
ENSG00000175662	17	17746819	17875786
ENSG00000171962	17	17876125	17920205
ENSG00000171953	17	17880721	17944149
ENSG00000141034	17	17942683	17971721
ENSG00000108591	17	17991188	18011295
ENSG00000091536	17	18012068	18083118
ENSG00000091542	17	18086346	18113270
ENSG00000131899	17	18128854	18148192
ENSG00000177731	17	18148094	18163736
ENSG00000177427	17	18162839	18169868
ENSG00000177302	17	18174740	18218341
ENSG00000176994	17	18218605	18231372
ENSG00000176974	17	18230998	18266878
ENSG00000214860	17	18280986	18292968
ENSG00000171916	17	18380049	18398261
ENSG00000189375	17	18537558	18547742
ENSG00000240445	17	18570940	18585629
ENSG00000171931	17	18647337	18682664
ENSG00000171928	17	18684422	18710087
ENSG00000141127	17	18743396	18834602
ENSG00000154025	17	18853057	18925910
ENSG00000188522	17	18872100	18908154
ENSG00000154016	17	18923967	18950458
ENSG00000189152	17	19030846	19065589
ENSG00000214844	17	19041446	19041897
ENSG00000072134	17	19118148	19240030
ENSG00000230493	17	19122672	19125841
ENSG00000108641	17	19237619	19281508
ENSG00000166484	17	19281032	19286859
ENSG00000166482	17	19286742	19290518
ENSG00000128482	17	19314270	19320596
ENSG00000142494	17	19398696	19482359
ENSG00000072210	17	19550602	19589196
ENSG00000180638	17	19580701	19622294
ENSG00000108602	17	19641295	19652258
ENSG00000083290	17	19674140	19771280
ENSG00000108599	17	19807613	19881658
ENSG00000128487	17	19912176	20222341
ENSG00000170298	17	20352706	20370863
ENSG00000214819	17	20483035	20484226
ENSG00000188013	17	20492369	20494015
ENSG00000124422	17	20902904	20947075
ENSG00000109016	17	21026675	21097456
ENSG00000178307	17	21097301	21117935
ENSG00000274180	17	21142181	21156762
ENSG00000034152	17	21187982	21218554
ENSG00000184185	17	21279519	21323184
ENSG00000256618	17	22022435	22023993
ENSG00000109046	17	25621072	25642966
ENSG00000141068	17	25783060	25953466
ENSG00000266728	17	25950388	25967805
ENSG00000168961	17	25956822	25976589
ENSG00000007171	17	26082307	26127786
ENSG00000266202	17	26125830	26220393
ENSG00000232859	17	26205338	26221780
ENSG00000087095	17	26368733	26523409
ENSG00000109084	17	26646121	26659699
ENSG00000109083	17	26655343	26662517
ENSG00000109079	17	26662596	26676971
ENSG00000004142	17	26670157	26684648
ENSG00000244045	17	26684657	26690707
ENSG00000274529	17	26690526	26692223
ENSG00000273171	17	26691308	26695035
ENSG00000004139	17	26691376	26731069
ENSG00000109072	17	26693433	26700112
ENSG00000076351	17	26721659	26734217
ENSG00000167524	17	26782768	26941230
ENSG00000007216	17	26800291	26824802
ENSG00000109101	17	26833259	26865920
ENSG00000109103	17	26873721	26879675
ENSG00000087111	17	26880399	26898814
ENSG00000109107	17	26900131	26903968
ENSG00000076382	17	26904581	26926072
ENSG00000258472	17	26907028	26941205
ENSG00000007202	17	26941456	26972474
ENSG00000132581	17	26975362	26989209
ENSG00000109111	17	26988936	27029702
ENSG00000167525	17	27030212	27039333
ENSG00000109113	17	27040561	27046614
ENSG00000198242	17	27046956	27051385
ENSG00000160606	17	27050451	27054955
ENSG00000160602	17	27052913	27070475
ENSG00000076604	17	27070994	27099914
ENSG00000173065	17	27082982	27182252
ENSG00000132591	17	27181999	27188087
ENSG00000132589	17	27206351	27224761
ENSG00000167536	17	27224797	27230107
ENSG00000109118	17	27232263	27278791
ENSG00000179761	17	27277529	27384603
ENSG00000063015	17	27281917	27333460
ENSG00000196535	17	27398135	27507477
ENSG00000108255	17	27573875	27581514
ENSG00000108256	17	27582855	27621174
ENSG00000160551	17	27717352	27878923
ENSG00000168792	17	27887563	27894122
ENSG00000167543	17	27893068	27909360
ENSG00000108262	17	27900491	27921074
ENSG00000198720	17	27916785	27941781
ENSG00000167549	17	27941771	27949943
ENSG00000141298	17	27952954	28257296
ENSG00000176927	17	28256216	28435472
ENSG00000126653	17	28442537	28513495
ENSG00000108576	17	28521274	28565502
ENSG00000108578	17	28575209	28619172
ENSG00000182271	17	28638004	28661118
ENSG00000108582	17	28705561	28797009
ENSG00000108587	17	28804378	28855329
ENSG00000176390	17	29096404	29151766
ENSG00000176208	17	29158961	29222891
ENSG00000172171	17	29224352	29233782
ENSG00000184060	17	29233360	29286965
ENSG00000181481	17	29297529	29326931
ENSG00000196712	17	29421899	29709136
ENSG00000126861	17	29599029	29624559
ENSG00000185862	17	29629887	29641441
ENSG00000265118	17	29632229	29645851
ENSG00000126860	17	29643426	29648774
ENSG00000131242	17	29718621	29865232
ENSG00000172301	17	30178888	30186312
ENSG00000108651	17	30187915	30228772
ENSG00000178691	17	30264011	30328129
ENSG00000185158	17	30334384	30380525
ENSG00000126858	17	30469452	30580412
ENSG00000141314	17	30592804	30665589
ENSG00000108666	17	30651579	30677044
ENSG00000010244	17	30677139	30708906
ENSG00000108671	17	30771395	30810339
ENSG00000176749	17	30813172	30818273
ENSG00000176658	17	30819538	31204220
ENSG00000290320	17	31222449	31233606
ENSG00000006042	17	31244440	31272279
ENSG00000141316	17	31297392	31324897
ENSG00000108684	17	31340103	32501985
ENSG00000108691	17	32582291	32584229
ENSG00000108688	17	32597238	32599263
ENSG00000172156	17	32612752	32615355
ENSG00000108700	17	32646452	32648423
ENSG00000181374	17	32683455	32685631
ENSG00000108702	17	32687345	32690254
ENSG00000181291	17	32906504	32966339
ENSG00000132141	17	33254859	33308099
ENSG00000198783	17	33288557	33290798
ENSG00000005156	17	33307479	33336764
ENSG00000092871	17	33333007	33416920
ENSG00000267618	17	33338366	33448514
ENSG00000185379	17	33419238	33448543
ENSG00000073598	17	33448632	33457753
ENSG00000073536	17	33452573	33469334
ENSG00000141161	17	33473512	33516367
ENSG00000164729	17	33519537	33521414
ENSG00000166750	17	33570060	33600676
ENSG00000172716	17	33677322	33700722
ENSG00000172123	17	33736356	33760496
ENSG00000154760	17	33762113	33776787
ENSG00000205045	17	33791266	33864791
ENSG00000236320	17	33871002	33887840
ENSG00000108733	17	33901812	33905884
ENSG00000006125	17	33905063	34053438
ENSG00000270885	17	34058656	34070542
ENSG00000270765	17	34071528	34080281
ENSG00000271447	17	34083266	34122725
ENSG00000270806	17	34087904	34092100
ENSG00000270647	17	34136477	34191621
ENSG00000270379	17	34181948	34195897
ENSG00000271503	17	34198493	34207799
ENSG00000278023	17	34245068	34257800
ENSG00000275722	17	34261520	34270719
ENSG00000275152	17	34303226	34308618
ENSG00000276409	17	34310322	34314071
ENSG00000275688	17	34310690	34328669
ENSG00000275718	17	34315497	34329167
ENSG00000274736	17	34340094	34345018
ENSG00000275385	17	34391586	34399394
ENSG00000277632	17	34415600	34417517
ENSG00000275302	17	34430979	34433022
ENSG00000274808	17	34493061	34503998
ENSG00000278599	17	34493118	34503954
ENSG00000276085	17	34522266	34524159
ENSG00000205020	17	34538308	34540282
ENSG00000274933	17	34580900	34592041
ENSG00000274419	17	34581083	34592041
ENSG00000205021	17	34623840	34625733
ENSG00000197262	17	34639791	34641848
ENSG00000161583	17	34745934	34808106
ENSG00000274226	17	34746117	34757007
ENSG00000278299	17	34746234	34757035
ENSG00000273611	17	34842471	34855156
ENSG00000278259	17	34850960	34901740
ENSG00000277161	17	34890806	34898205
ENSG00000278311	17	34900735	34946298
ENSG00000278535	17	34948210	34957240
ENSG00000278619	17	34957998	34978076
ENSG00000273706	17	35294081	35301914
ENSG00000275700	17	35306223	35414176
ENSG00000278540	17	35441925	35766946
ENSG00000278505	17	35732925	35749664
ENSG00000276234	17	35766820	35839914
ENSG00000276023	17	35848501	35873936
ENSG00000275066	17	35874896	35969540
ENSG00000278053	17	35969785	36003561
ENSG00000275410	17	36046432	36105088
ENSG00000273513	17	36283958	36294917
ENSG00000185128	17	36283969	36294917
ENSG00000274512	17	36337708	36348952
ENSG00000197681	17	36337709	36358168
ENSG00000278845	17	36452987	36480025
ENSG00000277399	17	36480452	36499841
ENSG00000274211	17	36507725	36561848
ENSG00000275832	17	36575501	36668623
ENSG00000277363	17	36686264	36762207
ENSG00000273604	17	36827954	36831212
ENSG00000275023	17	36861495	36886054
ENSG00000277972	17	36886402	36891860
ENSG00000277258	17	36889316	36908810
ENSG00000277791	17	36908977	36959324
ENSG00000276293	17	36921942	36956381
ENSG00000273559	17	36956692	36981901
ENSG00000275489	17	36991337	36997693
ENSG00000125691	17	37004111	37024899
ENSG00000002834	17	37025436	37078026
ENSG00000263874	17	37081816	37085636
ENSG00000204952	17	37092683	37123662
ENSG00000161381	17	37219564	37310649
ENSG00000141748	17	37313145	37323739
ENSG00000067191	17	37329704	37354132
ENSG00000108298	17	37356533	37361095
ENSG00000141750	17	37366791	37382200
ENSG00000108306	17	37408914	37558778
ENSG00000125686	17	37560504	37607561
ENSG00000167258	17	37617688	37723814
ENSG00000171532	17	37759787	37766032
ENSG00000131771	17	37782991	37792881
ENSG00000131748	17	37793309	37820456
ENSG00000173991	17	37821241	37822809
ENSG00000141744	17	37824232	37826739
ENSG00000161395	17	37827371	37853052
ENSG00000141736	17	37844165	37886681
ENSG00000141741	17	37884747	37886810
ENSG00000141738	17	37893741	37903547
ENSG00000161405	17	37913966	38020623
ENSG00000186075	17	38024453	38034151
ENSG00000073605	17	38060846	38076109
ENSG00000172057	17	38076178	38138441
ENSG00000204913	17	38083976	38102793
ENSG00000167914	17	38109514	38134130
ENSG00000108344	17	38137051	38154215
ENSG00000108342	17	38171612	38174071
ENSG00000008838	17	38175348	38217470
ENSG00000126351	17	38214541	38250122
ENSG00000126368	17	38249044	38256885
ENSG00000188895	17	38277888	38293190
ENSG00000108349	17	38296529	38333256
ENSG00000108352	17	38333261	38351910
ENSG00000171475	17	38374993	38440390
ENSG00000094804	17	38444081	38460911
ENSG00000131759	17	38465415	38513897
ENSG00000183153	17	38516902	38520991
ENSG00000131747	17	38544771	38574195
ENSG00000141753	17	38599163	38617076
ENSG00000131746	17	38632078	38657884
ENSG00000126353	17	38707331	38721732
ENSG00000073584	17	38781212	38804921
ENSG00000264058	17	38783606	38821395
ENSG00000213424	17	38810915	38821435
ENSG00000167916	17	38854241	38860012
ENSG00000204897	17	38904271	38911585
ENSG00000186393	17	38922488	38928455
ENSG00000171446	17	38933058	38938804
ENSG00000173908	17	38948446	38956213
ENSG00000186395	17	38974034	38978868
ENSG00000187242	17	39017193	39023477
ENSG00000171431	17	39029035	39041503
ENSG00000108244	17	39078946	39093900
ENSG00000196859	17	39114642	39123202
ENSG00000204889	17	39133965	39143389
ENSG00000212899	17	39149680	39150418
ENSG00000212900	17	39155443	39156160
ENSG00000212901	17	39164771	39175578
ENSG00000221852	17	39182276	39183462
ENSG00000204887	17	39185601	39186449
ENSG00000221880	17	39190134	39191128
ENSG00000188581	17	39196791	39197704
ENSG00000212725	17	39202791	39203570
ENSG00000214518	17	39210748	39211484
ENSG00000212724	17	39215490	39216368
ENSG00000213417	17	39221366	39222133
ENSG00000240871	17	39240400	39241398
ENSG00000204880	17	39253231	39254396
ENSG00000241241	17	39257752	39258463
ENSG00000212722	17	39261639	39262742
ENSG00000212721	17	39273431	39274627
ENSG00000213416	17	39279341	39280436
ENSG00000198090	17	39295683	39296798
ENSG00000198271	17	39305174	39306079
ENSG00000171396	17	39315899	39317002
ENSG00000196156	17	39323481	39324475
ENSG00000244537	17	39333696	39334475
ENSG00000198443	17	39340350	39341165
ENSG00000240542	17	39346137	39346893
ENSG00000239886	17	39382898	39383906
ENSG00000204873	17	39388699	39389708
ENSG00000187272	17	39394249	39395258
ENSG00000241595	17	39405937	39406907
ENSG00000198083	17	39411634	39412618
ENSG00000212659	17	39421628	39422114
ENSG00000180386	17	39431948	39432461
ENSG00000212658	17	39458076	39459105
ENSG00000212657	17	39463950	39465563
ENSG00000186860	17	39471162	39471964
ENSG00000006059	17	39501915	39507082
ENSG00000131738	17	39519748	39526067
ENSG00000131737	17	39533919	39538560
ENSG00000094796	17	39549971	39553865
ENSG00000108417	17	39576797	39580839
ENSG00000171360	17	39592404	39597237
ENSG00000108759	17	39615763	39623640
ENSG00000197079	17	39632960	39637405
ENSG00000126337	17	39642386	39648800
ENSG00000171401	17	39657231	39662012
ENSG00000171346	17	39669995	39678783
ENSG00000171345	17	39679863	39684624
ENSG00000171403	17	39722086	39728313
ENSG00000186847	17	39738529	39743150
ENSG00000186832	17	39766028	39772153
ENSG00000128422	17	39775687	39781096
ENSG00000173812	17	39845133	39849877
ENSG00000184502	17	39867249	39872227
ENSG00000173805	17	39873992	39890900
ENSG00000173801	17	39907137	39954052
ENSG00000141696	17	39958194	39969004
ENSG00000141756	17	39968329	39979475
ENSG00000141698	17	39980222	39992525
ENSG00000161594	17	39991935	40004638
ENSG00000178502	17	40004763	40021685
ENSG00000131473	17	40023167	40086806
ENSG00000204815	17	40086850	40118523
ENSG00000173786	17	40118745	40129760
ENSG00000168259	17	40126021	40173396
ENSG00000168256	17	40163398	40177664
ENSG00000187595	17	40177592	40250499
ENSG00000267221	17	40190248	40202621
ENSG00000108771	17	40253420	40264755
ENSG00000108773	17	40265125	40273402
ENSG00000267261	17	40271690	40306936
ENSG00000260325	17	40274820	40275372
ENSG00000108774	17	40276992	40307064
ENSG00000089558	17	40308907	40333166
ENSG00000161610	17	40336076	40337472
ENSG00000167925	17	40340815	40346533
ENSG00000173757	17	40351192	40440653
ENSG00000126561	17	40439563	40463963
ENSG00000168610	17	40465338	40540594
ENSG00000177469	17	40554465	40575342
ENSG00000033627	17	40610839	40674602
ENSG00000108784	17	40688232	40696469
ENSG00000108786	17	40704936	40707237
ENSG00000068120	17	40713483	40718297
ENSG00000108788	17	40719083	40725259
ENSG00000131470	17	40724326	40729851
ENSG00000141699	17	40731524	40762643
ENSG00000131462	17	40761427	40767273
ENSG00000037042	17	40811239	40819027
ENSG00000068137	17	40819930	40829084
ENSG00000184451	17	40830905	40835937
ENSG00000108797	17	40834384	40852013
ENSG00000108799	17	40852286	40897089
ENSG00000131477	17	40910463	40915557
ENSG00000131475	17	40925455	40931620
ENSG00000126562	17	40932609	40949086
ENSG00000183978	17	40945170	40950739
ENSG00000176563	17	40950816	40963607
ENSG00000126581	17	40961124	40985369
ENSG00000131467	17	40976400	40995779
ENSG00000131480	17	40996589	41002726
ENSG00000131471	17	41003145	41010149
ENSG00000131482	17	41052737	41075521
ENSG00000266967	17	41102439	41116517
ENSG00000108825	17	41102541	41132547
ENSG00000267060	17	41120050	41132521
ENSG00000198863	17	41132567	41147161
ENSG00000131469	17	41150280	41154992
ENSG00000108828	17	41151197	41177142
ENSG00000068079	17	41158755	41166657
ENSG00000108830	17	41177225	41199528
ENSG00000012048	17	41196307	41322264
ENSG00000188554	17	41322332	41363711
ENSG00000184988	17	41363852	41372063
ENSG00000175906	17	41475516	41486030
ENSG00000067596	17	41561231	41687708
ENSG00000175832	17	41605207	41656990
ENSG00000005102	17	41717438	41739299
ENSG00000167941	17	41831104	41836161
ENSG00000108861	17	41840995	41856370
ENSG00000231256	17	41857792	41864990
ENSG00000161647	17	41878161	41910573
ENSG00000161649	17	41924480	41941009
ENSG00000108852	17	41952718	41987081
ENSG00000108849	17	42018170	42029814
ENSG00000131096	17	42030099	42081839
ENSG00000161653	17	42081947	42088583
ENSG00000091947	17	42086352	42101316
ENSG00000161654	17	42111297	42144989
ENSG00000141349	17	42147986	42172048
ENSG00000108840	17	42154112	42201072
ENSG00000125319	17	42219269	42239851
ENSG00000161664	17	42247813	42256743
ENSG00000168591	17	42264321	42269301
ENSG00000087152	17	42269170	42278331
ENSG00000108312	17	42282399	42298996
ENSG00000004939	17	42325756	42345532
ENSG00000108309	17	42385311	42396045
ENSG00000013306	17	42394187	42404009
ENSG00000030582	17	42422474	42430476
ENSG00000161682	17	42430581	42441245
ENSG00000005961	17	42449543	42467019
ENSG00000186566	17	42472647	42581009
ENSG00000180340	17	42634850	42638632
ENSG00000180336	17	42733729	42767678
ENSG00000180329	17	42748429	42767201
ENSG00000161692	17	42785961	42829639
ENSG00000073670	17	42836328	42859216
ENSG00000182963	17	42875814	42908866
ENSG00000131097	17	42922129	42927850
ENSG00000108883	17	42927314	42976999
ENSG00000167131	17	42966600	42982760
ENSG00000131095	17	42980525	42994307
ENSG00000214447	17	42980799	42982760
ENSG00000186185	17	43002073	43025151
ENSG00000136448	17	43035358	43186386
ENSG00000131094	17	43036299	43045739
ENSG00000172992	17	43100704	43138507
ENSG00000161714	17	43186325	43210723
ENSG00000181513	17	43209962	43221550
ENSG00000186834	17	43225840	43229468
ENSG00000168517	17	43238060	43248070
ENSG00000184922	17	43298101	43324688
ENSG00000184361	17	43331753	43339485
ENSG00000006062	17	43340484	43394480
ENSG00000159314	17	43471262	43511789
ENSG00000225190	17	43513264	43568354
ENSG00000263715	17	43697708	43913194
ENSG00000120088	17	43861641	43913196
ENSG00000185294	17	43922245	43924435
ENSG00000186868	17	43971642	44105702
ENSG00000256762	17	44076614	44077062
ENSG00000120071	17	44107280	44302757
ENSG00000228696	17	44348993	44439161
ENSG00000176681	17	44370097	44415445
ENSG00000185829	17	44508795	44657093
ENSG00000238083	17	44588872	44634278
ENSG00000073969	17	44668025	44835047
ENSG00000108379	17	44839857	44910522
ENSG00000158955	17	44910565	44964098
ENSG00000108433	17	45000439	45052892
ENSG00000262633	17	45000497	45127300
ENSG00000179673	17	45055520	45056621
ENSG00000004897	17	45195067	45266790
ENSG00000198336	17	45266267	45305128
ENSG00000259207	17	45331013	45400586
ENSG00000259753	17	45331261	45421660
ENSG00000178852	17	45400654	45518680
ENSG00000141279	17	45600306	45702075
ENSG00000108424	17	45726840	45762873
ENSG00000198933	17	45771394	45789431
ENSG00000073861	17	45810600	45823494
ENSG00000006025	17	45884727	45899258
ENSG00000159111	17	45900636	45908913
ENSG00000141294	17	45908998	45915087
ENSG00000141295	17	45915047	45919493
ENSG00000189120	17	45922272	45933242
ENSG00000167182	17	45973514	46006332
ENSG00000108439	17	46018870	46041722
ENSG00000167183	17	46028215	46037851
ENSG00000108465	17	46045174	46059155
ENSG00000005243	17	46103506	46115394
ENSG00000082641	17	46125249	46166011
ENSG00000108468	17	46147412	46185212
ENSG00000002919	17	46180717	46205590
ENSG00000141293	17	46210793	46507639
ENSG00000120094	17	46605886	46608375
ENSG00000173917	17	46618254	46622479
ENSG00000120093	17	46626230	46682276
ENSG00000182742	17	46652867	46655793
ENSG00000120075	17	46668617	46671543
ENSG00000108511	17	46672885	46682375
ENSG00000260027	17	46684582	46710936
ENSG00000120068	17	46688737	46695367
ENSG00000170689	17	46698516	46703940
ENSG00000229637	17	46798173	46802131
ENSG00000159182	17	46799079	46800446
ENSG00000159184	17	46802110	46806440
ENSG00000170703	17	46839594	46894593
ENSG00000136436	17	46908331	46950274
ENSG00000159199	17	46970125	46973239
ENSG00000159202	17	46985728	47006426
ENSG00000159210	17	47006332	47022206
ENSG00000159224	17	47035914	47045960
ENSG00000159217	17	47074585	47133512
ENSG00000167080	17	47209820	47256011
ENSG00000167083	17	47280151	47287974
ENSG00000108798	17	47287748	47301548
ENSG00000173868	17	47300706	47308195
ENSG00000198740	17	47366566	47439837
ENSG00000167085	17	47481369	47513609
ENSG00000064300	17	47572646	47592384
ENSG00000182575	17	47653076	47661191
ENSG00000121067	17	47676244	47755565
ENSG00000121073	17	47759382	47786378
ENSG00000121104	17	47787692	47866544
ENSG00000136504	17	47865984	47912390
ENSG00000176358	17	47915660	47925435
ENSG00000108813	17	48045950	48052325
ENSG00000064195	17	48067367	48072590
ENSG00000005884	17	48133330	48168299
ENSG00000005882	17	48172099	48197642
ENSG00000167100	17	48187402	48207526
ENSG00000108819	17	48211094	48228383
ENSG00000108823	17	48241573	48253298
ENSG00000108821	17	48261460	48279067
ENSG00000167105	17	48348765	48359279
ENSG00000015532	17	48423439	48440501
ENSG00000108826	17	48444652	48450570
ENSG00000154920	17	48450574	48461221
ENSG00000108829	17	48452418	48475590
ENSG00000167107	17	48503517	48552208
ENSG00000136457	17	48541837	48546339
ENSG00000136444	17	48556129	48563734
ENSG00000136449	17	48585768	48608864
ENSG00000049283	17	48609902	48621113
ENSG00000006282	17	48620417	48635729
ENSG00000006283	17	48638074	48704837
ENSG00000108846	17	48711968	48769994
ENSG00000154945	17	48770556	48785283
ENSG00000108848	17	48796924	48833582
ENSG00000167117	17	48838319	48844933
ENSG00000173714	17	48912009	48919716
ENSG00000141232	17	48938670	48945341
ENSG00000008294	17	49039533	49198289
ENSG00000239672	17	49230308	49240100
ENSG00000011052	17	49230949	49249107
ENSG00000243678	17	49240372	49261660
ENSG00000011258	17	49254778	49338477
ENSG00000011260	17	49337836	49375299
ENSG00000154975	17	49707672	50237390
ENSG00000141200	17	51900286	51902556
ENSG00000141198	17	52976746	53041204
ENSG00000166260	17	52996809	53046071
ENSG00000166263	17	53046072	53250995
ENSG00000108924	17	53342278	53402550
ENSG00000108960	17	53469973	53499349
ENSG00000261873	17	53527215	53588815
ENSG00000166292	17	53796098	53809484
ENSG00000141179	17	53828323	53932220
ENSG00000153930	17	53959660	54594379
ENSG00000183691	17	54671058	54672974
ENSG00000214226	17	54869272	54916136
ENSG00000153933	17	54910529	54946930
ENSG00000121060	17	54913746	54991443
ENSG00000121058	17	55015557	55038473
ENSG00000121064	17	55055466	55084148
ENSG00000121057	17	55162451	55200028
ENSG00000153944	17	55333210	55762052
ENSG00000166329	17	55821854	55822662
ENSG00000181610	17	55912140	55927439
ENSG00000180891	17	55938590	56033214
ENSG00000136451	17	56048906	56065752
ENSG00000266086	17	56066397	56084609
ENSG00000136450	17	56074248	56084709
ENSG00000264364	17	56160184	56172905
ENSG00000141194	17	56225743	56236948
ENSG00000255713	17	56244341	56248774
ENSG00000121053	17	56270085	56282537
ENSG00000011143	17	56282709	56296968
ENSG00000167419	17	56295907	56345881
ENSG00000005381	17	56347214	56358298
ENSG00000005379	17	56378587	56406186
ENSG00000213246	17	56422534	56430462
ENSG00000285897	17	56422565	56494958
ENSG00000108375	17	56431030	56495098
ENSG00000176160	17	56497526	56565771
ENSG00000108389	17	56566888	56595268
ENSG00000108387	17	56597328	56621731
ENSG00000121101	17	56634037	56769418
ENSG00000266826	17	56737783	56769418
ENSG00000108384	17	56769928	56812974
ENSG00000175175	17	56833210	57062542
ENSG00000108395	17	57059992	57184284
ENSG00000182628	17	57187216	57232623
ENSG00000068489	17	57233091	57284072
ENSG00000265303	17	57274925	57292589
ENSG00000167447	17	57286759	57292612
ENSG00000153982	17	57297826	57353333
ENSG00000175155	17	57408950	57479092
ENSG00000108406	17	57642917	57688926
ENSG00000141367	17	57696965	57774319
ENSG00000141378	17	57751995	57785001
ENSG00000062716	17	57784551	57919618
ENSG00000108423	17	57936397	57970314
ENSG00000108443	17	57970394	58040699
ENSG00000189050	17	57974140	58042140
ENSG00000267318	17	58018267	58050464
ENSG00000068097	17	58118367	58156296
ENSG00000167434	17	58225197	58255448
ENSG00000170832	17	58254543	58499833
ENSG00000141371	17	58469788	58508789
ENSG00000062725	17	58520517	58603605
ENSG00000170836	17	58677094	58743656
ENSG00000141376	17	58754812	59470201
ENSG00000121068	17	59476989	59486829
ENSG00000121075	17	59529265	59562473
ENSG00000253506	17	59667780	59668582
ENSG00000136492	17	59756498	59940924
ENSG00000108506	17	59942726	60005379
ENSG00000108510	17	60019905	60142728
ENSG00000270033	17	60349846	60360278
ENSG00000172421	17	60421300	60493843
ENSG00000087995	17	60501225	60530748
ENSG00000146872	17	60536017	60692844
ENSG00000011028	17	60704776	60770960
ENSG00000173838	17	60778673	60885707
ENSG00000170921	17	61043560	61505066
ENSG00000008283	17	61509657	61524471
ENSG00000159640	17	61554417	61575743
ENSG00000264813	17	61562182	61599211
ENSG00000173826	17	61600669	61626350
ENSG00000136485	17	61627581	61671650
ENSG00000288894	17	61627962	61685709
ENSG00000136463	17	61678236	61689385
ENSG00000198909	17	61699737	61773672
ENSG00000266173	17	61759694	61819367
ENSG00000136490	17	61773241	61778545
ENSG00000125695	17	61780203	61829459
ENSG00000108588	17	61822608	61853713
ENSG00000198231	17	61850961	61897813
ENSG00000108592	17	61896471	61907374
ENSG00000087191	17	61904440	61909606
ENSG00000108604	17	61909436	61920427
ENSG00000213218	17	61949365	61951131
ENSG00000136487	17	61957563	61959332
ENSG00000136488	17	61972264	61974029
ENSG00000204414	17	61986954	61988710
ENSG00000259384	17	61994558	61996201
ENSG00000285947	17	61994561	62008747
ENSG00000007312	17	62006096	62009991
ENSG00000007314	17	62015912	62050280
ENSG00000224383	17	62075702	62081667
ENSG00000108622	17	62079952	62098002
ENSG00000178607	17	62116438	62208181
ENSG00000136478	17	62224585	62340655
ENSG00000271605	17	62461567	62488889
ENSG00000256525	17	62473821	62493191
ENSG00000108654	17	62494369	62504319
ENSG00000258890	17	62502869	62538581
ENSG00000108854	17	62538398	62658476
ENSG00000176809	17	62850246	62915608
ENSG00000120063	17	63005405	63052959
ENSG00000108370	17	63096928	63223823
ENSG00000168646	17	63524677	63558187
ENSG00000266076	17	63534218	63637153
ENSG00000154240	17	63631653	64188371
ENSG00000091583	17	64207659	64252645
ENSG00000154229	17	64298683	64806863
ENSG00000075429	17	64831233	64890870
ENSG00000075461	17	64960608	65031796
ENSG00000108878	17	65040645	65054134
ENSG00000198265	17	65066558	65242107
ENSG00000197170	17	65334030	65362793
ENSG00000154217	17	65373372	65693374
ENSG00000130935	17	65713924	65740649
ENSG00000171634	17	65821602	65980496
ENSG00000186665	17	65987213	65992591
ENSG00000182481	17	66031631	66043482
ENSG00000196704	17	66201570	66254971
ENSG00000141337	17	66255309	66418874
ENSG00000108932	17	66263165	66287410
ENSG00000070540	17	66417087	66453706
ENSG00000108946	17	66507879	66547462
ENSG00000108950	17	66531252	66597550
ENSG00000141338	17	66862191	66951613
ENSG00000154258	17	66970627	67057230
ENSG00000154262	17	67070394	67139485
ENSG00000154263	17	67143353	67240989
ENSG00000154265	17	67240450	67323426
ENSG00000108984	17	67410822	67550008
ENSG00000153822	17	68049568	68131751
ENSG00000123700	17	68164441	68176187
ENSG00000125398	17	70117152	70122559
ENSG00000133195	17	70642084	71088864
ENSG00000180616	17	71160390	71172774
ENSG00000166685	17	71189166	71214671
ENSG00000133193	17	71203490	71232894
ENSG00000141219	17	71228370	71245103
ENSG00000187959	17	71238238	71258493
ENSG00000179604	17	71277468	71308146
ENSG00000069188	17	71330521	71641398
ENSG00000172809	17	72198978	72208993
ENSG00000141540	17	72209636	72258163
ENSG00000171595	17	72270367	72311027
ENSG00000196169	17	72322325	72351976
ENSG00000204347	17	72351888	72358049
ENSG00000257008	17	72363595	72368741
ENSG00000170412	17	72420988	72455261
ENSG00000167851	17	72462524	72502523
ENSG00000178789	17	72515137	72527628
ENSG00000167850	17	72530499	72542315
ENSG00000284690	17	72556838	72563484
ENSG00000204345	17	72575502	72588424
ENSG00000186407	17	72606015	72619998
ENSG00000172794	17	72666715	72743478
ENSG00000186074	17	72690445	72709143
ENSG00000109062	17	72744744	72765501
ENSG00000109065	17	72765834	72772525
ENSG00000109066	17	72772614	72835905
ENSG00000161509	17	72838159	72857897
ENSG00000161513	17	72858614	72869166
ENSG00000172782	17	72873408	72889881
ENSG00000182040	17	72912173	72919353
ENSG00000183034	17	72919043	72930009
ENSG00000182938	17	72931922	72946090
ENSG00000167861	17	72946832	72969263
ENSG00000109089	17	72983673	73001897
ENSG00000167862	17	73008750	73017363
ENSG00000180901	17	73028668	73061986
ENSG00000167863	17	73034711	73043815
ENSG00000170190	17	73073319	73103517
ENSG00000125449	17	73106034	73126369
ENSG00000125458	17	73126318	73127903
ENSG00000189159	17	73131336	73164378
ENSG00000188612	17	73161679	73179088
ENSG00000125450	17	73201575	73231856
ENSG00000125447	17	73232688	73258446
ENSG00000125445	17	73257741	73266791
ENSG00000125457	17	73262307	73267320
ENSG00000125454	17	73268091	73286051
ENSG00000177885	17	73314151	73401803
ENSG00000177728	17	73437238	73496535
ENSG00000177303	17	73496340	73511704
ENSG00000182173	17	73512023	73520831
ENSG00000073350	17	73521159	73571298
ENSG00000266714	17	73583879	73622931
ENSG00000108469	17	73622917	73663279
ENSG00000204323	17	73624446	73638652
ENSG00000259120	17	73642321	73644057
ENSG00000161526	17	73663308	73704144
ENSG00000132470	17	73717268	73753904
ENSG00000108479	17	73747549	73761334
ENSG00000132475	17	73772513	73781976
ENSG00000132478	17	73780878	73821882
ENSG00000092929	17	73823111	73841436
ENSG00000132471	17	73841778	73852590
ENSG00000132481	17	73870240	73874720
ENSG00000141569	17	73875617	73893101
ENSG00000204316	17	73894721	73901180
ENSG00000267426	17	73894724	73926212
ENSG00000188878	17	73904291	73937223
ENSG00000161533	17	73937586	73975542
ENSG00000257949	17	73975291	73996670
ENSG00000261408	17	73975310	74002082
ENSG00000250506	17	73996723	74002082
ENSG00000167880	17	74000458	74023548
ENSG00000167881	17	74034068	74068801
ENSG00000186919	17	74068040	74079749
ENSG00000182687	17	74070852	74073620
ENSG00000182473	17	74077074	74117659
ENSG00000129654	17	74132412	74137339
ENSG00000141576	17	74138539	74236745
ENSG00000185262	17	74261276	74267381
ENSG00000129646	17	74270128	74304365
ENSG00000161542	17	74305557	74380604
ENSG00000176170	17	74372663	74383943
ENSG00000175931	17	74385535	74449310
ENSG00000129673	17	74448829	74466206
ENSG00000129667	17	74466964	74497874
ENSG00000161544	17	74523436	74547259
ENSG00000214140	17	74523666	74549662
ENSG00000284526	17	74559790	74565808
ENSG00000070731	17	74560504	74583040
ENSG00000070526	17	74620308	74639991
ENSG00000182534	17	74668631	74707175
ENSG00000070495	17	74708910	74722868
ENSG00000181038	17	74722061	74731500
ENSG00000267168	17	74729058	74734606
ENSG00000161547	17	74730195	74734003
ENSG00000092931	17	74731945	74785958
ENSG00000167889	17	74864214	74946477
ENSG00000129657	17	75084829	75213185
ENSG00000184640	17	75276649	75496680
ENSG00000078687	17	75954693	76104905
ENSG00000141524	17	76103476	76128662
ENSG00000167895	17	76126849	76139051
ENSG00000187997	17	76142435	76162380
ENSG00000108639	17	76164624	76172088
ENSG00000167900	17	76168858	76183316
ENSG00000183077	17	76182739	76203786
ENSG00000089685	17	76210265	76221719
ENSG00000204278	17	76227366	76237070
ENSG00000184557	17	76352857	76357013
ENSG00000087157	17	76374716	76421197
ENSG00000187775	17	76419776	76573480
ENSG00000108669	17	76670128	76778413
ENSG00000055483	17	76783461	76837525
ENSG00000035862	17	76849057	76921480
ENSG00000178404	17	76886659	76899301
ENSG00000108679	17	76966388	76976053
ENSG00000171302	17	76987787	77005951
ENSG00000173918	17	77018809	77045872
ENSG00000167280	17	77070850	77088051
ENSG00000167281	17	77085425	77512232
ENSG00000182156	17	77702569	77716731
ENSG00000173894	17	77751932	77762195
ENSG00000141570	17	77765929	77775484
ENSG00000141582	17	77806953	77813287
ENSG00000167291	17	77906140	78009688
ENSG00000141519	17	78009797	78074414
ENSG00000171298	17	78075323	78093682
ENSG00000141543	17	78106497	78120952
ENSG00000141527	17	78143789	78189874
ENSG00000181523	17	78180513	78194729
ENSG00000181045	17	78193496	78227310
ENSG00000173821	17	78234604	78372596
ENSG00000173818	17	78388945	78411888
ENSG00000171246	17	78440632	78451645
ENSG00000141564	17	78518617	78940173
ENSG00000289764	17	78518873	78518936
ENSG00000176108	17	78965396	79005158
ENSG00000175911	17	78977133	78978934
ENSG00000175866	17	79008920	79091236
ENSG00000181409	17	79084285	79140030
ENSG00000225180	17	79139305	79156968
ENSG00000141577	17	79163381	79196816
ENSG00000167302	17	79202075	79212897
ENSG00000224877	17	79213103	79215112
ENSG00000157637	17	79218609	79269369
ENSG00000266074	17	79369248	79433359
ENSG00000184009	17	79476437	79490875
ENSG00000186765	17	79495396	79509443
ENSG00000185504	17	79506909	79520989
ENSG00000182446	17	79523911	79615497
ENSG00000182612	17	79604195	79615786
ENSG00000185527	17	79617487	79630144
ENSG00000204237	17	79632061	79633667
ENSG00000185298	17	79633726	79640936
ENSG00000214087	17	79648188	79650829
ENSG00000185359	17	79650354	79670170
ENSG00000262814	17	79670385	79678144
ENSG00000262660	17	79670399	79687571
ENSG00000183048	17	79678979	79689001
ENSG00000215644	17	79760979	79771901
ENSG00000225663	17	79779664	79791180
ENSG00000182676	17	79791362	79792934
ENSG00000185624	17	79801032	79818734
ENSG00000141522	17	79825593	79829256
ENSG00000183684	17	79845704	79849713
ENSG00000141552	17	79848543	79858869
ENSG00000183979	17	79858619	79860783
ENSG00000185813	17	79858832	79869385
ENSG00000187531	17	79869813	79879201
ENSG00000197063	17	79876144	79885647
ENSG00000183010	17	79890252	79900290
ENSG00000185105	17	79897519	79905111
ENSG00000185269	17	79910381	79921206
ENSG00000169696	17	79934681	79976576
ENSG00000169689	17	79976464	79981985
ENSG00000169683	17	79981143	79989031
ENSG00000169750	17	79989066	79992096
ENSG00000169738	17	79993010	79995655
ENSG00000169733	17	80005776	80009749
ENSG00000169727	17	80008565	80015941
ENSG00000169718	17	80015380	80024084
ENSG00000169710	17	80034774	80056172
ENSG00000176155	17	80059332	80170763
ENSG00000141526	17	80175752	80219054
ENSG00000141551	17	80196897	80231608
ENSG00000173762	17	80271438	80275503
ENSG00000141574	17	80278898	80293396
ENSG00000182459	17	80317120	80321653
ENSG00000181408	17	80326140	80335587
ENSG00000181396	17	80347084	80376515
ENSG00000169660	17	80376192	80400525
ENSG00000178927	17	80398225	80408707
ENSG00000141562	17	80416054	80448420
ENSG00000141568	17	80477122	80602540
ENSG00000141580	17	80572436	80606431
ENSG00000141542	17	80612417	80656612
ENSG00000141560	17	80674567	80688751
ENSG00000167363	17	80693023	80709076
ENSG00000141556	17	80709719	80903796
ENSG00000141579	17	80787308	80797908
ENSG00000175711	17	80900023	81009707
ENSG00000176845	17	81037457	81052872
ENSG00000173213	18	47219	73547
ENSG00000101557	18	158326	214631
ENSG00000079134	18	214247	268067
ENSG00000158270	18	316735	500750
ENSG00000177143	18	580378	582116
ENSG00000079101	18	596981	650336
ENSG00000176890	18	657125	676615
ENSG00000132199	18	667669	712724
ENSG00000176105	18	721585	813279
ENSG00000141433	18	904397	912175
ENSG00000101574	18	2537519	2571517
ENSG00000080986	18	2571517	2616636
ENSG00000101596	18	2655653	2805398
ENSG00000132205	18	2846786	2916003
ENSG00000101577	18	2885267	3013356
ENSG00000101605	18	3066689	3220210
ENSG00000101608	18	3247477	3256730
ENSG00000118680	18	3261475	3278461
ENSG00000177426	18	3411604	3459978
ENSG00000170579	18	3494439	4455309
ENSG00000231824	18	5142908	5197694
ENSG00000198081	18	5285879	5297054
ENSG00000082397	18	5392376	5630701
ENSG00000206432	18	5882069	5896085
ENSG00000154655	18	5952757	6415478
ENSG00000088756	18	6729665	6915717
ENSG00000101680	18	6941739	7117860
ENSG00000206422	18	7231085	7232044
ENSG00000173482	18	7566778	8406954
ENSG00000206418	18	8609401	8639383
ENSG00000168502	18	8705224	8832780
ENSG00000178127	18	9102429	9134570
ENSG00000101745	18	9136224	9285985
ENSG00000128791	18	9334614	9402424
ENSG00000017797	18	9474987	9538114
ENSG00000154845	18	9546787	9615240
ENSG00000168461	18	9708213	9862550
ENSG00000168454	18	9885761	9889274
ENSG00000101558	18	9913911	9960020
ENSG00000154856	18	10454584	10489948
ENSG00000134265	18	10525900	10553248
ENSG00000154864	18	10666478	11149592
ENSG00000236396	18	11609593	11610613
ENSG00000141404	18	11689240	11885686
ENSG00000255112	18	11851410	11854445
ENSG00000154889	18	11882619	11909181
ENSG00000141401	18	11981022	12032178
ENSG00000181626	18	12093726	12129765
ENSG00000176194	18	12254162	12277596
ENSG00000176014	18	12307284	12345785
ENSG00000141385	18	12328868	12377474
ENSG00000141391	18	12407893	12432255
ENSG00000134278	18	12446509	12658130
ENSG00000128789	18	12658040	12728946
ENSG00000101624	18	12660735	12702778
ENSG00000175354	18	12785475	12929644
ENSG00000085415	18	12947130	12987714
ENSG00000101639	18	12991280	13125054
ENSG00000168675	18	13216170	13652756
ENSG00000177150	18	13662462	13726664
ENSG00000101654	18	13726579	13764557
ENSG00000176136	18	13824146	13827324
ENSG00000185231	18	13882038	13915708
ENSG00000175322	18	14020699	14132491
ENSG00000183206	18	14507336	14543601
ENSG00000180777	18	14728269	14854668
ENSG00000067900	18	18524571	18691845
ENSG00000293575	18	18691018	18691102
ENSG00000141449	18	18822159	19106075
ENSG00000141446	18	19109000	19180929
ENSG00000167088	18	19192225	19213487
ENSG00000158201	18	19230854	19284841
ENSG00000101752	18	19284916	19450916
ENSG00000141448	18	19748796	19784119
ENSG00000212710	18	19993560	19997880
ENSG00000101773	18	20378222	20607526
ENSG00000134508	18	20714526	20840436
ENSG00000134490	18	20777106	21017942
ENSG00000101782	18	21033227	21066569
ENSG00000141452	18	21083422	21113147
ENSG00000141458	18	21086146	21166935
ENSG00000154065	18	21178888	21243524
ENSG00000053747	18	21269376	21537441
ENSG00000168234	18	21572735	21715936
ENSG00000154040	18	21718923	21741569
ENSG00000141447	18	21742007	21977874
ENSG00000154059	18	22006596	22033503
ENSG00000134489	18	22040593	22060760
ENSG00000198795	18	22641886	22932282
ENSG00000141380	18	23596215	23671183
ENSG00000154611	18	23713814	23773321
ENSG00000141384	18	23806348	23971651
ENSG00000134504	18	24034872	24237367
ENSG00000171885	18	24431669	24445786
ENSG00000154080	18	24486443	24765358
ENSG00000170558	18	25512841	25757990
ENSG00000134762	18	28569329	28622944
ENSG00000134755	18	28638509	28682565
ENSG00000134765	18	28709197	28742946
ENSG00000134760	18	28898086	28939211
ENSG00000175065	18	28956738	28994944
ENSG00000134757	18	29027702	29058667
ENSG00000046604	18	29077585	29131316
ENSG00000118271	18	29136969	29186550
ENSG00000118276	18	29201645	29265801
ENSG00000141437	18	29339545	29340845
ENSG00000153339	18	29409148	29533101
ENSG00000101695	18	29598135	29670763
ENSG00000134758	18	29671811	29712089
ENSG00000141441	18	29704836	30050847
ENSG00000141434	18	29765030	29802570
ENSG00000197705	18	30252560	30352988
ENSG00000166960	18	30517364	31021067
ENSG00000141431	18	31158181	31331161
ENSG00000101746	18	31431062	31804918
ENSG00000134769	18	32073169	32471810
ENSG00000166974	18	32556890	32723436
ENSG00000186812	18	32820470	32847099
ENSG00000186814	18	32831020	32870234
ENSG00000172466	18	32912189	32925468
ENSG00000186496	18	32946656	32961712
ENSG00000267140	18	33023833	33077906
ENSG00000153391	18	33032192	33078010
ENSG00000141429	18	33160854	33293336
ENSG00000141428	18	33552561	33590311
ENSG00000141425	18	33562880	33647616
ENSG00000141424	18	33688492	33709792
ENSG00000134759	18	33709405	33760522
ENSG00000075643	18	33766855	33852122
ENSG00000134775	18	33877205	34360185
ENSG00000134779	18	34357608	34409181
ENSG00000150477	18	34408913	34812137
ENSG00000101489	18	34823001	35145959
ENSG00000078142	18	39535158	39667796
ENSG00000152214	18	40323181	40695690
ENSG00000132872	18	40847042	40857502
ENSG00000152217	18	42260029	42648477
ENSG00000132874	18	42792958	43263655
ENSG00000141469	18	43266988	43332488
ENSG00000152223	18	43380440	43547314
ENSG00000197046	18	43405638	43424185
ENSG00000152229	18	43563500	43652335
ENSG00000152234	18	43660212	43684302
ENSG00000152240	18	43684290	43709557
ENSG00000152242	18	43753461	43901753
ENSG00000141622	18	43906770	44043105
ENSG00000167210	18	44056932	44237185
ENSG00000101638	18	44247782	44339222
ENSG00000078043	18	44383179	44500125
ENSG00000167216	18	44497141	44629851
ENSG00000206181	18	44558896	44561994
ENSG00000167220	18	44602471	44677479
ENSG00000267228	18	44634557	44702718
ENSG00000134049	18	44679203	44702754
ENSG00000215474	18	44732425	44778033
ENSG00000175387	18	45335326	45457942
ENSG00000184828	18	45552136	45937125
ENSG00000134030	18	46065374	46389590
ENSG00000101665	18	46446221	46478398
ENSG00000141627	18	46562755	46987719
ENSG00000177576	18	47003611	47013635
ENSG00000215472	18	47008049	47018851
ENSG00000265681	18	47014714	47018936
ENSG00000101670	18	47087067	47125557
ENSG00000167315	18	47308082	47340337
ENSG00000266997	18	47322161	47363995
ENSG00000167306	18	47349157	47721580
ENSG00000172361	18	47753561	47792913
ENSG00000141644	18	47793111	47808218
ENSG00000154832	18	47808699	47814234
ENSG00000154839	18	47901364	47920548
ENSG00000141639	18	48085819	48258202
ENSG00000134042	18	48321488	48369484
ENSG00000082212	18	48405032	48480629
ENSG00000141642	18	48494357	48527107
ENSG00000267699	18	48494387	48584516
ENSG00000141646	18	48554896	48611417
ENSG00000176624	18	48700918	48744705
ENSG00000187323	18	49866565	51062271
ENSG00000134046	18	51677974	51751159
ENSG00000101751	18	51795851	51847638
ENSG00000174448	18	51850726	51884336
ENSG00000166845	18	51884268	51911590
ENSG00000178690	18	52254986	52267121
ENSG00000041353	18	52385086	52562749
ENSG00000166510	18	52568256	52626752
ENSG00000196628	18	52889414	53332020
ENSG00000091164	18	54264438	54318833
ENSG00000091157	18	54318477	54697044
ENSG00000228075	18	54814316	54817643
ENSG00000177511	18	55019659	55038964
ENSG00000119547	18	55102604	55158532
ENSG00000066926	18	55211607	55254176
ENSG00000134440	18	55256750	55289447
ENSG00000081923	18	55313656	55470794
ENSG00000049759	18	55711210	56068774
ENSG00000198796	18	56148471	56296481
ENSG00000172175	18	56338656	56421711
ENSG00000074657	18	56529830	56653714
ENSG00000166562	18	56806700	56826084
ENSG00000134443	18	56887214	56898024
ENSG00000134438	18	56934265	56941320
ENSG00000166569	18	56942386	56985889
ENSG00000074695	18	56995053	57026651
ENSG00000183287	18	57098169	57365388
ENSG00000141682	18	57566874	57571539
ENSG00000166603	18	58038293	58040010
ENSG00000101542	18	59000656	59223014
ENSG00000176641	18	59475298	59562332
ENSG00000197563	18	59572486	59854353
ENSG00000134444	18	59854486	59977484
ENSG00000141655	18	59992317	60058523
ENSG00000141664	18	60190225	60254944
ENSG00000081913	18	60382655	60647668
ENSG00000171791	18	60790577	60987450
ENSG00000119537	18	60994797	61034850
ENSG00000119541	18	61056350	61089756
ENSG00000206075	18	61144048	61172320
ENSG00000166634	18	61209600	61236564
ENSG00000197641	18	61253886	61271875
ENSG00000206073	18	61304491	61311499
ENSG00000206072	18	61314811	61393668
ENSG00000057149	18	61319816	61329129
ENSG00000166396	18	61420167	61472612
ENSG00000197632	18	61538924	61571124
ENSG00000289724	18	61564406	61584726
ENSG00000242550	18	61575190	61603347
ENSG00000221887	18	61616509	61649010
ENSG00000166401	18	61637261	61687201
ENSG00000081138	18	63417486	63557575
ENSG00000071991	18	64168318	64271677
ENSG00000171451	18	65173822	65184029
ENSG00000166479	18	66340923	66382449
ENSG00000150636	18	66382373	66757837
ENSG00000206052	18	67067975	67516325
ENSG00000150637	18	67498392	67629041
ENSG00000176225	18	67670265	67873335
ENSG00000170677	18	67956110	67997437
ENSG00000141668	18	70200931	70305758
ENSG00000166342	18	70409547	70535383
ENSG00000141665	18	71740577	71815104
ENSG00000075336	18	71815745	71827768
ENSG00000166347	18	71918079	71959266
ENSG00000206043	18	71983072	72026426
ENSG00000187773	18	72101334	72125181
ENSG00000133313	18	72161345	72190798
ENSG00000150656	18	72201633	72262088
ENSG00000215421	18	72265082	72777629
ENSG00000180011	18	72848961	72921564
ENSG00000179981	18	72922708	73002086
ENSG00000206026	18	73121429	73139660
ENSG00000101493	18	74069635	74208090
ENSG00000130856	18	74534321	74684859
ENSG00000197971	18	74690781	74845641
ENSG00000166573	18	74961698	74989858
ENSG00000256463	18	76739417	76762679
ENSG00000166377	18	76829257	77138393
ENSG00000131196	18	77155854	77291340
ENSG00000060069	18	77439779	77516610
ENSG00000178342	18	77557902	77660186
ENSG00000122490	18	77661155	77711679
ENSG00000226742	18	77724580	77730825
ENSG00000141759	18	77730689	77793951
ENSG00000267127	18	77794344	77854970
ENSG00000101546	18	77794387	77810653
ENSG00000101544	18	77867144	77905408
ENSG00000178184	18	77915113	78005479
ENSG00000176695	19	107102	117104
ENSG00000141934	19	278502	291423
ENSG00000105556	19	305571	344826
ENSG00000105549	19	361745	376028
ENSG00000183186	19	405441	409216
ENSG00000129946	19	416313	461102
ENSG00000181781	19	462726	474985
ENSG00000099866	19	489174	505345
ENSG00000141933	19	507486	520848
ENSG00000099804	19	531433	542094
ENSG00000197540	19	544032	549926
ENSG00000172270	19	571275	583500
ENSG00000099822	19	589879	617161
ENSG00000099821	19	617166	633621
ENSG00000070388	19	639877	644375
ENSG00000070423	19	647524	663338
ENSG00000070404	19	676364	683795
ENSG00000185198	19	685544	695500
ENSG00000099864	19	708904	748331
ENSG00000099812	19	748402	764365
ENSG00000011304	19	797073	812329
ENSG00000129951	19	810906	822621
ENSG00000172232	19	825095	832020
ENSG00000196415	19	840997	848257
ENSG00000197561	19	850949	856249
ENSG00000197766	19	859424	869494
ENSG00000175221	19	867628	893224
ENSG00000198858	19	896501	913247
ENSG00000116014	19	917285	921007
ENSG00000116017	19	924526	975941
ENSG00000065268	19	984246	998439
ENSG00000116032	19	1000416	1009733
ENSG00000182087	19	1009612	1021271
ENSG00000064666	19	1026267	1039078
ENSG00000064687	19	1039994	1065573
ENSG00000180448	19	1065920	1087830
ENSG00000099817	19	1085101	1095487
ENSG00000167468	19	1103979	1106792
ENSG00000064932	19	1107631	1174296
ENSG00000118046	19	1177555	1228432
ENSG00000099625	19	1228279	1239466
ENSG00000099624	19	1241731	1244829
ENSG00000167470	19	1248313	1259146
ENSG00000099622	19	1259381	1274881
ENSG00000310576	19	1275506	1279245
ENSG00000228300	19	1276018	1279245
ENSG00000099617	19	1285870	1301432
ENSG00000160953	19	1354290	1378435
ENSG00000115286	19	1383524	1395591
ENSG00000130005	19	1397023	1401732
ENSG00000071626	19	1407530	1435688
ENSG00000115268	19	1438146	1440509
ENSG00000115266	19	1446299	1473245
ENSG00000119559	19	1461140	1479566
ENSG00000115257	19	1481425	1490753
ENSG00000115255	19	1491013	1497929
ENSG00000185761	19	1503042	1513605
ENSG00000185988	19	1507975	1536047
ENSG00000181588	19	1554669	1568353
ENSG00000071655	19	1573593	1592912
ENSG00000267059	19	1578336	1605446
ENSG00000127540	19	1593984	1605501
ENSG00000071564	19	1609288	1652912
ENSG00000205922	19	1753503	1780989
ENSG00000130270	19	1781758	1812296
ENSG00000079313	19	1815245	1848494
ENSG00000129911	19	1852396	1863920
ENSG00000129968	19	1876807	1885619
ENSG00000213638	19	1905211	1913449
ENSG00000227500	19	1905211	1926014
ENSG00000133275	19	1940912	1981340
ENSG00000133243	19	1985435	2034882
ENSG00000099875	19	2037462	2061221
ENSG00000172081	19	2071011	2096680
ENSG00000099840	19	2096412	2099594
ENSG00000065000	19	2100979	2164469
ENSG00000104885	19	2163930	2232579
ENSG00000104886	19	2229978	2237705
ENSG00000104897	19	2236810	2248678
ENSG00000104899	19	2249306	2252074
ENSG00000167476	19	2252071	2269760
ENSG00000104904	19	2269506	2273493
ENSG00000273734	19	2269522	2341172
ENSG00000188305	19	2274623	2282210
ENSG00000220008	19	2287161	2308178
ENSG00000130332	19	2321504	2328631
ENSG00000005206	19	2328343	2355100
ENSG00000178297	19	2360234	2426261
ENSG00000099800	19	2425620	2427593
ENSG00000176619	19	2427634	2456992
ENSG00000099860	19	2476118	2478805
ENSG00000176533	19	2511210	2702727
ENSG00000176490	19	2714562	2721438
ENSG00000267001	19	2717765	2740048
ENSG00000141873	19	2732200	2740071
ENSG00000104969	19	2754707	2783390
ENSG00000172009	19	2785440	2815807
ENSG00000172006	19	2819849	2836735
ENSG00000186300	19	2841433	2860471
ENSG00000172000	19	2867288	2883445
ENSG00000171970	19	2900910	2919102
ENSG00000175691	19	2931133	2944971
ENSG00000104953	19	2977534	2995179
ENSG00000065717	19	2997628	3047635
ENSG00000104964	19	3052904	3063112
ENSG00000088256	19	3094316	3124001
ENSG00000060558	19	3136023	3163749
ENSG00000125910	19	3172342	3180332
ENSG00000125912	19	3185559	3209575
ENSG00000161082	19	3224632	3297076
ENSG00000141905	19	3314399	3469217
ENSG00000095932	19	3473982	3480557
ENSG00000284638	19	3482106	3483441
ENSG00000129932	19	3490817	3507203
ENSG00000105325	19	3506266	3538334
ENSG00000161091	19	3538257	3574290
ENSG00000183397	19	3539165	3544030
ENSG00000064961	19	3572688	3579088
ENSG00000179855	19	3585470	3593541
ENSG00000006638	19	3594502	3606900
ENSG00000105298	19	3610639	3626833
ENSG00000186111	19	3630177	3700506
ENSG00000105289	19	3708306	3750813
ENSG00000011132	19	3750768	3761700
ENSG00000183617	19	3761837	3769033
ENSG00000173976	19	3769085	3772238
ENSG00000007264	19	3777965	3802129
ENSG00000105278	19	3804020	3869055
ENSG00000167654	19	3879860	3928082
ENSG00000077009	19	3932990	3943081
ENSG00000167657	19	3958449	3971130
ENSG00000167658	19	3976040	3985479
ENSG00000105229	19	4007686	4039386
ENSG00000205147	19	4041125	4043156
ENSG00000178951	19	4041415	4067636
ENSG00000126934	19	4090312	4124237
ENSG00000060566	19	4152944	4173056
ENSG00000077463	19	4174099	4182603
ENSG00000089847	19	4182625	4224817
ENSG00000105246	19	4229262	4238166
ENSG00000105248	19	4247057	4269090
ENSG00000105251	19	4279008	4290727
ENSG00000167664	19	4292222	4302430
ENSG00000105255	19	4304582	4323843
ENSG00000178078	19	4324035	4342785
ENSG00000008382	19	4343522	4360085
ENSG00000141985	19	4360362	4400572
ENSG00000167670	19	4402517	4445017
ENSG00000167671	19	4444994	4457793
ENSG00000167674	19	4472239	4502239
ENSG00000167676	19	4502192	4520393
ENSG00000214456	19	4522537	4535299
ENSG00000267385	19	4528437	4540081
ENSG00000171236	19	4536412	4540118
ENSG00000167680	19	4542598	4581809
ENSG00000185361	19	4639513	4655582
ENSG00000074842	19	4641384	4670417
ENSG00000142002	19	4674351	4724687
ENSG00000141965	19	4791744	4801287
ENSG00000127666	19	4815942	4831763
ENSG00000105355	19	4838344	4867731
ENSG00000205784	19	4890447	4902962
ENSG00000276043	19	4903090	4962167
ENSG00000127663	19	4969115	5153624
ENSG00000105426	19	5158504	5340954
ENSG00000105428	19	5455426	5456869
ENSG00000223573	19	5552732	5578362
ENSG00000130254	19	5586990	5624059
ENSG00000160633	19	5622972	5668491
ENSG00000130255	19	5674956	5691894
ENSG00000174917	19	5678423	5680953
ENSG00000167733	19	5680613	5688537
ENSG00000196365	19	5691843	5720585
ENSG00000174898	19	5720646	5778747
ENSG00000212123	19	5782969	5784765
ENSG00000267157	19	5784014	5785632
ENSG00000141994	19	5784841	5791238
ENSG00000171119	19	5805062	5828337
ENSG00000156413	19	5830370	5839735
ENSG00000171124	19	5842266	5851548
ENSG00000130383	19	5865835	5870553
ENSG00000267740	19	5866180	5903800
ENSG00000174886	19	5891216	5904019
ENSG00000187650	19	5904732	5910866
ENSG00000267314	19	5904850	5914720
ENSG00000105519	19	5912348	5916224
ENSG00000031823	19	5916147	5978301
ENSG00000087903	19	5993173	6199585
ENSG00000130377	19	6135256	6193107
ENSG00000130382	19	6210386	6280042
ENSG00000167769	19	6306039	6333625
ENSG00000125656	19	6361436	6370255
ENSG00000125652	19	6372724	6377274
ENSG00000125650	19	6375157	6379071
ENSG00000125651	19	6379554	6393994
ENSG00000088247	19	6413111	6424837
ENSG00000181240	19	6426046	6433792
ENSG00000125648	19	6436077	6465216
ENSG00000130545	19	6463786	6467252
ENSG00000205744	19	6467216	6482570
ENSG00000104833	19	6494317	6502861
ENSG00000125657	19	6530994	6535939
ENSG00000125726	19	6583192	6604116
ENSG00000125735	19	6658094	6670634
ENSG00000125730	19	6677713	6730575
ENSG00000125734	19	6729923	6737678
ENSG00000125733	19	6737934	6751543
ENSG00000125731	19	6751908	6768122
ENSG00000141968	19	6772685	6857379
ENSG00000174837	19	6887539	6940472
ENSG00000196589	19	7018978	7021444
ENSG00000237247	19	7030587	7033024
ENSG00000205718	19	7037758	7040192
ENSG00000230522	19	7049330	7051748
ENSG00000182315	19	7056216	7069678
ENSG00000130544	19	7069425	7096219
ENSG00000171105	19	7112264	7294456
ENSG00000104880	19	7413834	7537373
ENSG00000104883	19	7541753	7562337
ENSG00000198723	19	7557860	7573918
ENSG00000267952	19	7571936	7584510
ENSG00000198816	19	7580176	7585915
ENSG00000090674	19	7587495	7598897
ENSG00000268614	19	7598479	7604947
ENSG00000032444	19	7598888	7626652
ENSG00000076826	19	7660710	7683240
ENSG00000076924	19	7684407	7694461
ENSG00000229833	19	7694595	7696844
ENSG00000268400	19	7694680	7712365
ENSG00000174788	19	7696495	7700719
ENSG00000076944	19	7701656	7712763
ENSG00000104918	19	7733928	7735344
ENSG00000183019	19	7741940	7744722
ENSG00000269711	19	7743385	7747742
ENSG00000181029	19	7745707	7752591
ENSG00000104921	19	7753642	7767034
ENSG00000182566	19	7793827	7798794
ENSG00000288669	19	7793842	7810550
ENSG00000090659	19	7804877	7812511
ENSG00000104938	19	7827915	7834494
ENSG00000142459	19	7895066	7929868
ENSG00000183248	19	7933603	7939561
ENSG00000171017	19	7953383	7966908
ENSG00000076984	19	7968706	7979367
ENSG00000260001	19	7979643	7983984
ENSG00000104976	19	7985197	7988137
ENSG00000178531	19	7989374	7991061
ENSG00000104980	19	7991598	8008660
ENSG00000066044	19	8023455	8070948
ENSG00000131142	19	8117175	8127551
ENSG00000142449	19	8130284	8214579
ENSG00000090661	19	8271618	8328602
ENSG00000167775	19	8367005	8373265
ENSG00000233927	19	8372642	8388453
ENSG00000167774	19	8373165	8386265
ENSG00000267855	19	8373475	8386286
ENSG00000186994	19	8387464	8408167
ENSG00000167772	19	8428105	8439257
ENSG00000185236	19	8454863	8470761
ENSG00000099785	19	8476342	8503903
ENSG00000099783	19	8509649	8554004
ENSG00000133246	19	8554938	8567542
ENSG00000133250	19	8574560	8579063
ENSG00000142347	19	8582345	8642359
ENSG00000142303	19	8645122	8675733
ENSG00000268480	19	8740081	8791416
ENSG00000181786	19	8807748	8809147
ENSG00000181733	19	8831996	8842524
ENSG00000167785	19	8916844	8942997
ENSG00000170948	19	8943039	8954018
ENSG00000181143	19	8959312	9121116
ENSG00000170929	19	9197735	9206347
ENSG00000170923	19	9211081	9218153
ENSG00000161807	19	9225502	9226441
ENSG00000170920	19	9236686	9237628
ENSG00000130803	19	9251051	9274102
ENSG00000188000	19	9289653	9299496
ENSG00000174667	19	9320950	9330267
ENSG00000237521	19	9358018	9363303
ENSG00000196110	19	9401814	9420516
ENSG00000188321	19	9434391	9461840
ENSG00000270011	19	9434848	9493295
ENSG00000188629	19	9473675	9493295
ENSG00000174652	19	9522884	9546279
ENSG00000198028	19	9575633	9609304
ENSG00000130818	19	9633897	9649504
ENSG00000197961	19	9671003	9695223
ENSG00000171469	19	9701055	9733279
ENSG00000171466	19	9752481	9785784
ENSG00000196605	19	9860220	9903858
ENSG00000127452	19	9920941	9938494
ENSG00000198258	19	9938561	9941047
ENSG00000127445	19	9945931	9960368
ENSG00000105088	19	9964391	10047237
ENSG00000080573	19	10070235	10121189
ENSG00000080511	19	10123923	10132957
ENSG00000130813	19	10196691	10203930
ENSG00000130812	19	10203009	10217290
ENSG00000243207	19	10216897	10225458
ENSG00000130810	19	10216974	10223491
ENSG00000244165	19	10222363	10228763
ENSG00000130811	19	10225684	10230629
ENSG00000130816	19	10244016	10341964
ENSG00000267534	19	10332107	10342009
ENSG00000105364	19	10362575	10370738
ENSG00000090339	19	10381767	10397295
ENSG00000105371	19	10397620	10399200
ENSG00000105376	19	10400614	10407456
ENSG00000220201	19	10415477	10420558
ENSG00000167807	19	10416101	10426687
ENSG00000267673	19	10420572	10426704
ENSG00000267303	19	10426145	10431356
ENSG00000161847	19	10426886	10444226
ENSG00000076662	19	10444450	10450525
ENSG00000105397	19	10461202	10491286
ENSG00000105401	19	10501764	10530902
ENSG00000065989	19	10527447	10580494
ENSG00000079999	19	10595186	10614236
ENSG00000180739	19	10623416	10628659
ENSG00000130734	19	10654207	10664234
ENSG00000129347	19	10663759	10676709
ENSG00000129355	19	10677134	10679737
ENSG00000129354	19	10680105	10697995
ENSG00000129353	19	10713131	10755237
ENSG00000129351	19	10764935	10803093
ENSG00000213339	19	10812104	10824425
ENSG00000079805	19	10828641	10944887
ENSG00000099203	19	10942741	10947008
ENSG00000214212	19	10947241	10980474
ENSG00000142453	19	10982121	11033759
ENSG00000130733	19	11029593	11039382
ENSG00000142444	19	11039390	11044213
ENSG00000127616	19	11071498	11190104
ENSG00000130164	19	11200092	11244508
ENSG00000161888	19	11242093	11266493
ENSG00000197256	19	11274938	11308623
ENSG00000130158	19	11309969	11373211
ENSG00000130173	19	11348176	11356156
ENSG00000130167	19	11406813	11437674
ENSG00000105514	19	11432721	11457111
ENSG00000105518	19	11453449	11457212
ENSG00000183401	19	11455358	11465626
ENSG00000105520	19	11466060	11476376
ENSG00000173928	19	11485332	11489872
ENSG00000187266	19	11487881	11495021
ENSG00000205517	19	11495015	11530050
ENSG00000198003	19	11531270	11546605
ENSG00000130175	19	11533035	11561786
ENSG00000196361	19	11562139	11591868
ENSG00000267477	19	11577053	11616515
ENSG00000161914	19	11593947	11616656
ENSG00000130159	19	11616729	11650954
ENSG00000130176	19	11649580	11661140
ENSG00000130165	19	11661960	11670142
ENSG00000198551	19	11670187	11733399
ENSG00000102575	19	11685466	11690810
ENSG00000197933	19	11832076	11849844
ENSG00000197044	19	11877813	11894895
ENSG00000177599	19	11908455	11920439
ENSG00000171295	19	11925070	11946384
ENSG00000171291	19	11959529	11994567
ENSG00000198429	19	11998572	12030661
ENSG00000196757	19	12035877	12061591
ENSG00000267179	19	12035888	12090107
ENSG00000197054	19	12075843	12093945
ENSG00000286098	19	12098454	12188923
ENSG00000197647	19	12099311	12146558
ENSG00000257355	19	12128701	12163784
ENSG00000257446	19	12151805	12163800
ENSG00000223547	19	12175503	12192382
ENSG00000286132	19	12186140	12224142
ENSG00000132010	19	12203656	12251172
ENSG00000213297	19	12242930	12267548
ENSG00000257591	19	12252901	12267649
ENSG00000196646	19	12273865	12300688
ENSG00000197857	19	12335499	12405700
ENSG00000188868	19	12428289	12444539
ENSG00000198342	19	12460183	12476721
ENSG00000196466	19	12500828	12512096
ENSG00000268870	19	12502761	12551898
ENSG00000180855	19	12540518	12551837
ENSG00000269755	19	12543915	12595632
ENSG00000242852	19	12571996	12624670
ENSG00000196826	19	12572371	12662290
ENSG00000249709	19	12635715	12662358
ENSG00000269693	19	12636532	12691791
ENSG00000188033	19	12686644	12750914
ENSG00000173875	19	12721728	12744656
ENSG00000104774	19	12754643	12777578
ENSG00000269242	19	12754643	12759213
ENSG00000269590	19	12775640	12780213
ENSG00000123154	19	12777614	12786648
ENSG00000105583	19	12778877	12780283
ENSG00000285589	19	12778883	12792650
ENSG00000095059	19	12784223	12792717
ENSG00000132004	19	12798613	12807475
ENSG00000283980	19	12798810	12799238
ENSG00000105576	19	12809923	12834827
ENSG00000123144	19	12841452	12845563
ENSG00000198356	19	12847951	12859141
ENSG00000039987	19	12862485	12869274
ENSG00000095066	19	12873452	12983556
ENSG00000171223	19	12902298	12904131
ENSG00000167815	19	12907629	12912698
ENSG00000284491	19	12912843	12924397
ENSG00000104889	19	12917317	12924460
ENSG00000132026	19	12936289	12949178
ENSG00000105613	19	12944672	12985768
ENSG00000105612	19	12986021	12992411
ENSG00000105610	19	12995217	12998017
ENSG00000105607	19	13001940	13026077
ENSG00000161860	19	13009598	13030122
ENSG00000179115	19	13031950	13044853
ENSG00000179218	19	13049390	13055341
ENSG00000179262	19	13056528	13064462
ENSG00000179271	19	13061513	13068149
ENSG00000179284	19	13075971	13085576
ENSG00000008441	19	13106213	13209612
ENSG00000104903	19	13209840	13214004
ENSG00000104907	19	13215711	13228383
ENSG00000160877	19	13227280	13251963
ENSG00000104915	19	13254870	13261199
ENSG00000160888	19	13261215	13267797
ENSG00000141837	19	13317254	13735305
ENSG00000104957	19	13842558	13874114
ENSG00000037757	19	13875310	13885098
ENSG00000104979	19	13885251	13889589
ENSG00000132003	19	13906207	13943070
ENSG00000187556	19	13972875	13991573
ENSG00000132016	19	13993154	14017387
ENSG00000132024	19	14016971	14041699
ENSG00000132000	19	14041994	14064206
ENSG00000132017	19	14063269	14072263
ENSG00000132005	19	14072339	14117898
ENSG00000171136	19	14138958	14142366
ENSG00000104998	19	14142454	14164037
ENSG00000187867	19	14164173	14172963
ENSG00000141854	19	14182918	14185876
ENSG00000188032	19	14192434	14196689
ENSG00000141858	19	14197572	14201850
ENSG00000072062	19	14202498	14228898
ENSG00000289762	19	14223134	14223290
ENSG00000105011	19	14230322	14247436
ENSG00000072071	19	14258553	14317666
ENSG00000123146	19	14491311	14519543
ENSG00000123136	19	14519608	14530199
ENSG00000123143	19	14543863	14582686
ENSG00000160951	19	14583276	14588086
ENSG00000123159	19	14588569	14606978
ENSG00000132002	19	14624599	14671205
ENSG00000099797	19	14627895	14676802
ENSG00000099795	19	14676888	14682893
ENSG00000187912	19	14693894	14722849
ENSG00000131355	19	14709890	14800841
ENSG00000160961	19	14800611	14844560
ENSG00000127507	19	14841962	14889374
ENSG00000127530	19	14900070	14946190
ENSG00000188269	19	14937051	14946099
ENSG00000127515	19	14951276	14959736
ENSG00000185385	19	14989013	14996946
ENSG00000127529	19	15052299	15053262
ENSG00000105143	19	15060834	15133804
ENSG00000160994	19	15121536	15134090
ENSG00000105141	19	15160289	15169106
ENSG00000094661	19	15193020	15203783
ENSG00000105137	19	15218105	15225801
ENSG00000105135	19	15225783	15236614
ENSG00000074181	19	15269847	15311817
ENSG00000105131	19	15337708	15344404
ENSG00000141867	19	15346328	15443360
ENSG00000105127	19	15464194	15490675
ENSG00000011243	19	15490855	15529954
ENSG00000011451	19	15530787	15560851
ENSG00000105122	19	15562433	15575396
ENSG00000161031	19	15579434	15609769
ENSG00000171954	19	15619286	15663130
ENSG00000186526	19	15726027	15741451
ENSG00000186529	19	15751603	15773637
ENSG00000186204	19	15783826	15809631
ENSG00000171942	19	15838832	15839864
ENSG00000171936	19	15848793	15853155
ENSG00000172519	19	15898469	15911169
ENSG00000186723	19	15915357	15926476
ENSG00000186115	19	15988701	16011340
ENSG00000171903	19	16023175	16045745
ENSG00000176231	19	16055107	16061162
ENSG00000167460	19	16177829	16213823
ENSG00000167461	19	16222461	16245047
ENSG00000196684	19	16244836	16269388
ENSG00000141977	19	16272177	16284338
ENSG00000105058	19	16296187	16302861
ENSG00000072958	19	16308663	16356719
ENSG00000127528	19	16435422	16439498
ENSG00000127527	19	16465400	16582898
ENSG00000269058	19	16589870	16606980
ENSG00000141979	19	16589876	16739017
ENSG00000105072	19	16607194	16632182
ENSG00000085872	19	16628691	16653360
ENSG00000127526	19	16660640	16683245
ENSG00000105085	19	16685716	16739875
ENSG00000268790	19	16688451	16770928
ENSG00000214046	19	16741553	16771255
ENSG00000072954	19	16771179	16800854
ENSG00000188039	19	16830656	16928776
ENSG00000127511	19	16940196	16991168
ENSG00000127533	19	16999653	17003419
ENSG00000160111	19	17003760	17137794
ENSG00000131351	19	17160537	17186437
ENSG00000099331	19	17186536	17325348
ENSG00000053501	19	17326144	17331056
ENSG00000099330	19	17337005	17340030
ENSG00000160113	19	17340014	17356764
ENSG00000269095	19	17346747	17366259
ENSG00000130307	19	17359978	17393597
ENSG00000105393	19	17378150	17392060
ENSG00000269307	19	17378225	17393777
ENSG00000160117	19	17392452	17398460
ENSG00000127220	19	17402938	17421047
ENSG00000130312	19	17403350	17417658
ENSG00000130311	19	17420325	17434126
ENSG00000074855	19	17434030	17445675
ENSG00000130299	19	17445727	17453546
ENSG00000130300	19	17462257	17488167
ENSG00000269720	19	17498003	17505012
ENSG00000130303	19	17513740	17518204
ENSG00000141971	19	17516529	17547175
ENSG00000188051	19	17546316	17559490
ENSG00000269035	19	17547418	17571615
ENSG00000171773	19	17566232	17571737
ENSG00000130304	19	17578473	17617001
ENSG00000130313	19	17622414	17632099
ENSG00000167483	19	17634108	17664650
ENSG00000130309	19	17666397	17693973
ENSG00000130477	19	17712134	17799193
ENSG00000130479	19	17830049	17845326
ENSG00000130475	19	17858508	17899383
ENSG00000179913	19	17905504	17924986
ENSG00000248099	19	17927319	17932385
ENSG00000105639	19	17935587	17958882
ENSG00000105640	19	17970675	17982094
ENSG00000105641	19	17982746	18005985
ENSG00000007080	19	18043395	18055725
ENSG00000105642	19	18058291	18110896
ENSG00000105643	19	18111933	18126505
ENSG00000096996	19	18169803	18209756
ENSG00000099308	19	18208557	18262504
ENSG00000105647	19	18263963	18281353
ENSG00000268173	19	18263966	18288929
ENSG00000216490	19	18283958	18288934
ENSG00000254858	19	18304005	18307760
ENSG00000105649	19	18307560	18314867
ENSG00000285188	19	18318769	18366231
ENSG00000105650	19	18318773	18359012
ENSG00000284797	19	18360758	18366212
ENSG00000130518	19	18367906	18385312
ENSG00000130522	19	18390502	18392434
ENSG00000130520	19	18417039	18433924
ENSG00000130517	19	18451370	18480762
ENSG00000130513	19	18485539	18499988
ENSG00000175489	19	18501159	18508434
ENSG00000130511	19	18529672	18545375
ENSG00000105655	19	18545196	18549121
ENSG00000105656	19	18553471	18632928
ENSG00000105701	19	18642559	18655076
ENSG00000105700	19	18668491	18680199
ENSG00000221983	19	18682530	18688362
ENSG00000006016	19	18683028	18718553
ENSG00000006015	19	18699493	18703154
ENSG00000105696	19	18718143	18731862
ENSG00000167487	19	18747826	18782533
ENSG00000105662	19	18794383	18893145
ENSG00000105664	19	18893581	18902123
ENSG00000005007	19	18942712	18979043
ENSG00000130283	19	18979352	19006969
ENSG00000223802	19	18979352	19007538
ENSG00000105669	19	19010318	19030218
ENSG00000268193	19	19017820	19045208
ENSG00000105671	19	19030474	19040000
ENSG00000051128	19	19040008	19052539
ENSG00000064607	19	19101694	19172458
ENSG00000105676	19	19144382	19171122
ENSG00000181035	19	19172504	19223841
ENSG00000064545	19	19229955	19249324
ENSG00000213999	19	19256370	19303400
ENSG00000064489	19	19256376	19302969
ENSG00000254901	19	19273955	19303402
ENSG00000064490	19	19302764	19313655
ENSG00000184162	19	19312216	19314540
ENSG00000130287	19	19322755	19363058
ENSG00000187664	19	19365538	19373638
ENSG00000213996	19	19374192	19384217
ENSG00000105705	19	19386825	19431322
ENSG00000129933	19	19431618	19469565
ENSG00000167491	19	19496445	19619743
ENSG00000178093	19	19623203	19626364
ENSG00000186010	19	19626535	19639865
ENSG00000258674	19	19627034	19646887
ENSG00000250067	19	19639658	19648395
ENSG00000160161	19	19649055	19657470
ENSG00000105717	19	19672514	19729557
ENSG00000064547	19	19734446	19739741
ENSG00000089639	19	19740280	19754480
ENSG00000105726	19	19756003	19774511
ENSG00000181896	19	19779588	19794320
ENSG00000105708	19	19818937	19843930
ENSG00000081665	19	19871845	19932595
ENSG00000256771	19	19976619	20008581
ENSG00000184635	19	20011695	20074275
ENSG00000197124	19	20105938	20150344
ENSG00000213988	19	20188740	20243544
ENSG00000256229	19	20277989	20312700
ENSG00000293570	19	20468970	20482771
ENSG00000237440	19	20711792	20748648
ENSG00000188171	19	20802743	20844411
ENSG00000160229	19	20959074	21041121
ENSG00000105750	19	21106026	21137307
ENSG00000118620	19	21203418	21243731
ENSG00000160352	19	21264963	21308075
ENSG00000196705	19	21324802	21378858
ENSG00000182141	19	21466833	21512247
ENSG00000172687	19	21541727	21571386
ENSG00000196268	19	21579880	21611400
ENSG00000269237	19	21587959	21674070
ENSG00000197013	19	21679482	21739074
ENSG00000197020	19	21905571	21950432
ENSG00000198521	19	21987750	22034929
ENSG00000160321	19	22115672	22193798
ENSG00000197134	19	22235230	22306206
ENSG00000196109	19	22361286	22398605
ENSG00000196350	19	22469241	22499980
ENSG00000197360	19	22573819	22715289
ENSG00000229676	19	22817118	22850475
ENSG00000213973	19	22934983	22966955
ENSG00000268696	19	23015091	23041471
ENSG00000269067	19	23155547	23185994
ENSG00000183850	19	23258010	23332593
ENSG00000196081	19	23402061	23433212
ENSG00000283201	19	23405555	23457025
ENSG00000167232	19	23487791	23578331
ENSG00000197372	19	23708431	23870038
ENSG00000196172	19	23921995	23941731
ENSG00000288920	19	23945744	24053966
ENSG00000213967	19	24097674	24127963
ENSG00000213096	19	24216205	24361812
ENSG00000169021	19	29693716	29704060
ENSG00000187135	19	30015644	30055462
ENSG00000105171	19	30097188	30108146
ENSG00000166289	19	30156303	30166406
ENSG00000131943	19	30182175	30206969
ENSG00000105173	19	30302376	30315222
ENSG00000105176	19	30414549	30508690
ENSG00000198597	19	30715704	31204495
ENSG00000121297	19	31640883	31840722
ENSG00000168813	19	32836498	32878575
ENSG00000178904	19	32896447	32976803
ENSG00000105185	19	33071966	33078361
ENSG00000105186	19	33087904	33167505
ENSG00000186326	19	33166752	33169208
ENSG00000213965	19	33182690	33205009
ENSG00000173809	19	33210639	33320488
ENSG00000021488	19	33321412	33360713
ENSG00000121289	19	33366829	33462923
ENSG00000131944	19	33463113	33469629
ENSG00000131941	19	33469496	33555796
ENSG00000076650	19	33571803	33621864
ENSG00000166359	19	33622996	33666707
ENSG00000130881	19	33668507	33700830
ENSG00000130876	19	33699560	33716761
ENSG00000245848	19	33790838	33793442
ENSG00000153879	19	33864589	33873594
ENSG00000124299	19	33877854	34012731
ENSG00000124302	19	34112846	34264416
ENSG00000153885	19	34286836	34306670
ENSG00000257103	19	34663316	34720420
ENSG00000166398	19	34745446	34846516
ENSG00000105220	19	34850383	34893320
ENSG00000266953	19	34887218	34900271
ENSG00000126249	19	34895289	34917076
ENSG00000126261	19	34919255	34962158
ENSG00000142279	19	34972585	35003211
ENSG00000205209	19	35081547	35168066
ENSG00000089335	19	35167987	35177972
ENSG00000197841	19	35225058	35241344
ENSG00000153896	19	35248976	35264160
ENSG00000168661	19	35417789	35436078
ENSG00000180884	19	35447069	35455199
ENSG00000089351	19	35485439	35518312
ENSG00000105711	19	35521346	35531361
ENSG00000105707	19	35531408	35557498
ENSG00000285526	19	35597412	35615203
ENSG00000089356	19	35606423	35616559
ENSG00000153902	19	35615409	35633357
ENSG00000266964	19	35624889	35634015
ENSG00000221946	19	35634050	35645208
ENSG00000089327	19	35645341	35662701
ENSG00000177558	19	35715701	35719644
ENSG00000105699	19	35739231	35758872
ENSG00000105698	19	35759386	35770726
ENSG00000105697	19	35771617	35776051
ENSG00000105695	19	35782548	35807837
ENSG00000012124	19	35810162	35838266
ENSG00000126266	19	35838803	35844768
ENSG00000185897	19	35849248	35851393
ENSG00000126251	19	35861968	35863866
ENSG00000126262	19	35934807	35942671
ENSG00000188508	19	35978224	35986462
ENSG00000161249	19	35988120	36004608
ENSG00000189001	19	36014267	36019255
ENSG00000105679	19	36024355	36036223
ENSG00000105677	19	36036500	36038431
ENSG00000105675	19	36040239	36054562
ENSG00000283758	19	36077061	36078200
ENSG00000249115	19	36103635	36116259
ENSG00000126254	19	36119889	36129831
ENSG00000105672	19	36132630	36135775
ENSG00000126267	19	36139130	36153794
ENSG00000105668	19	36157416	36169385
ENSG00000011590	19	36195458	36207952
ENSG00000272333	19	36208873	36229783
ENSG00000126246	19	36229697	36233362
ENSG00000267120	19	36230151	36236335
ENSG00000161265	19	36233363	36236363
ENSG00000205155	19	36235969	36238422
ENSG00000188223	19	36236577	36245422
ENSG00000267796	19	36239260	36245422
ENSG00000004776	19	36245465	36248982
ENSG00000167595	19	36249042	36262302
ENSG00000004777	19	36265432	36279726
ENSG00000250799	19	36290875	36304203
ENSG00000161270	19	36316272	36360191
ENSG00000126259	19	36342269	36358049
ENSG00000105290	19	36358799	36370707
ENSG00000167604	19	36378029	36393207
ENSG00000126264	19	36389917	36395281
ENSG00000011600	19	36395298	36399222
ENSG00000126243	19	36426258	36437528
ENSG00000205138	19	36486088	36487216
ENSG00000181392	19	36491445	36499735
ENSG00000239382	19	36500013	36505201
ENSG00000105270	19	36505560	36524247
ENSG00000161277	19	36524293	36545643
ENSG00000075702	19	36545549	36596016
ENSG00000105261	19	36602016	36604615
ENSG00000105258	19	36602717	36606117
ENSG00000105254	19	36605189	36616852
ENSG00000126247	19	36630853	36641260
ENSG00000161281	19	36641187	36643603
ENSG00000196357	19	36672442	36737161
ENSG00000167635	19	36705502	36730873
ENSG00000142065	19	36825353	36870112
ENSG00000181007	19	36874020	36909828
ENSG00000186017	19	36936019	36980806
ENSG00000254004	19	37001587	37019600
ENSG00000186020	19	37025674	37096458
ENSG00000161298	19	37095717	37125018
ENSG00000197808	19	37127518	37157757
ENSG00000189042	19	37178168	37253747
ENSG00000267041	19	37205283	37263761
ENSG00000197863	19	37307804	37341701
ENSG00000251247	19	37341238	37403933
ENSG00000291239	19	37341758	37489586
ENSG00000185869	19	37378952	37407195
ENSG00000198453	19	37407211	37495941
ENSG00000197050	19	37498719	37621272
ENSG00000267360	19	37583919	37701416
ENSG00000196967	19	37597634	37663645
ENSG00000245680	19	37672045	37709057
ENSG00000188283	19	37708826	37739644
ENSG00000181666	19	37803737	37860321
ENSG00000189164	19	37861961	37883970
ENSG00000196437	19	37901778	37960186
ENSG00000171827	19	37958408	37979556
ENSG00000188227	19	37997296	38039666
ENSG00000171817	19	38042306	38105082
ENSG00000180479	19	38045680	38086050
ENSG00000120784	19	38104544	38183240
ENSG00000267552	19	38180764	38210091
ENSG00000198182	19	38187248	38210683
ENSG00000189144	19	38226732	38307942
ENSG00000171804	19	38375461	38397319
ENSG00000105738	19	38397838	38699011
ENSG00000011332	19	38701644	38720371
ENSG00000167642	19	38734673	38783257
ENSG00000167641	19	38741494	38747257
ENSG00000267748	19	38779789	38795552
ENSG00000167645	19	38794196	38807915
ENSG00000167644	19	38794796	38795653
ENSG00000099337	19	38810451	38824195
ENSG00000099338	19	38826413	38861585
ENSG00000099341	19	38865201	38874492
ENSG00000179168	19	38874905	38878916
ENSG00000188766	19	38879059	38890230
ENSG00000130244	19	38893731	38899730
ENSG00000171777	19	38899689	38916947
ENSG00000196218	19	38924329	39085915
ENSG00000104814	19	39078279	39109803
ENSG00000178982	19	39109693	39127601
ENSG00000130402	19	39138153	39222231
ENSG00000182472	19	39220825	39260546
ENSG00000205076	19	39261606	39264184
ENSG00000178934	19	39279829	39282396
ENSG00000171747	19	39292309	39303712
ENSG00000104823	19	39306053	39322516
ENSG00000268083	19	39308109	39330820
ENSG00000104824	19	39327008	39342989
ENSG00000187994	19	39358468	39368917
ENSG00000068903	19	39369193	39391143
ENSG00000104825	19	39390338	39399535
ENSG00000262484	19	39399618	39402894
ENSG00000104835	19	39405903	39421421
ENSG00000269547	19	39406042	39440497
ENSG00000128626	19	39421555	39428048
ENSG00000269190	19	39432039	39467415
ENSG00000161243	19	39481352	39524415
ENSG00000183760	19	39574551	39602139
ENSG00000130669	19	39616366	39673458
ENSG00000188505	19	39687555	39692526
ENSG00000179751	19	39693463	39694925
ENSG00000197110	19	39734093	39735892
ENSG00000272395	19	39736952	39739498
ENSG00000183709	19	39759034	39760830
ENSG00000182393	19	39787045	39789315
ENSG00000128011	19	39797204	39811608
ENSG00000130755	19	39818989	39833014
ENSG00000179134	19	39833042	39876352
ENSG00000006712	19	39876267	39881796
ENSG00000063322	19	39881941	39891283
ENSG00000128016	19	39897050	39902277
ENSG00000090924	19	39903184	39919057
ENSG00000105193	19	39923774	39926773
ENSG00000196235	19	39926794	39967312
ENSG00000105197	19	39970433	39984427
ENSG00000090932	19	39989533	39999123
ENSG00000186838	19	40005777	40011317
ENSG00000176401	19	40016165	40023523
ENSG00000176396	19	40027076	40030875
ENSG00000105198	19	40093128	40098118
ENSG00000249861	19	40146546	40151289
ENSG00000006659	19	40194997	40218202
ENSG00000105205	19	40221893	40245879
ENSG00000213921	19	40267233	40276933
ENSG00000105204	19	40315988	40324843
ENSG00000291312	19	40321120	40322598
ENSG00000105202	19	40325081	40337082
ENSG00000275395	19	40353961	40440543
ENSG00000013275	19	40476895	40488723
ENSG00000187187	19	40490039	40526947
ENSG00000128000	19	40528984	40562214
ENSG00000197782	19	40575057	40597049
ENSG00000130758	19	40697317	40721488
ENSG00000174521	19	40721963	40724430
ENSG00000105219	19	40728113	40732606
ENSG00000105221	19	40736222	40791445
ENSG00000160392	19	40800332	40854456
ENSG00000105223	19	40854358	40895381
ENSG00000160396	19	40885176	40896090
ENSG00000105227	19	40899669	40920979
ENSG00000197019	19	40927494	40931910
ENSG00000167565	19	40946547	40951023
ENSG00000090013	19	40952663	40971735
ENSG00000160460	19	40972146	41082372
ENSG00000160410	19	41082748	41097307
ENSG00000090006	19	41098787	41135728
ENSG00000105245	19	41171808	41196879
ENSG00000123815	19	41197417	41231691
ENSG00000086544	19	41222867	41246767
ENSG00000188493	19	41246759	41257720
ENSG00000077312	19	41256488	41271300
ENSG00000261857	19	41274900	41283397
ENSG00000268975	19	41277551	41302850
ENSG00000167578	19	41284094	41304597
ENSG00000171570	19	41284145	41314325
ENSG00000269858	19	41304899	41363615
ENSG00000268797	19	41307200	41404189
ENSG00000255974	19	41347818	41356400
ENSG00000198077	19	41379428	41388659
ENSG00000197408	19	41497034	41524320
ENSG00000197838	19	41594354	41602102
ENSG00000197446	19	41620335	41634288
ENSG00000167600	19	41698814	41713447
ENSG00000167601	19	41724837	41767673
ENSG00000105323	19	41768399	41813694
ENSG00000105329	19	41794106	41859868
ENSG00000142039	19	41816052	41839921
ENSG00000255730	19	41856756	41930908
ENSG00000142046	19	41856788	41890649
ENSG00000123810	19	41860320	41870072
ENSG00000077348	19	41873076	41903348
ENSG00000248098	19	41903695	41930999
ENSG00000177191	19	41928781	41934637
ENSG00000105341	19	41937220	41946624
ENSG00000204978	19	41949055	41950672
ENSG00000007129	19	42055884	42093199
ENSG00000105352	19	42125385	42133452
ENSG00000007306	19	42170555	42210897
ENSG00000105388	19	42212502	42234441
ENSG00000267881	19	42212574	42260647
ENSG00000086548	19	42254883	42276118
ENSG00000170956	19	42300517	42315597
ENSG00000273111	19	42341145	42348783
ENSG00000142025	19	42348804	42356403
ENSG00000105372	19	42363916	42377001
ENSG00000105369	19	42381172	42385441
ENSG00000076928	19	42387128	42434304
ENSG00000268041	19	42411854	42432603
ENSG00000105404	19	42460831	42463544
ENSG00000285505	19	42461029	42498386
ENSG00000105409	19	42470732	42501651
ENSG00000105737	19	42502465	42574394
ENSG00000105732	19	42572627	42587250
ENSG00000028277	19	42590260	42700739
ENSG00000160570	19	42702743	42724294
ENSG00000288671	19	42719283	42736303
ENSG00000167625	19	42720924	42736041
ENSG00000105723	19	42730375	42746779
ENSG00000268643	19	42738733	42759286
ENSG00000105722	19	42751719	42759326
ENSG00000079432	19	42772658	42799955
ENSG00000079462	19	42801173	42807700
ENSG00000188368	19	42806248	42814975
ENSG00000167619	19	42817449	42829218
ENSG00000105429	19	42829668	42882923
ENSG00000105427	19	42891169	42894453
ENSG00000079435	19	42905647	42931542
ENSG00000189377	19	42932145	42947183
ENSG00000079385	19	43011380	43065388
ENSG00000124469	19	43084393	43099209
ENSG00000221826	19	43213234	43244678
ENSG00000124467	19	43256836	43269865
ENSG00000231924	19	43370612	43383976
ENSG00000170848	19	43406210	43423717
ENSG00000221878	19	43428280	43441361
ENSG00000243130	19	43504152	43530724
ENSG00000242221	19	43536835	43587199
ENSG00000204941	19	43664099	43690754
ENSG00000243137	19	43684780	43711453
ENSG00000183668	19	43715941	43773717
ENSG00000204936	19	43857836	43868551
ENSG00000131126	19	43905646	43922767
ENSG00000124466	19	43964937	43969762
ENSG00000176531	19	43977775	44009455
ENSG00000105755	19	44010863	44031413
ENSG00000176472	19	44029647	44045967
ENSG00000073050	19	44047456	44084627
ENSG00000268361	19	44058842	44097190
ENSG00000234465	19	44079951	44088118
ENSG00000167378	19	44088517	44100304
ENSG00000124444	19	44097955	44105343
ENSG00000226763	19	44100767	44118652
ENSG00000131116	19	44111373	44124068
ENSG00000105767	19	44126205	44144012
ENSG00000011422	19	44149822	44174701
ENSG00000124449	19	44220226	44224175
ENSG00000105771	19	44232133	44259759
ENSG00000104783	19	44270667	44285416
ENSG00000159871	19	44290024	44331360
ENSG00000167637	19	44331447	44356171
ENSG00000176222	19	44368471	44405985
ENSG00000124459	19	44414699	44439460
ENSG00000159905	19	44455354	44476893
ENSG00000204920	19	44472012	44502480
ENSG00000159882	19	44507084	44518078
ENSG00000159885	19	44529476	44537377
ENSG00000267022	19	44529504	44591473
ENSG00000178386	19	44555518	44573463
ENSG00000186026	19	44576289	44593768
ENSG00000267680	19	44598477	44615837
ENSG00000256294	19	44616332	44639628
ENSG00000263002	19	44645506	44664994
ENSG00000167380	19	44669220	44682536
ENSG00000131115	19	44711626	44742334
ENSG00000159917	19	44732880	44809201
ENSG00000159915	19	44764014	44781198
ENSG00000062370	19	44811815	44871379
ENSG00000267173	19	44833846	44905776
ENSG00000267508	19	44886458	44905792
ENSG00000278318	19	44921683	44952768
ENSG00000167384	19	44975172	45004601
ENSG00000273777	19	45005727	45033813
ENSG00000216588	19	45116871	45140089
ENSG00000073008	19	45147096	45169432
ENSG00000186567	19	45165543	45187644
ENSG00000213892	19	45202419	45213992
ENSG00000069399	19	45250960	45263303
ENSG00000142273	19	45281100	45305560
ENSG00000187244	19	45312295	45324680
ENSG00000130202	19	45349430	45393393
ENSG00000130204	19	45393824	45406954
ENSG00000130203	19	45407042	45412655
ENSG00000130208	19	45416388	45423313
ENSG00000234906	19	45439381	45452844
ENSG00000267467	19	45445489	45448755
ENSG00000224916	19	45445493	45452824
ENSG00000104853	19	45457840	45496602
ENSG00000104856	19	45504687	45541454
ENSG00000104859	19	45542298	45574216
ENSG00000170684	19	45574756	45579745
ENSG00000142252	19	45578831	45594778
ENSG00000007047	19	45582544	45808544
ENSG00000104866	19	45594652	45651337
ENSG00000179846	19	45653000	45664242
ENSG00000189114	19	45656067	45720193
ENSG00000007255	19	45666184	45681528
ENSG00000283632	19	45713856	45748689
ENSG00000104879	19	45809667	45826632
ENSG00000104892	19	45836690	45854797
ENSG00000104884	19	45853029	45874178
ENSG00000104881	19	45882890	45909627
ENSG00000117877	19	45909900	45913997
ENSG00000012061	19	45910589	45982315
ENSG00000125740	19	45971245	45978439
ENSG00000125744	19	45988548	46000315
ENSG00000213889	19	45992033	46006389
ENSG00000125753	19	46009835	46031099
ENSG00000125741	19	46031023	46105472
ENSG00000177464	19	46091821	46105816
ENSG00000125746	19	46110250	46148877
ENSG00000010310	19	46171463	46186982
ENSG00000125743	19	46181163	46195829
ENSG00000011478	19	46195659	46207249
ENSG00000177051	19	46213880	46234191
ENSG00000237452	19	46236695	46267801
ENSG00000177045	19	46268023	46272512
ENSG00000104936	19	46272965	46286054
ENSG00000268434	19	46282693	46289233
ENSG00000185800	19	46286200	46296209
ENSG00000104941	19	46298969	46318568
ENSG00000125755	19	46318666	46370122
ENSG00000170608	19	46367245	46377058
ENSG00000170604	19	46386864	46389401
ENSG00000176182	19	46393276	46406068
ENSG00000188425	19	46416470	46418038
ENSG00000104967	19	46436990	46477304
ENSG00000104983	19	46498700	46524578
ENSG00000008438	19	46522409	46526627
ENSG00000204869	19	46542438	46580378
ENSG00000204866	19	46582382	46664557
ENSG00000188624	19	46623322	46627957
ENSG00000188293	19	46732987	46734502
ENSG00000124440	19	46800281	46846692
ENSG00000011485	19	46850249	46896259
ENSG00000169515	19	46913584	46916823
ENSG00000277531	19	46927952	46932195
ENSG00000182013	19	46969746	46974831
ENSG00000204851	19	46990161	46999138
ENSG00000160014	19	47104329	47114054
ENSG00000160013	19	47121805	47128793
ENSG00000167414	19	47137202	47142882
ENSG00000197380	19	47150127	47164458
ENSG00000105287	19	47176916	47220403
ENSG00000090372	19	47222762	47250253
ENSG00000181027	19	47249301	47280247
ENSG00000105281	19	47261649	47291876
ENSG00000042753	19	47341391	47354221
ENSG00000160007	19	47363688	47508336
ENSG00000130751	19	47522729	47550502
ENSG00000130748	19	47549165	47551910
ENSG00000130749	19	47567442	47617035
ENSG00000142230	19	47616529	47713895
ENSG00000105327	19	47724077	47736278
ENSG00000105321	19	47759235	47777314
ENSG00000257704	19	47777628	47781014
ENSG00000197405	19	47793278	47825334
ENSG00000134830	19	47835403	47850588
ENSG00000134815	19	47852535	47886514
ENSG00000105419	19	47906372	47922789
ENSG00000118160	19	47931272	47975443
ENSG00000118162	19	47978396	47987524
ENSG00000105402	19	47987785	48018381
ENSG00000118156	19	48023893	48076407
ENSG00000063169	19	48111451	48206536
ENSG00000024422	19	48216643	48248348
ENSG00000105373	19	48248736	48261467
ENSG00000178980	19	48281763	48287945
ENSG00000178928	19	48304487	48322310
ENSG00000105392	19	48323034	48346589
ENSG00000259009	19	48362490	48364980
ENSG00000105398	19	48373582	48389738
ENSG00000188334	19	48471301	48495429
ENSG00000169393	19	48497887	48528413
ENSG00000105507	19	48532638	48547338
ENSG00000105499	19	48551098	48614649
ENSG00000105486	19	48618699	48673913
ENSG00000185453	19	48673900	48700883
ENSG00000105483	19	48684025	48759235
ENSG00000178150	19	48773296	48792551
ENSG00000105479	19	48799610	48825230
ENSG00000142227	19	48824565	48833819
ENSG00000161558	19	48833173	48867504
ENSG00000105467	19	48867515	48879636
ENSG00000105438	19	48885813	48897096
ENSG00000105464	19	48896923	48948190
ENSG00000105447	19	48948767	48961641
ENSG00000182324	19	48957719	48970239
ENSG00000268465	19	48969092	48975690
ENSG00000105443	19	48972458	48985573
ENSG00000142235	19	48988526	49017194
ENSG00000088002	19	49055395	49102684
ENSG00000105523	19	49103216	49118352
ENSG00000177202	19	49109997	49111221
ENSG00000063177	19	49118539	49122472
ENSG00000063176	19	49122546	49133976
ENSG00000105516	19	49133285	49140954
ENSG00000063180	19	49141201	49149645
ENSG00000142233	19	49164662	49176340
ENSG00000176920	19	49199208	49209210
ENSG00000176909	19	49214992	49223225
ENSG00000105538	19	49223826	49243875
ENSG00000182264	19	49244107	49250168
ENSG00000174951	19	49251266	49258649
ENSG00000105550	19	49258779	49261592
ENSG00000105552	19	49298316	49314325
ENSG00000087076	19	49316269	49340323
ENSG00000105559	19	49340346	49372114
ENSG00000087074	19	49375467	49382320
ENSG00000104804	19	49384220	49402003
ENSG00000104805	19	49403305	49427217
ENSG00000104808	19	49436772	49448228
ENSG00000087088	19	49458070	49465065
ENSG00000087086	19	49468530	49471155
ENSG00000104812	19	49471380	49496608
ENSG00000183207	19	49496731	49521127
ENSG00000104826	19	49519235	49520350
ENSG00000268655	19	49521223	49523808
ENSG00000104827	19	49526124	49527619
ENSG00000267335	19	49526208	49540154
ENSG00000104818	19	49535145	49536497
ENSG00000267631	19	49538824	49540154
ENSG00000189052	19	49546850	49548571
ENSG00000213030	19	49550893	49552384
ENSG00000196337	19	49557529	49562119
ENSG00000283663	19	49559048	49568335
ENSG00000225950	19	49564321	49568335
ENSG00000104848	19	49570652	49575961
ENSG00000104852	19	49588419	49611877
ENSG00000104863	19	49617579	49621722
ENSG00000221916	19	49621657	49622402
ENSG00000177380	19	49622656	49654286
ENSG00000130528	19	49654269	49658700
ENSG00000130529	19	49660992	49715100
ENSG00000063127	19	49792893	49828474
ENSG00000104894	19	49838426	49846594
ENSG00000074219	19	49843644	49865988
ENSG00000104901	19	49865038	49878379
ENSG00000161609	19	49891474	49921249
ENSG00000142538	19	49925674	49926919
ENSG00000261949	19	49927004	49932246
ENSG00000104888	19	49932654	49946456
ENSG00000104872	19	49949546	49956796
ENSG00000161618	19	49956401	49974311
ENSG00000269469	19	49966007	49989490
ENSG00000090554	19	49977405	49989492
ENSG00000142541	19	49990765	49996316
ENSG00000142534	19	49999488	50003162
ENSG00000104870	19	50010061	50030176
ENSG00000142552	19	50029789	50082962
ENSG00000142546	19	50058462	50096186
ENSG00000126460	19	50083901	50094263
ENSG00000126464	19	50094363	50129698
ENSG00000126458	19	50137810	50143470
ENSG00000126461	19	50143743	50161908
ENSG00000126456	19	50162824	50169123
ENSG00000126453	19	50167877	50177176
ENSG00000126457	19	50179041	50192288
ENSG00000224420	19	50192208	50193834
ENSG00000169169	19	50194153	50216992
ENSG00000126467	19	50243008	50266588
ENSG00000196961	19	50270167	50310373
ENSG00000010361	19	50310121	50320635
ENSG00000104973	19	50321524	50343643
ENSG00000104960	19	50353990	50364003
ENSG00000039650	19	50363137	50381610
ENSG00000204673	19	50372278	50382729
ENSG00000104946	19	50380756	50392010
ENSG00000104951	19	50392909	50433185
ENSG00000213024	19	50410080	50433185
ENSG00000269179	19	50412756	50461650
ENSG00000169136	19	50427165	50437194
ENSG00000161640	19	50452165	50464431
ENSG00000161643	19	50472855	50479078
ENSG00000105053	19	50477792	50529205
ENSG00000142528	19	50528969	50556673
ENSG00000161652	19	50655792	50666540
ENSG00000105357	19	50691436	50813804
ENSG00000131398	19	50815192	50836774
ENSG00000131408	19	50832894	50886663
ENSG00000131400	19	50861727	50872601
ENSG00000062822	19	50887459	50921277
ENSG00000142539	19	50919054	50931668
ENSG00000269404	19	50922186	50934573
ENSG00000086967	19	50936027	50969587
ENSG00000142530	19	50970040	50980125
ENSG00000161671	19	50979655	51014048
ENSG00000161677	19	51009250	51014635
ENSG00000204653	19	51014823	51017955
ENSG00000131409	19	51020147	51071694
ENSG00000213023	19	51124562	51143299
ENSG00000235034	19	51152047	51162569
ENSG00000161681	19	51162510	51223061
ENSG00000105472	19	51226538	51228978
ENSG00000142511	19	51273719	51274991
ENSG00000261341	19	51279396	51296401
ENSG00000142513	19	51293670	51298478
ENSG00000167748	19	51322400	51327045
ENSG00000174562	19	51328543	51340471
ENSG00000142515	19	51358169	51364025
ENSG00000167751	19	51364822	51383825
ENSG00000167749	19	51409605	51414653
ENSG00000167754	19	51446503	51456572
ENSG00000167755	19	51461885	51472931
ENSG00000169035	19	51479722	51487357
ENSG00000129455	19	51499261	51505969
ENSG00000269741	19	51499272	51512839
ENSG00000213022	19	51505762	51512892
ENSG00000129451	19	51515993	51524306
ENSG00000167757	19	51525470	51531318
ENSG00000186474	19	51532346	51538488
ENSG00000167759	19	51558880	51569060
ENSG00000129437	19	51580572	51589789
ENSG00000142544	19	51598598	51611685
ENSG00000129450	19	51628126	51644312
ENSG00000168995	19	51645543	51656961
ENSG00000105383	19	51720287	51747117
ENSG00000179213	19	51749601	51772586
ENSG00000142549	19	51814891	51834147
ENSG00000186806	19	51834788	51845566
ENSG00000105379	19	51848413	51869705
ENSG00000269403	19	51853625	51871355
ENSG00000160318	19	51870350	51872259
ENSG00000105374	19	51874858	51878884
ENSG00000105370	19	51883161	51891520
ENSG00000262874	19	51891541	51893866
ENSG00000142512	19	51913272	51921114
ENSG00000105366	19	51954099	51961730
ENSG00000213822	19	51981791	51994557
ENSG00000254521	19	51994479	52005056
ENSG00000105492	19	52020154	52035112
ENSG00000105497	19	52074501	52095765
ENSG00000268500	19	52114199	52133656
ENSG00000254415	19	52142729	52150080
ENSG00000182310	19	52191597	52215642
ENSG00000105509	19	52216357	52227247
ENSG00000171051	19	52245976	52307370
ENSG00000171049	19	52255277	52274562
ENSG00000187474	19	52298382	52331016
ENSG00000161551	19	52308067	52394205
ENSG00000198093	19	52391790	52408312
ENSG00000176024	19	52430398	52452014
ENSG00000256683	19	52467230	52490115
ENSG00000197619	19	52494583	52511492
ENSG00000142556	19	52516016	52533495
ENSG00000256087	19	52534629	52599028
ENSG00000197608	19	52561741	52599028
ENSG00000204611	19	52615304	52643220
ENSG00000196267	19	52657115	52674933
ENSG00000105568	19	52674187	52732773
ENSG00000196214	19	52772810	52799301
ENSG00000198464	19	52800397	52829181
ENSG00000167554	19	52839489	52871090
ENSG00000221923	19	52873165	52896993
ENSG00000167555	19	52901093	52921667
ENSG00000198633	19	52932394	52955570
ENSG00000258405	19	52956802	53020137
ENSG00000198482	19	53030874	53067719
ENSG00000167562	19	53059073	53103183
ENSG00000269825	19	53096006	53193861
ENSG00000167766	19	53115607	53141643
ENSG00000213020	19	53205093	53238357
ENSG00000189190	19	53253193	53290091
ENSG00000198538	19	53300145	53360904
ENSG00000204604	19	53339012	53360904
ENSG00000182986	19	53364102	53400975
ENSG00000213793	19	53407666	53426751
ENSG00000221874	19	53431726	53466078
ENSG00000180257	19	53450671	53466166
ENSG00000269526	19	53517172	53519378
ENSG00000268964	19	53547982	53554935
ENSG00000170949	19	53568135	53606719
ENSG00000170954	19	53611130	53636332
ENSG00000197937	19	53627323	53662330
ENSG00000197497	19	53662464	53696644
ENSG00000197928	19	53738193	53758192
ENSG00000196131	19	53761543	53765092
ENSG00000228567	19	53769927	53770978
ENSG00000189348	19	53780713	53788202
ENSG00000213799	19	53836984	53860278
ENSG00000203326	19	53868922	53897235
ENSG00000196417	19	53893044	53933668
ENSG00000160336	19	53935199	53966065
ENSG00000198346	19	53970955	53999511
ENSG00000130844	19	54022779	54083527
ENSG00000204595	19	54104029	54140270
ENSG00000142405	19	54295391	54327659
ENSG00000179820	19	54368015	54381381
ENSG00000126583	19	54382442	54410908
ENSG00000105605	19	54412516	54447206
ENSG00000142408	19	54466189	54493471
ENSG00000130433	19	54494857	54515926
ENSG00000189068	19	54544077	54567215
ENSG00000248385	19	54573147	54584636
ENSG00000170909	19	54597931	54606002
ENSG00000170906	19	54606034	54614907
ENSG00000105619	19	54610320	54619048
ENSG00000105618	19	54618788	54635152
ENSG00000088038	19	54641424	54659448
ENSG00000105617	19	54658897	54663500
ENSG00000167608	19	54663831	54676946
ENSG00000125505	19	54677104	54693735
ENSG00000170892	19	54692316	54698398
ENSG00000170889	19	54704332	54752864
ENSG00000204577	19	54720145	54746604
ENSG00000244482	19	54720735	54746651
ENSG00000105609	19	54753277	54761204
ENSG00000131042	19	54777664	54785041
ENSG00000187116	19	54818318	54824449
ENSG00000239961	19	54844454	54850435
ENSG00000167613	19	54862989	54882167
ENSG00000167614	19	54926391	54948086
ENSG00000167615	19	54960333	54973204
ENSG00000275183	19	54972910	54974963
ENSG00000167617	19	54976208	54984465
ENSG00000167618	19	55009098	55021906
ENSG00000239998	19	55084385	55101754
ENSG00000104974	19	55105045	55114726
ENSG00000104972	19	55127761	55149475
ENSG00000186818	19	55155338	55181984
ENSG00000242019	19	55235945	55248101
ENSG00000243772	19	55249968	55264515
ENSG00000125498	19	55281243	55295786
ENSG00000189013	19	55315063	55325974
ENSG00000167633	19	55327893	55342235
ENSG00000221957	19	55344129	55360026
ENSG00000240403	19	55361886	55378666
ENSG00000186431	19	55385681	55402788
ENSG00000189430	19	55417468	55452569
ENSG00000167634	19	55434820	55477682
ENSG00000022556	19	55464496	55512512
ENSG00000088053	19	55523421	55549634
ENSG00000160439	19	55550474	55582661
ENSG00000131037	19	55583386	55601494
ENSG00000125503	19	55602279	55629049
ENSG00000105048	19	55643028	55660721
ENSG00000129991	19	55663129	55669144
ENSG00000267110	19	55666123	55672041
ENSG00000167646	19	55670027	55678092
ENSG00000129990	19	55682562	55691698
ENSG00000080031	19	55692596	55720882
ENSG00000180089	19	55737890	55740154
ENSG00000269808	19	55738585	55741649
ENSG00000105063	19	55741142	55770440
ENSG00000133265	19	55773585	55792300
ENSG00000160469	19	55793438	55823962
ENSG00000180061	19	55820806	55845418
ENSG00000133247	19	55850733	55859492
ENSG00000267531	19	55851252	55856563
ENSG00000160471	19	55860672	55866124
ENSG00000267706	19	55863667	55870886
ENSG00000180043	19	55866274	55874630
ENSG00000095752	19	55875748	55881833
ENSG00000160472	19	55888182	55889616
ENSG00000233493	19	55890610	55895675
ENSG00000108107	19	55895222	55914712
ENSG00000108106	19	55896677	55919534
ENSG00000187902	19	55940105	55964269
ENSG00000063241	19	55964340	55973712
ENSG00000283567	19	55974366	55976121
ENSG00000197483	19	55987962	55995856
ENSG00000090971	19	55996314	55998947
ENSG00000179954	19	55999769	56030468
ENSG00000187550	19	56039972	56048512
ENSG00000231274	19	56050383	56061652
ENSG00000218891	19	56088138	56092289
ENSG00000179943	19	56102735	56117562
ENSG00000171443	19	56111078	56114960
ENSG00000261221	19	56116866	56128637
ENSG00000179922	19	56132105	56135938
ENSG00000171425	19	56136028	56158662
ENSG00000213015	19	56146367	56154838
ENSG00000173581	19	56152331	56164529
ENSG00000063244	19	56165479	56186085
ENSG00000063245	19	56186473	56221226
ENSG00000185792	19	56219802	56249770
ENSG00000223638	19	56270407	56274792
ENSG00000229292	19	56280482	56284788
ENSG00000179873	19	56296761	56348168
ENSG00000160505	19	56347904	56393223
ENSG00000173572	19	56403063	56443704
ENSG00000179709	19	56459196	56492526
ENSG00000171487	19	56498139	56573178
ENSG00000142409	19	56598730	56632905
ENSG00000167685	19	56643966	56672268
ENSG00000204533	19	56662312	56663252
ENSG00000197487	19	56687368	56697146
ENSG00000197213	19	56701053	56709186
ENSG00000204532	19	56713640	56720832
ENSG00000131848	19	56731037	56879754
ENSG00000267710	19	56784102	56821825
ENSG00000018869	19	56887207	56904977
ENSG00000198440	19	56909333	56947406
ENSG00000198046	19	56949998	56989470
ENSG00000196263	19	57019097	57041647
ENSG00000196867	19	57050242	57068968
ENSG00000197016	19	57078385	57100281
ENSG00000197951	19	57106623	57138203
ENSG00000293626	19	57106668	57168617
ENSG00000268182	19	57154507	57168622
ENSG00000127903	19	57173346	57183153
ENSG00000269699	19	57265701	57352125
ENSG00000198300	19	57321443	57352099
ENSG00000131864	19	57630504	57643296
ENSG00000141946	19	57645462	57656572
ENSG00000258873	19	57665387	57678855
ENSG00000083844	19	57702831	57734216
ENSG00000105146	19	57742368	57746922
ENSG00000204524	19	57751979	57785519
ENSG00000197714	19	57791292	57807727
ENSG00000178229	19	57831828	57846419
ENSG00000131845	19	57862621	57871392
ENSG00000152433	19	57874843	57890935
ENSG00000256060	19	57874844	57876879
ENSG00000268133	19	57874932	57909954
ENSG00000188785	19	57901207	57915616
ENSG00000269533	19	57901250	57931364
ENSG00000268533	19	57905549	57949827
ENSG00000186272	19	57922089	57933526
ENSG00000186230	19	57946629	57960679
ENSG00000197128	19	57948252	57988941
ENSG00000268163	19	57949336	57988906
ENSG00000178201	19	57966156	57968510
ENSG00000105136	19	57999077	58007468
ENSG00000268107	19	57999084	58028929
ENSG00000152439	19	58011243	58030997
ENSG00000121406	19	58038682	58068912
ENSG00000251369	19	58046623	58071240
ENSG00000083817	19	58082382	58090291
ENSG00000171649	19	58089822	58106410
ENSG00000183647	19	58111240	58124092
ENSG00000213762	19	58125599	58136094
ENSG00000121417	19	58141761	58155414
ENSG00000180532	19	58180301	58190522
ENSG00000204519	19	58193335	58228767
ENSG00000269026	19	58193411	58264945
ENSG00000179909	19	58207641	58220585
ENSG00000083814	19	58231117	58239018
ENSG00000152443	19	58258166	58269518
ENSG00000178935	19	58279817	58326342
ENSG00000083828	19	58281002	58331309
ENSG00000269343	19	58331072	58357608
ENSG00000268750	19	58331085	58370311
ENSG00000204514	19	58360097	58400447
ENSG00000198466	19	58361184	58376487
ENSG00000269476	19	58388131	58427961
ENSG00000173480	19	58411658	58427986
ENSG00000196724	19	58431892	58446783
ENSG00000152454	19	58451104	58459085
ENSG00000177025	19	58469803	58485904
ENSG00000166704	19	58488419	58514719
ENSG00000152467	19	58545368	58566001
ENSG00000176293	19	58570604	58597679
ENSG00000121413	19	58594683	58629796
ENSG00000181894	19	58637613	58666479
ENSG00000171606	19	58694394	58727332
ENSG00000198131	19	58739958	58789743
ENSG00000283515	19	58740278	58826551
ENSG00000278129	19	58790313	58814159
ENSG00000142396	19	58816711	58828180
ENSG00000182318	19	58838358	58853714
ENSG00000121410	19	58856542	58864870
ENSG00000174586	19	58865721	58874216
ENSG00000152475	19	58878979	58892423
ENSG00000083845	19	58891935	58906179
ENSG00000269855	19	58907021	58908448
ENSG00000171574	19	58912869	58943105
ENSG00000131849	19	58944179	58951541
ENSG00000249471	19	58961734	58971237
ENSG00000083812	19	58978417	58986805
ENSG00000083838	19	58985382	58995361
ENSG00000083807	19	58990877	59023782
ENSG00000119574	19	59024895	59050280
ENSG00000130726	19	59055105	59062142
ENSG00000130724	19	59062817	59066498
ENSG00000130725	19	59067074	59070355
ENSG00000099326	19	59073280	59084972
ENSG00000178591	20	67889	77737
ENSG00000125788	20	123229	126394
ENSG00000088782	20	138093	139806
ENSG00000185982	20	168492	170354
ENSG00000125903	20	207897	210529
ENSG00000186458	20	238356	241739
ENSG00000196476	20	251502	271421
ENSG00000247315	20	278209	280967
ENSG00000177732	20	306194	310870
ENSG00000125841	20	327337	340352
ENSG00000101255	20	343477	379610
ENSG00000125826	20	388035	412785
ENSG00000125875	20	404238	443212
ENSG00000101266	20	453140	524481
ENSG00000125878	20	584443	590962
ENSG00000271303	20	627256	634050
ENSG00000270299	20	627268	656446
ENSG00000215397	20	642238	656448
ENSG00000101276	20	739337	756660
ENSG00000125898	20	814348	838108
ENSG00000101280	20	850541	896980
ENSG00000101282	20	939093	983155
ENSG00000125818	20	1093881	1172999
ENSG00000125895	20	1159631	1167488
ENSG00000215595	20	1184096	1189722
ENSG00000244588	20	1206669	1277067
ENSG00000101298	20	1246907	1289974
ENSG00000125775	20	1290551	1309857
ENSG00000274322	20	1298213	1373742
ENSG00000088832	20	1336459	1373810
ENSG00000088833	20	1422805	1454489
ENSG00000196209	20	1451384	1472235
ENSG00000125900	20	1514895	1538353
ENSG00000260861	20	1520788	1600657
ENSG00000101307	20	1542029	1600709
ENSG00000089012	20	1609796	1638427
ENSG00000198053	20	1873370	1921240
ENSG00000101327	20	1959401	1975340
ENSG00000125834	20	2082411	2157686
ENSG00000286022	20	2187972	2321707
ENSG00000125780	20	2276638	2321825
ENSG00000166948	20	2361545	2413401
ENSG00000125835	20	2442278	2451532
ENSG00000256566	20	2447856	2489555
ENSG00000088876	20	2452111	2505676
ENSG00000149488	20	2517217	2624228
ENSG00000101361	20	2633104	2639044
ENSG00000101365	20	2639037	2644867
ENSG00000088881	20	2673368	2740876
ENSG00000088882	20	2774713	2781483
ENSG00000241690	20	2795612	2798714
ENSG00000258713	20	2795631	2796481
ENSG00000198326	20	2796946	2800932
ENSG00000132635	20	2815714	2821838
ENSG00000215305	20	2821333	2847679
ENSG00000132670	20	2851398	3019895
ENSG00000125787	20	3023458	3026395
ENSG00000125901	20	3026660	3028902
ENSG00000101405	20	3052120	3053165
ENSG00000101200	20	3063200	3065372
ENSG00000185019	20	3088217	3140844
ENSG00000215251	20	3127163	3140844
ENSG00000088899	20	3143261	3155152
ENSG00000198171	20	3169378	3185348
ENSG00000125877	20	3189512	3208094
ENSG00000088836	20	3208061	3220228
ENSG00000088854	20	3229939	3388591
ENSG00000088812	20	3451610	3631767
ENSG00000125861	20	3639893	3644132
ENSG00000149451	20	3648607	3662898
ENSG00000088827	20	3667615	3693296
ENSG00000132622	20	3710893	3734202
ENSG00000101220	20	3731865	3749387
ENSG00000101222	20	3758149	3762097
ENSG00000125817	20	3764496	3767389
ENSG00000101224	20	3767417	3787379
ENSG00000125843	20	3791902	3809558
ENSG00000088888	20	3823339	3856772
ENSG00000125779	20	3869422	3910536
ENSG00000101236	20	3907954	3996247
ENSG00000088826	20	4101625	4168397
ENSG00000171873	20	4200928	4229954
ENSG00000171867	20	4666374	4682238
ENSG00000171864	20	4702553	4709108
ENSG00000101265	20	4760663	4804518
ENSG00000089057	20	4832373	4990961
ENSG00000089063	20	5048876	5094100
ENSG00000132646	20	5095597	5108278
ENSG00000101290	20	5107523	5178535
ENSG00000101292	20	5279515	5297607
ENSG00000125772	20	5525048	5591706
ENSG00000171984	20	5730978	5846443
ENSG00000089199	20	5892033	5906588
ENSG00000089195	20	5917564	5931214
ENSG00000125885	20	5930411	5979625
ENSG00000286235	20	5931593	6020504
ENSG00000088766	20	5986626	6027463
ENSG00000125872	20	6017124	6040961
ENSG00000101311	20	6050932	6104293
ENSG00000125845	20	6748324	6763263
ENSG00000101323	20	7826144	7921188
ENSG00000125827	20	7957335	8000478
ENSG00000182621	20	8057896	8949009
ENSG00000101333	20	9048470	9485254
ENSG00000125869	20	9494912	9511190
ENSG00000101349	20	9518015	9819726
ENSG00000132623	20	9966772	10040064
ENSG00000132639	20	10153041	10288908
ENSG00000125863	20	10381655	10414886
ENSG00000285508	20	10392299	10414886
ENSG00000285723	20	10392299	10414886
ENSG00000149346	20	10415314	10619562
ENSG00000101384	20	10618330	10655046
ENSG00000132640	20	11871369	11907702
ENSG00000172296	20	12989571	13151721
ENSG00000101230	20	13201903	13281300
ENSG00000089123	20	13367861	13619758
ENSG00000089048	20	13694967	13766057
ENSG00000101247	20	13765622	13802228
ENSG00000101251	20	13829891	13977091
ENSG00000172264	20	13976013	16033844
ENSG00000125848	20	14303182	14318291
ENSG00000089177	20	16250372	16554115
ENSG00000125870	20	16710601	16723211
ENSG00000125879	20	16729001	16750709
ENSG00000125851	20	17206750	17465225
ENSG00000125864	20	17474548	17549867
ENSG00000125868	20	17549795	17590566
ENSG00000125844	20	17594321	17662942
ENSG00000125888	20	17674315	17716520
ENSG00000089006	20	17922239	17949667
ENSG00000125850	20	17937621	18039834
ENSG00000125871	20	17948734	17971781
ENSG00000149474	20	18117870	18169490
ENSG00000232838	20	18118474	18123936
ENSG00000125846	20	18268907	18297642
ENSG00000089091	20	18364003	18447978
ENSG00000132664	20	18447520	18465294
ENSG00000089050	20	18467182	18477906
ENSG00000101310	20	18488162	18542068
ENSG00000232388	20	18547989	18551641
ENSG00000284776	20	18548095	18724862
ENSG00000125821	20	18568559	18761312
ENSG00000132631	20	18794425	18795024
ENSG00000185052	20	19193137	19705430
ENSG00000132669	20	19738236	19984218
ENSG00000173418	20	19997952	20015033
ENSG00000101343	20	20008411	20036692
ENSG00000089101	20	20033153	20341349
ENSG00000173404	20	20348746	20351595
ENSG00000188559	20	20370172	20693318
ENSG00000088970	20	21106614	21254146
ENSG00000088930	20	21283917	21370891
ENSG00000125816	20	21375788	21378166
ENSG00000125820	20	21491653	21494710
ENSG00000125813	20	21686295	21699121
ENSG00000125798	20	22561634	22566138
ENSG00000132671	20	23015947	23019876
ENSG00000178726	20	23026268	23030311
ENSG00000125810	20	23045774	23067032
ENSG00000132661	20	23330783	23335410
ENSG00000125812	20	23342622	23353723
ENSG00000125814	20	23351902	23402159
ENSG00000125823	20	23406739	23425569
ENSG00000125831	20	23431038	23433849
ENSG00000125815	20	23471736	23476649
ENSG00000101435	20	23545366	23549156
ENSG00000173335	20	23583045	23586556
ENSG00000101439	20	23607341	23619195
ENSG00000101441	20	23666275	23669677
ENSG00000170373	20	23728195	23731907
ENSG00000170369	20	23804404	23807374
ENSG00000170367	20	23856569	23860725
ENSG00000149435	20	23965685	23969418
ENSG00000101463	20	24448659	24647254
ENSG00000077984	20	24929891	24942030
ENSG00000101474	20	24943558	24973422
ENSG00000154930	20	24983998	25039618
ENSG00000100987	20	25050575	25062779
ENSG00000197586	20	25176327	25208713
ENSG00000100994	20	25228664	25278652
ENSG00000100997	20	25275376	25371560
ENSG00000101003	20	25371642	25433338
ENSG00000101004	20	25432228	25566224
ENSG00000170191	20	25593569	25604658
ENSG00000130684	20	25653829	25677522
ENSG00000215547	20	29845465	29847437
ENSG00000215545	20	29891013	29896390
ENSG00000131068	20	29956402	29961728
ENSG00000180483	20	29964960	29978521
ENSG00000204548	20	29992646	30000643
ENSG00000180424	20	30028295	30038069
ENSG00000180383	20	30053272	30064565
ENSG00000088320	20	30062780	30072722
ENSG00000101294	20	30102171	30165728
ENSG00000101898	20	30135164	30160576
ENSG00000125968	20	30160811	30194535
ENSG00000131055	20	30225382	30232832
ENSG00000171552	20	30252253	30311794
ENSG00000088325	20	30327049	30389610
ENSG00000101306	20	30407088	30422494
ENSG00000179772	20	30432104	30433409
ENSG00000149599	20	30435438	30458504
ENSG00000131044	20	30458435	30532805
ENSG00000088356	20	30532138	30539884
ENSG00000260903	20	30555952	30591192
ENSG00000101331	20	30598193	30619990
ENSG00000101336	20	30639998	30689662
ENSG00000101337	20	30697371	30761810
ENSG00000293164	20	30774278	30778165
ENSG00000126003	20	30780305	30795564
ENSG00000101346	20	30795645	30826463
ENSG00000101350	20	30865428	30922816
ENSG00000171456	20	30946067	31027124
ENSG00000197183	20	31030860	31173156
ENSG00000198547	20	31219425	31261745
ENSG00000285382	20	31219983	31331375
ENSG00000149600	20	31290448	31331785
ENSG00000088305	20	31350189	31397167
ENSG00000101367	20	31407573	31444102
ENSG00000215529	20	31446727	31549653
ENSG00000167098	20	31571577	31592241
ENSG00000078898	20	31595500	31611517
ENSG00000167104	20	31616993	31632038
ENSG00000186190	20	31641707	31661655
ENSG00000186191	20	31667447	31699559
ENSG00000131050	20	31749572	31769220
ENSG00000131059	20	31805114	31815614
ENSG00000198183	20	31823791	31831119
ENSG00000125999	20	31861284	31898190
ENSG00000101391	20	31936392	31989369
ENSG00000101400	20	31995759	32031705
ENSG00000078699	20	32077864	32237844
ENSG00000125967	20	32244891	32262281
ENSG00000149609	20	32250131	32253427
ENSG00000288649	20	32254747	32256333
ENSG00000101412	20	32263281	32274234
ENSG00000101417	20	32290562	32308220
ENSG00000131061	20	32319461	32380077
ENSG00000101421	20	32399057	32442174
ENSG00000125970	20	32581436	32696116
ENSG00000125977	20	32676113	32700092
ENSG00000101440	20	32782373	32857154
ENSG00000101444	20	32868067	32899610
ENSG00000078747	20	32951039	33099580
ENSG00000289720	20	32951075	33128729
ENSG00000125971	20	33103403	33128764
ENSG00000101460	20	33134640	33148163
ENSG00000101464	20	33148344	33286596
ENSG00000198646	20	33276899	33413544
ENSG00000078804	20	33289464	33301248
ENSG00000131067	20	33432515	33460693
ENSG00000131069	20	33459947	33515767
ENSG00000100983	20	33516233	33543832
ENSG00000078814	20	33543611	33590245
ENSG00000100991	20	33583010	33680673
ENSG00000088298	20	33700923	33735209
ENSG00000101000	20	33741131	33804058
ENSG00000126005	20	33789546	33865936
ENSG00000125966	20	33814360	33864835
ENSG00000261582	20	33855686	33867848
ENSG00000242372	20	33866692	33872814
ENSG00000125998	20	33873532	33880230
ENSG00000101019	20	33889020	33999875
ENSG00000125965	20	34021143	34042578
ENSG00000126001	20	34042950	34107110
ENSG00000125975	20	34111012	34117483
ENSG00000125991	20	34129769	34145407
ENSG00000061656	20	34203514	34209537
ENSG00000214078	20	34213951	34252886
ENSG00000272897	20	34220260	34262468
ENSG00000244462	20	34236845	34252880
ENSG00000244005	20	34255972	34287300
ENSG00000125995	20	34287148	34291863
ENSG00000131051	20	34289267	34330236
ENSG00000025293	20	34359867	34538309
ENSG00000171222	20	34541537	34547396
ENSG00000149646	20	34542484	34618624
ENSG00000088367	20	34679424	34820723
ENSG00000131043	20	34824051	34858842
ENSG00000080845	20	34894222	35157042
ENSG00000101335	20	35169883	35180355
ENSG00000118707	20	35200295	35222355
ENSG00000259399	20	35202954	35240789
ENSG00000101084	20	35234119	35240962
ENSG00000101082	20	35240719	35274624
ENSG00000101079	20	35280167	35374562
ENSG00000149636	20	35380192	35402703
ENSG00000149639	20	35405848	35492200
ENSG00000101342	20	35501462	35527336
ENSG00000101347	20	35518617	35580298
ENSG00000080839	20	35624489	35724439
ENSG00000101353	20	35729627	35807993
ENSG00000118705	20	35806797	35870035
ENSG00000118702	20	35879483	35890224
ENSG00000101363	20	35917960	35945665
ENSG00000197122	20	35973074	36034455
ENSG00000166619	20	36120872	36156504
ENSG00000053438	20	36149601	36152094
ENSG00000132792	20	36322349	36500533
ENSG00000132821	20	36531387	36573758
ENSG00000101407	20	36611407	36661865
ENSG00000101413	20	36661914	36756184
ENSG00000198959	20	36755785	36796867
ENSG00000149633	20	36838903	36889443
ENSG00000101425	20	36888541	36965909
ENSG00000129988	20	36974477	37006775
ENSG00000170471	20	37101454	37207654
ENSG00000182035	20	37209821	37217108
ENSG00000124143	20	37230416	37279680
ENSG00000101438	20	37353035	37358017
ENSG00000101442	20	37376837	37403506
ENSG00000101445	20	37433556	37551670
ENSG00000101447	20	37554953	37581751
ENSG00000101452	20	37590913	37668368
ENSG00000204103	20	39314486	39317878
ENSG00000198900	20	39657453	39753129
ENSG00000124181	20	39765569	39825443
ENSG00000174306	20	39807086	39946425
ENSG00000132793	20	39969424	39989225
ENSG00000183798	20	39988600	39995497
ENSG00000124177	20	40030721	40247196
ENSG00000196090	20	40701390	41818612
ENSG00000124193	20	42086513	42133626
ENSG00000288000	20	42086692	42170523
ENSG00000185513	20	42118080	42179596
ENSG00000277611	20	42168809	42198140
ENSG00000101049	20	42187606	42216879
ENSG00000101052	20	42219533	42275941
ENSG00000101057	20	42295643	42345137
ENSG00000124196	20	42354802	42355644
ENSG00000124191	20	42543440	42698258
ENSG00000149596	20	42725644	42817674
ENSG00000132823	20	42824577	42848599
ENSG00000124194	20	42875737	42909589
ENSG00000197296	20	42917684	42939899
ENSG00000101074	20	42965681	42979880
ENSG00000101076	20	42984077	43061487
ENSG00000124120	20	43099165	43123247
ENSG00000132824	20	43123133	43150753
ENSG00000168734	20	43160387	43253462
ENSG00000196839	20	43213535	43280895
ENSG00000064205	20	43342909	43357374
ENSG00000124249	20	43374424	43381320
ENSG00000101098	20	43380447	43439199
ENSG00000166913	20	43514315	43537358
ENSG00000101104	20	43538638	43587803
ENSG00000025772	20	43570769	43589092
ENSG00000101109	20	43595113	43712857
ENSG00000124134	20	43719853	43729831
ENSG00000175121	20	43738091	43743860
ENSG00000168703	20	43752064	43753108
ENSG00000124102	20	43803540	43805187
ENSG00000124233	20	43835612	43839248
ENSG00000124157	20	43850012	43853105
ENSG00000124107	20	43880277	43883211
ENSG00000124159	20	43922083	43941111
ENSG00000124232	20	43935478	43946466
ENSG00000124145	20	43953926	43977075
ENSG00000204070	20	43988615	44005440
ENSG00000254806	20	43991838	44039252
ENSG00000124251	20	44000442	44036531
ENSG00000244274	20	44034254	44039512
ENSG00000124155	20	44044722	44085576
ENSG00000101443	20	44097804	44110175
ENSG00000101446	20	44141099	44144264
ENSG00000243543	20	44161728	44168137
ENSG00000249139	20	44162833	44176303
ENSG00000101448	20	44169263	44176427
ENSG00000158901	20	44179790	44207967
ENSG00000180205	20	44236576	44259925
ENSG00000180305	20	44258370	44259837
ENSG00000180083	20	44277200	44298911
ENSG00000182931	20	44313288	44333660
ENSG00000168634	20	44330675	44337458
ENSG00000149651	20	44350984	44354471
ENSG00000124116	20	44376581	44420573
ENSG00000101457	20	44420574	44440068
ENSG00000175063	20	44441198	44445606
ENSG00000101470	20	44451851	44462386
ENSG00000124104	20	44462270	44471917
ENSG00000101473	20	44470346	44486076
ENSG00000132801	20	44486228	44507772
ENSG00000168612	20	44509838	44513907
ENSG00000149634	20	44515128	44516267
ENSG00000124257	20	44516639	44519861
ENSG00000064601	20	44518781	44527590
ENSG00000100979	20	44526172	44540876
ENSG00000100982	20	44563310	44576664
ENSG00000198026	20	44577290	44600999
ENSG00000100985	20	44637506	44645202
ENSG00000124140	20	44650312	44688791
ENSG00000124160	20	44689621	44718614
ENSG00000101017	20	44746877	44759019
ENSG00000149654	20	44802374	44937650
ENSG00000080189	20	44974617	44993101
ENSG00000062598	20	44994682	45061626
ENSG00000184617	20	45088078	45124199
ENSG00000198185	20	45128267	45142237
ENSG00000149635	20	45169583	45179295
ENSG00000158296	20	45186460	45313108
ENSG00000172315	20	45312981	45318305
ENSG00000197496	20	45338214	45365953
ENSG00000064655	20	45523224	45817494
ENSG00000101040	20	45837857	45986552
ENSG00000124151	20	46130591	46285623
ENSG00000196562	20	46284939	46415588
ENSG00000124126	20	47240785	47444635
ENSG00000124198	20	47538242	47653232
ENSG00000124207	20	47662781	47713572
ENSG00000124214	20	47729859	47804956
ENSG00000124228	20	47835882	47860616
ENSG00000124201	20	47854481	47895012
ENSG00000158445	20	47909929	48101109
ENSG00000124212	20	48120409	48184872
ENSG00000158470	20	48249480	48330488
ENSG00000197818	20	48429212	48508781
ENSG00000158480	20	48519926	48532298
ENSG00000124226	20	48552871	48570431
ENSG00000124216	20	48599514	48605425
ENSG00000244687	20	48697657	48732498
ENSG00000124208	20	48697659	48770176
ENSG00000240849	20	48734789	48770293
ENSG00000172216	20	48807269	48809229
ENSG00000196396	20	49126856	49201780
ENSG00000042062	20	49201715	49308560
ENSG00000124171	20	49347900	49373375
ENSG00000124243	20	49411429	49493718
ENSG00000101126	20	49470583	49547976
ENSG00000000419	20	49549432	49575684
ENSG00000124217	20	49575353	49580468
ENSG00000026559	20	49620190	49639783
ENSG00000101096	20	50003492	50179613
ENSG00000054793	20	50213049	50385257
ENSG00000101115	20	50398868	50419119
ENSG00000020256	20	50663175	50820849
ENSG00000182463	20	51588895	52111871
ENSG00000171940	20	52183608	52226448
ENSG00000064787	20	52553314	52687216
ENSG00000019186	20	52769983	52790527
ENSG00000101132	20	52824354	52844593
ENSG00000101134	20	53091996	53267712
ENSG00000054803	20	54571496	54580587
ENSG00000124089	20	54823786	54824873
ENSG00000124098	20	54934012	54943721
ENSG00000087586	20	54944436	54967624
ENSG00000101138	20	54967422	54981420
ENSG00000087589	20	54987083	55035445
ENSG00000022277	20	55043639	55094507
ENSG00000124091	20	55066546	55100983
ENSG00000124103	20	55092241	55101210
ENSG00000213714	20	55108300	55111578
ENSG00000087510	20	55204360	55214341
ENSG00000101144	20	55743802	55841738
ENSG00000054796	20	55904809	55919052
ENSG00000101146	20	55926272	55955172
ENSG00000256222	20	55933494	55934880
ENSG00000132819	20	55966443	55984391
ENSG00000124097	20	56063013	56070424
ENSG00000124092	20	56071020	56100710
ENSG00000124253	20	56121274	56145725
ENSG00000124256	20	56178629	56195634
ENSG00000124225	20	56223446	56286594
ENSG00000124237	20	56725951	56736334
ENSG00000124227	20	56791180	56803711
ENSG00000124209	20	56884760	56942565
ENSG00000124164	20	56964168	57026159
ENSG00000198768	20	57032686	57090457
ENSG00000124222	20	57225316	57254584
ENSG00000254995	20	57226488	57290468
ENSG00000215440	20	57264179	57294296
ENSG00000087460	20	57414722	57486249
ENSG00000101158	20	57556256	57572241
ENSG00000101160	20	57560739	57583295
ENSG00000101162	20	57594432	57601711
ENSG00000124172	20	57600528	57607420
ENSG00000101166	20	57608145	57617954
ENSG00000124203	20	57698434	57834170
ENSG00000124205	20	57875266	57901049
ENSG00000087495	20	58152523	58422768
ENSG00000196074	20	58438611	58508741
ENSG00000196227	20	58508696	58527258
ENSG00000132825	20	58511716	58515362
ENSG00000124215	20	58533474	58609068
ENSG00000179242	20	59827262	60515675
ENSG00000130699	20	60528523	60640939
ENSG00000149657	20	60697471	60711786
ENSG00000101182	20	60711779	60718528
ENSG00000184402	20	60718660	60757572
ENSG00000101181	20	60758059	60778629
ENSG00000101180	20	60790014	60795361
ENSG00000130703	20	60806976	60871271
ENSG00000130706	20	60877100	60883925
ENSG00000130702	20	60883009	60942391
ENSG00000171858	20	60940652	60963738
ENSG00000149679	20	60963684	60982377
ENSG00000130701	20	60985197	61002606
ENSG00000130700	20	61038535	61051152
ENSG00000101187	20	61273790	61317139
ENSG00000101188	20	61339777	61394125
ENSG00000101189	20	61427802	61433083
ENSG00000060491	20	61435528	61445354
ENSG00000092758	20	61447594	61472518
ENSG00000101190	20	61472347	61493194
ENSG00000101191	20	61509088	61569346
ENSG00000101193	20	61568410	61579943
ENSG00000101194	20	61583995	61600942
ENSG00000125533	20	61637277	61638389
ENSG00000149658	20	61826779	61847503
ENSG00000101197	20	61866785	61871851
ENSG00000101198	20	61872134	61904048
ENSG00000101199	20	61904135	61921145
ENSG00000101203	20	61924536	61966205
ENSG00000101204	20	61974573	62009755
ENSG00000075043	20	62031559	62104044
ENSG00000101210	20	62108839	62131888
ENSG00000125534	20	62151606	62163463
ENSG00000101213	20	62157657	62169125
ENSG00000125508	20	62169840	62179107
ENSG00000125531	20	62179242	62189493
ENSG00000130589	20	62189437	62205594
ENSG00000101216	20	62218952	62259781
ENSG00000197457	20	62271056	62289037
ENSG00000258366	20	62289161	62327608
ENSG00000026036	20	62290651	62330039
ENSG00000243509	20	62327719	62330044
ENSG00000101246	20	62329973	62340016
ENSG00000197114	20	62338703	62367504
ENSG00000273154	20	62340214	62370458
ENSG00000203896	20	62367633	62370463
ENSG00000273047	20	62369621	62371753
ENSG00000125520	20	62371109	62375958
ENSG00000130584	20	62375019	62463810
ENSG00000183260	20	62492849	62494343
ENSG00000101150	20	62496550	62523621
ENSG00000101152	20	62525992	62571254
ENSG00000198276	20	62571162	62587855
ENSG00000196700	20	62588055	62601322
ENSG00000130590	20	62604961	62611363
ENSG00000101161	20	62611022	62665339
ENSG00000196421	20	62665695	62671317
ENSG00000203883	20	62678933	62681984
ENSG00000171703	20	62681187	62703707
ENSG00000171700	20	62704532	62711343
ENSG00000125510	20	62711318	62732004
ENSG00000171695	20	62714727	62716322
ENSG00000196132	20	62733573	62873608
ENSG00000125522	20	62735153	62738920
ENSG00000203880	20	62886272	62936175
ENSG00000274391	21	10906315	10990906
ENSG00000256715	21	14741929	14745388
ENSG00000166351	21	14982096	15018146
ENSG00000269011	21	15051619	15053461
ENSG00000188992	21	15481132	15583278
ENSG00000185272	21	15588431	15600695
ENSG00000155304	21	15741086	15755807
ENSG00000155307	21	15857547	16031144
ENSG00000180530	21	16333554	16438259
ENSG00000155313	21	17102215	17252389
ENSG00000154639	21	18885023	18995693
ENSG00000154640	21	18965541	18985334
ENSG00000154642	21	19161284	19192163
ENSG00000154645	21	19273578	19642550
ENSG00000154646	21	19641431	19858199
ENSG00000154654	21	22370725	22915668
ENSG00000154719	21	26944455	26979902
ENSG00000154721	21	27011568	27090097
ENSG00000154723	21	27065933	27108034
ENSG00000154727	21	27106879	27144773
ENSG00000142192	21	27252844	27543448
ENSG00000166265	21	27838526	27945635
ENSG00000154734	21	28208004	28217730
ENSG00000154736	21	28290239	28339962
ENSG00000156239	21	30244511	30257708
ENSG00000198862	21	30300206	30365279
ENSG00000156253	21	30376080	30391697
ENSG00000156256	21	30396948	30428169
ENSG00000156261	21	30426926	30446120
ENSG00000156265	21	30449379	30548212
ENSG00000156273	21	30566390	31003073
ENSG00000171189	21	30909252	31312353
ENSG00000183653	21	30968358	31003069
ENSG00000156282	21	31537881	31539125
ENSG00000156284	21	31586322	31588417
ENSG00000188694	21	31653625	31655270
ENSG00000232263	21	31661461	31661834
ENSG00000197683	21	31691440	31692635
ENSG00000206107	21	31709329	31710014
ENSG00000186980	21	31720715	31720926
ENSG00000182816	21	31743706	31744591
ENSG00000198390	21	31768347	31769142
ENSG00000240432	21	31797696	31798246
ENSG00000186971	21	31802536	31803346
ENSG00000186970	21	31812591	31813189
ENSG00000184351	21	31852023	31852688
ENSG00000186965	21	31859360	31859757
ENSG00000244025	21	31863778	31864333
ENSG00000186967	21	31869140	31869485
ENSG00000186977	21	31873973	31874461
ENSG00000186925	21	31913852	31914185
ENSG00000244362	21	31933192	31933635
ENSG00000206106	21	31962422	31962718
ENSG00000212938	21	31964757	31965376
ENSG00000186930	21	31970907	31971223
ENSG00000186924	21	31973404	31973703
ENSG00000184724	21	31985748	31986251
ENSG00000244624	21	31988742	31989020
ENSG00000206105	21	31992944	31993171
ENSG00000184032	21	32007523	32007940
ENSG00000206104	21	32015181	32015457
ENSG00000231068	21	32090841	32091097
ENSG00000187026	21	32119110	32119579
ENSG00000187005	21	32127331	32127748
ENSG00000183640	21	32185013	32185594
ENSG00000274749	21	32201355	32202080
ENSG00000182591	21	32252961	32253901
ENSG00000206102	21	32410476	32410797
ENSG00000156299	21	32490301	32932292
ENSG00000142168	21	33031928	33041246
ENSG00000156304	21	33039802	33104499
ENSG00000142149	21	33245116	33416948
ENSG00000159055	21	33640530	33651411
ENSG00000170262	21	33664122	33687097
ENSG00000142207	21	33683327	33765353
ENSG00000265590	21	33774818	33985177
ENSG00000166979	21	33783998	33889470
ENSG00000242220	21	33870275	33959685
ENSG00000159079	21	33964382	33985193
ENSG00000159082	21	34001064	34100708
ENSG00000159086	21	34106208	34144167
ENSG00000205929	21	34162982	34186055
ENSG00000205927	21	34397633	34401519
ENSG00000184221	21	34442445	34444721
ENSG00000159110	21	34577585	34637982
ENSG00000249624	21	34602195	34669467
ENSG00000243646	21	34638261	34683727
ENSG00000142166	21	34696690	34732172
ENSG00000159128	21	34775509	34851657
ENSG00000142188	21	34804495	34852313
ENSG00000177692	21	34857920	34864062
ENSG00000159131	21	34870822	34915832
ENSG00000159140	21	34914518	34949789
ENSG00000159147	21	34931846	34961323
ENSG00000268265	21	34947429	34947647
ENSG00000249209	21	34956991	35303913
ENSG00000205758	21	34961645	35016234
ENSG00000205726	21	35014704	35272167
ENSG00000241837	21	35273329	35288159
ENSG00000243927	21	35445187	35734553
ENSG00000198743	21	35445807	35478561
ENSG00000293606	21	35445807	35515339
ENSG00000159197	21	35553028	35743691
ENSG00000205670	21	35747404	35789261
ENSG00000222018	21	35772408	35773372
ENSG00000243627	21	35786790	35796251
ENSG00000180509	21	35818984	35884514
ENSG00000288711	21	35883418	35987214
ENSG00000159200	21	35885438	35987624
ENSG00000159212	21	36041263	36090527
ENSG00000159216	21	36160096	37376967
ENSG00000267812	21	37270351	37270729
ENSG00000268098	21	37402366	37417820
ENSG00000185917	21	37406830	37451689
ENSG00000159228	21	37442143	37445466
ENSG00000159231	21	37507338	37518869
ENSG00000142197	21	37529054	37666575
ENSG00000159256	21	37692476	37758448
ENSG00000159259	21	37757650	37791315
ENSG00000159261	21	37832912	37948869
ENSG00000267976	21	37858163	37860060
ENSG00000159263	21	38071402	38123438
ENSG00000159267	21	38120925	38362538
ENSG00000183145	21	38378448	38391964
ENSG00000185808	21	38408831	38446122
ENSG00000182670	21	38445504	38575415
ENSG00000157538	21	38594048	38640407
ENSG00000157540	21	38737873	38898662
ENSG00000267937	21	38888738	38888975
ENSG00000157542	21	38979673	39493441
ENSG00000157551	21	39527641	39679281
ENSG00000157554	21	39751947	40033889
ENSG00000157557	21	40177037	40196882
ENSG00000183527	21	40544344	40555445
ENSG00000185658	21	40556100	40693487
ENSG00000205581	21	40714203	40721581
ENSG00000182093	21	40749622	40800461
ENSG00000285815	21	40752256	40887435
ENSG00000157578	21	40777059	40817733
ENSG00000185437	21	40817779	40887448
ENSG00000183778	21	40928367	41045066
ENSG00000183067	21	41117108	41174215
ENSG00000183036	21	41239250	41301324
ENSG00000171587	21	41382924	42219086
ENSG00000182240	21	42539700	42654459
ENSG00000183844	21	42676137	42730020
ENSG00000183486	21	42733882	42781349
ENSG00000157601	21	42791945	42842000
ENSG00000184012	21	42836221	42903045
ENSG00000183421	21	43159527	43187271
ENSG00000141956	21	43218383	43299593
ENSG00000157617	21	43305218	43374133
ENSG00000173276	21	43406400	43430498
ENSG00000177398	21	43483066	43563565
ENSG00000160179	21	43619797	43724501
ENSG00000160180	21	43731775	43735642
ENSG00000160181	21	43766464	43771108
ENSG00000160182	21	43782389	43786652
ENSG00000160183	21	43791947	43816233
ENSG00000160185	21	43823554	43867796
ENSG00000160188	21	43892594	43916478
ENSG00000160190	21	43916102	44001552
ENSG00000160191	21	44073692	44196624
ENSG00000160193	21	44263121	44299695
ENSG00000160194	21	44299752	44333416
ENSG00000233056	21	44336911	44345742
ENSG00000160199	21	44394436	44454606
ENSG00000160200	21	44471008	44497055
ENSG00000160201	21	44513064	44527717
ENSG00000160202	21	44589116	44592922
ENSG00000142178	21	44834361	44847019
ENSG00000160207	21	44949064	45079407
ENSG00000234289	21	44985061	44985531
ENSG00000160208	21	45079421	45115963
ENSG00000160209	21	45138940	45182190
ENSG00000160213	21	45192390	45196491
ENSG00000160214	21	45209392	45241383
ENSG00000160216	21	45284960	45407475
ENSG00000288593	21	45359798	45379556
ENSG00000160218	21	45432159	45526436
ENSG00000241945	21	45527185	45551065
ENSG00000160221	21	45553490	45629999
ENSG00000267913	21	45587816	45593582
ENSG00000160223	21	45635263	45661331
ENSG00000142182	21	45666220	45682101
ENSG00000160224	21	45705719	45718533
ENSG00000141959	21	45719898	45747262
ENSG00000160226	21	45748824	45759312
ENSG00000142185	21	45769953	45865131
ENSG00000160233	21	45875353	45883337
ENSG00000175894	21	45917774	46132203
ENSG00000215455	21	45958862	45960080
ENSG00000205445	21	45970238	45971390
ENSG00000212935	21	45977671	45978680
ENSG00000215454	21	45993604	45995250
ENSG00000241123	21	45999330	46000483
ENSG00000188155	21	46011147	46012388
ENSG00000272804	21	46020495	46022093
ENSG00000187766	21	46031994	46032873
ENSG00000221837	21	46047008	46048297
ENSG00000221859	21	46057271	46058374
ENSG00000243489	21	46066329	46067569
ENSG00000212933	21	46074128	46074578
ENSG00000205439	21	46077847	46078260
ENSG00000221864	21	46086104	46086846
ENSG00000187175	21	46101489	46102080
ENSG00000189169	21	46117085	46117961
ENSG00000184787	21	46188493	46221743
ENSG00000184900	21	46225517	46238696
ENSG00000183255	21	46269498	46293820
ENSG00000160255	21	46305861	46351996
ENSG00000160256	21	46359851	46396931
ENSG00000197381	21	46493752	46646477
ENSG00000186866	21	46682932	46707815
ENSG00000182871	21	46825031	46933637
ENSG00000173638	21	46913484	46993480
ENSG00000183570	21	47063573	47362370
ENSG00000142156	21	47401639	47424966
ENSG00000142173	21	47516634	47552767
ENSG00000160282	21	47555994	47575963
ENSG00000160284	21	47581060	47604392
ENSG00000160285	21	47607211	47648756
ENSG00000160294	21	47652601	47706533
ENSG00000182362	21	47705743	47733217
ENSG00000160298	21	47711841	47744386
ENSG00000160299	21	47743994	47865684
ENSG00000286224	21	47746200	47746407
ENSG00000160305	21	47878752	47992661
ENSG00000160307	21	48018266	48025123
ENSG00000160310	21	48055107	48086143
ENSG00000198062	22	16256439	16287939
ENSG00000130538	22	16448822	16449807
ENSG00000198445	22	17071639	17073702
ENSG00000172967	22	17264300	17332114
ENSG00000215568	22	17442824	17489114
ENSG00000177663	22	17565822	17596585
ENSG00000183307	22	17597185	17602259
ENSG00000069998	22	17612995	17646179
ENSG00000093072	22	17659678	17739127
ENSG00000099954	22	17840837	18037854
ENSG00000182902	22	18042368	18074695
ENSG00000131100	22	18074900	18113726
ENSG00000099968	22	18111612	18213623
ENSG00000015475	22	18216902	18257538
ENSG00000243156	22	18270413	18507329
ENSG00000215193	22	18560674	18588164
ENSG00000288683	22	18560753	18614489
ENSG00000183785	22	18592468	18629452
ENSG00000184979	22	18631164	18660169
ENSG00000183628	22	18893188	18904138
ENSG00000283809	22	18893749	18935247
ENSG00000100033	22	18900207	18923966
ENSG00000286025	22	19017035	19018757
ENSG00000070413	22	19023791	19109976
ENSG00000100056	22	19117790	19132199
ENSG00000206203	22	19118819	19120137
ENSG00000063515	22	19134504	19137807
ENSG00000100075	22	19163084	19166378
ENSG00000070371	22	19166830	19279299
ENSG00000100084	22	19317706	19434975
ENSG00000242259	22	19338889	19435239
ENSG00000185608	22	19419358	19423603
ENSG00000070010	22	19437420	19467220
ENSG00000093009	22	19466978	19508137
ENSG00000184113	22	19504973	19515070
ENSG00000184702	22	19701638	19712306
ENSG00000284874	22	19704741	19712297
ENSG00000203618	22	19711060	19712301
ENSG00000184058	22	19744224	19771118
ENSG00000185838	22	19768764	19842472
ENSG00000215012	22	19833659	19842464
ENSG00000184470	22	19863038	19929459
ENSG00000093010	22	19928892	19957500
ENSG00000099889	22	19957387	20004387
ENSG00000183597	22	20004136	20055487
ENSG00000128191	22	20067546	20099402
ENSG00000099899	22	20099387	20104917
ENSG00000099901	22	20103398	20115562
ENSG00000099904	22	20116977	20135532
ENSG00000234409	22	20133902	20138584
ENSG00000040608	22	20228936	20270771
ENSG00000128185	22	20299661	20307610
ENSG00000274252	22	20366203	20368030
ENSG00000278558	22	20377667	20380442
ENSG00000275793	22	20455680	20461788
ENSG00000286175	22	20483849	20484551
ENSG00000188280	22	20692436	20716940
ENSG00000185252	22	20748403	20763698
ENSG00000244486	22	20778872	20792621
ENSG00000277971	22	20783526	20800909
ENSG00000099910	22	20795804	20851182
ENSG00000099917	22	20850198	20941921
ENSG00000241973	22	21061977	21213707
ENSG00000099937	22	21128378	21142011
ENSG00000099940	22	21212823	21245508
ENSG00000099942	22	21271639	21308037
ENSG00000183773	22	21319394	21335655
ENSG00000099949	22	21336266	21353328
ENSG00000184436	22	21353391	21356487
ENSG00000269103	22	21358028	21360738
ENSG00000284130	22	21361486	21368592
ENSG00000291240	22	21362534	21386863
ENSG00000099957	22	21364095	21382304
ENSG00000099960	22	21383002	21387224
ENSG00000187905	22	21400228	21418459
ENSG00000286102	22	21714888	21715590
ENSG00000274600	22	21738038	21743769
ENSG00000169635	22	21770791	21805754
ENSG00000206140	22	21820710	21825560
ENSG00000183246	22	21899953	21905752
ENSG00000185651	22	21903734	21978325
ENSG00000161179	22	21982376	21984361
ENSG00000161180	22	21987003	21991620
ENSG00000128228	22	21996548	21998590
ENSG00000100023	22	22020287	22054306
ENSG00000100027	22	22051823	22090129
ENSG00000100030	22	22109824	22221972
ENSG00000100034	22	22257982	22307239
ENSG00000100038	22	22311395	22337217
ENSG00000169575	22	22599190	22599929
ENSG00000275004	22	22838765	22863135
ENSG00000169548	22	22867549	22874618
ENSG00000185686	22	22890121	22901770
ENSG00000100121	22	22987083	22990370
ENSG00000254709	22	23229958	23238293
ENSG00000100218	22	23401591	23487210
ENSG00000128266	22	23412478	23467225
ENSG00000100228	22	23487551	23507852
ENSG00000186716	22	23521889	23660226
ENSG00000128322	22	23915310	23922491
ENSG00000189269	22	23950637	23974511
ENSG00000159496	22	24030321	24041365
ENSG00000187792	22	24080867	24093919
ENSG00000128218	22	24094926	24096643
ENSG00000169314	22	24105175	24108052
ENSG00000250479	22	24108019	24110171
ENSG00000099953	22	24110411	24126511
ENSG00000099956	22	24129116	24180198
ENSG00000099958	22	24176688	24181320
ENSG00000133460	22	24198888	24228501
ENSG00000251357	22	24204373	24237412
ENSG00000099977	22	24233365	24322737
ENSG00000240972	22	24236557	24237416
ENSG00000133433	22	24299599	24303530
ENSG00000099974	22	24309067	24314749
ENSG00000099984	22	24322247	24326108
ENSG00000184674	22	24376131	24384682
ENSG00000099991	22	24407640	24574604
ENSG00000099994	22	24577417	24587956
ENSG00000099998	22	24606948	24641733
ENSG00000100014	22	24666743	24813710
ENSG00000258555	22	24666864	24838326
ENSG00000128271	22	24813845	24839147
ENSG00000100024	22	24890073	24948440
ENSG00000138867	22	24936389	24951912
ENSG00000100028	22	24951384	24980020
ENSG00000286070	22	24951973	25024956
ENSG00000178026	22	24976689	24989177
ENSG00000100031	22	24984662	25024980
ENSG00000184571	22	25114999	25170689
ENSG00000167037	22	25202032	25328119
ENSG00000206069	22	25331063	25342664
ENSG00000197077	22	25348608	25593417
ENSG00000100053	22	25595823	25603328
ENSG00000244752	22	25608529	25627839
ENSG00000100077	22	25960397	26125263
ENSG00000133454	22	26138107	26427013
ENSG00000100095	22	26565084	26779565
ENSG00000128203	22	26824693	26840983
ENSG00000100099	22	26838562	26879899
ENSG00000100104	22	26879822	26890626
ENSG00000100109	22	26886686	26908473
ENSG00000128294	22	26917960	26992683
ENSG00000100122	22	26995239	27015596
ENSG00000196431	22	27017920	27026635
ENSG00000169184	22	28144263	28197746
ENSG00000180957	22	28247409	28316124
ENSG00000100154	22	28374000	29075915
ENSG00000183765	22	29083724	29138412
ENSG00000100209	22	29137998	29153515
ENSG00000159873	22	29168660	29185291
ENSG00000100219	22	29189520	29196587
ENSG00000183579	22	29279523	29453478
ENSG00000100249	22	29454658	29457821
ENSG00000183762	22	29468923	29564323
ENSG00000186998	22	29601796	29655589
ENSG00000100263	22	29655837	29664212
ENSG00000182944	22	29663996	29696522
ENSG00000185340	22	29702382	29708778
ENSG00000100276	22	29708920	29715670
ENSG00000100280	22	29723667	29784603
ENSG00000128250	22	29834570	29838446
ENSG00000100285	22	29876196	29887381
ENSG00000100296	22	29901866	29951207
ENSG00000184117	22	29950793	29977318
ENSG00000186575	22	29999507	30094589
ENSG00000100314	22	30115985	30127824
ENSG00000100319	22	30124125	30163075
ENSG00000184076	22	30163339	30166404
ENSG00000100325	22	30184031	30234295
ENSG00000100330	22	30279128	30426859
ENSG00000176635	22	30476431	30607418
ENSG00000128342	22	30636440	30642795
ENSG00000099985	22	30658816	30662849
ENSG00000239282	22	30681101	30685685
ENSG00000248751	22	30681225	30695473
ENSG00000099992	22	30687977	30722938
ENSG00000099995	22	30727975	30752910
ENSG00000187860	22	30752618	30774664
ENSG00000099999	22	30764798	30817762
ENSG00000100003	22	30792928	30821293
ENSG00000249590	22	30805242	30824979
ENSG00000242114	22	30821609	30825047
ENSG00000100012	22	30843944	30868045
ENSG00000133488	22	30884875	30901714
ENSG00000214491	22	30918784	30942730
ENSG00000128242	22	30950617	30972199
ENSG00000100029	22	30972609	31003072
ENSG00000185339	22	31002988	31026701
ENSG00000100036	22	31031658	31065005
ENSG00000167065	22	31048036	31063876
ENSG00000184792	22	31089767	31303813
ENSG00000133422	22	31321115	31365650
ENSG00000253352	22	31365229	31375401
ENSG00000183963	22	31460089	31500745
ENSG00000198832	22	31500756	31516057
ENSG00000185133	22	31518715	31530685
ENSG00000100078	22	31526752	31536501
ENSG00000138942	22	31556133	31603007
ENSG00000182541	22	31608177	31676952
ENSG00000100100	22	31677578	31688532
ENSG00000100105	22	31721788	31742593
ENSG00000185721	22	31795499	31924728
ENSG00000184708	22	31832961	31893035
ENSG00000198089	22	31884672	32014576
ENSG00000241878	22	32014473	32058239
ENSG00000183530	22	32072240	32146195
ENSG00000100150	22	32149851	32304021
ENSG00000285404	22	32150883	32352232
ENSG00000128245	22	32340449	32353592
ENSG00000100170	22	32439035	32509018
ENSG00000205856	22	32544991	32555311
ENSG00000128253	22	32586418	32601062
ENSG00000100191	22	32612622	32651336
ENSG00000128276	22	32750870	32757150
ENSG00000100220	22	32783560	32808254
ENSG00000184459	22	32809830	32860473
ENSG00000100225	22	32870661	32895776
ENSG00000185666	22	32903805	33454376
ENSG00000100234	22	33197560	33259031
ENSG00000133424	22	33558210	34318875
ENSG00000175329	22	35462127	35483387
ENSG00000100281	22	35653443	35691802
ENSG00000100284	22	35695266	35747735
ENSG00000100292	22	35776352	35790209
ENSG00000100297	22	35796067	35848651
ENSG00000100302	22	35935841	35950052
ENSG00000198125	22	36002809	36034000
ENSG00000221963	22	36044173	36064458
ENSG00000128313	22	36113917	36125532
ENSG00000100320	22	36134781	36424874
ENSG00000128284	22	36535838	36562227
ENSG00000100336	22	36585170	36600888
ENSG00000128335	22	36616351	36636002
ENSG00000100342	22	36649115	36663578
ENSG00000100345	22	36677321	36784065
ENSG00000100348	22	36862940	36878121
ENSG00000100350	22	36883235	36903270
ENSG00000100353	22	36906892	36925294
ENSG00000166862	22	36956902	37099826
ENSG00000100360	22	37137389	37172355
ENSG00000100362	22	37196724	37215525
ENSG00000100365	22	37256835	37274111
ENSG00000100368	22	37309630	37336498
ENSG00000185264	22	37387158	37403927
ENSG00000128311	22	37406898	37420840
ENSG00000128309	22	37415674	37425871
ENSG00000100379	22	37447743	37459432
ENSG00000187045	22	37461043	37506932
ENSG00000100385	22	37514704	37572718
ENSG00000133466	22	37576204	37595427
ENSG00000278195	22	37600275	37608524
ENSG00000128340	22	37621308	37655636
ENSG00000100055	22	37678066	37711389
ENSG00000166897	22	37763998	37823633
ENSG00000100060	22	37860580	37882472
ENSG00000100065	22	37886398	37915600
ENSG00000128283	22	37951117	37967061
ENSG00000100079	22	37966251	37978625
ENSG00000100083	22	38004479	38029573
ENSG00000100092	22	38030659	38052126
ENSG00000285304	22	38035698	38062941
ENSG00000241360	22	38054720	38062943
ENSG00000100097	22	38071592	38079423
ENSG00000273899	22	38077678	38089485
ENSG00000100101	22	38082419	38122512
ENSG00000100106	22	38092988	38172590
ENSG00000189060	22	38201234	38203441
ENSG00000100116	22	38203877	38213395
ENSG00000128310	22	38218203	38221860
ENSG00000100124	22	38226858	38245336
ENSG00000100129	22	38244873	38285416
ENSG00000100139	22	38301662	38338831
ENSG00000128346	22	38339055	38349678
ENSG00000100142	22	38348612	38437941
ENSG00000100146	22	38366691	38383431
ENSG00000100151	22	38452316	38472059
ENSG00000100156	22	38474139	38480195
ENSG00000128298	22	38480657	38507024
ENSG00000184381	22	38507500	38610787
ENSG00000185022	22	38596772	38615330
ENSG00000198792	22	38611919	38669813
ENSG00000213923	22	38677751	38716051
ENSG00000283900	22	38687922	38794529
ENSG00000168135	22	38822330	38851910
ENSG00000100196	22	38864024	38879769
ENSG00000100201	22	38879441	38903667
ENSG00000100206	22	38905025	38966218
ENSG00000184949	22	38974121	39052636
ENSG00000100211	22	39052378	39069927
ENSG00000100216	22	39077927	39083691
ENSG00000100221	22	39081546	39097563
ENSG00000100226	22	39101745	39134306
ENSG00000100242	22	39129283	39190205
ENSG00000100246	22	39174508	39190205
ENSG00000221890	22	39214455	39240043
ENSG00000183741	22	39257425	39268256
ENSG00000128383	22	39348744	39359191
ENSG00000179750	22	39378350	39388811
ENSG00000244509	22	39410166	39416359
ENSG00000284554	22	39410366	39429283
ENSG00000243811	22	39416955	39430334
ENSG00000128394	22	39436607	39451979
ENSG00000239713	22	39473057	39483751
ENSG00000100298	22	39492260	39500078
ENSG00000100307	22	39515309	39548726
ENSG00000100311	22	39617749	39640989
ENSG00000100316	22	39708873	39716396
ENSG00000100321	22	39745859	39781767
ENSG00000100324	22	39795781	39833135
ENSG00000128268	22	39843130	39888201
ENSG00000100335	22	39895435	39914139
ENSG00000285025	22	39900234	39900450
ENSG00000128272	22	39915698	39918697
ENSG00000187051	22	39918881	39928833
ENSG00000100346	22	39966756	40085742
ENSG00000176177	22	40139047	40289870
ENSG00000100351	22	40297086	40369727
ENSG00000225528	22	40356399	40360911
ENSG00000133477	22	40390919	40439540
ENSG00000100354	22	40440758	40731814
ENSG00000239900	22	40742463	40786469
ENSG00000284431	22	40742531	40806060
ENSG00000100359	22	40766566	40806843
ENSG00000196588	22	40806283	41032732
ENSG00000128285	22	41075275	41078818
ENSG00000100372	22	41165632	41215408
ENSG00000100380	22	41220447	41252925
ENSG00000196236	22	41253056	41328821
ENSG00000172404	22	41255551	41258119
ENSG00000100387	22	41347279	41369545
ENSG00000100393	22	41487818	41576083
ENSG00000100395	22	41601284	41627629
ENSG00000100399	22	41625258	41637006
ENSG00000100401	22	41639476	41698750
ENSG00000100403	22	41697459	41756161
ENSG00000167074	22	41763335	41795332
ENSG00000183864	22	41829491	41843608
ENSG00000100412	22	41843832	41925279
ENSG00000100410	22	41844897	41864719
ENSG00000100413	22	41921801	41940612
ENSG00000172346	22	41956760	41973747
ENSG00000100417	22	41972888	41991281
ENSG00000100418	22	41994030	42017095
ENSG00000196419	22	42016788	42060093
ENSG00000100138	22	42062629	42086510
ENSG00000167077	22	42095496	42195462
ENSG00000100147	22	42196323	42228184
ENSG00000198911	22	42229031	42303314
ENSG00000234965	22	42302318	42311135
ENSG00000159958	22	42318034	42322812
ENSG00000100162	22	42323516	42343189
ENSG00000205704	22	42343180	42354948
ENSG00000100167	22	42365445	42394227
ENSG00000183066	22	42394727	42454462
ENSG00000198951	22	42428597	42467204
ENSG00000177096	22	42469791	42475445
ENSG00000183172	22	42475566	42486039
ENSG00000184983	22	42476338	42486890
ENSG00000100197	22	42516964	42527731
ENSG00000205702	22	42536212	42545493
ENSG00000100207	22	42556017	42739624
ENSG00000235568	22	42776411	42828433
ENSG00000189306	22	42903986	42915861
ENSG00000183569	22	42949621	42970395
ENSG00000100227	22	42978754	43010970
ENSG00000289517	22	42979840	43023696
ENSG00000100243	22	43011734	43116878
ENSG00000249222	22	43035807	43036609
ENSG00000128274	22	43087014	43117306
ENSG00000242247	22	43192506	43254114
ENSG00000100266	22	43231416	43411193
ENSG00000100271	22	43435451	43485438
ENSG00000100290	22	43506746	43525720
ENSG00000100294	22	43526631	43539409
ENSG00000100300	22	43547081	43559254
ENSG00000100304	22	43560370	43583168
ENSG00000159307	22	43593284	43739387
ENSG00000186732	22	43807200	43903732
ENSG00000186976	22	43924622	44208219
ENSG00000130540	22	44220385	44258427
ENSG00000100341	22	44274446	44288376
ENSG00000100344	22	44319639	44360370
ENSG00000100347	22	44351277	44406413
ENSG00000188677	22	44395089	44568821
ENSG00000138964	22	44568824	44615415
ENSG00000138944	22	44639543	44727891
ENSG00000188636	22	44887820	44894286
ENSG00000186654	22	45064425	45133563
ENSG00000248405	22	45098111	45258588
ENSG00000241484	22	45148425	45258683
ENSG00000056487	22	45277040	45405905
ENSG00000093000	22	45559796	45583900
ENSG00000100364	22	45588039	45636827
ENSG00000100373	22	45680803	45691757
ENSG00000100376	22	45704847	45738711
ENSG00000077935	22	45739942	45809502
ENSG00000128408	22	45809559	45833308
ENSG00000077942	22	45898116	45997863
ENSG00000130638	22	46067588	46251910
ENSG00000188064	22	46316244	46373142
ENSG00000186951	22	46545825	46639654
ENSG00000205643	22	46637300	46646796
ENSG00000130943	22	46651558	46659242
ENSG00000075234	22	46663856	46690996
ENSG00000075218	22	46692765	46726709
ENSG00000100416	22	46726770	46753243
ENSG00000075275	22	46756729	46933537
ENSG00000075240	22	46971531	47078654
ENSG00000100422	22	47080304	47134218
ENSG00000054611	22	47158512	47571344
ENSG00000219438	22	48884996	49246726
ENSG00000100425	22	50166924	50221596
ENSG00000100426	22	50247473	50291033
ENSG00000182858	22	50248149	50312123
ENSG00000184164	22	50311635	50321194
ENSG00000198355	22	50354159	50357730
ENSG00000188263	22	50430238	50451196
ENSG00000138892	22	50457002	50496729
ENSG00000100427	22	50497818	50524400
ENSG00000073146	22	50528429	50600121
ENSG00000073150	22	50608885	50618726
ENSG00000170638	22	50623144	50638031
ENSG00000073169	22	50639421	50656047
ENSG00000128159	22	50656048	50683464
ENSG00000100429	22	50683610	50689838
ENSG00000188130	22	50683613	50700282
ENSG00000185386	22	50702130	50709198
ENSG00000196576	22	50713403	50746126
ENSG00000205593	22	50747416	50766092
ENSG00000100239	22	50769086	50883521
ENSG00000100241	22	50881646	50922354
ENSG00000128165	22	50919943	50924871
ENSG00000100253	22	50925211	50929079
ENSG00000100258	22	50941374	50946182
ENSG00000025770	22	50946554	50963212
ENSG00000284194	22	50961991	50964892
ENSG00000025708	22	50964179	50968757
ENSG00000177989	22	50968137	50971021
ENSG00000130487	22	50984326	50989454
ENSG00000217442	22	50989536	51001385
ENSG00000205560	22	51006051	51017112
ENSG00000254413	22	51007296	51021396
ENSG00000100288	22	51017386	51039886
ENSG00000008735	22	51039086	51052411
ENSG00000100299	22	51061180	51066607
ENSG00000251322	22	51112834	51171642
ENSG00000100312	22	51176622	51183871
ENSG00000079974	22	51205917	51222190
