variant_id	chrom	build	pos	source	source_url	generated_on	notes
rs4908600	1	GRCh36	7119246	candidate BIM/PVAR position		2026-05-22	source-build position preserved from candidate genotype map
rs4908600	1	GRCh37	7196659	Ensembl REST variation endpoint	https://grch37.rest.ensembl.org/variation/homo_sapiens	2026-05-22	unique autosomal SNP mapping in both GRCh37 and GRCh38
rs4908600	1	GRCh38	7136599	Ensembl REST variation endpoint	https://rest.ensembl.org/variation/homo_sapiens	2026-05-22	unique autosomal SNP mapping in both GRCh37 and GRCh38
rs1540923	1	GRCh36	11954617	candidate BIM/PVAR position		2026-05-22	source-build position preserved from candidate genotype map
rs1540923	1	GRCh37	12032030	Ensembl REST variation endpoint	https://grch37.rest.ensembl.org/variation/homo_sapiens	2026-05-22	unique autosomal SNP mapping in both GRCh37 and GRCh38
rs1540923	1	GRCh38	11971973	Ensembl REST variation endpoint	https://rest.ensembl.org/variation/homo_sapiens	2026-05-22	unique autosomal SNP mapping in both GRCh37 and GRCh38
rs1977269	1	GRCh36	16877437	candidate BIM/PVAR position		2026-05-22	source-build position preserved from candidate genotype map
rs1977269	1	GRCh37	17004850	Ensembl REST variation endpoint	https://grch37.rest.ensembl.org/variation/homo_sapiens	2026-05-22	unique autosomal SNP mapping in both GRCh37 and GRCh38
rs1977269	1	GRCh38	16678355	Ensembl REST variation endpoint	https://rest.ensembl.org/variation/homo_sapiens	2026-05-22	unique autosomal SNP mapping in both GRCh37 and GRCh38
rs12145027	1	GRCh36	21720135	candidate BIM/PVAR position		2026-05-22	source-build position preserved from candidate genotype map
rs12145027	1	GRCh37	21847548	Ensembl REST variation endpoint	https://grch37.rest.ensembl.org/variation/homo_sapiens	2026-05-22	unique autosomal SNP mapping in both GRCh37 and GRCh38
rs12145027	1	GRCh38	21521055	Ensembl REST variation endpoint	https://rest.ensembl.org/variation/homo_sapiens	2026-05-22	unique autosomal SNP mapping in both GRCh37 and GRCh38
rs6598962	1	GRCh36	26576917	candidate BIM/PVAR position		2026-05-22	source-build position preserved from candidate genotype map
rs6598962	1	GRCh37	26704330	Ensembl REST variation endpoint	https://grch37.rest.ensembl.org/variation/homo_sapiens	2026-05-22	unique autosomal SNP mapping in both GRCh37 and GRCh38
rs6598962	1	GRCh38	26377839	Ensembl REST variation endpoint	https://rest.ensembl.org/variation/homo_sapiens	2026-05-22	unique autosomal SNP mapping in both GRCh37 and GRCh38
rs12145450	1	GRCh36	31635536	candidate BIM/PVAR position		2026-05-22	source-build position preserved from candidate genotype map
rs12145450	1	GRCh37	31862949	Ensembl REST variation endpoint	https://grch37.rest.ensembl.org/variation/homo_sapiens	2026-05-22	unique autosomal SNP mapping in both GRCh37 and GRCh38
rs12145450	1	GRCh38	31390102	Ensembl REST variation endpoint	https://rest.ensembl.org/variation/homo_sapiens	2026-05-22	unique autosomal SNP mapping in both GRCh37 and GRCh38
rs11810624	1	GRCh36	36492546	candidate BIM/PVAR position		2026-05-22	source-build position preserved from candidate genotype map
rs11810624	1	GRCh37	36719959	Ensembl REST variation endpoint	https://grch37.rest.ensembl.org/variation/homo_sapiens	2026-05-22	unique autosomal SNP mapping in both GRCh37 and GRCh38
rs11810624	1	GRCh38	36254358	Ensembl REST variation endpoint	https://rest.ensembl.org/variation/homo_sapiens	2026-05-22	unique autosomal SNP mapping in both GRCh37 and GRCh38
rs3766321	1	GRCh36	41338441	candidate BIM/PVAR position		2026-05-22	source-build position preserved from candidate genotype map
rs3766321	1	GRCh37	41565854	Ensembl REST variation endpoint	https://grch37.rest.ensembl.org/variation/homo_sapiens	2026-05-22	unique autosomal SNP mapping in both GRCh37 and GRCh38
rs3766321	1	GRCh38	41100182	Ensembl REST variation endpoint	https://rest.ensembl.org/variation/homo_sapiens	2026-05-22	unique autosomal SNP mapping in both GRCh37 and GRCh38
rs9804007	1	GRCh36	46188935	candidate BIM/PVAR position		2026-05-22	source-build position preserved from candidate genotype map
rs9804007	1	GRCh37	46416348	Ensembl REST variation endpoint	https://grch37.rest.ensembl.org/variation/homo_sapiens	2026-05-22	unique autosomal SNP mapping in both GRCh37 and GRCh38
rs9804007	1	GRCh38	45950676	Ensembl REST variation endpoint	https://rest.ensembl.org/variation/homo_sapiens	2026-05-22	unique autosomal SNP mapping in both GRCh37 and GRCh38
rs11585934	1	GRCh36	51080194	candidate BIM/PVAR position		2026-05-22	source-build position preserved from candidate genotype map
rs11585934	1	GRCh37	51307606	Ensembl REST variation endpoint	https://grch37.rest.ensembl.org/variation/homo_sapiens	2026-05-22	unique autosomal SNP mapping in both GRCh37 and GRCh38
rs11585934	1	GRCh38	50841934	Ensembl REST variation endpoint	https://rest.ensembl.org/variation/homo_sapiens	2026-05-22	unique autosomal SNP mapping in both GRCh37 and GRCh38
rs17113071	1	GRCh36	56126374	candidate BIM/PVAR position		2026-05-22	source-build position preserved from candidate genotype map
rs17113071	1	GRCh37	56353786	Ensembl REST variation endpoint	https://grch37.rest.ensembl.org/variation/homo_sapiens	2026-05-22	unique autosomal SNP mapping in both GRCh37 and GRCh38
rs17113071	1	GRCh38	55888113	Ensembl REST variation endpoint	https://rest.ensembl.org/variation/homo_sapiens	2026-05-22	unique autosomal SNP mapping in both GRCh37 and GRCh38
rs10789075	1	GRCh36	59355136	candidate BIM/PVAR position		2026-05-22	source-build position preserved from candidate genotype map
rs10789075	1	GRCh37	59582548	Ensembl REST variation endpoint	https://grch37.rest.ensembl.org/variation/homo_sapiens	2026-05-22	unique autosomal SNP mapping in both GRCh37 and GRCh38
rs10789075	1	GRCh38	59116876	Ensembl REST variation endpoint	https://rest.ensembl.org/variation/homo_sapiens	2026-05-22	unique autosomal SNP mapping in both GRCh37 and GRCh38
rs17097108	1	GRCh36	64218224	candidate BIM/PVAR position		2026-05-22	source-build position preserved from candidate genotype map
rs17097108	1	GRCh37	64445636	Ensembl REST variation endpoint	https://grch37.rest.ensembl.org/variation/homo_sapiens	2026-05-22	unique autosomal SNP mapping in both GRCh37 and GRCh38
rs17097108	1	GRCh38	63979964	Ensembl REST variation endpoint	https://rest.ensembl.org/variation/homo_sapiens	2026-05-22	unique autosomal SNP mapping in both GRCh37 and GRCh38
rs9988609	1	GRCh36	69087816	candidate BIM/PVAR position		2026-05-22	source-build position preserved from candidate genotype map
rs9988609	1	GRCh37	69315228	Ensembl REST variation endpoint	https://grch37.rest.ensembl.org/variation/homo_sapiens	2026-05-22	unique autosomal SNP mapping in both GRCh37 and GRCh38
rs9988609	1	GRCh38	68849545	Ensembl REST variation endpoint	https://rest.ensembl.org/variation/homo_sapiens	2026-05-22	unique autosomal SNP mapping in both GRCh37 and GRCh38
rs7518173	1	GRCh36	74007984	candidate BIM/PVAR position		2026-05-22	source-build position preserved from candidate genotype map
rs7518173	1	GRCh37	74235396	Ensembl REST variation endpoint	https://grch37.rest.ensembl.org/variation/homo_sapiens	2026-05-22	unique autosomal SNP mapping in both GRCh37 and GRCh38
rs7518173	1	GRCh38	73769713	Ensembl REST variation endpoint	https://rest.ensembl.org/variation/homo_sapiens	2026-05-22	unique autosomal SNP mapping in both GRCh37 and GRCh38
rs987495	1	GRCh36	78868169	candidate BIM/PVAR position		2026-05-22	source-build position preserved from candidate genotype map
rs987495	1	GRCh37	79095581	Ensembl REST variation endpoint	https://grch37.rest.ensembl.org/variation/homo_sapiens	2026-05-22	unique autosomal SNP mapping in both GRCh37 and GRCh38
rs987495	1	GRCh38	78629896	Ensembl REST variation endpoint	https://rest.ensembl.org/variation/homo_sapiens	2026-05-22	unique autosomal SNP mapping in both GRCh37 and GRCh38
rs17127846	1	GRCh36	83716816	candidate BIM/PVAR position		2026-05-22	source-build position preserved from candidate genotype map
rs17127846	1	GRCh37	83944228	Ensembl REST variation endpoint	https://grch37.rest.ensembl.org/variation/homo_sapiens	2026-05-22	unique autosomal SNP mapping in both GRCh37 and GRCh38
rs17127846	1	GRCh38	83478545	Ensembl REST variation endpoint	https://rest.ensembl.org/variation/homo_sapiens	2026-05-22	unique autosomal SNP mapping in both GRCh37 and GRCh38
rs1999572	1	GRCh36	88765363	candidate BIM/PVAR position		2026-05-22	source-build position preserved from candidate genotype map
rs1999572	1	GRCh37	88992775	Ensembl REST variation endpoint	https://grch37.rest.ensembl.org/variation/homo_sapiens	2026-05-22	unique autosomal SNP mapping in both GRCh37 and GRCh38
rs1999572	1	GRCh38	88527092	Ensembl REST variation endpoint	https://rest.ensembl.org/variation/homo_sapiens	2026-05-22	unique autosomal SNP mapping in both GRCh37 and GRCh38
rs1323626	1	GRCh36	93636485	candidate BIM/PVAR position		2026-05-22	source-build position preserved from candidate genotype map
rs1323626	1	GRCh37	93863897	Ensembl REST variation endpoint	https://grch37.rest.ensembl.org/variation/homo_sapiens	2026-05-22	unique autosomal SNP mapping in both GRCh37 and GRCh38
rs1323626	1	GRCh38	93398340	Ensembl REST variation endpoint	https://rest.ensembl.org/variation/homo_sapiens	2026-05-22	unique autosomal SNP mapping in both GRCh37 and GRCh38
rs2031244	1	GRCh36	98497605	candidate BIM/PVAR position		2026-05-22	source-build position preserved from candidate genotype map
rs2031244	1	GRCh37	98725017	Ensembl REST variation endpoint	https://grch37.rest.ensembl.org/variation/homo_sapiens	2026-05-22	unique autosomal SNP mapping in both GRCh37 and GRCh38
rs2031244	1	GRCh38	98259461	Ensembl REST variation endpoint	https://rest.ensembl.org/variation/homo_sapiens	2026-05-22	unique autosomal SNP mapping in both GRCh37 and GRCh38
rs1572521	1	GRCh36	103335456	candidate BIM/PVAR position		2026-05-22	source-build position preserved from candidate genotype map
rs1572521	1	GRCh37	103562868	Ensembl REST variation endpoint	https://grch37.rest.ensembl.org/variation/homo_sapiens	2026-05-22	unique autosomal SNP mapping in both GRCh37 and GRCh38
rs1572521	1	GRCh38	103097312	Ensembl REST variation endpoint	https://rest.ensembl.org/variation/homo_sapiens	2026-05-22	unique autosomal SNP mapping in both GRCh37 and GRCh38
rs2336645	1	GRCh36	108325697	candidate BIM/PVAR position		2026-05-22	source-build position preserved from candidate genotype map
rs2336645	1	GRCh37	108524174	Ensembl REST variation endpoint	https://grch37.rest.ensembl.org/variation/homo_sapiens	2026-05-22	unique autosomal SNP mapping in both GRCh37 and GRCh38
rs2336645	1	GRCh38	107981552	Ensembl REST variation endpoint	https://rest.ensembl.org/variation/homo_sapiens	2026-05-22	unique autosomal SNP mapping in both GRCh37 and GRCh38
rs9429495	1	GRCh36	113213612	candidate BIM/PVAR position		2026-05-22	source-build position preserved from candidate genotype map
rs9429495	1	GRCh37	113412089	Ensembl REST variation endpoint	https://grch37.rest.ensembl.org/variation/homo_sapiens	2026-05-22	unique autosomal SNP mapping in both GRCh37 and GRCh38
rs9429495	1	GRCh38	112869467	Ensembl REST variation endpoint	https://rest.ensembl.org/variation/homo_sapiens	2026-05-22	unique autosomal SNP mapping in both GRCh37 and GRCh38
rs2002747	1	GRCh36	118056581	candidate BIM/PVAR position		2026-05-22	source-build position preserved from candidate genotype map
rs2002747	1	GRCh37	118255058	Ensembl REST variation endpoint	https://grch37.rest.ensembl.org/variation/homo_sapiens	2026-05-22	unique autosomal SNP mapping in both GRCh37 and GRCh38
rs2002747	1	GRCh38	117712436	Ensembl REST variation endpoint	https://rest.ensembl.org/variation/homo_sapiens	2026-05-22	unique autosomal SNP mapping in both GRCh37 and GRCh38
rs2319971	1	GRCh36	120928505	candidate BIM/PVAR position		2026-05-22	source-build position preserved from candidate genotype map
rs2319971	1	GRCh37	121226982	Ensembl REST variation endpoint	https://grch37.rest.ensembl.org/variation/homo_sapiens	2026-05-22	unique autosomal SNP mapping in both GRCh37 and GRCh38
rs2319971	1	GRCh38	121485184	Ensembl REST variation endpoint	https://rest.ensembl.org/variation/homo_sapiens	2026-05-22	unique autosomal SNP mapping in both GRCh37 and GRCh38
rs4649801	1	GRCh36	120488638	candidate BIM/PVAR position		2026-05-22	source-build position preserved from candidate genotype map
rs4649801	1	GRCh37	120687115	Ensembl REST variation endpoint	https://grch37.rest.ensembl.org/variation/homo_sapiens	2026-05-22	unique autosomal SNP mapping in both GRCh37 and GRCh38
rs4649801	1	GRCh38	120144552	Ensembl REST variation endpoint	https://rest.ensembl.org/variation/homo_sapiens	2026-05-22	unique autosomal SNP mapping in both GRCh37 and GRCh38
rs6673776	1	GRCh36	147327306	candidate BIM/PVAR position		2026-05-22	source-build position preserved from candidate genotype map
rs6673776	1	GRCh37	149060682	Ensembl REST variation endpoint	https://grch37.rest.ensembl.org/variation/homo_sapiens	2026-05-22	unique autosomal SNP mapping in both GRCh37 and GRCh38
rs6673776	1	GRCh38	143566021	Ensembl REST variation endpoint	https://rest.ensembl.org/variation/homo_sapiens	2026-05-22	unique autosomal SNP mapping in both GRCh37 and GRCh38
rs7548928	1	GRCh36	142690165	candidate BIM/PVAR position		2026-05-22	source-build position preserved from candidate genotype map
rs7548928	1	GRCh37	143978807	Ensembl REST variation endpoint	https://grch37.rest.ensembl.org/variation/homo_sapiens	2026-05-22	unique autosomal SNP mapping in both GRCh37 and GRCh38
rs7548928	1	GRCh38	145030292	Ensembl REST variation endpoint	https://rest.ensembl.org/variation/homo_sapiens	2026-05-22	unique autosomal SNP mapping in both GRCh37 and GRCh38
rs12048269	1	GRCh36	143984844	candidate BIM/PVAR position		2026-05-22	source-build position preserved from candidate genotype map
rs12048269	1	GRCh37	145273487	Ensembl REST variation endpoint	https://grch37.rest.ensembl.org/variation/homo_sapiens	2026-05-22	unique autosomal SNP mapping in both GRCh37 and GRCh38
rs12048269	1	GRCh38	146164708	Ensembl REST variation endpoint	https://rest.ensembl.org/variation/homo_sapiens	2026-05-22	unique autosomal SNP mapping in both GRCh37 and GRCh38
rs11240130	1	GRCh36	145750325	candidate BIM/PVAR position		2026-05-22	source-build position preserved from candidate genotype map
rs11240130	1	GRCh37	147283701	Ensembl REST variation endpoint	https://grch37.rest.ensembl.org/variation/homo_sapiens	2026-05-22	unique autosomal SNP mapping in both GRCh37 and GRCh38
rs11240130	1	GRCh38	147811587	Ensembl REST variation endpoint	https://rest.ensembl.org/variation/homo_sapiens	2026-05-22	unique autosomal SNP mapping in both GRCh37 and GRCh38
rs16827772	1	GRCh36	149118678	candidate BIM/PVAR position		2026-05-22	source-build position preserved from candidate genotype map
rs16827772	1	GRCh37	150852054	Ensembl REST variation endpoint	https://grch37.rest.ensembl.org/variation/homo_sapiens	2026-05-22	unique autosomal SNP mapping in both GRCh37 and GRCh38
rs16827772	1	GRCh38	150879578	Ensembl REST variation endpoint	https://rest.ensembl.org/variation/homo_sapiens	2026-05-22	unique autosomal SNP mapping in both GRCh37 and GRCh38
rs2274787	1	GRCh36	153967767	candidate BIM/PVAR position		2026-05-22	source-build position preserved from candidate genotype map
rs2274787	1	GRCh37	155701143	Ensembl REST variation endpoint	https://grch37.rest.ensembl.org/variation/homo_sapiens	2026-05-22	unique autosomal SNP mapping in both GRCh37 and GRCh38
rs2274787	1	GRCh38	155731352	Ensembl REST variation endpoint	https://rest.ensembl.org/variation/homo_sapiens	2026-05-22	unique autosomal SNP mapping in both GRCh37 and GRCh38
rs7543788	1	GRCh36	158826173	candidate BIM/PVAR position		2026-05-22	source-build position preserved from candidate genotype map
rs7543788	1	GRCh37	160559549	Ensembl REST variation endpoint	https://grch37.rest.ensembl.org/variation/homo_sapiens	2026-05-22	unique autosomal SNP mapping in both GRCh37 and GRCh38
rs7543788	1	GRCh38	160589759	Ensembl REST variation endpoint	https://rest.ensembl.org/variation/homo_sapiens	2026-05-22	unique autosomal SNP mapping in both GRCh37 and GRCh38
rs184043	1	GRCh36	163730675	candidate BIM/PVAR position		2026-05-22	source-build position preserved from candidate genotype map
rs184043	1	GRCh37	165464051	Ensembl REST variation endpoint	https://grch37.rest.ensembl.org/variation/homo_sapiens	2026-05-22	unique autosomal SNP mapping in both GRCh37 and GRCh38
rs184043	1	GRCh38	165494814	Ensembl REST variation endpoint	https://rest.ensembl.org/variation/homo_sapiens	2026-05-22	unique autosomal SNP mapping in both GRCh37 and GRCh38
rs1113231	1	GRCh36	168609913	candidate BIM/PVAR position		2026-05-22	source-build position preserved from candidate genotype map
rs1113231	1	GRCh37	170343289	Ensembl REST variation endpoint	https://grch37.rest.ensembl.org/variation/homo_sapiens	2026-05-22	unique autosomal SNP mapping in both GRCh37 and GRCh38
rs1113231	1	GRCh38	170374148	Ensembl REST variation endpoint	https://rest.ensembl.org/variation/homo_sapiens	2026-05-22	unique autosomal SNP mapping in both GRCh37 and GRCh38
rs10912983	1	GRCh36	173687723	candidate BIM/PVAR position		2026-05-22	source-build position preserved from candidate genotype map
rs10912983	1	GRCh37	175421100	Ensembl REST variation endpoint	https://grch37.rest.ensembl.org/variation/homo_sapiens	2026-05-22	unique autosomal SNP mapping in both GRCh37 and GRCh38
rs10912983	1	GRCh38	175451964	Ensembl REST variation endpoint	https://rest.ensembl.org/variation/homo_sapiens	2026-05-22	unique autosomal SNP mapping in both GRCh37 and GRCh38
rs12089448	1	GRCh36	178555443	candidate BIM/PVAR position		2026-05-22	source-build position preserved from candidate genotype map
rs12089448	1	GRCh37	180288820	Ensembl REST variation endpoint	https://grch37.rest.ensembl.org/variation/homo_sapiens	2026-05-22	unique autosomal SNP mapping in both GRCh37 and GRCh38
rs12089448	1	GRCh38	180319685	Ensembl REST variation endpoint	https://rest.ensembl.org/variation/homo_sapiens	2026-05-22	unique autosomal SNP mapping in both GRCh37 and GRCh38
rs7548237	1	GRCh36	183394873	candidate BIM/PVAR position		2026-05-22	source-build position preserved from candidate genotype map
rs7548237	1	GRCh37	185128250	Ensembl REST variation endpoint	https://grch37.rest.ensembl.org/variation/homo_sapiens	2026-05-22	unique autosomal SNP mapping in both GRCh37 and GRCh38
rs7548237	1	GRCh38	185159118	Ensembl REST variation endpoint	https://rest.ensembl.org/variation/homo_sapiens	2026-05-22	unique autosomal SNP mapping in both GRCh37 and GRCh38
rs4845214	1	GRCh36	188257035	candidate BIM/PVAR position		2026-05-22	source-build position preserved from candidate genotype map
rs4845214	1	GRCh37	189990412	Ensembl REST variation endpoint	https://grch37.rest.ensembl.org/variation/homo_sapiens	2026-05-22	unique autosomal SNP mapping in both GRCh37 and GRCh38
rs4845214	1	GRCh38	190021282	Ensembl REST variation endpoint	https://rest.ensembl.org/variation/homo_sapiens	2026-05-22	unique autosomal SNP mapping in both GRCh37 and GRCh38
rs339560	1	GRCh36	193113285	candidate BIM/PVAR position		2026-05-22	source-build position preserved from candidate genotype map
rs339560	1	GRCh37	194846662	Ensembl REST variation endpoint	https://grch37.rest.ensembl.org/variation/homo_sapiens	2026-05-22	unique autosomal SNP mapping in both GRCh37 and GRCh38
rs339560	1	GRCh38	194877532	Ensembl REST variation endpoint	https://rest.ensembl.org/variation/homo_sapiens	2026-05-22	unique autosomal SNP mapping in both GRCh37 and GRCh38
rs2502118	1	GRCh36	197998393	candidate BIM/PVAR position		2026-05-22	source-build position preserved from candidate genotype map
rs2502118	1	GRCh37	199731770	Ensembl REST variation endpoint	https://grch37.rest.ensembl.org/variation/homo_sapiens	2026-05-22	unique autosomal SNP mapping in both GRCh37 and GRCh38
rs2502118	1	GRCh38	199762642	Ensembl REST variation endpoint	https://rest.ensembl.org/variation/homo_sapiens	2026-05-22	unique autosomal SNP mapping in both GRCh37 and GRCh38
rs7541061	1	GRCh36	201429990	candidate BIM/PVAR position		2026-05-22	source-build position preserved from candidate genotype map
rs7541061	1	GRCh37	203163367	Ensembl REST variation endpoint	https://grch37.rest.ensembl.org/variation/homo_sapiens	2026-05-22	unique autosomal SNP mapping in both GRCh37 and GRCh38
rs7541061	1	GRCh38	203194239	Ensembl REST variation endpoint	https://rest.ensembl.org/variation/homo_sapiens	2026-05-22	unique autosomal SNP mapping in both GRCh37 and GRCh38
rs586030	1	GRCh36	206237110	candidate BIM/PVAR position		2026-05-22	source-build position preserved from candidate genotype map
rs586030	1	GRCh37	208170487	Ensembl REST variation endpoint	https://grch37.rest.ensembl.org/variation/homo_sapiens	2026-05-22	unique autosomal SNP mapping in both GRCh37 and GRCh38
rs586030	1	GRCh38	207997142	Ensembl REST variation endpoint	https://rest.ensembl.org/variation/homo_sapiens	2026-05-22	unique autosomal SNP mapping in both GRCh37 and GRCh38
rs2884675	1	GRCh36	211068711	candidate BIM/PVAR position		2026-05-22	source-build position preserved from candidate genotype map
rs2884675	1	GRCh37	213002088	Ensembl REST variation endpoint	https://grch37.rest.ensembl.org/variation/homo_sapiens	2026-05-22	unique autosomal SNP mapping in both GRCh37 and GRCh38
rs2884675	1	GRCh38	212828746	Ensembl REST variation endpoint	https://rest.ensembl.org/variation/homo_sapiens	2026-05-22	unique autosomal SNP mapping in both GRCh37 and GRCh38
rs872171	1	GRCh36	216125569	candidate BIM/PVAR position		2026-05-22	source-build position preserved from candidate genotype map
rs872171	1	GRCh37	218058946	Ensembl REST variation endpoint	https://grch37.rest.ensembl.org/variation/homo_sapiens	2026-05-22	unique autosomal SNP mapping in both GRCh37 and GRCh38
rs872171	1	GRCh38	217885604	Ensembl REST variation endpoint	https://rest.ensembl.org/variation/homo_sapiens	2026-05-22	unique autosomal SNP mapping in both GRCh37 and GRCh38
rs17163450	1	GRCh36	220961471	candidate BIM/PVAR position		2026-05-22	source-build position preserved from candidate genotype map
rs17163450	1	GRCh37	222894848	Ensembl REST variation endpoint	https://grch37.rest.ensembl.org/variation/homo_sapiens	2026-05-22	unique autosomal SNP mapping in both GRCh37 and GRCh38
rs17163450	1	GRCh38	222721506	Ensembl REST variation endpoint	https://rest.ensembl.org/variation/homo_sapiens	2026-05-22	unique autosomal SNP mapping in both GRCh37 and GRCh38
rs12745552	1	GRCh36	225816210	candidate BIM/PVAR position		2026-05-22	source-build position preserved from candidate genotype map
rs12745552	1	GRCh37	227749587	Ensembl REST variation endpoint	https://grch37.rest.ensembl.org/variation/homo_sapiens	2026-05-22	unique autosomal SNP mapping in both GRCh37 and GRCh38
rs12745552	1	GRCh38	227561886	Ensembl REST variation endpoint	https://rest.ensembl.org/variation/homo_sapiens	2026-05-22	unique autosomal SNP mapping in both GRCh37 and GRCh38
rs16857330	1	GRCh36	230677929	candidate BIM/PVAR position		2026-05-22	source-build position preserved from candidate genotype map
rs16857330	1	GRCh37	232611306	Ensembl REST variation endpoint	https://grch37.rest.ensembl.org/variation/homo_sapiens	2026-05-22	unique autosomal SNP mapping in both GRCh37 and GRCh38
rs16857330	1	GRCh38	232475560	Ensembl REST variation endpoint	https://rest.ensembl.org/variation/homo_sapiens	2026-05-22	unique autosomal SNP mapping in both GRCh37 and GRCh38
rs2010032	1	GRCh36	235725261	candidate BIM/PVAR position		2026-05-22	source-build position preserved from candidate genotype map
rs2010032	1	GRCh37	237658638	Ensembl REST variation endpoint	https://grch37.rest.ensembl.org/variation/homo_sapiens	2026-05-22	unique autosomal SNP mapping in both GRCh37 and GRCh38
rs2010032	1	GRCh38	237495338	Ensembl REST variation endpoint	https://rest.ensembl.org/variation/homo_sapiens	2026-05-22	unique autosomal SNP mapping in both GRCh37 and GRCh38
rs10926688	1	GRCh36	240566851	candidate BIM/PVAR position		2026-05-22	source-build position preserved from candidate genotype map
rs10926688	1	GRCh37	242500228	Ensembl REST variation endpoint	https://grch37.rest.ensembl.org/variation/homo_sapiens	2026-05-22	unique autosomal SNP mapping in both GRCh37 and GRCh38
rs10926688	1	GRCh38	242336926	Ensembl REST variation endpoint	https://rest.ensembl.org/variation/homo_sapiens	2026-05-22	unique autosomal SNP mapping in both GRCh37 and GRCh38
rs10495536	2	GRCh36	6498196	candidate BIM/PVAR position		2026-05-22	source-build position preserved from candidate genotype map
rs10495536	2	GRCh37	6580745	Ensembl REST variation endpoint	https://grch37.rest.ensembl.org/variation/homo_sapiens	2026-05-22	unique autosomal SNP mapping in both GRCh37 and GRCh38
rs10495536	2	GRCh38	6440613	Ensembl REST variation endpoint	https://rest.ensembl.org/variation/homo_sapiens	2026-05-22	unique autosomal SNP mapping in both GRCh37 and GRCh38
rs7563468	2	GRCh36	11348726	candidate BIM/PVAR position		2026-05-22	source-build position preserved from candidate genotype map
rs7563468	2	GRCh37	11431275	Ensembl REST variation endpoint	https://grch37.rest.ensembl.org/variation/homo_sapiens	2026-05-22	unique autosomal SNP mapping in both GRCh37 and GRCh38
rs7563468	2	GRCh38	11291149	Ensembl REST variation endpoint	https://rest.ensembl.org/variation/homo_sapiens	2026-05-22	unique autosomal SNP mapping in both GRCh37 and GRCh38
rs10929400	2	GRCh36	15995216	candidate BIM/PVAR position		2026-05-22	source-build position preserved from candidate genotype map
rs10929400	2	GRCh37	16077765	Ensembl REST variation endpoint	https://grch37.rest.ensembl.org/variation/homo_sapiens	2026-05-22	unique autosomal SNP mapping in both GRCh37 and GRCh38
rs10929400	2	GRCh38	15937643	Ensembl REST variation endpoint	https://rest.ensembl.org/variation/homo_sapiens	2026-05-22	unique autosomal SNP mapping in both GRCh37 and GRCh38
rs4971527	2	GRCh36	20872968	candidate BIM/PVAR position		2026-05-22	source-build position preserved from candidate genotype map
rs4971527	2	GRCh37	21009487	Ensembl REST variation endpoint	https://grch37.rest.ensembl.org/variation/homo_sapiens	2026-05-22	unique autosomal SNP mapping in both GRCh37 and GRCh38
rs4971527	2	GRCh38	20809727	Ensembl REST variation endpoint	https://rest.ensembl.org/variation/homo_sapiens	2026-05-22	unique autosomal SNP mapping in both GRCh37 and GRCh38
rs6720442	2	GRCh36	25738717	candidate BIM/PVAR position		2026-05-22	source-build position preserved from candidate genotype map
rs6720442	2	GRCh37	25885213	Ensembl REST variation endpoint	https://grch37.rest.ensembl.org/variation/homo_sapiens	2026-05-22	unique autosomal SNP mapping in both GRCh37 and GRCh38
rs6720442	2	GRCh38	25662344	Ensembl REST variation endpoint	https://rest.ensembl.org/variation/homo_sapiens	2026-05-22	unique autosomal SNP mapping in both GRCh37 and GRCh38
rs9808079	2	GRCh36	30587919	candidate BIM/PVAR position		2026-05-22	source-build position preserved from candidate genotype map
rs9808079	2	GRCh37	30734415	Ensembl REST variation endpoint	https://grch37.rest.ensembl.org/variation/homo_sapiens	2026-05-22	unique autosomal SNP mapping in both GRCh37 and GRCh38
rs9808079	2	GRCh38	30511549	Ensembl REST variation endpoint	https://rest.ensembl.org/variation/homo_sapiens	2026-05-22	unique autosomal SNP mapping in both GRCh37 and GRCh38
rs1439845	2	GRCh36	35264929	candidate BIM/PVAR position		2026-05-22	source-build position preserved from candidate genotype map
rs1439845	2	GRCh37	35411425	Ensembl REST variation endpoint	https://grch37.rest.ensembl.org/variation/homo_sapiens	2026-05-22	unique autosomal SNP mapping in both GRCh37 and GRCh38
rs1439845	2	GRCh38	35186359	Ensembl REST variation endpoint	https://rest.ensembl.org/variation/homo_sapiens	2026-05-22	unique autosomal SNP mapping in both GRCh37 and GRCh38
rs10191584	2	GRCh36	38496807	candidate BIM/PVAR position		2026-05-22	source-build position preserved from candidate genotype map
rs10191584	2	GRCh37	38643303	Ensembl REST variation endpoint	https://grch37.rest.ensembl.org/variation/homo_sapiens	2026-05-22	unique autosomal SNP mapping in both GRCh37 and GRCh38
rs10191584	2	GRCh38	38416161	Ensembl REST variation endpoint	https://rest.ensembl.org/variation/homo_sapiens	2026-05-22	unique autosomal SNP mapping in both GRCh37 and GRCh38
rs7561670	2	GRCh36	43359763	candidate BIM/PVAR position		2026-05-22	source-build position preserved from candidate genotype map
rs7561670	2	GRCh37	43506259	Ensembl REST variation endpoint	https://grch37.rest.ensembl.org/variation/homo_sapiens	2026-05-22	unique autosomal SNP mapping in both GRCh37 and GRCh38
rs7561670	2	GRCh38	43279120	Ensembl REST variation endpoint	https://rest.ensembl.org/variation/homo_sapiens	2026-05-22	unique autosomal SNP mapping in both GRCh37 and GRCh38
rs4953550	2	GRCh36	48209957	candidate BIM/PVAR position		2026-05-22	source-build position preserved from candidate genotype map
rs4953550	2	GRCh37	48356453	Ensembl REST variation endpoint	https://grch37.rest.ensembl.org/variation/homo_sapiens	2026-05-22	unique autosomal SNP mapping in both GRCh37 and GRCh38
rs4953550	2	GRCh38	48129314	Ensembl REST variation endpoint	https://rest.ensembl.org/variation/homo_sapiens	2026-05-22	unique autosomal SNP mapping in both GRCh37 and GRCh38
rs1876934	2	GRCh36	53059809	candidate BIM/PVAR position		2026-05-22	source-build position preserved from candidate genotype map
rs1876934	2	GRCh37	53206305	Ensembl REST variation endpoint	https://grch37.rest.ensembl.org/variation/homo_sapiens	2026-05-22	unique autosomal SNP mapping in both GRCh37 and GRCh38
rs1876934	2	GRCh38	52979167	Ensembl REST variation endpoint	https://rest.ensembl.org/variation/homo_sapiens	2026-05-22	unique autosomal SNP mapping in both GRCh37 and GRCh38
rs12185644	2	GRCh36	57905273	candidate BIM/PVAR position		2026-05-22	source-build position preserved from candidate genotype map
rs12185644	2	GRCh37	58051769	Ensembl REST variation endpoint	https://grch37.rest.ensembl.org/variation/homo_sapiens	2026-05-22	unique autosomal SNP mapping in both GRCh37 and GRCh38
rs12185644	2	GRCh38	57824634	Ensembl REST variation endpoint	https://rest.ensembl.org/variation/homo_sapiens	2026-05-22	unique autosomal SNP mapping in both GRCh37 and GRCh38
rs6706698	2	GRCh36	62560199	candidate BIM/PVAR position		2026-05-22	source-build position preserved from candidate genotype map
rs6706698	2	GRCh37	62706695	Ensembl REST variation endpoint	https://grch37.rest.ensembl.org/variation/homo_sapiens	2026-05-22	unique autosomal SNP mapping in both GRCh37 and GRCh38
rs6706698	2	GRCh38	62479560	Ensembl REST variation endpoint	https://rest.ensembl.org/variation/homo_sapiens	2026-05-22	unique autosomal SNP mapping in both GRCh37 and GRCh38
rs4671792	2	GRCh36	67407787	candidate BIM/PVAR position		2026-05-22	source-build position preserved from candidate genotype map
rs4671792	2	GRCh37	67554283	Ensembl REST variation endpoint	https://grch37.rest.ensembl.org/variation/homo_sapiens	2026-05-22	unique autosomal SNP mapping in both GRCh37 and GRCh38
rs4671792	2	GRCh38	67327151	Ensembl REST variation endpoint	https://rest.ensembl.org/variation/homo_sapiens	2026-05-22	unique autosomal SNP mapping in both GRCh37 and GRCh38
rs41416	2	GRCh36	72258516	candidate BIM/PVAR position		2026-05-22	source-build position preserved from candidate genotype map
rs41416	2	GRCh37	72405008	Ensembl REST variation endpoint	https://grch37.rest.ensembl.org/variation/homo_sapiens	2026-05-22	unique autosomal SNP mapping in both GRCh37 and GRCh38
rs41416	2	GRCh38	72177879	Ensembl REST variation endpoint	https://rest.ensembl.org/variation/homo_sapiens	2026-05-22	unique autosomal SNP mapping in both GRCh37 and GRCh38
rs1838878	2	GRCh36	77129709	candidate BIM/PVAR position		2026-05-22	source-build position preserved from candidate genotype map
rs1838878	2	GRCh37	77276201	Ensembl REST variation endpoint	https://grch37.rest.ensembl.org/variation/homo_sapiens	2026-05-22	unique autosomal SNP mapping in both GRCh37 and GRCh38
rs1838878	2	GRCh38	77049075	Ensembl REST variation endpoint	https://rest.ensembl.org/variation/homo_sapiens	2026-05-22	unique autosomal SNP mapping in both GRCh37 and GRCh38
rs6547397	2	GRCh36	81986837	candidate BIM/PVAR position		2026-05-22	source-build position preserved from candidate genotype map
rs6547397	2	GRCh37	82133326	Ensembl REST variation endpoint	https://grch37.rest.ensembl.org/variation/homo_sapiens	2026-05-22	unique autosomal SNP mapping in both GRCh37 and GRCh38
rs6547397	2	GRCh38	81906202	Ensembl REST variation endpoint	https://rest.ensembl.org/variation/homo_sapiens	2026-05-22	unique autosomal SNP mapping in both GRCh37 and GRCh38
rs17711242	2	GRCh36	85227672	candidate BIM/PVAR position		2026-05-22	source-build position preserved from candidate genotype map
rs17711242	2	GRCh37	85374161	Ensembl REST variation endpoint	https://grch37.rest.ensembl.org/variation/homo_sapiens	2026-05-22	unique autosomal SNP mapping in both GRCh37 and GRCh38
rs17711242	2	GRCh38	85147038	Ensembl REST variation endpoint	https://rest.ensembl.org/variation/homo_sapiens	2026-05-22	unique autosomal SNP mapping in both GRCh37 and GRCh38
rs13392566	2	GRCh36	89810766	candidate BIM/PVAR position		2026-05-22	source-build position preserved from candidate genotype map
rs13392566	2	GRCh37	90173461	Ensembl REST variation endpoint	https://grch37.rest.ensembl.org/variation/homo_sapiens	2026-05-22	unique autosomal SNP mapping in both GRCh37 and GRCh38
rs13392566	2	GRCh38	90134611	Ensembl REST variation endpoint	https://rest.ensembl.org/variation/homo_sapiens	2026-05-22	unique autosomal SNP mapping in both GRCh37 and GRCh38
rs13424824	2	GRCh36	94917418	candidate BIM/PVAR position		2026-05-22	source-build position preserved from candidate genotype map
rs13424824	2	GRCh37	95553691	Ensembl REST variation endpoint	https://grch37.rest.ensembl.org/variation/homo_sapiens	2026-05-22	unique autosomal SNP mapping in both GRCh37 and GRCh38
rs13424824	2	GRCh38	94887946	Ensembl REST variation endpoint	https://rest.ensembl.org/variation/homo_sapiens	2026-05-22	unique autosomal SNP mapping in both GRCh37 and GRCh38
rs1376444	2	GRCh36	99507460	candidate BIM/PVAR position		2026-05-22	source-build position preserved from candidate genotype map
rs1376444	2	GRCh37	100141028	Ensembl REST variation endpoint	https://grch37.rest.ensembl.org/variation/homo_sapiens	2026-05-22	unique autosomal SNP mapping in both GRCh37 and GRCh38
rs1376444	2	GRCh38	99524566	Ensembl REST variation endpoint	https://rest.ensembl.org/variation/homo_sapiens	2026-05-22	unique autosomal SNP mapping in both GRCh37 and GRCh38
rs6726560	2	GRCh36	104368837	candidate BIM/PVAR position		2026-05-22	source-build position preserved from candidate genotype map
rs6726560	2	GRCh37	105002405	Ensembl REST variation endpoint	https://grch37.rest.ensembl.org/variation/homo_sapiens	2026-05-22	unique autosomal SNP mapping in both GRCh37 and GRCh38
rs6726560	2	GRCh38	104385947	Ensembl REST variation endpoint	https://rest.ensembl.org/variation/homo_sapiens	2026-05-22	unique autosomal SNP mapping in both GRCh37 and GRCh38
rs17197427	2	GRCh36	109131907	candidate BIM/PVAR position		2026-05-22	source-build position preserved from candidate genotype map
rs17197427	2	GRCh37	109765475	Ensembl REST variation endpoint	https://grch37.rest.ensembl.org/variation/homo_sapiens	2026-05-22	unique autosomal SNP mapping in both GRCh37 and GRCh38
rs17197427	2	GRCh38	109149019	Ensembl REST variation endpoint	https://rest.ensembl.org/variation/homo_sapiens	2026-05-22	unique autosomal SNP mapping in both GRCh37 and GRCh38
rs4849236	2	GRCh36	113978482	candidate BIM/PVAR position		2026-05-22	source-build position preserved from candidate genotype map
rs4849236	2	GRCh37	114262012	Ensembl REST variation endpoint	https://grch37.rest.ensembl.org/variation/homo_sapiens	2026-05-22	unique autosomal SNP mapping in both GRCh37 and GRCh38
rs4849236	2	GRCh38	113504435	Ensembl REST variation endpoint	https://rest.ensembl.org/variation/homo_sapiens	2026-05-22	unique autosomal SNP mapping in both GRCh37 and GRCh38
rs10189327	2	GRCh36	118850854	candidate BIM/PVAR position		2026-05-22	source-build position preserved from candidate genotype map
rs10189327	2	GRCh37	119134384	Ensembl REST variation endpoint	https://grch37.rest.ensembl.org/variation/homo_sapiens	2026-05-22	unique autosomal SNP mapping in both GRCh37 and GRCh38
rs10189327	2	GRCh38	118376808	Ensembl REST variation endpoint	https://rest.ensembl.org/variation/homo_sapiens	2026-05-22	unique autosomal SNP mapping in both GRCh37 and GRCh38
rs1519294	2	GRCh36	123709866	candidate BIM/PVAR position		2026-05-22	source-build position preserved from candidate genotype map
rs1519294	2	GRCh37	123993396	Ensembl REST variation endpoint	https://grch37.rest.ensembl.org/variation/homo_sapiens	2026-05-22	unique autosomal SNP mapping in both GRCh37 and GRCh38
rs1519294	2	GRCh38	123235820	Ensembl REST variation endpoint	https://rest.ensembl.org/variation/homo_sapiens	2026-05-22	unique autosomal SNP mapping in both GRCh37 and GRCh38
rs12617108	2	GRCh36	128555104	candidate BIM/PVAR position		2026-05-22	source-build position preserved from candidate genotype map
rs12617108	2	GRCh37	128838634	Ensembl REST variation endpoint	https://grch37.rest.ensembl.org/variation/homo_sapiens	2026-05-22	unique autosomal SNP mapping in both GRCh37 and GRCh38
rs12617108	2	GRCh38	128081060	Ensembl REST variation endpoint	https://rest.ensembl.org/variation/homo_sapiens	2026-05-22	unique autosomal SNP mapping in both GRCh37 and GRCh38
rs1370602	2	GRCh36	133405442	candidate BIM/PVAR position		2026-05-22	source-build position preserved from candidate genotype map
rs1370602	2	GRCh37	133688972	Ensembl REST variation endpoint	https://grch37.rest.ensembl.org/variation/homo_sapiens	2026-05-22	unique autosomal SNP mapping in both GRCh37 and GRCh38
rs1370602	2	GRCh38	132931399	Ensembl REST variation endpoint	https://rest.ensembl.org/variation/homo_sapiens	2026-05-22	unique autosomal SNP mapping in both GRCh37 and GRCh38
rs3919758	2	GRCh36	138044812	candidate BIM/PVAR position		2026-05-22	source-build position preserved from candidate genotype map
rs3919758	2	GRCh37	138328342	Ensembl REST variation endpoint	https://grch37.rest.ensembl.org/variation/homo_sapiens	2026-05-22	unique autosomal SNP mapping in both GRCh37 and GRCh38
rs3919758	2	GRCh38	137570772	Ensembl REST variation endpoint	https://rest.ensembl.org/variation/homo_sapiens	2026-05-22	unique autosomal SNP mapping in both GRCh37 and GRCh38
rs4499369	2	GRCh36	142902146	candidate BIM/PVAR position		2026-05-22	source-build position preserved from candidate genotype map
rs4499369	2	GRCh37	143185676	Ensembl REST variation endpoint	https://grch37.rest.ensembl.org/variation/homo_sapiens	2026-05-22	unique autosomal SNP mapping in both GRCh37 and GRCh38
rs4499369	2	GRCh38	142428107	Ensembl REST variation endpoint	https://rest.ensembl.org/variation/homo_sapiens	2026-05-22	unique autosomal SNP mapping in both GRCh37 and GRCh38
rs1522664	2	GRCh36	147771975	candidate BIM/PVAR position		2026-05-22	source-build position preserved from candidate genotype map
rs1522664	2	GRCh37	148055505	Ensembl REST variation endpoint	https://grch37.rest.ensembl.org/variation/homo_sapiens	2026-05-22	unique autosomal SNP mapping in both GRCh37 and GRCh38
rs1522664	2	GRCh38	147297937	Ensembl REST variation endpoint	https://rest.ensembl.org/variation/homo_sapiens	2026-05-22	unique autosomal SNP mapping in both GRCh37 and GRCh38
rs11902858	2	GRCh36	152624928	candidate BIM/PVAR position		2026-05-22	source-build position preserved from candidate genotype map
rs11902858	2	GRCh37	152916682	Ensembl REST variation endpoint	https://grch37.rest.ensembl.org/variation/homo_sapiens	2026-05-22	unique autosomal SNP mapping in both GRCh37 and GRCh38
rs11902858	2	GRCh38	152060168	Ensembl REST variation endpoint	https://rest.ensembl.org/variation/homo_sapiens	2026-05-22	unique autosomal SNP mapping in both GRCh37 and GRCh38
rs6750642	2	GRCh36	155854524	candidate BIM/PVAR position		2026-05-22	source-build position preserved from candidate genotype map
rs6750642	2	GRCh37	156146278	Ensembl REST variation endpoint	https://grch37.rest.ensembl.org/variation/homo_sapiens	2026-05-22	unique autosomal SNP mapping in both GRCh37 and GRCh38
rs6750642	2	GRCh38	155289766	Ensembl REST variation endpoint	https://rest.ensembl.org/variation/homo_sapiens	2026-05-22	unique autosomal SNP mapping in both GRCh37 and GRCh38
rs1457233	2	GRCh36	160705215	candidate BIM/PVAR position		2026-05-22	source-build position preserved from candidate genotype map
rs1457233	2	GRCh37	160996969	Ensembl REST variation endpoint	https://grch37.rest.ensembl.org/variation/homo_sapiens	2026-05-22	unique autosomal SNP mapping in both GRCh37 and GRCh38
rs1457233	2	GRCh38	160140458	Ensembl REST variation endpoint	https://rest.ensembl.org/variation/homo_sapiens	2026-05-22	unique autosomal SNP mapping in both GRCh37 and GRCh38
rs1993292	2	GRCh36	165380813	candidate BIM/PVAR position		2026-05-22	source-build position preserved from candidate genotype map
rs1993292	2	GRCh37	165672567	Ensembl REST variation endpoint	https://grch37.rest.ensembl.org/variation/homo_sapiens	2026-05-22	unique autosomal SNP mapping in both GRCh37 and GRCh38
rs1993292	2	GRCh38	164816057	Ensembl REST variation endpoint	https://rest.ensembl.org/variation/homo_sapiens	2026-05-22	unique autosomal SNP mapping in both GRCh37 and GRCh38
rs7421737	2	GRCh36	170246665	candidate BIM/PVAR position		2026-05-22	source-build position preserved from candidate genotype map
rs7421737	2	GRCh37	170538419	Ensembl REST variation endpoint	https://grch37.rest.ensembl.org/variation/homo_sapiens	2026-05-22	unique autosomal SNP mapping in both GRCh37 and GRCh38
rs7421737	2	GRCh38	169681909	Ensembl REST variation endpoint	https://rest.ensembl.org/variation/homo_sapiens	2026-05-22	unique autosomal SNP mapping in both GRCh37 and GRCh38
rs13407318	2	GRCh36	175101350	candidate BIM/PVAR position		2026-05-22	source-build position preserved from candidate genotype map
rs13407318	2	GRCh37	175393104	Ensembl REST variation endpoint	https://grch37.rest.ensembl.org/variation/homo_sapiens	2026-05-22	unique autosomal SNP mapping in both GRCh37 and GRCh38
rs13407318	2	GRCh38	174528376	Ensembl REST variation endpoint	https://rest.ensembl.org/variation/homo_sapiens	2026-05-22	unique autosomal SNP mapping in both GRCh37 and GRCh38
rs13011836	2	GRCh36	179949015	candidate BIM/PVAR position		2026-05-22	source-build position preserved from candidate genotype map
rs13011836	2	GRCh37	180240770	Ensembl REST variation endpoint	https://grch37.rest.ensembl.org/variation/homo_sapiens	2026-05-22	unique autosomal SNP mapping in both GRCh37 and GRCh38
rs13011836	2	GRCh38	179376043	Ensembl REST variation endpoint	https://rest.ensembl.org/variation/homo_sapiens	2026-05-22	unique autosomal SNP mapping in both GRCh37 and GRCh38
rs7582282	2	GRCh36	184638972	candidate BIM/PVAR position		2026-05-22	source-build position preserved from candidate genotype map
rs7582282	2	GRCh37	184930727	Ensembl REST variation endpoint	https://grch37.rest.ensembl.org/variation/homo_sapiens	2026-05-22	unique autosomal SNP mapping in both GRCh37 and GRCh38
rs7582282	2	GRCh38	184066000	Ensembl REST variation endpoint	https://rest.ensembl.org/variation/homo_sapiens	2026-05-22	unique autosomal SNP mapping in both GRCh37 and GRCh38
rs7609210	2	GRCh36	189520512	candidate BIM/PVAR position		2026-05-22	source-build position preserved from candidate genotype map
rs7609210	2	GRCh37	189812267	Ensembl REST variation endpoint	https://grch37.rest.ensembl.org/variation/homo_sapiens	2026-05-22	unique autosomal SNP mapping in both GRCh37 and GRCh38
rs7609210	2	GRCh38	188947541	Ensembl REST variation endpoint	https://rest.ensembl.org/variation/homo_sapiens	2026-05-22	unique autosomal SNP mapping in both GRCh37 and GRCh38
rs13418354	2	GRCh36	194383627	candidate BIM/PVAR position		2026-05-22	source-build position preserved from candidate genotype map
rs13418354	2	GRCh37	194675382	Ensembl REST variation endpoint	https://grch37.rest.ensembl.org/variation/homo_sapiens	2026-05-22	unique autosomal SNP mapping in both GRCh37 and GRCh38
rs13418354	2	GRCh38	193810658	Ensembl REST variation endpoint	https://rest.ensembl.org/variation/homo_sapiens	2026-05-22	unique autosomal SNP mapping in both GRCh37 and GRCh38
rs7592562	2	GRCh36	199231087	candidate BIM/PVAR position		2026-05-22	source-build position preserved from candidate genotype map
rs7592562	2	GRCh37	199522842	Ensembl REST variation endpoint	https://grch37.rest.ensembl.org/variation/homo_sapiens	2026-05-22	unique autosomal SNP mapping in both GRCh37 and GRCh38
rs7592562	2	GRCh38	198658118	Ensembl REST variation endpoint	https://rest.ensembl.org/variation/homo_sapiens	2026-05-22	unique autosomal SNP mapping in both GRCh37 and GRCh38
rs4675332	2	GRCh36	203899152	candidate BIM/PVAR position		2026-05-22	source-build position preserved from candidate genotype map
rs4675332	2	GRCh37	204190907	Ensembl REST variation endpoint	https://grch37.rest.ensembl.org/variation/homo_sapiens	2026-05-22	unique autosomal SNP mapping in both GRCh37 and GRCh38
rs4675332	2	GRCh38	203326184	Ensembl REST variation endpoint	https://rest.ensembl.org/variation/homo_sapiens	2026-05-22	unique autosomal SNP mapping in both GRCh37 and GRCh38
rs7589531	2	GRCh36	208741802	candidate BIM/PVAR position		2026-05-22	source-build position preserved from candidate genotype map
rs7589531	2	GRCh37	209033557	Ensembl REST variation endpoint	https://grch37.rest.ensembl.org/variation/homo_sapiens	2026-05-22	unique autosomal SNP mapping in both GRCh37 and GRCh38
rs7589531	2	GRCh38	208168833	Ensembl REST variation endpoint	https://rest.ensembl.org/variation/homo_sapiens	2026-05-22	unique autosomal SNP mapping in both GRCh37 and GRCh38
rs10932459	2	GRCh36	213605553	candidate BIM/PVAR position		2026-05-22	source-build position preserved from candidate genotype map
rs10932459	2	GRCh37	213897308	Ensembl REST variation endpoint	https://grch37.rest.ensembl.org/variation/homo_sapiens	2026-05-22	unique autosomal SNP mapping in both GRCh37 and GRCh38
rs10932459	2	GRCh38	213032584	Ensembl REST variation endpoint	https://rest.ensembl.org/variation/homo_sapiens	2026-05-22	unique autosomal SNP mapping in both GRCh37 and GRCh38
rs16855795	2	GRCh36	216832622	candidate BIM/PVAR position		2026-05-22	source-build position preserved from candidate genotype map
rs16855795	2	GRCh37	217124377	Ensembl REST variation endpoint	https://grch37.rest.ensembl.org/variation/homo_sapiens	2026-05-22	unique autosomal SNP mapping in both GRCh37 and GRCh38
rs16855795	2	GRCh38	216259654	Ensembl REST variation endpoint	https://rest.ensembl.org/variation/homo_sapiens	2026-05-22	unique autosomal SNP mapping in both GRCh37 and GRCh38
rs7564113	2	GRCh36	221677233	candidate BIM/PVAR position		2026-05-22	source-build position preserved from candidate genotype map
rs7564113	2	GRCh37	221968989	Ensembl REST variation endpoint	https://grch37.rest.ensembl.org/variation/homo_sapiens	2026-05-22	unique autosomal SNP mapping in both GRCh37 and GRCh38
rs7564113	2	GRCh38	221104269	Ensembl REST variation endpoint	https://rest.ensembl.org/variation/homo_sapiens	2026-05-22	unique autosomal SNP mapping in both GRCh37 and GRCh38
rs2037286	2	GRCh36	226543568	candidate BIM/PVAR position		2026-05-22	source-build position preserved from candidate genotype map
rs2037286	2	GRCh37	226835324	Ensembl REST variation endpoint	https://grch37.rest.ensembl.org/variation/homo_sapiens	2026-05-22	unique autosomal SNP mapping in both GRCh37 and GRCh38
rs2037286	2	GRCh38	225970608	Ensembl REST variation endpoint	https://rest.ensembl.org/variation/homo_sapiens	2026-05-22	unique autosomal SNP mapping in both GRCh37 and GRCh38
rs4072493	2	GRCh36	231222070	candidate BIM/PVAR position		2026-05-22	source-build position preserved from candidate genotype map
rs4072493	2	GRCh37	231513826	Ensembl REST variation endpoint	https://grch37.rest.ensembl.org/variation/homo_sapiens	2026-05-22	unique autosomal SNP mapping in both GRCh37 and GRCh38
rs4072493	2	GRCh38	230649111	Ensembl REST variation endpoint	https://rest.ensembl.org/variation/homo_sapiens	2026-05-22	unique autosomal SNP mapping in both GRCh37 and GRCh38
rs11685009	2	GRCh36	236064152	candidate BIM/PVAR position		2026-05-22	source-build position preserved from candidate genotype map
rs11685009	2	GRCh37	236399413	Ensembl REST variation endpoint	https://grch37.rest.ensembl.org/variation/homo_sapiens	2026-05-22	unique autosomal SNP mapping in both GRCh37 and GRCh38
rs11685009	2	GRCh38	235490769	Ensembl REST variation endpoint	https://rest.ensembl.org/variation/homo_sapiens	2026-05-22	unique autosomal SNP mapping in both GRCh37 and GRCh38
rs17042126	3	GRCh36	5269938	candidate BIM/PVAR position		2026-05-22	source-build position preserved from candidate genotype map
rs17042126	3	GRCh37	5294938	Ensembl REST variation endpoint	https://grch37.rest.ensembl.org/variation/homo_sapiens	2026-05-22	unique autosomal SNP mapping in both GRCh37 and GRCh38
rs17042126	3	GRCh38	5253253	Ensembl REST variation endpoint	https://rest.ensembl.org/variation/homo_sapiens	2026-05-22	unique autosomal SNP mapping in both GRCh37 and GRCh38
rs17050210	3	GRCh36	9293416	candidate BIM/PVAR position		2026-05-22	source-build position preserved from candidate genotype map
rs17050210	3	GRCh37	9318416	Ensembl REST variation endpoint	https://grch37.rest.ensembl.org/variation/homo_sapiens	2026-05-22	unique autosomal SNP mapping in both GRCh37 and GRCh38
rs17050210	3	GRCh38	9276732	Ensembl REST variation endpoint	https://rest.ensembl.org/variation/homo_sapiens	2026-05-22	unique autosomal SNP mapping in both GRCh37 and GRCh38
rs11128635	3	GRCh36	13143301	candidate BIM/PVAR position		2026-05-22	source-build position preserved from candidate genotype map
rs11128635	3	GRCh37	13168301	Ensembl REST variation endpoint	https://grch37.rest.ensembl.org/variation/homo_sapiens	2026-05-22	unique autosomal SNP mapping in both GRCh37 and GRCh38
rs11128635	3	GRCh38	13126801	Ensembl REST variation endpoint	https://rest.ensembl.org/variation/homo_sapiens	2026-05-22	unique autosomal SNP mapping in both GRCh37 and GRCh38
rs1463221	3	GRCh36	17196021	candidate BIM/PVAR position		2026-05-22	source-build position preserved from candidate genotype map
rs1463221	3	GRCh37	17221017	Ensembl REST variation endpoint	https://grch37.rest.ensembl.org/variation/homo_sapiens	2026-05-22	unique autosomal SNP mapping in both GRCh37 and GRCh38
rs1463221	3	GRCh38	17179525	Ensembl REST variation endpoint	https://rest.ensembl.org/variation/homo_sapiens	2026-05-22	unique autosomal SNP mapping in both GRCh37 and GRCh38
rs12487277	3	GRCh36	21247227	candidate BIM/PVAR position		2026-05-22	source-build position preserved from candidate genotype map
rs12487277	3	GRCh37	21272223	Ensembl REST variation endpoint	https://grch37.rest.ensembl.org/variation/homo_sapiens	2026-05-22	unique autosomal SNP mapping in both GRCh37 and GRCh38
rs12487277	3	GRCh38	21230731	Ensembl REST variation endpoint	https://rest.ensembl.org/variation/homo_sapiens	2026-05-22	unique autosomal SNP mapping in both GRCh37 and GRCh38
rs13072262	3	GRCh36	25106574	candidate BIM/PVAR position		2026-05-22	source-build position preserved from candidate genotype map
rs13072262	3	GRCh37	25131570	Ensembl REST variation endpoint	https://grch37.rest.ensembl.org/variation/homo_sapiens	2026-05-22	unique autosomal SNP mapping in both GRCh37 and GRCh38
rs13072262	3	GRCh38	25090079	Ensembl REST variation endpoint	https://rest.ensembl.org/variation/homo_sapiens	2026-05-22	unique autosomal SNP mapping in both GRCh37 and GRCh38
rs6805832	3	GRCh36	27728692	candidate BIM/PVAR position		2026-05-22	source-build position preserved from candidate genotype map
rs6805832	3	GRCh37	27753688	Ensembl REST variation endpoint	https://grch37.rest.ensembl.org/variation/homo_sapiens	2026-05-22	unique autosomal SNP mapping in both GRCh37 and GRCh38
rs6805832	3	GRCh38	27712197	Ensembl REST variation endpoint	https://rest.ensembl.org/variation/homo_sapiens	2026-05-22	unique autosomal SNP mapping in both GRCh37 and GRCh38
rs4374563	3	GRCh36	31751984	candidate BIM/PVAR position		2026-05-22	source-build position preserved from candidate genotype map
rs4374563	3	GRCh37	31776980	Ensembl REST variation endpoint	https://grch37.rest.ensembl.org/variation/homo_sapiens	2026-05-22	unique autosomal SNP mapping in both GRCh37 and GRCh38
rs4374563	3	GRCh38	31735488	Ensembl REST variation endpoint	https://rest.ensembl.org/variation/homo_sapiens	2026-05-22	unique autosomal SNP mapping in both GRCh37 and GRCh38
rs4618174	3	GRCh36	35601703	candidate BIM/PVAR position		2026-05-22	source-build position preserved from candidate genotype map
rs4618174	3	GRCh37	35626699	Ensembl REST variation endpoint	https://grch37.rest.ensembl.org/variation/homo_sapiens	2026-05-22	unique autosomal SNP mapping in both GRCh37 and GRCh38
rs4618174	3	GRCh38	35585207	Ensembl REST variation endpoint	https://rest.ensembl.org/variation/homo_sapiens	2026-05-22	unique autosomal SNP mapping in both GRCh37 and GRCh38
rs4494863	3	GRCh36	39653716	candidate BIM/PVAR position		2026-05-22	source-build position preserved from candidate genotype map
rs4494863	3	GRCh37	39678712	Ensembl REST variation endpoint	https://grch37.rest.ensembl.org/variation/homo_sapiens	2026-05-22	unique autosomal SNP mapping in both GRCh37 and GRCh38
rs4494863	3	GRCh38	39637221	Ensembl REST variation endpoint	https://rest.ensembl.org/variation/homo_sapiens	2026-05-22	unique autosomal SNP mapping in both GRCh37 and GRCh38
rs1975997	3	GRCh36	43502256	candidate BIM/PVAR position		2026-05-22	source-build position preserved from candidate genotype map
rs1975997	3	GRCh37	43527252	Ensembl REST variation endpoint	https://grch37.rest.ensembl.org/variation/homo_sapiens	2026-05-22	unique autosomal SNP mapping in both GRCh37 and GRCh38
rs1975997	3	GRCh38	43485760	Ensembl REST variation endpoint	https://rest.ensembl.org/variation/homo_sapiens	2026-05-22	unique autosomal SNP mapping in both GRCh37 and GRCh38
rs11130137	3	GRCh36	47553842	candidate BIM/PVAR position		2026-05-22	source-build position preserved from candidate genotype map
rs11130137	3	GRCh37	47578838	Ensembl REST variation endpoint	https://grch37.rest.ensembl.org/variation/homo_sapiens	2026-05-22	unique autosomal SNP mapping in both GRCh37 and GRCh38
rs11130137	3	GRCh38	47537348	Ensembl REST variation endpoint	https://rest.ensembl.org/variation/homo_sapiens	2026-05-22	unique autosomal SNP mapping in both GRCh37 and GRCh38
rs4687569	3	GRCh36	51407935	candidate BIM/PVAR position		2026-05-22	source-build position preserved from candidate genotype map
rs4687569	3	GRCh37	51432895	Ensembl REST variation endpoint	https://grch37.rest.ensembl.org/variation/homo_sapiens	2026-05-22	unique autosomal SNP mapping in both GRCh37 and GRCh38
rs4687569	3	GRCh38	51395464	Ensembl REST variation endpoint	https://rest.ensembl.org/variation/homo_sapiens	2026-05-22	unique autosomal SNP mapping in both GRCh37 and GRCh38
rs865235	3	GRCh36	55447196	candidate BIM/PVAR position		2026-05-22	source-build position preserved from candidate genotype map
rs865235	3	GRCh37	55472156	Ensembl REST variation endpoint	https://grch37.rest.ensembl.org/variation/homo_sapiens	2026-05-22	unique autosomal SNP mapping in both GRCh37 and GRCh38
rs865235	3	GRCh38	55438128	Ensembl REST variation endpoint	https://rest.ensembl.org/variation/homo_sapiens	2026-05-22	unique autosomal SNP mapping in both GRCh37 and GRCh38
rs9852412	3	GRCh36	59488910	candidate BIM/PVAR position		2026-05-22	source-build position preserved from candidate genotype map
rs9852412	3	GRCh37	59513870	Ensembl REST variation endpoint	https://grch37.rest.ensembl.org/variation/homo_sapiens	2026-05-22	unique autosomal SNP mapping in both GRCh37 and GRCh38
rs9852412	3	GRCh38	59528144	Ensembl REST variation endpoint	https://rest.ensembl.org/variation/homo_sapiens	2026-05-22	unique autosomal SNP mapping in both GRCh37 and GRCh38
rs4440115	3	GRCh36	62106731	candidate BIM/PVAR position		2026-05-22	source-build position preserved from candidate genotype map
rs4440115	3	GRCh37	62131691	Ensembl REST variation endpoint	https://grch37.rest.ensembl.org/variation/homo_sapiens	2026-05-22	unique autosomal SNP mapping in both GRCh37 and GRCh38
rs4440115	3	GRCh38	62146017	Ensembl REST variation endpoint	https://rest.ensembl.org/variation/homo_sapiens	2026-05-22	unique autosomal SNP mapping in both GRCh37 and GRCh38
rs17074202	3	GRCh36	65935966	candidate BIM/PVAR position		2026-05-22	source-build position preserved from candidate genotype map
rs17074202	3	GRCh37	65960926	Ensembl REST variation endpoint	https://grch37.rest.ensembl.org/variation/homo_sapiens	2026-05-22	unique autosomal SNP mapping in both GRCh37 and GRCh38
rs17074202	3	GRCh38	65975251	Ensembl REST variation endpoint	https://rest.ensembl.org/variation/homo_sapiens	2026-05-22	unique autosomal SNP mapping in both GRCh37 and GRCh38
rs17006578	3	GRCh36	70017021	candidate BIM/PVAR position		2026-05-22	source-build position preserved from candidate genotype map
rs17006578	3	GRCh37	69934331	Ensembl REST variation endpoint	https://grch37.rest.ensembl.org/variation/homo_sapiens	2026-05-22	unique autosomal SNP mapping in both GRCh37 and GRCh38
rs17006578	3	GRCh38	69885180	Ensembl REST variation endpoint	https://rest.ensembl.org/variation/homo_sapiens	2026-05-22	unique autosomal SNP mapping in both GRCh37 and GRCh38
rs4676946	3	GRCh36	73861094	candidate BIM/PVAR position		2026-05-22	source-build position preserved from candidate genotype map
rs4676946	3	GRCh37	73778404	Ensembl REST variation endpoint	https://grch37.rest.ensembl.org/variation/homo_sapiens	2026-05-22	unique autosomal SNP mapping in both GRCh37 and GRCh38
rs4676946	3	GRCh38	73729253	Ensembl REST variation endpoint	https://rest.ensembl.org/variation/homo_sapiens	2026-05-22	unique autosomal SNP mapping in both GRCh37 and GRCh38
rs11127606	3	GRCh36	77987653	candidate BIM/PVAR position		2026-05-22	source-build position preserved from candidate genotype map
rs11127606	3	GRCh37	77904963	Ensembl REST variation endpoint	https://grch37.rest.ensembl.org/variation/homo_sapiens	2026-05-22	unique autosomal SNP mapping in both GRCh37 and GRCh38
rs11127606	3	GRCh38	77855812	Ensembl REST variation endpoint	https://rest.ensembl.org/variation/homo_sapiens	2026-05-22	unique autosomal SNP mapping in both GRCh37 and GRCh38
rs6795133	3	GRCh36	81838957	candidate BIM/PVAR position		2026-05-22	source-build position preserved from candidate genotype map
rs6795133	3	GRCh37	81756267	Ensembl REST variation endpoint	https://grch37.rest.ensembl.org/variation/homo_sapiens	2026-05-22	unique autosomal SNP mapping in both GRCh37 and GRCh38
rs6795133	3	GRCh38	81707116	Ensembl REST variation endpoint	https://rest.ensembl.org/variation/homo_sapiens	2026-05-22	unique autosomal SNP mapping in both GRCh37 and GRCh38
rs1375567	3	GRCh36	85719401	candidate BIM/PVAR position		2026-05-22	source-build position preserved from candidate genotype map
rs1375567	3	GRCh37	85636711	Ensembl REST variation endpoint	https://grch37.rest.ensembl.org/variation/homo_sapiens	2026-05-22	unique autosomal SNP mapping in both GRCh37 and GRCh38
rs1375567	3	GRCh38	85587561	Ensembl REST variation endpoint	https://rest.ensembl.org/variation/homo_sapiens	2026-05-22	unique autosomal SNP mapping in both GRCh37 and GRCh38
rs7613017	3	GRCh36	89780450	candidate BIM/PVAR position		2026-05-22	source-build position preserved from candidate genotype map
rs7613017	3	GRCh37	89697760	Ensembl REST variation endpoint	https://grch37.rest.ensembl.org/variation/homo_sapiens	2026-05-22	unique autosomal SNP mapping in both GRCh37 and GRCh38
rs7613017	3	GRCh38	89648610	Ensembl REST variation endpoint	https://rest.ensembl.org/variation/homo_sapiens	2026-05-22	unique autosomal SNP mapping in both GRCh37 and GRCh38
rs9835601	3	GRCh36	95001219	candidate BIM/PVAR position		2026-05-22	source-build position preserved from candidate genotype map
rs9835601	3	GRCh37	93518529	Ensembl REST variation endpoint	https://grch37.rest.ensembl.org/variation/homo_sapiens	2026-05-22	unique autosomal SNP mapping in both GRCh37 and GRCh38
rs9835601	3	GRCh38	93799685	Ensembl REST variation endpoint	https://rest.ensembl.org/variation/homo_sapiens	2026-05-22	unique autosomal SNP mapping in both GRCh37 and GRCh38
rs9842685	3	GRCh36	97650079	candidate BIM/PVAR position		2026-05-22	source-build position preserved from candidate genotype map
rs9842685	3	GRCh37	96167389	Ensembl REST variation endpoint	https://grch37.rest.ensembl.org/variation/homo_sapiens	2026-05-22	unique autosomal SNP mapping in both GRCh37 and GRCh38
rs9842685	3	GRCh38	96448545	Ensembl REST variation endpoint	https://rest.ensembl.org/variation/homo_sapiens	2026-05-22	unique autosomal SNP mapping in both GRCh37 and GRCh38
rs6441308	3	GRCh36	101725048	candidate BIM/PVAR position		2026-05-22	source-build position preserved from candidate genotype map
rs6441308	3	GRCh37	100242358	Ensembl REST variation endpoint	https://grch37.rest.ensembl.org/variation/homo_sapiens	2026-05-22	unique autosomal SNP mapping in both GRCh37 and GRCh38
rs6441308	3	GRCh38	100523514	Ensembl REST variation endpoint	https://rest.ensembl.org/variation/homo_sapiens	2026-05-22	unique autosomal SNP mapping in both GRCh37 and GRCh38
rs9813792	3	GRCh36	105572457	candidate BIM/PVAR position		2026-05-22	source-build position preserved from candidate genotype map
rs9813792	3	GRCh37	104089767	Ensembl REST variation endpoint	https://grch37.rest.ensembl.org/variation/homo_sapiens	2026-05-22	unique autosomal SNP mapping in both GRCh37 and GRCh38
rs9813792	3	GRCh38	104370923	Ensembl REST variation endpoint	https://rest.ensembl.org/variation/homo_sapiens	2026-05-22	unique autosomal SNP mapping in both GRCh37 and GRCh38
rs17537587	3	GRCh36	109604758	candidate BIM/PVAR position		2026-05-22	source-build position preserved from candidate genotype map
rs17537587	3	GRCh37	108122068	Ensembl REST variation endpoint	https://grch37.rest.ensembl.org/variation/homo_sapiens	2026-05-22	unique autosomal SNP mapping in both GRCh37 and GRCh38
rs17537587	3	GRCh38	108403221	Ensembl REST variation endpoint	https://rest.ensembl.org/variation/homo_sapiens	2026-05-22	unique autosomal SNP mapping in both GRCh37 and GRCh38
rs13089316	3	GRCh36	113445464	candidate BIM/PVAR position		2026-05-22	source-build position preserved from candidate genotype map
rs13089316	3	GRCh37	111962774	Ensembl REST variation endpoint	https://grch37.rest.ensembl.org/variation/homo_sapiens	2026-05-22	unique autosomal SNP mapping in both GRCh37 and GRCh38
rs13089316	3	GRCh38	112243927	Ensembl REST variation endpoint	https://rest.ensembl.org/variation/homo_sapiens	2026-05-22	unique autosomal SNP mapping in both GRCh37 and GRCh38
rs7645165	3	GRCh36	117485930	candidate BIM/PVAR position		2026-05-22	source-build position preserved from candidate genotype map
rs7645165	3	GRCh37	116003240	Ensembl REST variation endpoint	https://grch37.rest.ensembl.org/variation/homo_sapiens	2026-05-22	unique autosomal SNP mapping in both GRCh37 and GRCh38
rs7645165	3	GRCh38	116284393	Ensembl REST variation endpoint	https://rest.ensembl.org/variation/homo_sapiens	2026-05-22	unique autosomal SNP mapping in both GRCh37 and GRCh38
rs6438575	3	GRCh36	121531807	candidate BIM/PVAR position		2026-05-22	source-build position preserved from candidate genotype map
rs6438575	3	GRCh37	120049117	Ensembl REST variation endpoint	https://grch37.rest.ensembl.org/variation/homo_sapiens	2026-05-22	unique autosomal SNP mapping in both GRCh37 and GRCh38
rs6438575	3	GRCh38	120330270	Ensembl REST variation endpoint	https://rest.ensembl.org/variation/homo_sapiens	2026-05-22	unique autosomal SNP mapping in both GRCh37 and GRCh38
rs1950091	3	GRCh36	125383007	candidate BIM/PVAR position		2026-05-22	source-build position preserved from candidate genotype map
rs1950091	3	GRCh37	123900317	Ensembl REST variation endpoint	https://grch37.rest.ensembl.org/variation/homo_sapiens	2026-05-22	unique autosomal SNP mapping in both GRCh37 and GRCh38
rs1950091	3	GRCh38	124181470	Ensembl REST variation endpoint	https://rest.ensembl.org/variation/homo_sapiens	2026-05-22	unique autosomal SNP mapping in both GRCh37 and GRCh38
rs9873786	3	GRCh36	129425069	candidate BIM/PVAR position		2026-05-22	source-build position preserved from candidate genotype map
rs9873786	3	GRCh37	127942379	Ensembl REST variation endpoint	https://grch37.rest.ensembl.org/variation/homo_sapiens	2026-05-22	unique autosomal SNP mapping in both GRCh37 and GRCh38
rs9873786	3	GRCh38	128223536	Ensembl REST variation endpoint	https://rest.ensembl.org/variation/homo_sapiens	2026-05-22	unique autosomal SNP mapping in both GRCh37 and GRCh38
rs7651640	3	GRCh36	133286542	candidate BIM/PVAR position		2026-05-22	source-build position preserved from candidate genotype map
rs7651640	3	GRCh37	131803852	Ensembl REST variation endpoint	https://grch37.rest.ensembl.org/variation/homo_sapiens	2026-05-22	unique autosomal SNP mapping in both GRCh37 and GRCh38
rs7651640	3	GRCh38	132085008	Ensembl REST variation endpoint	https://rest.ensembl.org/variation/homo_sapiens	2026-05-22	unique autosomal SNP mapping in both GRCh37 and GRCh38
rs6781817	3	GRCh36	137325197	candidate BIM/PVAR position		2026-05-22	source-build position preserved from candidate genotype map
rs6781817	3	GRCh37	135842507	Ensembl REST variation endpoint	https://grch37.rest.ensembl.org/variation/homo_sapiens	2026-05-22	unique autosomal SNP mapping in both GRCh37 and GRCh38
rs6781817	3	GRCh38	136123665	Ensembl REST variation endpoint	https://rest.ensembl.org/variation/homo_sapiens	2026-05-22	unique autosomal SNP mapping in both GRCh37 and GRCh38
rs361071	3	GRCh36	139970373	candidate BIM/PVAR position		2026-05-22	source-build position preserved from candidate genotype map
rs361071	3	GRCh37	138487683	Ensembl REST variation endpoint	https://grch37.rest.ensembl.org/variation/homo_sapiens	2026-05-22	unique autosomal SNP mapping in both GRCh37 and GRCh38
rs361071	3	GRCh38	138768841	Ensembl REST variation endpoint	https://rest.ensembl.org/variation/homo_sapiens	2026-05-22	unique autosomal SNP mapping in both GRCh37 and GRCh38
rs4413348	3	GRCh36	143815715	candidate BIM/PVAR position		2026-05-22	source-build position preserved from candidate genotype map
rs4413348	3	GRCh37	142333025	Ensembl REST variation endpoint	https://grch37.rest.ensembl.org/variation/homo_sapiens	2026-05-22	unique autosomal SNP mapping in both GRCh37 and GRCh38
rs4413348	3	GRCh38	142614183	Ensembl REST variation endpoint	https://rest.ensembl.org/variation/homo_sapiens	2026-05-22	unique autosomal SNP mapping in both GRCh37 and GRCh38
rs7644114	3	GRCh36	147864347	candidate BIM/PVAR position		2026-05-22	source-build position preserved from candidate genotype map
rs7644114	3	GRCh37	146381657	Ensembl REST variation endpoint	https://grch37.rest.ensembl.org/variation/homo_sapiens	2026-05-22	unique autosomal SNP mapping in both GRCh37 and GRCh38
rs7644114	3	GRCh38	146663870	Ensembl REST variation endpoint	https://rest.ensembl.org/variation/homo_sapiens	2026-05-22	unique autosomal SNP mapping in both GRCh37 and GRCh38
rs9289815	3	GRCh36	151712648	candidate BIM/PVAR position		2026-05-22	source-build position preserved from candidate genotype map
rs9289815	3	GRCh37	150229958	Ensembl REST variation endpoint	https://grch37.rest.ensembl.org/variation/homo_sapiens	2026-05-22	unique autosomal SNP mapping in both GRCh37 and GRCh38
rs9289815	3	GRCh38	150512171	Ensembl REST variation endpoint	https://rest.ensembl.org/variation/homo_sapiens	2026-05-22	unique autosomal SNP mapping in both GRCh37 and GRCh38
rs7614327	3	GRCh36	155774172	candidate BIM/PVAR position		2026-05-22	source-build position preserved from candidate genotype map
rs7614327	3	GRCh37	154291478	Ensembl REST variation endpoint	https://grch37.rest.ensembl.org/variation/homo_sapiens	2026-05-22	unique autosomal SNP mapping in both GRCh37 and GRCh38
rs7614327	3	GRCh38	154573689	Ensembl REST variation endpoint	https://rest.ensembl.org/variation/homo_sapiens	2026-05-22	unique autosomal SNP mapping in both GRCh37 and GRCh38
rs4875	3	GRCh36	159803291	candidate BIM/PVAR position		2026-05-22	source-build position preserved from candidate genotype map
rs4875	3	GRCh37	158320597	Ensembl REST variation endpoint	https://grch37.rest.ensembl.org/variation/homo_sapiens	2026-05-22	unique autosomal SNP mapping in both GRCh37 and GRCh38
rs4875	3	GRCh38	158602808	Ensembl REST variation endpoint	https://rest.ensembl.org/variation/homo_sapiens	2026-05-22	unique autosomal SNP mapping in both GRCh37 and GRCh38
rs4266210	3	GRCh36	163632853	candidate BIM/PVAR position		2026-05-22	source-build position preserved from candidate genotype map
rs4266210	3	GRCh37	162150159	Ensembl REST variation endpoint	https://grch37.rest.ensembl.org/variation/homo_sapiens	2026-05-22	unique autosomal SNP mapping in both GRCh37 and GRCh38
rs4266210	3	GRCh38	162432371	Ensembl REST variation endpoint	https://rest.ensembl.org/variation/homo_sapiens	2026-05-22	unique autosomal SNP mapping in both GRCh37 and GRCh38
rs6768086	3	GRCh36	167557473	candidate BIM/PVAR position		2026-05-22	source-build position preserved from candidate genotype map
rs6768086	3	GRCh37	166074779	Ensembl REST variation endpoint	https://grch37.rest.ensembl.org/variation/homo_sapiens	2026-05-22	unique autosomal SNP mapping in both GRCh37 and GRCh38
rs6768086	3	GRCh38	166356991	Ensembl REST variation endpoint	https://rest.ensembl.org/variation/homo_sapiens	2026-05-22	unique autosomal SNP mapping in both GRCh37 and GRCh38
rs6782252	3	GRCh36	171616333	candidate BIM/PVAR position		2026-05-22	source-build position preserved from candidate genotype map
rs6782252	3	GRCh37	170133639	Ensembl REST variation endpoint	https://grch37.rest.ensembl.org/variation/homo_sapiens	2026-05-22	unique autosomal SNP mapping in both GRCh37 and GRCh38
rs6782252	3	GRCh38	170415851	Ensembl REST variation endpoint	https://rest.ensembl.org/variation/homo_sapiens	2026-05-22	unique autosomal SNP mapping in both GRCh37 and GRCh38
rs691887	3	GRCh36	175453359	candidate BIM/PVAR position		2026-05-22	source-build position preserved from candidate genotype map
rs691887	3	GRCh37	173970665	Ensembl REST variation endpoint	https://grch37.rest.ensembl.org/variation/homo_sapiens	2026-05-22	unique autosomal SNP mapping in both GRCh37 and GRCh38
rs691887	3	GRCh38	174252875	Ensembl REST variation endpoint	https://rest.ensembl.org/variation/homo_sapiens	2026-05-22	unique autosomal SNP mapping in both GRCh37 and GRCh38
rs1201284	3	GRCh36	178290008	candidate BIM/PVAR position		2026-05-22	source-build position preserved from candidate genotype map
rs1201284	3	GRCh37	176807314	Ensembl REST variation endpoint	https://grch37.rest.ensembl.org/variation/homo_sapiens	2026-05-22	unique autosomal SNP mapping in both GRCh37 and GRCh38
rs1201284	3	GRCh38	177089526	Ensembl REST variation endpoint	https://rest.ensembl.org/variation/homo_sapiens	2026-05-22	unique autosomal SNP mapping in both GRCh37 and GRCh38
rs534630	3	GRCh36	182121342	candidate BIM/PVAR position		2026-05-22	source-build position preserved from candidate genotype map
rs534630	3	GRCh37	180638648	Ensembl REST variation endpoint	https://grch37.rest.ensembl.org/variation/homo_sapiens	2026-05-22	unique autosomal SNP mapping in both GRCh37 and GRCh38
rs534630	3	GRCh38	180920860	Ensembl REST variation endpoint	https://rest.ensembl.org/variation/homo_sapiens	2026-05-22	unique autosomal SNP mapping in both GRCh37 and GRCh38
rs4273352	3	GRCh36	186174741	candidate BIM/PVAR position		2026-05-22	source-build position preserved from candidate genotype map
rs4273352	3	GRCh37	184692047	Ensembl REST variation endpoint	https://grch37.rest.ensembl.org/variation/homo_sapiens	2026-05-22	unique autosomal SNP mapping in both GRCh37 and GRCh38
rs4273352	3	GRCh38	184974259	Ensembl REST variation endpoint	https://rest.ensembl.org/variation/homo_sapiens	2026-05-22	unique autosomal SNP mapping in both GRCh37 and GRCh38
rs3856919	3	GRCh36	190002946	candidate BIM/PVAR position		2026-05-22	source-build position preserved from candidate genotype map
rs3856919	3	GRCh37	188520252	Ensembl REST variation endpoint	https://grch37.rest.ensembl.org/variation/homo_sapiens	2026-05-22	unique autosomal SNP mapping in both GRCh37 and GRCh38
rs3856919	3	GRCh38	188802464	Ensembl REST variation endpoint	https://rest.ensembl.org/variation/homo_sapiens	2026-05-22	unique autosomal SNP mapping in both GRCh37 and GRCh38
rs9291033	3	GRCh36	194037992	candidate BIM/PVAR position		2026-05-22	source-build position preserved from candidate genotype map
rs9291033	3	GRCh37	192555298	Ensembl REST variation endpoint	https://grch37.rest.ensembl.org/variation/homo_sapiens	2026-05-22	unique autosomal SNP mapping in both GRCh37 and GRCh38
rs9291033	3	GRCh38	192837509	Ensembl REST variation endpoint	https://rest.ensembl.org/variation/homo_sapiens	2026-05-22	unique autosomal SNP mapping in both GRCh37 and GRCh38
rs2968671	4	GRCh36	5025571	candidate BIM/PVAR position		2026-05-22	source-build position preserved from candidate genotype map
rs2968671	4	GRCh37	4974670	Ensembl REST variation endpoint	https://grch37.rest.ensembl.org/variation/homo_sapiens	2026-05-22	unique autosomal SNP mapping in both GRCh37 and GRCh38
rs2968671	4	GRCh38	4972943	Ensembl REST variation endpoint	https://rest.ensembl.org/variation/homo_sapiens	2026-05-22	unique autosomal SNP mapping in both GRCh37 and GRCh38
rs6835865	4	GRCh36	8979912	candidate BIM/PVAR position		2026-05-22	source-build position preserved from candidate genotype map
rs6835865	4	GRCh37	9370814	Ensembl REST variation endpoint	https://grch37.rest.ensembl.org/variation/homo_sapiens	2026-05-22	unique autosomal SNP mapping in both GRCh37 and GRCh38
rs6835865	4	GRCh38	9369088	Ensembl REST variation endpoint	https://rest.ensembl.org/variation/homo_sapiens	2026-05-22	unique autosomal SNP mapping in both GRCh37 and GRCh38
rs12501047	4	GRCh36	11422703	candidate BIM/PVAR position		2026-05-22	source-build position preserved from candidate genotype map
rs12501047	4	GRCh37	11813605	Ensembl REST variation endpoint	https://grch37.rest.ensembl.org/variation/homo_sapiens	2026-05-22	unique autosomal SNP mapping in both GRCh37 and GRCh38
rs12501047	4	GRCh38	11811981	Ensembl REST variation endpoint	https://rest.ensembl.org/variation/homo_sapiens	2026-05-22	unique autosomal SNP mapping in both GRCh37 and GRCh38
rs4698408	4	GRCh36	15268146	candidate BIM/PVAR position		2026-05-22	source-build position preserved from candidate genotype map
rs4698408	4	GRCh37	15659048	Ensembl REST variation endpoint	https://grch37.rest.ensembl.org/variation/homo_sapiens	2026-05-22	unique autosomal SNP mapping in both GRCh37 and GRCh38
rs4698408	4	GRCh38	15657425	Ensembl REST variation endpoint	https://rest.ensembl.org/variation/homo_sapiens	2026-05-22	unique autosomal SNP mapping in both GRCh37 and GRCh38
rs4525972	4	GRCh36	19101354	candidate BIM/PVAR position		2026-05-22	source-build position preserved from candidate genotype map
rs4525972	4	GRCh37	19492256	Ensembl REST variation endpoint	https://grch37.rest.ensembl.org/variation/homo_sapiens	2026-05-22	unique autosomal SNP mapping in both GRCh37 and GRCh38
rs4525972	4	GRCh38	19490633	Ensembl REST variation endpoint	https://rest.ensembl.org/variation/homo_sapiens	2026-05-22	unique autosomal SNP mapping in both GRCh37 and GRCh38
rs9995368	4	GRCh36	22728406	candidate BIM/PVAR position		2026-05-22	source-build position preserved from candidate genotype map
rs9995368	4	GRCh37	23119308	Ensembl REST variation endpoint	https://grch37.rest.ensembl.org/variation/homo_sapiens	2026-05-22	unique autosomal SNP mapping in both GRCh37 and GRCh38
rs9995368	4	GRCh38	23117685	Ensembl REST variation endpoint	https://rest.ensembl.org/variation/homo_sapiens	2026-05-22	unique autosomal SNP mapping in both GRCh37 and GRCh38
rs10939144	4	GRCh36	26576004	candidate BIM/PVAR position		2026-05-22	source-build position preserved from candidate genotype map
rs10939144	4	GRCh37	26966906	Ensembl REST variation endpoint	https://grch37.rest.ensembl.org/variation/homo_sapiens	2026-05-22	unique autosomal SNP mapping in both GRCh37 and GRCh38
rs10939144	4	GRCh38	26965284	Ensembl REST variation endpoint	https://rest.ensembl.org/variation/homo_sapiens	2026-05-22	unique autosomal SNP mapping in both GRCh37 and GRCh38
rs11724608	4	GRCh36	30439383	candidate BIM/PVAR position		2026-05-22	source-build position preserved from candidate genotype map
rs11724608	4	GRCh37	30830285	Ensembl REST variation endpoint	https://grch37.rest.ensembl.org/variation/homo_sapiens	2026-05-22	unique autosomal SNP mapping in both GRCh37 and GRCh38
rs11724608	4	GRCh38	30828663	Ensembl REST variation endpoint	https://rest.ensembl.org/variation/homo_sapiens	2026-05-22	unique autosomal SNP mapping in both GRCh37 and GRCh38
rs10019000	4	GRCh36	34165385	candidate BIM/PVAR position		2026-05-22	source-build position preserved from candidate genotype map
rs10019000	4	GRCh37	34488990	Ensembl REST variation endpoint	https://grch37.rest.ensembl.org/variation/homo_sapiens	2026-05-22	unique autosomal SNP mapping in both GRCh37 and GRCh38
rs10019000	4	GRCh38	34487368	Ensembl REST variation endpoint	https://rest.ensembl.org/variation/homo_sapiens	2026-05-22	unique autosomal SNP mapping in both GRCh37 and GRCh38
rs4833034	4	GRCh36	37994749	candidate BIM/PVAR position		2026-05-22	source-build position preserved from candidate genotype map
rs4833034	4	GRCh37	38318354	Ensembl REST variation endpoint	https://grch37.rest.ensembl.org/variation/homo_sapiens	2026-05-22	unique autosomal SNP mapping in both GRCh37 and GRCh38
rs4833034	4	GRCh38	38316733	Ensembl REST variation endpoint	https://rest.ensembl.org/variation/homo_sapiens	2026-05-22	unique autosomal SNP mapping in both GRCh37 and GRCh38
rs7664565	4	GRCh36	41829776	candidate BIM/PVAR position		2026-05-22	source-build position preserved from candidate genotype map
rs7664565	4	GRCh37	42135019	Ensembl REST variation endpoint	https://grch37.rest.ensembl.org/variation/homo_sapiens	2026-05-22	unique autosomal SNP mapping in both GRCh37 and GRCh38
rs7664565	4	GRCh38	42133002	Ensembl REST variation endpoint	https://rest.ensembl.org/variation/homo_sapiens	2026-05-22	unique autosomal SNP mapping in both GRCh37 and GRCh38
rs12498629	4	GRCh36	45481564	candidate BIM/PVAR position		2026-05-22	source-build position preserved from candidate genotype map
rs12498629	4	GRCh37	45786807	Ensembl REST variation endpoint	https://grch37.rest.ensembl.org/variation/homo_sapiens	2026-05-22	unique autosomal SNP mapping in both GRCh37 and GRCh38
rs12498629	4	GRCh38	45784790	Ensembl REST variation endpoint	https://rest.ensembl.org/variation/homo_sapiens	2026-05-22	unique autosomal SNP mapping in both GRCh37 and GRCh38
rs10440239	4	GRCh36	48940639	candidate BIM/PVAR position		2026-05-22	source-build position preserved from candidate genotype map
rs10440239	4	GRCh37	49245882	Ensembl REST variation endpoint	https://grch37.rest.ensembl.org/variation/homo_sapiens	2026-05-22	unique autosomal SNP mapping in both GRCh37 and GRCh38
rs10440239	4	GRCh38	49243865	Ensembl REST variation endpoint	https://rest.ensembl.org/variation/homo_sapiens	2026-05-22	unique autosomal SNP mapping in both GRCh37 and GRCh38
rs10017784	4	GRCh36	53189573	candidate BIM/PVAR position		2026-05-22	source-build position preserved from candidate genotype map
rs10017784	4	GRCh37	53494816	Ensembl REST variation endpoint	https://grch37.rest.ensembl.org/variation/homo_sapiens	2026-05-22	unique autosomal SNP mapping in both GRCh37 and GRCh38
rs10017784	4	GRCh38	52628649	Ensembl REST variation endpoint	https://rest.ensembl.org/variation/homo_sapiens	2026-05-22	unique autosomal SNP mapping in both GRCh37 and GRCh38
rs6818446	4	GRCh36	57041983	candidate BIM/PVAR position		2026-05-22	source-build position preserved from candidate genotype map
rs6818446	4	GRCh37	57347226	Ensembl REST variation endpoint	https://grch37.rest.ensembl.org/variation/homo_sapiens	2026-05-22	unique autosomal SNP mapping in both GRCh37 and GRCh38
rs6818446	4	GRCh38	56481060	Ensembl REST variation endpoint	https://rest.ensembl.org/variation/homo_sapiens	2026-05-22	unique autosomal SNP mapping in both GRCh37 and GRCh38
rs10049506	4	GRCh36	60691371	candidate BIM/PVAR position		2026-05-22	source-build position preserved from candidate genotype map
rs10049506	4	GRCh37	61008776	Ensembl REST variation endpoint	https://grch37.rest.ensembl.org/variation/homo_sapiens	2026-05-22	unique autosomal SNP mapping in both GRCh37 and GRCh38
rs10049506	4	GRCh38	60143058	Ensembl REST variation endpoint	https://rest.ensembl.org/variation/homo_sapiens	2026-05-22	unique autosomal SNP mapping in both GRCh37 and GRCh38
rs1530730	4	GRCh36	64527098	candidate BIM/PVAR position		2026-05-22	source-build position preserved from candidate genotype map
rs1530730	4	GRCh37	64844503	Ensembl REST variation endpoint	https://grch37.rest.ensembl.org/variation/homo_sapiens	2026-05-22	unique autosomal SNP mapping in both GRCh37 and GRCh38
rs1530730	4	GRCh38	63978785	Ensembl REST variation endpoint	https://rest.ensembl.org/variation/homo_sapiens	2026-05-22	unique autosomal SNP mapping in both GRCh37 and GRCh38
rs6834437	4	GRCh36	68396506	candidate BIM/PVAR position		2026-05-22	source-build position preserved from candidate genotype map
rs6834437	4	GRCh37	68713911	Ensembl REST variation endpoint	https://grch37.rest.ensembl.org/variation/homo_sapiens	2026-05-22	unique autosomal SNP mapping in both GRCh37 and GRCh38
rs6834437	4	GRCh38	67848193	Ensembl REST variation endpoint	https://rest.ensembl.org/variation/homo_sapiens	2026-05-22	unique autosomal SNP mapping in both GRCh37 and GRCh38
rs7676147	4	GRCh36	72121917	candidate BIM/PVAR position		2026-05-22	source-build position preserved from candidate genotype map
rs7676147	4	GRCh37	71903053	Ensembl REST variation endpoint	https://grch37.rest.ensembl.org/variation/homo_sapiens	2026-05-22	unique autosomal SNP mapping in both GRCh37 and GRCh38
rs7676147	4	GRCh38	71037336	Ensembl REST variation endpoint	https://rest.ensembl.org/variation/homo_sapiens	2026-05-22	unique autosomal SNP mapping in both GRCh37 and GRCh38
rs984991	4	GRCh36	75955565	candidate BIM/PVAR position		2026-05-22	source-build position preserved from candidate genotype map
rs984991	4	GRCh37	75736541	Ensembl REST variation endpoint	https://grch37.rest.ensembl.org/variation/homo_sapiens	2026-05-22	unique autosomal SNP mapping in both GRCh37 and GRCh38
rs984991	4	GRCh38	74811331	Ensembl REST variation endpoint	https://rest.ensembl.org/variation/homo_sapiens	2026-05-22	unique autosomal SNP mapping in both GRCh37 and GRCh38
rs6533835	4	GRCh36	79779982	candidate BIM/PVAR position		2026-05-22	source-build position preserved from candidate genotype map
rs6533835	4	GRCh37	79560958	Ensembl REST variation endpoint	https://grch37.rest.ensembl.org/variation/homo_sapiens	2026-05-22	unique autosomal SNP mapping in both GRCh37 and GRCh38
rs6533835	4	GRCh38	78639804	Ensembl REST variation endpoint	https://rest.ensembl.org/variation/homo_sapiens	2026-05-22	unique autosomal SNP mapping in both GRCh37 and GRCh38
rs6822283	4	GRCh36	83437254	candidate BIM/PVAR position		2026-05-22	source-build position preserved from candidate genotype map
rs6822283	4	GRCh37	83218230	Ensembl REST variation endpoint	https://grch37.rest.ensembl.org/variation/homo_sapiens	2026-05-22	unique autosomal SNP mapping in both GRCh37 and GRCh38
rs6822283	4	GRCh38	82297077	Ensembl REST variation endpoint	https://rest.ensembl.org/variation/homo_sapiens	2026-05-22	unique autosomal SNP mapping in both GRCh37 and GRCh38
rs4334746	4	GRCh36	87291488	candidate BIM/PVAR position		2026-05-22	source-build position preserved from candidate genotype map
rs4334746	4	GRCh37	87072464	Ensembl REST variation endpoint	https://grch37.rest.ensembl.org/variation/homo_sapiens	2026-05-22	unique autosomal SNP mapping in both GRCh37 and GRCh38
rs4334746	4	GRCh38	86151311	Ensembl REST variation endpoint	https://rest.ensembl.org/variation/homo_sapiens	2026-05-22	unique autosomal SNP mapping in both GRCh37 and GRCh38
rs11728457	4	GRCh36	91157598	candidate BIM/PVAR position		2026-05-22	source-build position preserved from candidate genotype map
rs11728457	4	GRCh37	90938575	Ensembl REST variation endpoint	https://grch37.rest.ensembl.org/variation/homo_sapiens	2026-05-22	unique autosomal SNP mapping in both GRCh37 and GRCh38
rs11728457	4	GRCh38	90017424	Ensembl REST variation endpoint	https://rest.ensembl.org/variation/homo_sapiens	2026-05-22	unique autosomal SNP mapping in both GRCh37 and GRCh38
rs7669474	4	GRCh36	94801207	candidate BIM/PVAR position		2026-05-22	source-build position preserved from candidate genotype map
rs7669474	4	GRCh37	94582184	Ensembl REST variation endpoint	https://grch37.rest.ensembl.org/variation/homo_sapiens	2026-05-22	unique autosomal SNP mapping in both GRCh37 and GRCh38
rs7669474	4	GRCh38	93661033	Ensembl REST variation endpoint	https://rest.ensembl.org/variation/homo_sapiens	2026-05-22	unique autosomal SNP mapping in both GRCh37 and GRCh38
rs4699497	4	GRCh36	97431097	candidate BIM/PVAR position		2026-05-22	source-build position preserved from candidate genotype map
rs4699497	4	GRCh37	97212074	Ensembl REST variation endpoint	https://grch37.rest.ensembl.org/variation/homo_sapiens	2026-05-22	unique autosomal SNP mapping in both GRCh37 and GRCh38
rs4699497	4	GRCh38	96290923	Ensembl REST variation endpoint	https://rest.ensembl.org/variation/homo_sapiens	2026-05-22	unique autosomal SNP mapping in both GRCh37 and GRCh38
rs11097688	4	GRCh36	101276369	candidate BIM/PVAR position		2026-05-22	source-build position preserved from candidate genotype map
rs11097688	4	GRCh37	101057346	Ensembl REST variation endpoint	https://grch37.rest.ensembl.org/variation/homo_sapiens	2026-05-22	unique autosomal SNP mapping in both GRCh37 and GRCh38
rs11097688	4	GRCh38	100136189	Ensembl REST variation endpoint	https://rest.ensembl.org/variation/homo_sapiens	2026-05-22	unique autosomal SNP mapping in both GRCh37 and GRCh38
rs7656744	4	GRCh36	104921267	candidate BIM/PVAR position		2026-05-22	source-build position preserved from candidate genotype map
rs7656744	4	GRCh37	104701818	Ensembl REST variation endpoint	https://grch37.rest.ensembl.org/variation/homo_sapiens	2026-05-22	unique autosomal SNP mapping in both GRCh37 and GRCh38
rs7656744	4	GRCh38	103780661	Ensembl REST variation endpoint	https://rest.ensembl.org/variation/homo_sapiens	2026-05-22	unique autosomal SNP mapping in both GRCh37 and GRCh38
rs4956111	4	GRCh36	108767314	candidate BIM/PVAR position		2026-05-22	source-build position preserved from candidate genotype map
rs4956111	4	GRCh37	108547865	Ensembl REST variation endpoint	https://grch37.rest.ensembl.org/variation/homo_sapiens	2026-05-22	unique autosomal SNP mapping in both GRCh37 and GRCh38
rs4956111	4	GRCh38	107626709	Ensembl REST variation endpoint	https://rest.ensembl.org/variation/homo_sapiens	2026-05-22	unique autosomal SNP mapping in both GRCh37 and GRCh38
rs3112843	4	GRCh36	112606336	candidate BIM/PVAR position		2026-05-22	source-build position preserved from candidate genotype map
rs3112843	4	GRCh37	112386887	Ensembl REST variation endpoint	https://grch37.rest.ensembl.org/variation/homo_sapiens	2026-05-22	unique autosomal SNP mapping in both GRCh37 and GRCh38
rs3112843	4	GRCh38	111465731	Ensembl REST variation endpoint	https://rest.ensembl.org/variation/homo_sapiens	2026-05-22	unique autosomal SNP mapping in both GRCh37 and GRCh38
rs2389072	4	GRCh36	116451797	candidate BIM/PVAR position		2026-05-22	source-build position preserved from candidate genotype map
rs2389072	4	GRCh37	116232348	Ensembl REST variation endpoint	https://grch37.rest.ensembl.org/variation/homo_sapiens	2026-05-22	unique autosomal SNP mapping in both GRCh37 and GRCh38
rs2389072	4	GRCh38	115311192	Ensembl REST variation endpoint	https://rest.ensembl.org/variation/homo_sapiens	2026-05-22	unique autosomal SNP mapping in both GRCh37 and GRCh38
rs1387981	4	GRCh36	120094940	candidate BIM/PVAR position		2026-05-22	source-build position preserved from candidate genotype map
rs1387981	4	GRCh37	119875492	Ensembl REST variation endpoint	https://grch37.rest.ensembl.org/variation/homo_sapiens	2026-05-22	unique autosomal SNP mapping in both GRCh37 and GRCh38
rs1387981	4	GRCh38	118954337	Ensembl REST variation endpoint	https://rest.ensembl.org/variation/homo_sapiens	2026-05-22	unique autosomal SNP mapping in both GRCh37 and GRCh38
rs13138349	4	GRCh36	123929747	candidate BIM/PVAR position		2026-05-22	source-build position preserved from candidate genotype map
rs13138349	4	GRCh37	123710297	Ensembl REST variation endpoint	https://grch37.rest.ensembl.org/variation/homo_sapiens	2026-05-22	unique autosomal SNP mapping in both GRCh37 and GRCh38
rs13138349	4	GRCh38	122789142	Ensembl REST variation endpoint	https://rest.ensembl.org/variation/homo_sapiens	2026-05-22	unique autosomal SNP mapping in both GRCh37 and GRCh38
rs313130	4	GRCh36	127764358	candidate BIM/PVAR position		2026-05-22	source-build position preserved from candidate genotype map
rs313130	4	GRCh37	127544908	Ensembl REST variation endpoint	https://grch37.rest.ensembl.org/variation/homo_sapiens	2026-05-22	unique autosomal SNP mapping in both GRCh37 and GRCh38
rs313130	4	GRCh38	126623753	Ensembl REST variation endpoint	https://rest.ensembl.org/variation/homo_sapiens	2026-05-22	unique autosomal SNP mapping in both GRCh37 and GRCh38
rs10020348	4	GRCh36	131610447	candidate BIM/PVAR position		2026-05-22	source-build position preserved from candidate genotype map
rs10020348	4	GRCh37	131390997	Ensembl REST variation endpoint	https://grch37.rest.ensembl.org/variation/homo_sapiens	2026-05-22	unique autosomal SNP mapping in both GRCh37 and GRCh38
rs10020348	4	GRCh38	130469842	Ensembl REST variation endpoint	https://rest.ensembl.org/variation/homo_sapiens	2026-05-22	unique autosomal SNP mapping in both GRCh37 and GRCh38
rs12641896	4	GRCh36	134082404	candidate BIM/PVAR position		2026-05-22	source-build position preserved from candidate genotype map
rs12641896	4	GRCh37	133862954	Ensembl REST variation endpoint	https://grch37.rest.ensembl.org/variation/homo_sapiens	2026-05-22	unique autosomal SNP mapping in both GRCh37 and GRCh38
rs12641896	4	GRCh38	132941799	Ensembl REST variation endpoint	https://rest.ensembl.org/variation/homo_sapiens	2026-05-22	unique autosomal SNP mapping in both GRCh37 and GRCh38
rs7686560	4	GRCh36	137930105	candidate BIM/PVAR position		2026-05-22	source-build position preserved from candidate genotype map
rs7686560	4	GRCh37	137710655	Ensembl REST variation endpoint	https://grch37.rest.ensembl.org/variation/homo_sapiens	2026-05-22	unique autosomal SNP mapping in both GRCh37 and GRCh38
rs7686560	4	GRCh38	136789500	Ensembl REST variation endpoint	https://rest.ensembl.org/variation/homo_sapiens	2026-05-22	unique autosomal SNP mapping in both GRCh37 and GRCh38
rs1560440	4	GRCh36	141763447	candidate BIM/PVAR position		2026-05-22	source-build position preserved from candidate genotype map
rs1560440	4	GRCh37	141543997	Ensembl REST variation endpoint	https://grch37.rest.ensembl.org/variation/homo_sapiens	2026-05-22	unique autosomal SNP mapping in both GRCh37 and GRCh38
rs1560440	4	GRCh38	140622843	Ensembl REST variation endpoint	https://rest.ensembl.org/variation/homo_sapiens	2026-05-22	unique autosomal SNP mapping in both GRCh37 and GRCh38
rs13146588	4	GRCh36	145430284	candidate BIM/PVAR position		2026-05-22	source-build position preserved from candidate genotype map
rs13146588	4	GRCh37	145210834	Ensembl REST variation endpoint	https://grch37.rest.ensembl.org/variation/homo_sapiens	2026-05-22	unique autosomal SNP mapping in both GRCh37 and GRCh38
rs13146588	4	GRCh38	144289681	Ensembl REST variation endpoint	https://rest.ensembl.org/variation/homo_sapiens	2026-05-22	unique autosomal SNP mapping in both GRCh37 and GRCh38
rs11099678	4	GRCh36	149272300	candidate BIM/PVAR position		2026-05-22	source-build position preserved from candidate genotype map
rs11099678	4	GRCh37	149052850	Ensembl REST variation endpoint	https://grch37.rest.ensembl.org/variation/homo_sapiens	2026-05-22	unique autosomal SNP mapping in both GRCh37 and GRCh38
rs11099678	4	GRCh38	148131699	Ensembl REST variation endpoint	https://rest.ensembl.org/variation/homo_sapiens	2026-05-22	unique autosomal SNP mapping in both GRCh37 and GRCh38
rs360927	4	GRCh36	153126295	candidate BIM/PVAR position		2026-05-22	source-build position preserved from candidate genotype map
rs360927	4	GRCh37	152906845	Ensembl REST variation endpoint	https://grch37.rest.ensembl.org/variation/homo_sapiens	2026-05-22	unique autosomal SNP mapping in both GRCh37 and GRCh38
rs360927	4	GRCh38	151985693	Ensembl REST variation endpoint	https://rest.ensembl.org/variation/homo_sapiens	2026-05-22	unique autosomal SNP mapping in both GRCh37 and GRCh38
rs11100006	4	GRCh36	156773239	candidate BIM/PVAR position		2026-05-22	source-build position preserved from candidate genotype map
rs11100006	4	GRCh37	156553789	Ensembl REST variation endpoint	https://grch37.rest.ensembl.org/variation/homo_sapiens	2026-05-22	unique autosomal SNP mapping in both GRCh37 and GRCh38
rs11100006	4	GRCh38	155632637	Ensembl REST variation endpoint	https://rest.ensembl.org/variation/homo_sapiens	2026-05-22	unique autosomal SNP mapping in both GRCh37 and GRCh38
rs7689344	4	GRCh36	160605931	candidate BIM/PVAR position		2026-05-22	source-build position preserved from candidate genotype map
rs7689344	4	GRCh37	160386481	Ensembl REST variation endpoint	https://grch37.rest.ensembl.org/variation/homo_sapiens	2026-05-22	unique autosomal SNP mapping in both GRCh37 and GRCh38
rs7689344	4	GRCh38	159465329	Ensembl REST variation endpoint	https://rest.ensembl.org/variation/homo_sapiens	2026-05-22	unique autosomal SNP mapping in both GRCh37 and GRCh38
rs10033119	4	GRCh36	164465304	candidate BIM/PVAR position		2026-05-22	source-build position preserved from candidate genotype map
rs10033119	4	GRCh37	164245854	Ensembl REST variation endpoint	https://grch37.rest.ensembl.org/variation/homo_sapiens	2026-05-22	unique autosomal SNP mapping in both GRCh37 and GRCh38
rs10033119	4	GRCh38	163324702	Ensembl REST variation endpoint	https://rest.ensembl.org/variation/homo_sapiens	2026-05-22	unique autosomal SNP mapping in both GRCh37 and GRCh38
rs1079310	4	GRCh36	168313270	candidate BIM/PVAR position		2026-05-22	source-build position preserved from candidate genotype map
rs1079310	4	GRCh37	168076695	Ensembl REST variation endpoint	https://grch37.rest.ensembl.org/variation/homo_sapiens	2026-05-22	unique autosomal SNP mapping in both GRCh37 and GRCh38
rs1079310	4	GRCh38	167155544	Ensembl REST variation endpoint	https://rest.ensembl.org/variation/homo_sapiens	2026-05-22	unique autosomal SNP mapping in both GRCh37 and GRCh38
rs12647730	4	GRCh36	171978509	candidate BIM/PVAR position		2026-05-22	source-build position preserved from candidate genotype map
rs12647730	4	GRCh37	171741934	Ensembl REST variation endpoint	https://grch37.rest.ensembl.org/variation/homo_sapiens	2026-05-22	unique autosomal SNP mapping in both GRCh37 and GRCh38
rs12647730	4	GRCh38	170820783	Ensembl REST variation endpoint	https://rest.ensembl.org/variation/homo_sapiens	2026-05-22	unique autosomal SNP mapping in both GRCh37 and GRCh38
rs13109367	4	GRCh36	174611906	candidate BIM/PVAR position		2026-05-22	source-build position preserved from candidate genotype map
rs13109367	4	GRCh37	174375331	Ensembl REST variation endpoint	https://grch37.rest.ensembl.org/variation/homo_sapiens	2026-05-22	unique autosomal SNP mapping in both GRCh37 and GRCh38
rs13109367	4	GRCh38	173454180	Ensembl REST variation endpoint	https://rest.ensembl.org/variation/homo_sapiens	2026-05-22	unique autosomal SNP mapping in both GRCh37 and GRCh38
rs6854706	4	GRCh36	178252190	candidate BIM/PVAR position		2026-05-22	source-build position preserved from candidate genotype map
rs6854706	4	GRCh37	178015196	Ensembl REST variation endpoint	https://grch37.rest.ensembl.org/variation/homo_sapiens	2026-05-22	unique autosomal SNP mapping in both GRCh37 and GRCh38
rs6854706	4	GRCh38	177094042	Ensembl REST variation endpoint	https://rest.ensembl.org/variation/homo_sapiens	2026-05-22	unique autosomal SNP mapping in both GRCh37 and GRCh38
rs11132030	4	GRCh36	182100620	candidate BIM/PVAR position		2026-05-22	source-build position preserved from candidate genotype map
rs11132030	4	GRCh37	181863626	Ensembl REST variation endpoint	https://grch37.rest.ensembl.org/variation/homo_sapiens	2026-05-22	unique autosomal SNP mapping in both GRCh37 and GRCh38
rs11132030	4	GRCh38	180942473	Ensembl REST variation endpoint	https://rest.ensembl.org/variation/homo_sapiens	2026-05-22	unique autosomal SNP mapping in both GRCh37 and GRCh38
rs7691972	4	GRCh36	185931691	candidate BIM/PVAR position		2026-05-22	source-build position preserved from candidate genotype map
rs7691972	4	GRCh37	185694697	Ensembl REST variation endpoint	https://grch37.rest.ensembl.org/variation/homo_sapiens	2026-05-22	unique autosomal SNP mapping in both GRCh37 and GRCh38
rs7691972	4	GRCh38	184773543	Ensembl REST variation endpoint	https://rest.ensembl.org/variation/homo_sapiens	2026-05-22	unique autosomal SNP mapping in both GRCh37 and GRCh38
rs590199	5	GRCh36	4953062	candidate BIM/PVAR position		2026-05-22	source-build position preserved from candidate genotype map
rs590199	5	GRCh37	4900062	Ensembl REST variation endpoint	https://grch37.rest.ensembl.org/variation/homo_sapiens	2026-05-22	unique autosomal SNP mapping in both GRCh37 and GRCh38
rs590199	5	GRCh38	4899949	Ensembl REST variation endpoint	https://rest.ensembl.org/variation/homo_sapiens	2026-05-22	unique autosomal SNP mapping in both GRCh37 and GRCh38
rs17210921	5	GRCh36	8374995	candidate BIM/PVAR position		2026-05-22	source-build position preserved from candidate genotype map
rs17210921	5	GRCh37	8321995	Ensembl REST variation endpoint	https://grch37.rest.ensembl.org/variation/homo_sapiens	2026-05-22	unique autosomal SNP mapping in both GRCh37 and GRCh38
rs17210921	5	GRCh38	8321882	Ensembl REST variation endpoint	https://rest.ensembl.org/variation/homo_sapiens	2026-05-22	unique autosomal SNP mapping in both GRCh37 and GRCh38
rs4701928	5	GRCh36	11997898	candidate BIM/PVAR position		2026-05-22	source-build position preserved from candidate genotype map
rs4701928	5	GRCh37	11944898	Ensembl REST variation endpoint	https://grch37.rest.ensembl.org/variation/homo_sapiens	2026-05-22	unique autosomal SNP mapping in both GRCh37 and GRCh38
rs4701928	5	GRCh38	11944786	Ensembl REST variation endpoint	https://rest.ensembl.org/variation/homo_sapiens	2026-05-22	unique autosomal SNP mapping in both GRCh37 and GRCh38
rs7706439	5	GRCh36	15639293	candidate BIM/PVAR position		2026-05-22	source-build position preserved from candidate genotype map
rs7706439	5	GRCh37	15586293	Ensembl REST variation endpoint	https://grch37.rest.ensembl.org/variation/homo_sapiens	2026-05-22	unique autosomal SNP mapping in both GRCh37 and GRCh38
rs7706439	5	GRCh38	15586184	Ensembl REST variation endpoint	https://rest.ensembl.org/variation/homo_sapiens	2026-05-22	unique autosomal SNP mapping in both GRCh37 and GRCh38
rs4490578	5	GRCh36	19301858	candidate BIM/PVAR position		2026-05-22	source-build position preserved from candidate genotype map
rs4490578	5	GRCh37	19266101	Ensembl REST variation endpoint	https://grch37.rest.ensembl.org/variation/homo_sapiens	2026-05-22	unique autosomal SNP mapping in both GRCh37 and GRCh38
rs4490578	5	GRCh38	19265992	Ensembl REST variation endpoint	https://rest.ensembl.org/variation/homo_sapiens	2026-05-22	unique autosomal SNP mapping in both GRCh37 and GRCh38
rs11740186	5	GRCh36	22758473	candidate BIM/PVAR position		2026-05-22	source-build position preserved from candidate genotype map
rs11740186	5	GRCh37	22722716	Ensembl REST variation endpoint	https://grch37.rest.ensembl.org/variation/homo_sapiens	2026-05-22	unique autosomal SNP mapping in both GRCh37 and GRCh38
rs11740186	5	GRCh38	22722607	Ensembl REST variation endpoint	https://rest.ensembl.org/variation/homo_sapiens	2026-05-22	unique autosomal SNP mapping in both GRCh37 and GRCh38
rs2036009	5	GRCh36	26424882	candidate BIM/PVAR position		2026-05-22	source-build position preserved from candidate genotype map
rs2036009	5	GRCh37	26389125	Ensembl REST variation endpoint	https://grch37.rest.ensembl.org/variation/homo_sapiens	2026-05-22	unique autosomal SNP mapping in both GRCh37 and GRCh38
rs2036009	5	GRCh38	26389016	Ensembl REST variation endpoint	https://rest.ensembl.org/variation/homo_sapiens	2026-05-22	unique autosomal SNP mapping in both GRCh37 and GRCh38
rs10520944	5	GRCh36	28874857	candidate BIM/PVAR position		2026-05-22	source-build position preserved from candidate genotype map
rs10520944	5	GRCh37	28839100	Ensembl REST variation endpoint	https://grch37.rest.ensembl.org/variation/homo_sapiens	2026-05-22	unique autosomal SNP mapping in both GRCh37 and GRCh38
rs10520944	5	GRCh38	28838993	Ensembl REST variation endpoint	https://rest.ensembl.org/variation/homo_sapiens	2026-05-22	unique autosomal SNP mapping in both GRCh37 and GRCh38
rs3935489	5	GRCh36	32329492	candidate BIM/PVAR position		2026-05-22	source-build position preserved from candidate genotype map
rs3935489	5	GRCh37	32293735	Ensembl REST variation endpoint	https://grch37.rest.ensembl.org/variation/homo_sapiens	2026-05-22	unique autosomal SNP mapping in both GRCh37 and GRCh38
rs3935489	5	GRCh38	32293629	Ensembl REST variation endpoint	https://rest.ensembl.org/variation/homo_sapiens	2026-05-22	unique autosomal SNP mapping in both GRCh37 and GRCh38
rs700165	5	GRCh36	35989900	candidate BIM/PVAR position		2026-05-22	source-build position preserved from candidate genotype map
rs700165	5	GRCh37	35954143	Ensembl REST variation endpoint	https://grch37.rest.ensembl.org/variation/homo_sapiens	2026-05-22	unique autosomal SNP mapping in both GRCh37 and GRCh38
rs700165	5	GRCh38	35954041	Ensembl REST variation endpoint	https://rest.ensembl.org/variation/homo_sapiens	2026-05-22	unique autosomal SNP mapping in both GRCh37 and GRCh38
rs4957483	5	GRCh36	39623467	candidate BIM/PVAR position		2026-05-22	source-build position preserved from candidate genotype map
rs4957483	5	GRCh37	39587710	Ensembl REST variation endpoint	https://grch37.rest.ensembl.org/variation/homo_sapiens	2026-05-22	unique autosomal SNP mapping in both GRCh37 and GRCh38
rs4957483	5	GRCh38	39587608	Ensembl REST variation endpoint	https://rest.ensembl.org/variation/homo_sapiens	2026-05-22	unique autosomal SNP mapping in both GRCh37 and GRCh38
rs9292862	5	GRCh36	43063978	candidate BIM/PVAR position		2026-05-22	source-build position preserved from candidate genotype map
rs9292862	5	GRCh37	43028221	Ensembl REST variation endpoint	https://grch37.rest.ensembl.org/variation/homo_sapiens	2026-05-22	unique autosomal SNP mapping in both GRCh37 and GRCh38
rs9292862	5	GRCh38	43028119	Ensembl REST variation endpoint	https://rest.ensembl.org/variation/homo_sapiens	2026-05-22	unique autosomal SNP mapping in both GRCh37 and GRCh38
rs9717195	5	GRCh36	46338538	candidate BIM/PVAR position		2026-05-22	source-build position preserved from candidate genotype map
rs9717195	5	GRCh37	46302781	Ensembl REST variation endpoint	https://grch37.rest.ensembl.org/variation/homo_sapiens	2026-05-22	unique autosomal SNP mapping in both GRCh37 and GRCh38
rs9717195	5	GRCh38	46302679	Ensembl REST variation endpoint	https://rest.ensembl.org/variation/homo_sapiens	2026-05-22	unique autosomal SNP mapping in both GRCh37 and GRCh38
rs10042504	5	GRCh36	49717920	candidate BIM/PVAR position		2026-05-22	source-build position preserved from candidate genotype map
rs10042504	5	GRCh37	49682163	Ensembl REST variation endpoint	https://grch37.rest.ensembl.org/variation/homo_sapiens	2026-05-22	unique autosomal SNP mapping in both GRCh37 and GRCh38
rs10042504	5	GRCh38	50386329	Ensembl REST variation endpoint	https://rest.ensembl.org/variation/homo_sapiens	2026-05-22	unique autosomal SNP mapping in both GRCh37 and GRCh38
rs4569832	5	GRCh36	52774244	candidate BIM/PVAR position		2026-05-22	source-build position preserved from candidate genotype map
rs4569832	5	GRCh37	52738487	Ensembl REST variation endpoint	https://grch37.rest.ensembl.org/variation/homo_sapiens	2026-05-22	unique autosomal SNP mapping in both GRCh37 and GRCh38
rs4569832	5	GRCh38	53442657	Ensembl REST variation endpoint	https://rest.ensembl.org/variation/homo_sapiens	2026-05-22	unique autosomal SNP mapping in both GRCh37 and GRCh38
rs832581	5	GRCh36	56210209	candidate BIM/PVAR position		2026-05-22	source-build position preserved from candidate genotype map
rs832581	5	GRCh37	56174452	Ensembl REST variation endpoint	https://grch37.rest.ensembl.org/variation/homo_sapiens	2026-05-22	unique autosomal SNP mapping in both GRCh37 and GRCh38
rs832581	5	GRCh38	56878625	Ensembl REST variation endpoint	https://rest.ensembl.org/variation/homo_sapiens	2026-05-22	unique autosomal SNP mapping in both GRCh37 and GRCh38
rs35386	5	GRCh36	59838540	candidate BIM/PVAR position		2026-05-22	source-build position preserved from candidate genotype map
rs35386	5	GRCh37	59802783	Ensembl REST variation endpoint	https://grch37.rest.ensembl.org/variation/homo_sapiens	2026-05-22	unique autosomal SNP mapping in both GRCh37 and GRCh38
rs35386	5	GRCh38	60506956	Ensembl REST variation endpoint	https://rest.ensembl.org/variation/homo_sapiens	2026-05-22	unique autosomal SNP mapping in both GRCh37 and GRCh38
rs356587	5	GRCh36	63465981	candidate BIM/PVAR position		2026-05-22	source-build position preserved from candidate genotype map
rs356587	5	GRCh37	63430225	Ensembl REST variation endpoint	https://grch37.rest.ensembl.org/variation/homo_sapiens	2026-05-22	unique autosomal SNP mapping in both GRCh37 and GRCh38
rs356587	5	GRCh38	64134398	Ensembl REST variation endpoint	https://rest.ensembl.org/variation/homo_sapiens	2026-05-22	unique autosomal SNP mapping in both GRCh37 and GRCh38
rs3886050	5	GRCh36	67100960	candidate BIM/PVAR position		2026-05-22	source-build position preserved from candidate genotype map
rs3886050	5	GRCh37	67065204	Ensembl REST variation endpoint	https://grch37.rest.ensembl.org/variation/homo_sapiens	2026-05-22	unique autosomal SNP mapping in both GRCh37 and GRCh38
rs3886050	5	GRCh38	67769376	Ensembl REST variation endpoint	https://rest.ensembl.org/variation/homo_sapiens	2026-05-22	unique autosomal SNP mapping in both GRCh37 and GRCh38
rs7702814	5	GRCh36	70685177	candidate BIM/PVAR position		2026-05-22	source-build position preserved from candidate genotype map
rs7702814	5	GRCh37	70649421	Ensembl REST variation endpoint	https://grch37.rest.ensembl.org/variation/homo_sapiens	2026-05-22	unique autosomal SNP mapping in both GRCh37 and GRCh38
rs7702814	5	GRCh38	71353594	Ensembl REST variation endpoint	https://rest.ensembl.org/variation/homo_sapiens	2026-05-22	unique autosomal SNP mapping in both GRCh37 and GRCh38
rs15694	5	GRCh36	74109298	candidate BIM/PVAR position		2026-05-22	source-build position preserved from candidate genotype map
rs15694	5	GRCh37	74073542	Ensembl REST variation endpoint	https://grch37.rest.ensembl.org/variation/homo_sapiens	2026-05-22	unique autosomal SNP mapping in both GRCh37 and GRCh38
rs15694	5	GRCh38	74777717	Ensembl REST variation endpoint	https://rest.ensembl.org/variation/homo_sapiens	2026-05-22	unique autosomal SNP mapping in both GRCh37 and GRCh38
rs4143069	5	GRCh36	77740604	candidate BIM/PVAR position		2026-05-22	source-build position preserved from candidate genotype map
rs4143069	5	GRCh37	77704848	Ensembl REST variation endpoint	https://grch37.rest.ensembl.org/variation/homo_sapiens	2026-05-22	unique autosomal SNP mapping in both GRCh37 and GRCh38
rs4143069	5	GRCh38	78409024	Ensembl REST variation endpoint	https://rest.ensembl.org/variation/homo_sapiens	2026-05-22	unique autosomal SNP mapping in both GRCh37 and GRCh38
rs16899359	5	GRCh36	81403076	candidate BIM/PVAR position		2026-05-22	source-build position preserved from candidate genotype map
rs16899359	5	GRCh37	81367320	Ensembl REST variation endpoint	https://grch37.rest.ensembl.org/variation/homo_sapiens	2026-05-22	unique autosomal SNP mapping in both GRCh37 and GRCh38
rs16899359	5	GRCh38	82071501	Ensembl REST variation endpoint	https://rest.ensembl.org/variation/homo_sapiens	2026-05-22	unique autosomal SNP mapping in both GRCh37 and GRCh38
rs4920828	5	GRCh36	85048029	candidate BIM/PVAR position		2026-05-22	source-build position preserved from candidate genotype map
rs4920828	5	GRCh37	85012273	Ensembl REST variation endpoint	https://grch37.rest.ensembl.org/variation/homo_sapiens	2026-05-22	unique autosomal SNP mapping in both GRCh37 and GRCh38
rs4920828	5	GRCh38	85716455	Ensembl REST variation endpoint	https://rest.ensembl.org/variation/homo_sapiens	2026-05-22	unique autosomal SNP mapping in both GRCh37 and GRCh38
rs765178	5	GRCh36	88489132	candidate BIM/PVAR position		2026-05-22	source-build position preserved from candidate genotype map
rs765178	5	GRCh37	88453376	Ensembl REST variation endpoint	https://grch37.rest.ensembl.org/variation/homo_sapiens	2026-05-22	unique autosomal SNP mapping in both GRCh37 and GRCh38
rs765178	5	GRCh38	89157559	Ensembl REST variation endpoint	https://rest.ensembl.org/variation/homo_sapiens	2026-05-22	unique autosomal SNP mapping in both GRCh37 and GRCh38
rs154808	5	GRCh36	92141824	candidate BIM/PVAR position		2026-05-22	source-build position preserved from candidate genotype map
rs154808	5	GRCh37	92116068	Ensembl REST variation endpoint	https://grch37.rest.ensembl.org/variation/homo_sapiens	2026-05-22	unique autosomal SNP mapping in both GRCh37 and GRCh38
rs154808	5	GRCh38	92780361	Ensembl REST variation endpoint	https://rest.ensembl.org/variation/homo_sapiens	2026-05-22	unique autosomal SNP mapping in both GRCh37 and GRCh38
rs6231	5	GRCh36	95783348	candidate BIM/PVAR position		2026-05-22	source-build position preserved from candidate genotype map
rs6231	5	GRCh37	95757592	Ensembl REST variation endpoint	https://grch37.rest.ensembl.org/variation/homo_sapiens	2026-05-22	unique autosomal SNP mapping in both GRCh37 and GRCh38
rs6231	5	GRCh38	96421888	Ensembl REST variation endpoint	https://rest.ensembl.org/variation/homo_sapiens	2026-05-22	unique autosomal SNP mapping in both GRCh37 and GRCh38
rs1901953	5	GRCh36	99234017	candidate BIM/PVAR position		2026-05-22	source-build position preserved from candidate genotype map
rs1901953	5	GRCh37	99206118	Ensembl REST variation endpoint	https://grch37.rest.ensembl.org/variation/homo_sapiens	2026-05-22	unique autosomal SNP mapping in both GRCh37 and GRCh38
rs1901953	5	GRCh38	99870414	Ensembl REST variation endpoint	https://rest.ensembl.org/variation/homo_sapiens	2026-05-22	unique autosomal SNP mapping in both GRCh37 and GRCh38
rs7712206	5	GRCh36	101669449	candidate BIM/PVAR position		2026-05-22	source-build position preserved from candidate genotype map
rs7712206	5	GRCh37	101641550	Ensembl REST variation endpoint	https://grch37.rest.ensembl.org/variation/homo_sapiens	2026-05-22	unique autosomal SNP mapping in both GRCh37 and GRCh38
rs7712206	5	GRCh38	102305846	Ensembl REST variation endpoint	https://rest.ensembl.org/variation/homo_sapiens	2026-05-22	unique autosomal SNP mapping in both GRCh37 and GRCh38
rs6882287	5	GRCh36	105308035	candidate BIM/PVAR position		2026-05-22	source-build position preserved from candidate genotype map
rs6882287	5	GRCh37	105280136	Ensembl REST variation endpoint	https://grch37.rest.ensembl.org/variation/homo_sapiens	2026-05-22	unique autosomal SNP mapping in both GRCh37 and GRCh38
rs6882287	5	GRCh38	105944435	Ensembl REST variation endpoint	https://rest.ensembl.org/variation/homo_sapiens	2026-05-22	unique autosomal SNP mapping in both GRCh37 and GRCh38
rs724719	5	GRCh36	108775429	candidate BIM/PVAR position		2026-05-22	source-build position preserved from candidate genotype map
rs724719	5	GRCh37	108747530	Ensembl REST variation endpoint	https://grch37.rest.ensembl.org/variation/homo_sapiens	2026-05-22	unique autosomal SNP mapping in both GRCh37 and GRCh38
rs724719	5	GRCh38	109411829	Ensembl REST variation endpoint	https://rest.ensembl.org/variation/homo_sapiens	2026-05-22	unique autosomal SNP mapping in both GRCh37 and GRCh38
rs4705766	5	GRCh36	112423743	candidate BIM/PVAR position		2026-05-22	source-build position preserved from candidate genotype map
rs4705766	5	GRCh37	112395844	Ensembl REST variation endpoint	https://grch37.rest.ensembl.org/variation/homo_sapiens	2026-05-22	unique autosomal SNP mapping in both GRCh37 and GRCh38
rs4705766	5	GRCh38	113060147	Ensembl REST variation endpoint	https://rest.ensembl.org/variation/homo_sapiens	2026-05-22	unique autosomal SNP mapping in both GRCh37 and GRCh38
rs2933599	5	GRCh36	116055901	candidate BIM/PVAR position		2026-05-22	source-build position preserved from candidate genotype map
rs2933599	5	GRCh37	116028002	Ensembl REST variation endpoint	https://grch37.rest.ensembl.org/variation/homo_sapiens	2026-05-22	unique autosomal SNP mapping in both GRCh37 and GRCh38
rs2933599	5	GRCh38	116692306	Ensembl REST variation endpoint	https://rest.ensembl.org/variation/homo_sapiens	2026-05-22	unique autosomal SNP mapping in both GRCh37 and GRCh38
rs11950688	5	GRCh36	119703661	candidate BIM/PVAR position		2026-05-22	source-build position preserved from candidate genotype map
rs11950688	5	GRCh37	119675762	Ensembl REST variation endpoint	https://grch37.rest.ensembl.org/variation/homo_sapiens	2026-05-22	unique autosomal SNP mapping in both GRCh37 and GRCh38
rs11950688	5	GRCh38	120340067	Ensembl REST variation endpoint	https://rest.ensembl.org/variation/homo_sapiens	2026-05-22	unique autosomal SNP mapping in both GRCh37 and GRCh38
rs3905509	5	GRCh36	123134880	candidate BIM/PVAR position		2026-05-22	source-build position preserved from candidate genotype map
rs3905509	5	GRCh37	123106981	Ensembl REST variation endpoint	https://grch37.rest.ensembl.org/variation/homo_sapiens	2026-05-22	unique autosomal SNP mapping in both GRCh37 and GRCh38
rs3905509	5	GRCh38	123771287	Ensembl REST variation endpoint	https://rest.ensembl.org/variation/homo_sapiens	2026-05-22	unique autosomal SNP mapping in both GRCh37 and GRCh38
rs17165090	5	GRCh36	126768215	candidate BIM/PVAR position		2026-05-22	source-build position preserved from candidate genotype map
rs17165090	5	GRCh37	126740316	Ensembl REST variation endpoint	https://grch37.rest.ensembl.org/variation/homo_sapiens	2026-05-22	unique autosomal SNP mapping in both GRCh37 and GRCh38
rs17165090	5	GRCh38	127404624	Ensembl REST variation endpoint	https://rest.ensembl.org/variation/homo_sapiens	2026-05-22	unique autosomal SNP mapping in both GRCh37 and GRCh38
rs3981334	5	GRCh36	130418543	candidate BIM/PVAR position		2026-05-22	source-build position preserved from candidate genotype map
rs3981334	5	GRCh37	130390644	Ensembl REST variation endpoint	https://grch37.rest.ensembl.org/variation/homo_sapiens	2026-05-22	unique autosomal SNP mapping in both GRCh37 and GRCh38
rs3981334	5	GRCh38	131054951	Ensembl REST variation endpoint	https://rest.ensembl.org/variation/homo_sapiens	2026-05-22	unique autosomal SNP mapping in both GRCh37 and GRCh38
rs246341	5	GRCh36	134061676	candidate BIM/PVAR position		2026-05-22	source-build position preserved from candidate genotype map
rs246341	5	GRCh37	134033777	Ensembl REST variation endpoint	https://grch37.rest.ensembl.org/variation/homo_sapiens	2026-05-22	unique autosomal SNP mapping in both GRCh37 and GRCh38
rs246341	5	GRCh38	134698087	Ensembl REST variation endpoint	https://rest.ensembl.org/variation/homo_sapiens	2026-05-22	unique autosomal SNP mapping in both GRCh37 and GRCh38
rs17171767	5	GRCh36	137521427	candidate BIM/PVAR position		2026-05-22	source-build position preserved from candidate genotype map
rs17171767	5	GRCh37	137493528	Ensembl REST variation endpoint	https://grch37.rest.ensembl.org/variation/homo_sapiens	2026-05-22	unique autosomal SNP mapping in both GRCh37 and GRCh38
rs17171767	5	GRCh38	138157839	Ensembl REST variation endpoint	https://rest.ensembl.org/variation/homo_sapiens	2026-05-22	unique autosomal SNP mapping in both GRCh37 and GRCh38
rs4912778	5	GRCh36	141179153	candidate BIM/PVAR position		2026-05-22	source-build position preserved from candidate genotype map
rs4912778	5	GRCh37	141198969	Ensembl REST variation endpoint	https://grch37.rest.ensembl.org/variation/homo_sapiens	2026-05-22	unique autosomal SNP mapping in both GRCh37 and GRCh38
rs4912778	5	GRCh38	141819404	Ensembl REST variation endpoint	https://rest.ensembl.org/variation/homo_sapiens	2026-05-22	unique autosomal SNP mapping in both GRCh37 and GRCh38
rs4913029	5	GRCh36	144809047	candidate BIM/PVAR position		2026-05-22	source-build position preserved from candidate genotype map
rs4913029	5	GRCh37	144828854	Ensembl REST variation endpoint	https://grch37.rest.ensembl.org/variation/homo_sapiens	2026-05-22	unique autosomal SNP mapping in both GRCh37 and GRCh38
rs4913029	5	GRCh38	145449291	Ensembl REST variation endpoint	https://rest.ensembl.org/variation/homo_sapiens	2026-05-22	unique autosomal SNP mapping in both GRCh37 and GRCh38
rs9325126	5	GRCh36	148258428	candidate BIM/PVAR position		2026-05-22	source-build position preserved from candidate genotype map
rs9325126	5	GRCh37	148278235	Ensembl REST variation endpoint	https://grch37.rest.ensembl.org/variation/homo_sapiens	2026-05-22	unique autosomal SNP mapping in both GRCh37 and GRCh38
rs9325126	5	GRCh38	148898672	Ensembl REST variation endpoint	https://rest.ensembl.org/variation/homo_sapiens	2026-05-22	unique autosomal SNP mapping in both GRCh37 and GRCh38
rs382178	5	GRCh36	150679520	candidate BIM/PVAR position		2026-05-22	source-build position preserved from candidate genotype map
rs382178	5	GRCh37	150699327	Ensembl REST variation endpoint	https://grch37.rest.ensembl.org/variation/homo_sapiens	2026-05-22	unique autosomal SNP mapping in both GRCh37 and GRCh38
rs382178	5	GRCh38	151319766	Ensembl REST variation endpoint	https://rest.ensembl.org/variation/homo_sapiens	2026-05-22	unique autosomal SNP mapping in both GRCh37 and GRCh38
rs13156669	5	GRCh36	154326180	candidate BIM/PVAR position		2026-05-22	source-build position preserved from candidate genotype map
rs13156669	5	GRCh37	154345987	Ensembl REST variation endpoint	https://grch37.rest.ensembl.org/variation/homo_sapiens	2026-05-22	unique autosomal SNP mapping in both GRCh37 and GRCh38
rs13156669	5	GRCh38	154966427	Ensembl REST variation endpoint	https://rest.ensembl.org/variation/homo_sapiens	2026-05-22	unique autosomal SNP mapping in both GRCh37 and GRCh38
rs7708926	5	GRCh36	157770345	candidate BIM/PVAR position		2026-05-22	source-build position preserved from candidate genotype map
rs7708926	5	GRCh37	157837767	Ensembl REST variation endpoint	https://grch37.rest.ensembl.org/variation/homo_sapiens	2026-05-22	unique autosomal SNP mapping in both GRCh37 and GRCh38
rs7708926	5	GRCh38	158410759	Ensembl REST variation endpoint	https://rest.ensembl.org/variation/homo_sapiens	2026-05-22	unique autosomal SNP mapping in both GRCh37 and GRCh38
rs209336	5	GRCh36	161412131	candidate BIM/PVAR position		2026-05-22	source-build position preserved from candidate genotype map
rs209336	5	GRCh37	161479553	Ensembl REST variation endpoint	https://grch37.rest.ensembl.org/variation/homo_sapiens	2026-05-22	unique autosomal SNP mapping in both GRCh37 and GRCh38
rs209336	5	GRCh38	162052547	Ensembl REST variation endpoint	https://rest.ensembl.org/variation/homo_sapiens	2026-05-22	unique autosomal SNP mapping in both GRCh37 and GRCh38
rs262743	5	GRCh36	165064403	candidate BIM/PVAR position		2026-05-22	source-build position preserved from candidate genotype map
rs262743	5	GRCh37	165131825	Ensembl REST variation endpoint	https://grch37.rest.ensembl.org/variation/homo_sapiens	2026-05-22	unique autosomal SNP mapping in both GRCh37 and GRCh38
rs262743	5	GRCh38	165704820	Ensembl REST variation endpoint	https://rest.ensembl.org/variation/homo_sapiens	2026-05-22	unique autosomal SNP mapping in both GRCh37 and GRCh38
rs7706761	5	GRCh36	168701528	candidate BIM/PVAR position		2026-05-22	source-build position preserved from candidate genotype map
rs7706761	5	GRCh37	168768950	Ensembl REST variation endpoint	https://grch37.rest.ensembl.org/variation/homo_sapiens	2026-05-22	unique autosomal SNP mapping in both GRCh37 and GRCh38
rs7706761	5	GRCh38	169341946	Ensembl REST variation endpoint	https://rest.ensembl.org/variation/homo_sapiens	2026-05-22	unique autosomal SNP mapping in both GRCh37 and GRCh38
rs322353	5	GRCh36	172125473	candidate BIM/PVAR position		2026-05-22	source-build position preserved from candidate genotype map
rs322353	5	GRCh37	172192868	Ensembl REST variation endpoint	https://grch37.rest.ensembl.org/variation/homo_sapiens	2026-05-22	unique autosomal SNP mapping in both GRCh37 and GRCh38
rs322353	5	GRCh38	172765865	Ensembl REST variation endpoint	https://rest.ensembl.org/variation/homo_sapiens	2026-05-22	unique autosomal SNP mapping in both GRCh37 and GRCh38
rs11743481	5	GRCh36	175796493	candidate BIM/PVAR position		2026-05-22	source-build position preserved from candidate genotype map
rs11743481	5	GRCh37	175863887	Ensembl REST variation endpoint	https://grch37.rest.ensembl.org/variation/homo_sapiens	2026-05-22	unique autosomal SNP mapping in both GRCh37 and GRCh38
rs11743481	5	GRCh38	176436886	Ensembl REST variation endpoint	https://rest.ensembl.org/variation/homo_sapiens	2026-05-22	unique autosomal SNP mapping in both GRCh37 and GRCh38
rs3812185	6	GRCh36	4552116	candidate BIM/PVAR position		2026-05-22	source-build position preserved from candidate genotype map
rs3812185	6	GRCh37	4607117	Ensembl REST variation endpoint	https://grch37.rest.ensembl.org/variation/homo_sapiens	2026-05-22	unique autosomal SNP mapping in both GRCh37 and GRCh38
rs3812185	6	GRCh38	4606883	Ensembl REST variation endpoint	https://rest.ensembl.org/variation/homo_sapiens	2026-05-22	unique autosomal SNP mapping in both GRCh37 and GRCh38
rs2815136	6	GRCh36	7976622	candidate BIM/PVAR position		2026-05-22	source-build position preserved from candidate genotype map
rs2815136	6	GRCh37	8031623	Ensembl REST variation endpoint	https://grch37.rest.ensembl.org/variation/homo_sapiens	2026-05-22	unique autosomal SNP mapping in both GRCh37 and GRCh38
rs2815136	6	GRCh38	8031390	Ensembl REST variation endpoint	https://rest.ensembl.org/variation/homo_sapiens	2026-05-22	unique autosomal SNP mapping in both GRCh37 and GRCh38
rs7741863	6	GRCh36	11479601	candidate BIM/PVAR position		2026-05-22	source-build position preserved from candidate genotype map
rs7741863	6	GRCh37	11371615	Ensembl REST variation endpoint	https://grch37.rest.ensembl.org/variation/homo_sapiens	2026-05-22	unique autosomal SNP mapping in both GRCh37 and GRCh38
rs7741863	6	GRCh38	11371382	Ensembl REST variation endpoint	https://rest.ensembl.org/variation/homo_sapiens	2026-05-22	unique autosomal SNP mapping in both GRCh37 and GRCh38
rs7756127	6	GRCh36	14698732	candidate BIM/PVAR position		2026-05-22	source-build position preserved from candidate genotype map
rs7756127	6	GRCh37	14590753	Ensembl REST variation endpoint	https://grch37.rest.ensembl.org/variation/homo_sapiens	2026-05-22	unique autosomal SNP mapping in both GRCh37 and GRCh38
rs7756127	6	GRCh38	14590522	Ensembl REST variation endpoint	https://rest.ensembl.org/variation/homo_sapiens	2026-05-22	unique autosomal SNP mapping in both GRCh37 and GRCh38
rs17771861	6	GRCh36	18126722	candidate BIM/PVAR position		2026-05-22	source-build position preserved from candidate genotype map
rs17771861	6	GRCh37	18018743	Ensembl REST variation endpoint	https://grch37.rest.ensembl.org/variation/homo_sapiens	2026-05-22	unique autosomal SNP mapping in both GRCh37 and GRCh38
rs17771861	6	GRCh38	18018512	Ensembl REST variation endpoint	https://rest.ensembl.org/variation/homo_sapiens	2026-05-22	unique autosomal SNP mapping in both GRCh37 and GRCh38
rs4132639	6	GRCh36	21557259	candidate BIM/PVAR position		2026-05-22	source-build position preserved from candidate genotype map
rs4132639	6	GRCh37	21449280	Ensembl REST variation endpoint	https://grch37.rest.ensembl.org/variation/homo_sapiens	2026-05-22	unique autosomal SNP mapping in both GRCh37 and GRCh38
rs4132639	6	GRCh38	21449049	Ensembl REST variation endpoint	https://rest.ensembl.org/variation/homo_sapiens	2026-05-22	unique autosomal SNP mapping in both GRCh37 and GRCh38
rs6930916	6	GRCh36	24989477	candidate BIM/PVAR position		2026-05-22	source-build position preserved from candidate genotype map
rs6930916	6	GRCh37	24881498	Ensembl REST variation endpoint	https://grch37.rest.ensembl.org/variation/homo_sapiens	2026-05-22	unique autosomal SNP mapping in both GRCh37 and GRCh38
rs6930916	6	GRCh38	24881270	Ensembl REST variation endpoint	https://rest.ensembl.org/variation/homo_sapiens	2026-05-22	unique autosomal SNP mapping in both GRCh37 and GRCh38
rs4636015	6	GRCh36	27205295	candidate BIM/PVAR position		2026-05-22	source-build position preserved from candidate genotype map
rs4636015	6	GRCh37	27097316	Ensembl REST variation endpoint	https://grch37.rest.ensembl.org/variation/homo_sapiens	2026-05-22	unique autosomal SNP mapping in both GRCh37 and GRCh38
rs4636015	6	GRCh38	27129537	Ensembl REST variation endpoint	https://rest.ensembl.org/variation/homo_sapiens	2026-05-22	unique autosomal SNP mapping in both GRCh37 and GRCh38
rs2074505	6	GRCh36	30629116	candidate BIM/PVAR position		2026-05-22	source-build position preserved from candidate genotype map
rs2074505	6	GRCh37	30521137	Ensembl REST variation endpoint	https://grch37.rest.ensembl.org/variation/homo_sapiens	2026-05-22	unique autosomal SNP mapping in both GRCh37 and GRCh38
rs2074505	6	GRCh38	30553360	Ensembl REST variation endpoint	https://rest.ensembl.org/variation/homo_sapiens	2026-05-22	unique autosomal SNP mapping in both GRCh37 and GRCh38
rs9469655	6	GRCh36	34043881	candidate BIM/PVAR position		2026-05-22	source-build position preserved from candidate genotype map
rs9469655	6	GRCh37	33935903	Ensembl REST variation endpoint	https://grch37.rest.ensembl.org/variation/homo_sapiens	2026-05-22	unique autosomal SNP mapping in both GRCh37 and GRCh38
rs9469655	6	GRCh38	33968126	Ensembl REST variation endpoint	https://rest.ensembl.org/variation/homo_sapiens	2026-05-22	unique autosomal SNP mapping in both GRCh37 and GRCh38
rs2776797	6	GRCh36	37281063	candidate BIM/PVAR position		2026-05-22	source-build position preserved from candidate genotype map
rs2776797	6	GRCh37	37173085	Ensembl REST variation endpoint	https://grch37.rest.ensembl.org/variation/homo_sapiens	2026-05-22	unique autosomal SNP mapping in both GRCh37 and GRCh38
rs2776797	6	GRCh38	37205309	Ensembl REST variation endpoint	https://rest.ensembl.org/variation/homo_sapiens	2026-05-22	unique autosomal SNP mapping in both GRCh37 and GRCh38
rs10223449	6	GRCh36	40714494	candidate BIM/PVAR position		2026-05-22	source-build position preserved from candidate genotype map
rs10223449	6	GRCh37	40606516	Ensembl REST variation endpoint	https://grch37.rest.ensembl.org/variation/homo_sapiens	2026-05-22	unique autosomal SNP mapping in both GRCh37 and GRCh38
rs10223449	6	GRCh38	40638777	Ensembl REST variation endpoint	https://rest.ensembl.org/variation/homo_sapiens	2026-05-22	unique autosomal SNP mapping in both GRCh37 and GRCh38
rs4714739	6	GRCh36	44172042	candidate BIM/PVAR position		2026-05-22	source-build position preserved from candidate genotype map
rs4714739	6	GRCh37	44064064	Ensembl REST variation endpoint	https://grch37.rest.ensembl.org/variation/homo_sapiens	2026-05-22	unique autosomal SNP mapping in both GRCh37 and GRCh38
rs4714739	6	GRCh38	44096327	Ensembl REST variation endpoint	https://rest.ensembl.org/variation/homo_sapiens	2026-05-22	unique autosomal SNP mapping in both GRCh37 and GRCh38
rs9473064	6	GRCh36	47412860	candidate BIM/PVAR position		2026-05-22	source-build position preserved from candidate genotype map
rs9473064	6	GRCh37	47304901	Ensembl REST variation endpoint	https://grch37.rest.ensembl.org/variation/homo_sapiens	2026-05-22	unique autosomal SNP mapping in both GRCh37 and GRCh38
rs9473064	6	GRCh38	47337165	Ensembl REST variation endpoint	https://rest.ensembl.org/variation/homo_sapiens	2026-05-22	unique autosomal SNP mapping in both GRCh37 and GRCh38
rs2744498	6	GRCh36	50862810	candidate BIM/PVAR position		2026-05-22	source-build position preserved from candidate genotype map
rs2744498	6	GRCh37	50754851	Ensembl REST variation endpoint	https://grch37.rest.ensembl.org/variation/homo_sapiens	2026-05-22	unique autosomal SNP mapping in both GRCh37 and GRCh38
rs2744498	6	GRCh38	50787138	Ensembl REST variation endpoint	https://rest.ensembl.org/variation/homo_sapiens	2026-05-22	unique autosomal SNP mapping in both GRCh37 and GRCh38
rs9370286	6	GRCh36	54286246	candidate BIM/PVAR position		2026-05-22	source-build position preserved from candidate genotype map
rs9370286	6	GRCh37	54178287	Ensembl REST variation endpoint	https://grch37.rest.ensembl.org/variation/homo_sapiens	2026-05-22	unique autosomal SNP mapping in both GRCh37 and GRCh38
rs9370286	6	GRCh38	54313489	Ensembl REST variation endpoint	https://rest.ensembl.org/variation/homo_sapiens	2026-05-22	unique autosomal SNP mapping in both GRCh37 and GRCh38
rs1224813	6	GRCh36	58585230	candidate BIM/PVAR position		2026-05-22	source-build position preserved from candidate genotype map
rs1224813	6	GRCh37	58477271	Ensembl REST variation endpoint	https://grch37.rest.ensembl.org/variation/homo_sapiens	2026-05-22	unique autosomal SNP mapping in both GRCh37 and GRCh38
rs1224813	6	GRCh38	58150993	Ensembl REST variation endpoint	https://rest.ensembl.org/variation/homo_sapiens	2026-05-22	unique autosomal SNP mapping in both GRCh37 and GRCh38
rs4131418	6	GRCh36	57764499	candidate BIM/PVAR position		2026-05-22	source-build position preserved from candidate genotype map
rs4131418	6	GRCh37	57656540	Ensembl REST variation endpoint	https://grch37.rest.ensembl.org/variation/homo_sapiens	2026-05-22	unique autosomal SNP mapping in both GRCh37 and GRCh38
rs4131418	6	GRCh38	60688793	Ensembl REST variation endpoint	https://rest.ensembl.org/variation/homo_sapiens	2026-05-22	unique autosomal SNP mapping in both GRCh37 and GRCh38
rs2881842	6	GRCh36	64381613	candidate BIM/PVAR position		2026-05-22	source-build position preserved from candidate genotype map
rs2881842	6	GRCh37	64323654	Ensembl REST variation endpoint	https://grch37.rest.ensembl.org/variation/homo_sapiens	2026-05-22	unique autosomal SNP mapping in both GRCh37 and GRCh38
rs2881842	6	GRCh38	63613749	Ensembl REST variation endpoint	https://rest.ensembl.org/variation/homo_sapiens	2026-05-22	unique autosomal SNP mapping in both GRCh37 and GRCh38
rs6915607	6	GRCh36	67805557	candidate BIM/PVAR position		2026-05-22	source-build position preserved from candidate genotype map
rs6915607	6	GRCh37	67748836	Ensembl REST variation endpoint	https://grch37.rest.ensembl.org/variation/homo_sapiens	2026-05-22	unique autosomal SNP mapping in both GRCh37 and GRCh38
rs6915607	6	GRCh38	67038943	Ensembl REST variation endpoint	https://rest.ensembl.org/variation/homo_sapiens	2026-05-22	unique autosomal SNP mapping in both GRCh37 and GRCh38
rs2273210	6	GRCh36	71247298	candidate BIM/PVAR position		2026-05-22	source-build position preserved from candidate genotype map
rs2273210	6	GRCh37	71190577	Ensembl REST variation endpoint	https://grch37.rest.ensembl.org/variation/homo_sapiens	2026-05-22	unique autosomal SNP mapping in both GRCh37 and GRCh38
rs2273210	6	GRCh38	70480874	Ensembl REST variation endpoint	https://rest.ensembl.org/variation/homo_sapiens	2026-05-22	unique autosomal SNP mapping in both GRCh37 and GRCh38
rs12203585	6	GRCh36	74690168	candidate BIM/PVAR position		2026-05-22	source-build position preserved from candidate genotype map
rs12203585	6	GRCh37	74633440	Ensembl REST variation endpoint	https://grch37.rest.ensembl.org/variation/homo_sapiens	2026-05-22	unique autosomal SNP mapping in both GRCh37 and GRCh38
rs12203585	6	GRCh38	73923724	Ensembl REST variation endpoint	https://rest.ensembl.org/variation/homo_sapiens	2026-05-22	unique autosomal SNP mapping in both GRCh37 and GRCh38
rs9343576	6	GRCh36	77926164	candidate BIM/PVAR position		2026-05-22	source-build position preserved from candidate genotype map
rs9343576	6	GRCh37	77869445	Ensembl REST variation endpoint	https://grch37.rest.ensembl.org/variation/homo_sapiens	2026-05-22	unique autosomal SNP mapping in both GRCh37 and GRCh38
rs9343576	6	GRCh38	77159728	Ensembl REST variation endpoint	https://rest.ensembl.org/variation/homo_sapiens	2026-05-22	unique autosomal SNP mapping in both GRCh37 and GRCh38
rs9449095	6	GRCh36	81369795	candidate BIM/PVAR position		2026-05-22	source-build position preserved from candidate genotype map
rs9449095	6	GRCh37	81313076	Ensembl REST variation endpoint	https://grch37.rest.ensembl.org/variation/homo_sapiens	2026-05-22	unique autosomal SNP mapping in both GRCh37 and GRCh38
rs9449095	6	GRCh38	80603359	Ensembl REST variation endpoint	https://rest.ensembl.org/variation/homo_sapiens	2026-05-22	unique autosomal SNP mapping in both GRCh37 and GRCh38
rs9362026	6	GRCh36	84816366	candidate BIM/PVAR position		2026-05-22	source-build position preserved from candidate genotype map
rs9362026	6	GRCh37	84759647	Ensembl REST variation endpoint	https://grch37.rest.ensembl.org/variation/homo_sapiens	2026-05-22	unique autosomal SNP mapping in both GRCh37 and GRCh38
rs9362026	6	GRCh38	84049928	Ensembl REST variation endpoint	https://rest.ensembl.org/variation/homo_sapiens	2026-05-22	unique autosomal SNP mapping in both GRCh37 and GRCh38
rs242263	6	GRCh36	88075032	candidate BIM/PVAR position		2026-05-22	source-build position preserved from candidate genotype map
rs242263	6	GRCh37	88018313	Ensembl REST variation endpoint	https://grch37.rest.ensembl.org/variation/homo_sapiens	2026-05-22	unique autosomal SNP mapping in both GRCh37 and GRCh38
rs242263	6	GRCh38	87308595	Ensembl REST variation endpoint	https://rest.ensembl.org/variation/homo_sapiens	2026-05-22	unique autosomal SNP mapping in both GRCh37 and GRCh38
rs1310542	6	GRCh36	91506684	candidate BIM/PVAR position		2026-05-22	source-build position preserved from candidate genotype map
rs1310542	6	GRCh37	91449963	Ensembl REST variation endpoint	https://grch37.rest.ensembl.org/variation/homo_sapiens	2026-05-22	unique autosomal SNP mapping in both GRCh37 and GRCh38
rs1310542	6	GRCh38	90740244	Ensembl REST variation endpoint	https://rest.ensembl.org/variation/homo_sapiens	2026-05-22	unique autosomal SNP mapping in both GRCh37 and GRCh38
rs1750603	6	GRCh36	94958120	candidate BIM/PVAR position		2026-05-22	source-build position preserved from candidate genotype map
rs1750603	6	GRCh37	94901399	Ensembl REST variation endpoint	https://grch37.rest.ensembl.org/variation/homo_sapiens	2026-05-22	unique autosomal SNP mapping in both GRCh37 and GRCh38
rs1750603	6	GRCh38	94191681	Ensembl REST variation endpoint	https://rest.ensembl.org/variation/homo_sapiens	2026-05-22	unique autosomal SNP mapping in both GRCh37 and GRCh38
rs211185	6	GRCh36	97154358	candidate BIM/PVAR position		2026-05-22	source-build position preserved from candidate genotype map
rs211185	6	GRCh37	97047637	Ensembl REST variation endpoint	https://grch37.rest.ensembl.org/variation/homo_sapiens	2026-05-22	unique autosomal SNP mapping in both GRCh37 and GRCh38
rs211185	6	GRCh38	96599761	Ensembl REST variation endpoint	https://rest.ensembl.org/variation/homo_sapiens	2026-05-22	unique autosomal SNP mapping in both GRCh37 and GRCh38
rs9399393	6	GRCh36	100591693	candidate BIM/PVAR position		2026-05-22	source-build position preserved from candidate genotype map
rs9399393	6	GRCh37	100484972	Ensembl REST variation endpoint	https://grch37.rest.ensembl.org/variation/homo_sapiens	2026-05-22	unique autosomal SNP mapping in both GRCh37 and GRCh38
rs9399393	6	GRCh38	100037096	Ensembl REST variation endpoint	https://rest.ensembl.org/variation/homo_sapiens	2026-05-22	unique autosomal SNP mapping in both GRCh37 and GRCh38
rs4946965	6	GRCh36	103872363	candidate BIM/PVAR position		2026-05-22	source-build position preserved from candidate genotype map
rs4946965	6	GRCh37	103765670	Ensembl REST variation endpoint	https://grch37.rest.ensembl.org/variation/homo_sapiens	2026-05-22	unique autosomal SNP mapping in both GRCh37 and GRCh38
rs4946965	6	GRCh38	103317795	Ensembl REST variation endpoint	https://rest.ensembl.org/variation/homo_sapiens	2026-05-22	unique autosomal SNP mapping in both GRCh37 and GRCh38
rs1022630	6	GRCh36	107296340	candidate BIM/PVAR position		2026-05-22	source-build position preserved from candidate genotype map
rs1022630	6	GRCh37	107189647	Ensembl REST variation endpoint	https://grch37.rest.ensembl.org/variation/homo_sapiens	2026-05-22	unique autosomal SNP mapping in both GRCh37 and GRCh38
rs1022630	6	GRCh38	106741772	Ensembl REST variation endpoint	https://rest.ensembl.org/variation/homo_sapiens	2026-05-22	unique autosomal SNP mapping in both GRCh37 and GRCh38
rs41382644	6	GRCh36	110734612	candidate BIM/PVAR position		2026-05-22	source-build position preserved from candidate genotype map
rs41382644	6	GRCh37	110627919	Ensembl REST variation endpoint	https://grch37.rest.ensembl.org/variation/homo_sapiens	2026-05-22	unique autosomal SNP mapping in both GRCh37 and GRCh38
rs41382644	6	GRCh38	110306716	Ensembl REST variation endpoint	https://rest.ensembl.org/variation/homo_sapiens	2026-05-22	unique autosomal SNP mapping in both GRCh37 and GRCh38
rs13208937	6	GRCh36	114176609	candidate BIM/PVAR position		2026-05-22	source-build position preserved from candidate genotype map
rs13208937	6	GRCh37	114069916	Ensembl REST variation endpoint	https://grch37.rest.ensembl.org/variation/homo_sapiens	2026-05-22	unique autosomal SNP mapping in both GRCh37 and GRCh38
rs13208937	6	GRCh38	113748714	Ensembl REST variation endpoint	https://rest.ensembl.org/variation/homo_sapiens	2026-05-22	unique autosomal SNP mapping in both GRCh37 and GRCh38
rs471290	6	GRCh36	117437721	candidate BIM/PVAR position		2026-05-22	source-build position preserved from candidate genotype map
rs471290	6	GRCh37	117331028	Ensembl REST variation endpoint	https://grch37.rest.ensembl.org/variation/homo_sapiens	2026-05-22	unique autosomal SNP mapping in both GRCh37 and GRCh38
rs471290	6	GRCh38	117009865	Ensembl REST variation endpoint	https://rest.ensembl.org/variation/homo_sapiens	2026-05-22	unique autosomal SNP mapping in both GRCh37 and GRCh38
rs17081303	6	GRCh36	119870103	candidate BIM/PVAR position		2026-05-22	source-build position preserved from candidate genotype map
rs17081303	6	GRCh37	119828404	Ensembl REST variation endpoint	https://grch37.rest.ensembl.org/variation/homo_sapiens	2026-05-22	unique autosomal SNP mapping in both GRCh37 and GRCh38
rs17081303	6	GRCh38	119507239	Ensembl REST variation endpoint	https://rest.ensembl.org/variation/homo_sapiens	2026-05-22	unique autosomal SNP mapping in both GRCh37 and GRCh38
rs1485649	6	GRCh36	123131064	candidate BIM/PVAR position		2026-05-22	source-build position preserved from candidate genotype map
rs1485649	6	GRCh37	123089365	Ensembl REST variation endpoint	https://grch37.rest.ensembl.org/variation/homo_sapiens	2026-05-22	unique autosomal SNP mapping in both GRCh37 and GRCh38
rs1485649	6	GRCh38	122768220	Ensembl REST variation endpoint	https://rest.ensembl.org/variation/homo_sapiens	2026-05-22	unique autosomal SNP mapping in both GRCh37 and GRCh38
rs9491587	6	GRCh36	126564514	candidate BIM/PVAR position		2026-05-22	source-build position preserved from candidate genotype map
rs9491587	6	GRCh37	126522821	Ensembl REST variation endpoint	https://grch37.rest.ensembl.org/variation/homo_sapiens	2026-05-22	unique autosomal SNP mapping in both GRCh37 and GRCh38
rs9491587	6	GRCh38	126201675	Ensembl REST variation endpoint	https://rest.ensembl.org/variation/homo_sapiens	2026-05-22	unique autosomal SNP mapping in both GRCh37 and GRCh38
rs2571587	6	GRCh36	129846926	candidate BIM/PVAR position		2026-05-22	source-build position preserved from candidate genotype map
rs2571587	6	GRCh37	129805233	Ensembl REST variation endpoint	https://grch37.rest.ensembl.org/variation/homo_sapiens	2026-05-22	unique autosomal SNP mapping in both GRCh37 and GRCh38
rs2571587	6	GRCh38	129484088	Ensembl REST variation endpoint	https://rest.ensembl.org/variation/homo_sapiens	2026-05-22	unique autosomal SNP mapping in both GRCh37 and GRCh38
rs271133	6	GRCh36	133291045	candidate BIM/PVAR position		2026-05-22	source-build position preserved from candidate genotype map
rs271133	6	GRCh37	133249352	Ensembl REST variation endpoint	https://grch37.rest.ensembl.org/variation/homo_sapiens	2026-05-22	unique autosomal SNP mapping in both GRCh37 and GRCh38
rs271133	6	GRCh38	132928213	Ensembl REST variation endpoint	https://rest.ensembl.org/variation/homo_sapiens	2026-05-22	unique autosomal SNP mapping in both GRCh37 and GRCh38
rs9389383	6	GRCh36	136723366	candidate BIM/PVAR position		2026-05-22	source-build position preserved from candidate genotype map
rs9389383	6	GRCh37	136681673	Ensembl REST variation endpoint	https://grch37.rest.ensembl.org/variation/homo_sapiens	2026-05-22	unique autosomal SNP mapping in both GRCh37 and GRCh38
rs9389383	6	GRCh38	136360535	Ensembl REST variation endpoint	https://rest.ensembl.org/variation/homo_sapiens	2026-05-22	unique autosomal SNP mapping in both GRCh37 and GRCh38
rs4464819	6	GRCh36	140162070	candidate BIM/PVAR position		2026-05-22	source-build position preserved from candidate genotype map
rs4464819	6	GRCh37	140120377	Ensembl REST variation endpoint	https://grch37.rest.ensembl.org/variation/homo_sapiens	2026-05-22	unique autosomal SNP mapping in both GRCh37 and GRCh38
rs4464819	6	GRCh38	139799240	Ensembl REST variation endpoint	https://rest.ensembl.org/variation/homo_sapiens	2026-05-22	unique autosomal SNP mapping in both GRCh37 and GRCh38
rs7750571	6	GRCh36	143410823	candidate BIM/PVAR position		2026-05-22	source-build position preserved from candidate genotype map
rs7750571	6	GRCh37	143369130	Ensembl REST variation endpoint	https://grch37.rest.ensembl.org/variation/homo_sapiens	2026-05-22	unique autosomal SNP mapping in both GRCh37 and GRCh38
rs7750571	6	GRCh38	143047993	Ensembl REST variation endpoint	https://rest.ensembl.org/variation/homo_sapiens	2026-05-22	unique autosomal SNP mapping in both GRCh37 and GRCh38
rs4896869	6	GRCh36	146865131	candidate BIM/PVAR position		2026-05-22	source-build position preserved from candidate genotype map
rs4896869	6	GRCh37	146823438	Ensembl REST variation endpoint	https://grch37.rest.ensembl.org/variation/homo_sapiens	2026-05-22	unique autosomal SNP mapping in both GRCh37 and GRCh38
rs4896869	6	GRCh38	146502302	Ensembl REST variation endpoint	https://rest.ensembl.org/variation/homo_sapiens	2026-05-22	unique autosomal SNP mapping in both GRCh37 and GRCh38
rs5024811	6	GRCh36	150287727	candidate BIM/PVAR position		2026-05-22	source-build position preserved from candidate genotype map
rs5024811	6	GRCh37	150246034	Ensembl REST variation endpoint	https://grch37.rest.ensembl.org/variation/homo_sapiens	2026-05-22	unique autosomal SNP mapping in both GRCh37 and GRCh38
rs5024811	6	GRCh38	149924898	Ensembl REST variation endpoint	https://rest.ensembl.org/variation/homo_sapiens	2026-05-22	unique autosomal SNP mapping in both GRCh37 and GRCh38
rs11969504	6	GRCh36	153714021	candidate BIM/PVAR position		2026-05-22	source-build position preserved from candidate genotype map
rs11969504	6	GRCh37	153672328	Ensembl REST variation endpoint	https://grch37.rest.ensembl.org/variation/homo_sapiens	2026-05-22	unique autosomal SNP mapping in both GRCh37 and GRCh38
rs11969504	6	GRCh38	153351193	Ensembl REST variation endpoint	https://rest.ensembl.org/variation/homo_sapiens	2026-05-22	unique autosomal SNP mapping in both GRCh37 and GRCh38
rs2817469	6	GRCh36	156943039	candidate BIM/PVAR position		2026-05-22	source-build position preserved from candidate genotype map
rs2817469	6	GRCh37	156901347	Ensembl REST variation endpoint	https://grch37.rest.ensembl.org/variation/homo_sapiens	2026-05-22	unique autosomal SNP mapping in both GRCh37 and GRCh38
rs2817469	6	GRCh38	156580213	Ensembl REST variation endpoint	https://rest.ensembl.org/variation/homo_sapiens	2026-05-22	unique autosomal SNP mapping in both GRCh37 and GRCh38
rs8191855	6	GRCh36	160405050	candidate BIM/PVAR position		2026-05-22	source-build position preserved from candidate genotype map
rs8191855	6	GRCh37	160485060	Ensembl REST variation endpoint	https://grch37.rest.ensembl.org/variation/homo_sapiens	2026-05-22	unique autosomal SNP mapping in both GRCh37 and GRCh38
rs8191855	6	GRCh38	160064028	Ensembl REST variation endpoint	https://rest.ensembl.org/variation/homo_sapiens	2026-05-22	unique autosomal SNP mapping in both GRCh37 and GRCh38
rs9458499	6	GRCh36	162633417	candidate BIM/PVAR position		2026-05-22	source-build position preserved from candidate genotype map
rs9458499	6	GRCh37	162713427	Ensembl REST variation endpoint	https://grch37.rest.ensembl.org/variation/homo_sapiens	2026-05-22	unique autosomal SNP mapping in both GRCh37 and GRCh38
rs9458499	6	GRCh38	162292395	Ensembl REST variation endpoint	https://rest.ensembl.org/variation/homo_sapiens	2026-05-22	unique autosomal SNP mapping in both GRCh37 and GRCh38
rs10455806	6	GRCh36	166066235	candidate BIM/PVAR position		2026-05-22	source-build position preserved from candidate genotype map
rs10455806	6	GRCh37	166146245	Ensembl REST variation endpoint	https://grch37.rest.ensembl.org/variation/homo_sapiens	2026-05-22	unique autosomal SNP mapping in both GRCh37 and GRCh38
rs10455806	6	GRCh38	165732757	Ensembl REST variation endpoint	https://rest.ensembl.org/variation/homo_sapiens	2026-05-22	unique autosomal SNP mapping in both GRCh37 and GRCh38
rs2107834	7	GRCh36	4316475	candidate BIM/PVAR position		2026-05-22	source-build position preserved from candidate genotype map
rs2107834	7	GRCh37	4349949	Ensembl REST variation endpoint	https://grch37.rest.ensembl.org/variation/homo_sapiens	2026-05-22	unique autosomal SNP mapping in both GRCh37 and GRCh38
rs2107834	7	GRCh38	4310318	Ensembl REST variation endpoint	https://rest.ensembl.org/variation/homo_sapiens	2026-05-22	unique autosomal SNP mapping in both GRCh37 and GRCh38
rs11975449	7	GRCh36	7422860	candidate BIM/PVAR position		2026-05-22	source-build position preserved from candidate genotype map
rs11975449	7	GRCh37	7456335	Ensembl REST variation endpoint	https://grch37.rest.ensembl.org/variation/homo_sapiens	2026-05-22	unique autosomal SNP mapping in both GRCh37 and GRCh38
rs11975449	7	GRCh38	7416704	Ensembl REST variation endpoint	https://rest.ensembl.org/variation/homo_sapiens	2026-05-22	unique autosomal SNP mapping in both GRCh37 and GRCh38
rs10248324	7	GRCh36	10642592	candidate BIM/PVAR position		2026-05-22	source-build position preserved from candidate genotype map
rs10248324	7	GRCh37	10676067	Ensembl REST variation endpoint	https://grch37.rest.ensembl.org/variation/homo_sapiens	2026-05-22	unique autosomal SNP mapping in both GRCh37 and GRCh38
rs10248324	7	GRCh38	10636440	Ensembl REST variation endpoint	https://rest.ensembl.org/variation/homo_sapiens	2026-05-22	unique autosomal SNP mapping in both GRCh37 and GRCh38
rs118020	7	GRCh36	13882768	candidate BIM/PVAR position		2026-05-22	source-build position preserved from candidate genotype map
rs118020	7	GRCh37	13916243	Ensembl REST variation endpoint	https://grch37.rest.ensembl.org/variation/homo_sapiens	2026-05-22	unique autosomal SNP mapping in both GRCh37 and GRCh38
rs118020	7	GRCh38	13876618	Ensembl REST variation endpoint	https://rest.ensembl.org/variation/homo_sapiens	2026-05-22	unique autosomal SNP mapping in both GRCh37 and GRCh38
rs7796587	7	GRCh36	16912750	candidate BIM/PVAR position		2026-05-22	source-build position preserved from candidate genotype map
rs7796587	7	GRCh37	16946225	Ensembl REST variation endpoint	https://grch37.rest.ensembl.org/variation/homo_sapiens	2026-05-22	unique autosomal SNP mapping in both GRCh37 and GRCh38
rs7796587	7	GRCh38	16906601	Ensembl REST variation endpoint	https://rest.ensembl.org/variation/homo_sapiens	2026-05-22	unique autosomal SNP mapping in both GRCh37 and GRCh38
rs2241056	7	GRCh36	20145390	candidate BIM/PVAR position		2026-05-22	source-build position preserved from candidate genotype map
rs2241056	7	GRCh37	20178865	Ensembl REST variation endpoint	https://grch37.rest.ensembl.org/variation/homo_sapiens	2026-05-22	unique autosomal SNP mapping in both GRCh37 and GRCh38
rs2241056	7	GRCh38	20139242	Ensembl REST variation endpoint	https://rest.ensembl.org/variation/homo_sapiens	2026-05-22	unique autosomal SNP mapping in both GRCh37 and GRCh38
rs11770879	7	GRCh36	23174568	candidate BIM/PVAR position		2026-05-22	source-build position preserved from candidate genotype map
rs11770879	7	GRCh37	23208043	Ensembl REST variation endpoint	https://grch37.rest.ensembl.org/variation/homo_sapiens	2026-05-22	unique autosomal SNP mapping in both GRCh37 and GRCh38
rs11770879	7	GRCh38	23168424	Ensembl REST variation endpoint	https://rest.ensembl.org/variation/homo_sapiens	2026-05-22	unique autosomal SNP mapping in both GRCh37 and GRCh38
rs4722463	7	GRCh36	25398682	candidate BIM/PVAR position		2026-05-22	source-build position preserved from candidate genotype map
rs4722463	7	GRCh37	25432157	Ensembl REST variation endpoint	https://grch37.rest.ensembl.org/variation/homo_sapiens	2026-05-22	unique autosomal SNP mapping in both GRCh37 and GRCh38
rs4722463	7	GRCh38	25392538	Ensembl REST variation endpoint	https://rest.ensembl.org/variation/homo_sapiens	2026-05-22	unique autosomal SNP mapping in both GRCh37 and GRCh38
rs42733	7	GRCh36	28428869	candidate BIM/PVAR position		2026-05-22	source-build position preserved from candidate genotype map
rs42733	7	GRCh37	28462344	Ensembl REST variation endpoint	https://grch37.rest.ensembl.org/variation/homo_sapiens	2026-05-22	unique autosomal SNP mapping in both GRCh37 and GRCh38
rs42733	7	GRCh38	28422725	Ensembl REST variation endpoint	https://rest.ensembl.org/variation/homo_sapiens	2026-05-22	unique autosomal SNP mapping in both GRCh37 and GRCh38
rs27327	7	GRCh36	31652434	candidate BIM/PVAR position		2026-05-22	source-build position preserved from candidate genotype map
rs27327	7	GRCh37	31685909	Ensembl REST variation endpoint	https://grch37.rest.ensembl.org/variation/homo_sapiens	2026-05-22	unique autosomal SNP mapping in both GRCh37 and GRCh38
rs27327	7	GRCh38	31646295	Ensembl REST variation endpoint	https://rest.ensembl.org/variation/homo_sapiens	2026-05-22	unique autosomal SNP mapping in both GRCh37 and GRCh38
rs7805675	7	GRCh36	34883788	candidate BIM/PVAR position		2026-05-22	source-build position preserved from candidate genotype map
rs7805675	7	GRCh37	34917263	Ensembl REST variation endpoint	https://grch37.rest.ensembl.org/variation/homo_sapiens	2026-05-22	unique autosomal SNP mapping in both GRCh37 and GRCh38
rs7805675	7	GRCh38	34877651	Ensembl REST variation endpoint	https://rest.ensembl.org/variation/homo_sapiens	2026-05-22	unique autosomal SNP mapping in both GRCh37 and GRCh38
rs1132553	7	GRCh36	37918251	candidate BIM/PVAR position		2026-05-22	source-build position preserved from candidate genotype map
rs1132553	7	GRCh37	37951726	Ensembl REST variation endpoint	https://grch37.rest.ensembl.org/variation/homo_sapiens	2026-05-22	unique autosomal SNP mapping in both GRCh37 and GRCh38
rs1132553	7	GRCh38	37912124	Ensembl REST variation endpoint	https://rest.ensembl.org/variation/homo_sapiens	2026-05-22	unique autosomal SNP mapping in both GRCh37 and GRCh38
rs28880	7	GRCh36	41152376	candidate BIM/PVAR position		2026-05-22	source-build position preserved from candidate genotype map
rs28880	7	GRCh37	41185851	Ensembl REST variation endpoint	https://grch37.rest.ensembl.org/variation/homo_sapiens	2026-05-22	unique autosomal SNP mapping in both GRCh37 and GRCh38
rs28880	7	GRCh38	41146253	Ensembl REST variation endpoint	https://rest.ensembl.org/variation/homo_sapiens	2026-05-22	unique autosomal SNP mapping in both GRCh37 and GRCh38
rs3757840	7	GRCh36	44197741	candidate BIM/PVAR position		2026-05-22	source-build position preserved from candidate genotype map
rs3757840	7	GRCh37	44231216	Ensembl REST variation endpoint	https://grch37.rest.ensembl.org/variation/homo_sapiens	2026-05-22	unique autosomal SNP mapping in both GRCh37 and GRCh38
rs3757840	7	GRCh38	44191617	Ensembl REST variation endpoint	https://rest.ensembl.org/variation/homo_sapiens	2026-05-22	unique autosomal SNP mapping in both GRCh37 and GRCh38
rs7778450	7	GRCh36	47460558	candidate BIM/PVAR position		2026-05-22	source-build position preserved from candidate genotype map
rs7778450	7	GRCh37	47494033	Ensembl REST variation endpoint	https://grch37.rest.ensembl.org/variation/homo_sapiens	2026-05-22	unique autosomal SNP mapping in both GRCh37 and GRCh38
rs7778450	7	GRCh38	47454435	Ensembl REST variation endpoint	https://rest.ensembl.org/variation/homo_sapiens	2026-05-22	unique autosomal SNP mapping in both GRCh37 and GRCh38
rs11575575	7	GRCh36	50491702	candidate BIM/PVAR position		2026-05-22	source-build position preserved from candidate genotype map
rs11575575	7	GRCh37	50524208	Ensembl REST variation endpoint	https://grch37.rest.ensembl.org/variation/homo_sapiens	2026-05-22	unique autosomal SNP mapping in both GRCh37 and GRCh38
rs11575575	7	GRCh38	50456510	Ensembl REST variation endpoint	https://rest.ensembl.org/variation/homo_sapiens	2026-05-22	unique autosomal SNP mapping in both GRCh37 and GRCh38
rs17704433	7	GRCh36	53725298	candidate BIM/PVAR position		2026-05-22	source-build position preserved from candidate genotype map
rs17704433	7	GRCh37	53757804	Ensembl REST variation endpoint	https://grch37.rest.ensembl.org/variation/homo_sapiens	2026-05-22	unique autosomal SNP mapping in both GRCh37 and GRCh38
rs17704433	7	GRCh38	53690111	Ensembl REST variation endpoint	https://rest.ensembl.org/variation/homo_sapiens	2026-05-22	unique autosomal SNP mapping in both GRCh37 and GRCh38
rs12538805	7	GRCh36	56775226	candidate BIM/PVAR position		2026-05-22	source-build position preserved from candidate genotype map
rs12538805	7	GRCh37	56807732	Ensembl REST variation endpoint	https://grch37.rest.ensembl.org/variation/homo_sapiens	2026-05-22	unique autosomal SNP mapping in both GRCh37 and GRCh38
rs12538805	7	GRCh38	56740039	Ensembl REST variation endpoint	https://rest.ensembl.org/variation/homo_sapiens	2026-05-22	unique autosomal SNP mapping in both GRCh37 and GRCh38
rs9314244	7	GRCh36	61078136	candidate BIM/PVAR position		2026-05-22	source-build position preserved from candidate genotype map
rs9314244	7	GRCh37	61074194	Ensembl REST variation endpoint	https://grch37.rest.ensembl.org/variation/homo_sapiens	2026-05-22	unique autosomal SNP mapping in both GRCh37 and GRCh38
rs9314244	7	GRCh38	61091469	Ensembl REST variation endpoint	https://rest.ensembl.org/variation/homo_sapiens	2026-05-22	unique autosomal SNP mapping in both GRCh37 and GRCh38
rs2948196	7	GRCh36	62169067	candidate BIM/PVAR position		2026-05-22	source-build position preserved from candidate genotype map
rs2948196	7	GRCh37	62531632	Ensembl REST variation endpoint	https://grch37.rest.ensembl.org/variation/homo_sapiens	2026-05-22	unique autosomal SNP mapping in both GRCh37 and GRCh38
rs2948196	7	GRCh38	63071254	Ensembl REST variation endpoint	https://rest.ensembl.org/variation/homo_sapiens	2026-05-22	unique autosomal SNP mapping in both GRCh37 and GRCh38
rs6961717	7	GRCh36	65224972	candidate BIM/PVAR position		2026-05-22	source-build position preserved from candidate genotype map
rs6961717	7	GRCh37	65587537	Ensembl REST variation endpoint	https://grch37.rest.ensembl.org/variation/homo_sapiens	2026-05-22	unique autosomal SNP mapping in both GRCh37 and GRCh38
rs6961717	7	GRCh38	66122550	Ensembl REST variation endpoint	https://rest.ensembl.org/variation/homo_sapiens	2026-05-22	unique autosomal SNP mapping in both GRCh37 and GRCh38
rs1011630	7	GRCh36	68468860	candidate BIM/PVAR position		2026-05-22	source-build position preserved from candidate genotype map
rs1011630	7	GRCh37	68830924	Ensembl REST variation endpoint	https://grch37.rest.ensembl.org/variation/homo_sapiens	2026-05-22	unique autosomal SNP mapping in both GRCh37 and GRCh38
rs1011630	7	GRCh38	69365938	Ensembl REST variation endpoint	https://rest.ensembl.org/variation/homo_sapiens	2026-05-22	unique autosomal SNP mapping in both GRCh37 and GRCh38
rs2944811	7	GRCh36	71491327	candidate BIM/PVAR position		2026-05-22	source-build position preserved from candidate genotype map
rs2944811	7	GRCh37	71853391	Ensembl REST variation endpoint	https://grch37.rest.ensembl.org/variation/homo_sapiens	2026-05-22	unique autosomal SNP mapping in both GRCh37 and GRCh38
rs2944811	7	GRCh38	72388406	Ensembl REST variation endpoint	https://rest.ensembl.org/variation/homo_sapiens	2026-05-22	unique autosomal SNP mapping in both GRCh37 and GRCh38
rs9638190	7	GRCh36	73572570	candidate BIM/PVAR position		2026-05-22	source-build position preserved from candidate genotype map
rs9638190	7	GRCh37	73934634	Ensembl REST variation endpoint	https://grch37.rest.ensembl.org/variation/homo_sapiens	2026-05-22	unique autosomal SNP mapping in both GRCh37 and GRCh38
rs9638190	7	GRCh38	74520304	Ensembl REST variation endpoint	https://rest.ensembl.org/variation/homo_sapiens	2026-05-22	unique autosomal SNP mapping in both GRCh37 and GRCh38
rs798332	7	GRCh36	77746864	candidate BIM/PVAR position		2026-05-22	source-build position preserved from candidate genotype map
rs798332	7	GRCh37	77908928	Ensembl REST variation endpoint	https://grch37.rest.ensembl.org/variation/homo_sapiens	2026-05-22	unique autosomal SNP mapping in both GRCh37 and GRCh38
rs798332	7	GRCh38	78279611	Ensembl REST variation endpoint	https://rest.ensembl.org/variation/homo_sapiens	2026-05-22	unique autosomal SNP mapping in both GRCh37 and GRCh38
rs7785977	7	GRCh36	80984476	candidate BIM/PVAR position		2026-05-22	source-build position preserved from candidate genotype map
rs7785977	7	GRCh37	81146540	Ensembl REST variation endpoint	https://grch37.rest.ensembl.org/variation/homo_sapiens	2026-05-22	unique autosomal SNP mapping in both GRCh37 and GRCh38
rs7785977	7	GRCh38	81517224	Ensembl REST variation endpoint	https://rest.ensembl.org/variation/homo_sapiens	2026-05-22	unique autosomal SNP mapping in both GRCh37 and GRCh38
rs4128623	7	GRCh36	84223996	candidate BIM/PVAR position		2026-05-22	source-build position preserved from candidate genotype map
rs4128623	7	GRCh37	84386060	Ensembl REST variation endpoint	https://grch37.rest.ensembl.org/variation/homo_sapiens	2026-05-22	unique autosomal SNP mapping in both GRCh37 and GRCh38
rs4128623	7	GRCh38	84756744	Ensembl REST variation endpoint	https://rest.ensembl.org/variation/homo_sapiens	2026-05-22	unique autosomal SNP mapping in both GRCh37 and GRCh38
rs12533477	7	GRCh36	87264789	candidate BIM/PVAR position		2026-05-22	source-build position preserved from candidate genotype map
rs12533477	7	GRCh37	87426853	Ensembl REST variation endpoint	https://grch37.rest.ensembl.org/variation/homo_sapiens	2026-05-22	unique autosomal SNP mapping in both GRCh37 and GRCh38
rs12533477	7	GRCh38	87797538	Ensembl REST variation endpoint	https://rest.ensembl.org/variation/homo_sapiens	2026-05-22	unique autosomal SNP mapping in both GRCh37 and GRCh38
rs3779581	7	GRCh36	90513131	candidate BIM/PVAR position		2026-05-22	source-build position preserved from candidate genotype map
rs3779581	7	GRCh37	90675195	Ensembl REST variation endpoint	https://grch37.rest.ensembl.org/variation/homo_sapiens	2026-05-22	unique autosomal SNP mapping in both GRCh37 and GRCh38
rs3779581	7	GRCh38	91045880	Ensembl REST variation endpoint	https://rest.ensembl.org/variation/homo_sapiens	2026-05-22	unique autosomal SNP mapping in both GRCh37 and GRCh38
rs7798449	7	GRCh36	93556719	candidate BIM/PVAR position		2026-05-22	source-build position preserved from candidate genotype map
rs7798449	7	GRCh37	93718783	Ensembl REST variation endpoint	https://grch37.rest.ensembl.org/variation/homo_sapiens	2026-05-22	unique autosomal SNP mapping in both GRCh37 and GRCh38
rs7798449	7	GRCh38	94089471	Ensembl REST variation endpoint	https://rest.ensembl.org/variation/homo_sapiens	2026-05-22	unique autosomal SNP mapping in both GRCh37 and GRCh38
rs12669236	7	GRCh36	95777521	candidate BIM/PVAR position		2026-05-22	source-build position preserved from candidate genotype map
rs12669236	7	GRCh37	95939585	Ensembl REST variation endpoint	https://grch37.rest.ensembl.org/variation/homo_sapiens	2026-05-22	unique autosomal SNP mapping in both GRCh37 and GRCh38
rs12669236	7	GRCh38	96310273	Ensembl REST variation endpoint	https://rest.ensembl.org/variation/homo_sapiens	2026-05-22	unique autosomal SNP mapping in both GRCh37 and GRCh38
rs917152	7	GRCh36	98842433	candidate BIM/PVAR position		2026-05-22	source-build position preserved from candidate genotype map
rs917152	7	GRCh37	99004497	Ensembl REST variation endpoint	https://grch37.rest.ensembl.org/variation/homo_sapiens	2026-05-22	unique autosomal SNP mapping in both GRCh37 and GRCh38
rs917152	7	GRCh38	99406874	Ensembl REST variation endpoint	https://rest.ensembl.org/variation/homo_sapiens	2026-05-22	unique autosomal SNP mapping in both GRCh37 and GRCh38
rs11760934	7	GRCh36	102121342	candidate BIM/PVAR position		2026-05-22	source-build position preserved from candidate genotype map
rs11760934	7	GRCh37	102334106	Ensembl REST variation endpoint	https://grch37.rest.ensembl.org/variation/homo_sapiens	2026-05-22	unique autosomal SNP mapping in both GRCh37 and GRCh38
rs11760934	7	GRCh38	102693659	Ensembl REST variation endpoint	https://rest.ensembl.org/variation/homo_sapiens	2026-05-22	unique autosomal SNP mapping in both GRCh37 and GRCh38
rs601781	7	GRCh36	105143635	candidate BIM/PVAR position		2026-05-22	source-build position preserved from candidate genotype map
rs601781	7	GRCh37	105356399	Ensembl REST variation endpoint	https://grch37.rest.ensembl.org/variation/homo_sapiens	2026-05-22	unique autosomal SNP mapping in both GRCh37 and GRCh38
rs601781	7	GRCh38	105715953	Ensembl REST variation endpoint	https://rest.ensembl.org/variation/homo_sapiens	2026-05-22	unique autosomal SNP mapping in both GRCh37 and GRCh38
rs848317	7	GRCh36	108379460	candidate BIM/PVAR position		2026-05-22	source-build position preserved from candidate genotype map
rs848317	7	GRCh37	108592224	Ensembl REST variation endpoint	https://grch37.rest.ensembl.org/variation/homo_sapiens	2026-05-22	unique autosomal SNP mapping in both GRCh37 and GRCh38
rs848317	7	GRCh38	108952167	Ensembl REST variation endpoint	https://rest.ensembl.org/variation/homo_sapiens	2026-05-22	unique autosomal SNP mapping in both GRCh37 and GRCh38
rs6951506	7	GRCh36	111414243	candidate BIM/PVAR position		2026-05-22	source-build position preserved from candidate genotype map
rs6951506	7	GRCh37	111627007	Ensembl REST variation endpoint	https://grch37.rest.ensembl.org/variation/homo_sapiens	2026-05-22	unique autosomal SNP mapping in both GRCh37 and GRCh38
rs6951506	7	GRCh38	111986952	Ensembl REST variation endpoint	https://rest.ensembl.org/variation/homo_sapiens	2026-05-22	unique autosomal SNP mapping in both GRCh37 and GRCh38
rs4730670	7	GRCh36	114679564	candidate BIM/PVAR position		2026-05-22	source-build position preserved from candidate genotype map
rs4730670	7	GRCh37	114892328	Ensembl REST variation endpoint	https://grch37.rest.ensembl.org/variation/homo_sapiens	2026-05-22	unique autosomal SNP mapping in both GRCh37 and GRCh38
rs4730670	7	GRCh38	115252274	Ensembl REST variation endpoint	https://rest.ensembl.org/variation/homo_sapiens	2026-05-22	unique autosomal SNP mapping in both GRCh37 and GRCh38
rs17141216	7	GRCh36	117725469	candidate BIM/PVAR position		2026-05-22	source-build position preserved from candidate genotype map
rs17141216	7	GRCh37	117938233	Ensembl REST variation endpoint	https://grch37.rest.ensembl.org/variation/homo_sapiens	2026-05-22	unique autosomal SNP mapping in both GRCh37 and GRCh38
rs17141216	7	GRCh38	118298179	Ensembl REST variation endpoint	https://rest.ensembl.org/variation/homo_sapiens	2026-05-22	unique autosomal SNP mapping in both GRCh37 and GRCh38
rs12706359	7	GRCh36	120997261	candidate BIM/PVAR position		2026-05-22	source-build position preserved from candidate genotype map
rs12706359	7	GRCh37	121210025	Ensembl REST variation endpoint	https://grch37.rest.ensembl.org/variation/homo_sapiens	2026-05-22	unique autosomal SNP mapping in both GRCh37 and GRCh38
rs12706359	7	GRCh38	121569971	Ensembl REST variation endpoint	https://rest.ensembl.org/variation/homo_sapiens	2026-05-22	unique autosomal SNP mapping in both GRCh37 and GRCh38
rs1524759	7	GRCh36	124025410	candidate BIM/PVAR position		2026-05-22	source-build position preserved from candidate genotype map
rs1524759	7	GRCh37	124238174	Ensembl REST variation endpoint	https://grch37.rest.ensembl.org/variation/homo_sapiens	2026-05-22	unique autosomal SNP mapping in both GRCh37 and GRCh38
rs1524759	7	GRCh38	124598120	Ensembl REST variation endpoint	https://rest.ensembl.org/variation/homo_sapiens	2026-05-22	unique autosomal SNP mapping in both GRCh37 and GRCh38
rs4473953	7	GRCh36	127289243	candidate BIM/PVAR position		2026-05-22	source-build position preserved from candidate genotype map
rs4473953	7	GRCh37	127502007	Ensembl REST variation endpoint	https://grch37.rest.ensembl.org/variation/homo_sapiens	2026-05-22	unique autosomal SNP mapping in both GRCh37 and GRCh38
rs4473953	7	GRCh38	127861954	Ensembl REST variation endpoint	https://rest.ensembl.org/variation/homo_sapiens	2026-05-22	unique autosomal SNP mapping in both GRCh37 and GRCh38
rs11982104	7	GRCh36	130321928	candidate BIM/PVAR position		2026-05-22	source-build position preserved from candidate genotype map
rs11982104	7	GRCh37	130671388	Ensembl REST variation endpoint	https://grch37.rest.ensembl.org/variation/homo_sapiens	2026-05-22	unique autosomal SNP mapping in both GRCh37 and GRCh38
rs11982104	7	GRCh38	130986629	Ensembl REST variation endpoint	https://rest.ensembl.org/variation/homo_sapiens	2026-05-22	unique autosomal SNP mapping in both GRCh37 and GRCh38
rs7799152	7	GRCh36	132535265	candidate BIM/PVAR position		2026-05-22	source-build position preserved from candidate genotype map
rs7799152	7	GRCh37	132884725	Ensembl REST variation endpoint	https://grch37.rest.ensembl.org/variation/homo_sapiens	2026-05-22	unique autosomal SNP mapping in both GRCh37 and GRCh38
rs7799152	7	GRCh38	133199967	Ensembl REST variation endpoint	https://rest.ensembl.org/variation/homo_sapiens	2026-05-22	unique autosomal SNP mapping in both GRCh37 and GRCh38
rs2067624	7	GRCh36	135565563	candidate BIM/PVAR position		2026-05-22	source-build position preserved from candidate genotype map
rs2067624	7	GRCh37	135915023	Ensembl REST variation endpoint	https://grch37.rest.ensembl.org/variation/homo_sapiens	2026-05-22	unique autosomal SNP mapping in both GRCh37 and GRCh38
rs2067624	7	GRCh38	136230275	Ensembl REST variation endpoint	https://rest.ensembl.org/variation/homo_sapiens	2026-05-22	unique autosomal SNP mapping in both GRCh37 and GRCh38
rs10244255	7	GRCh36	138805177	candidate BIM/PVAR position		2026-05-22	source-build position preserved from candidate genotype map
rs10244255	7	GRCh37	139154637	Ensembl REST variation endpoint	https://grch37.rest.ensembl.org/variation/homo_sapiens	2026-05-22	unique autosomal SNP mapping in both GRCh37 and GRCh38
rs10244255	7	GRCh38	139469891	Ensembl REST variation endpoint	https://rest.ensembl.org/variation/homo_sapiens	2026-05-22	unique autosomal SNP mapping in both GRCh37 and GRCh38
rs1882723	7	GRCh36	141822975	candidate BIM/PVAR position		2026-05-22	source-build position preserved from candidate genotype map
rs1882723	7	GRCh37	142177451	Ensembl REST variation endpoint	https://grch37.rest.ensembl.org/variation/homo_sapiens	2026-05-22	unique autosomal SNP mapping in both GRCh37 and GRCh38
rs1882723	7	GRCh38	142454513	Ensembl REST variation endpoint	https://rest.ensembl.org/variation/homo_sapiens	2026-05-22	unique autosomal SNP mapping in both GRCh37 and GRCh38
rs11972915	7	GRCh36	145119193	candidate BIM/PVAR position		2026-05-22	source-build position preserved from candidate genotype map
rs11972915	7	GRCh37	145488260	Ensembl REST variation endpoint	https://grch37.rest.ensembl.org/variation/homo_sapiens	2026-05-22	unique autosomal SNP mapping in both GRCh37 and GRCh38
rs11972915	7	GRCh38	145791167	Ensembl REST variation endpoint	https://rest.ensembl.org/variation/homo_sapiens	2026-05-22	unique autosomal SNP mapping in both GRCh37 and GRCh38
rs7785022	7	GRCh36	148164317	candidate BIM/PVAR position		2026-05-22	source-build position preserved from candidate genotype map
rs7785022	7	GRCh37	148533384	Ensembl REST variation endpoint	https://grch37.rest.ensembl.org/variation/homo_sapiens	2026-05-22	unique autosomal SNP mapping in both GRCh37 and GRCh38
rs7785022	7	GRCh38	148836292	Ensembl REST variation endpoint	https://rest.ensembl.org/variation/homo_sapiens	2026-05-22	unique autosomal SNP mapping in both GRCh37 and GRCh38
rs10244165	7	GRCh36	151415872	candidate BIM/PVAR position		2026-05-22	source-build position preserved from candidate genotype map
rs10244165	7	GRCh37	151784939	Ensembl REST variation endpoint	https://grch37.rest.ensembl.org/variation/homo_sapiens	2026-05-22	unique autosomal SNP mapping in both GRCh37 and GRCh38
rs10244165	7	GRCh38	152087854	Ensembl REST variation endpoint	https://rest.ensembl.org/variation/homo_sapiens	2026-05-22	unique autosomal SNP mapping in both GRCh37 and GRCh38
rs11760608	7	GRCh36	154446729	candidate BIM/PVAR position		2026-05-22	source-build position preserved from candidate genotype map
rs11760608	7	GRCh37	154815796	Ensembl REST variation endpoint	https://grch37.rest.ensembl.org/variation/homo_sapiens	2026-05-22	unique autosomal SNP mapping in both GRCh37 and GRCh38
rs11760608	7	GRCh38	155024086	Ensembl REST variation endpoint	https://rest.ensembl.org/variation/homo_sapiens	2026-05-22	unique autosomal SNP mapping in both GRCh37 and GRCh38
rs12548766	8	GRCh36	3893570	candidate BIM/PVAR position		2026-05-22	source-build position preserved from candidate genotype map
rs12548766	8	GRCh37	3906162	Ensembl REST variation endpoint	https://grch37.rest.ensembl.org/variation/homo_sapiens	2026-05-22	unique autosomal SNP mapping in both GRCh37 and GRCh38
rs12548766	8	GRCh38	4048640	Ensembl REST variation endpoint	https://rest.ensembl.org/variation/homo_sapiens	2026-05-22	unique autosomal SNP mapping in both GRCh37 and GRCh38
rs11137090	8	GRCh36	6921000	candidate BIM/PVAR position		2026-05-22	source-build position preserved from candidate genotype map
rs11137090	8	GRCh37	6933590	Ensembl REST variation endpoint	https://grch37.rest.ensembl.org/variation/homo_sapiens	2026-05-22	unique autosomal SNP mapping in both GRCh37 and GRCh38
rs11137090	8	GRCh38	7076068	Ensembl REST variation endpoint	https://rest.ensembl.org/variation/homo_sapiens	2026-05-22	unique autosomal SNP mapping in both GRCh37 and GRCh38
rs10503396	8	GRCh36	9818271	candidate BIM/PVAR position		2026-05-22	source-build position preserved from candidate genotype map
rs10503396	8	GRCh37	9780861	Ensembl REST variation endpoint	https://grch37.rest.ensembl.org/variation/homo_sapiens	2026-05-22	unique autosomal SNP mapping in both GRCh37 and GRCh38
rs10503396	8	GRCh38	9923351	Ensembl REST variation endpoint	https://rest.ensembl.org/variation/homo_sapiens	2026-05-22	unique autosomal SNP mapping in both GRCh37 and GRCh38
rs10102786	8	GRCh36	12701254	candidate BIM/PVAR position		2026-05-22	source-build position preserved from candidate genotype map
rs10102786	8	GRCh37	12656883	Ensembl REST variation endpoint	https://grch37.rest.ensembl.org/variation/homo_sapiens	2026-05-22	unique autosomal SNP mapping in both GRCh37 and GRCh38
rs10102786	8	GRCh38	12799374	Ensembl REST variation endpoint	https://rest.ensembl.org/variation/homo_sapiens	2026-05-22	unique autosomal SNP mapping in both GRCh37 and GRCh38
rs1429081	8	GRCh36	15520754	candidate BIM/PVAR position		2026-05-22	source-build position preserved from candidate genotype map
rs1429081	8	GRCh37	15476383	Ensembl REST variation endpoint	https://grch37.rest.ensembl.org/variation/homo_sapiens	2026-05-22	unique autosomal SNP mapping in both GRCh37 and GRCh38
rs1429081	8	GRCh38	15618874	Ensembl REST variation endpoint	https://rest.ensembl.org/variation/homo_sapiens	2026-05-22	unique autosomal SNP mapping in both GRCh37 and GRCh38
rs2237845	8	GRCh36	17535414	candidate BIM/PVAR position		2026-05-22	source-build position preserved from candidate genotype map
rs2237845	8	GRCh37	17491134	Ensembl REST variation endpoint	https://grch37.rest.ensembl.org/variation/homo_sapiens	2026-05-22	unique autosomal SNP mapping in both GRCh37 and GRCh38
rs2237845	8	GRCh38	17633625	Ensembl REST variation endpoint	https://rest.ensembl.org/variation/homo_sapiens	2026-05-22	unique autosomal SNP mapping in both GRCh37 and GRCh38
rs12543189	8	GRCh36	20359669	candidate BIM/PVAR position		2026-05-22	source-build position preserved from candidate genotype map
rs12543189	8	GRCh37	20315389	Ensembl REST variation endpoint	https://grch37.rest.ensembl.org/variation/homo_sapiens	2026-05-22	unique autosomal SNP mapping in both GRCh37 and GRCh38
rs12543189	8	GRCh38	20457878	Ensembl REST variation endpoint	https://rest.ensembl.org/variation/homo_sapiens	2026-05-22	unique autosomal SNP mapping in both GRCh37 and GRCh38
rs11778746	8	GRCh36	23176303	candidate BIM/PVAR position		2026-05-22	source-build position preserved from candidate genotype map
rs11778746	8	GRCh37	23120358	Ensembl REST variation endpoint	https://grch37.rest.ensembl.org/variation/homo_sapiens	2026-05-22	unique autosomal SNP mapping in both GRCh37 and GRCh38
rs11778746	8	GRCh38	23262845	Ensembl REST variation endpoint	https://rest.ensembl.org/variation/homo_sapiens	2026-05-22	unique autosomal SNP mapping in both GRCh37 and GRCh38
rs2046225	8	GRCh36	26207719	candidate BIM/PVAR position		2026-05-22	source-build position preserved from candidate genotype map
rs2046225	8	GRCh37	26151802	Ensembl REST variation endpoint	https://grch37.rest.ensembl.org/variation/homo_sapiens	2026-05-22	unique autosomal SNP mapping in both GRCh37 and GRCh38
rs2046225	8	GRCh38	26294286	Ensembl REST variation endpoint	https://rest.ensembl.org/variation/homo_sapiens	2026-05-22	unique autosomal SNP mapping in both GRCh37 and GRCh38
rs6420165	8	GRCh36	29027421	candidate BIM/PVAR position		2026-05-22	source-build position preserved from candidate genotype map
rs6420165	8	GRCh37	28971502	Ensembl REST variation endpoint	https://grch37.rest.ensembl.org/variation/homo_sapiens	2026-05-22	unique autosomal SNP mapping in both GRCh37 and GRCh38
rs6420165	8	GRCh38	29113985	Ensembl REST variation endpoint	https://rest.ensembl.org/variation/homo_sapiens	2026-05-22	unique autosomal SNP mapping in both GRCh37 and GRCh38
rs1381874	8	GRCh36	32062099	candidate BIM/PVAR position		2026-05-22	source-build position preserved from candidate genotype map
rs1381874	8	GRCh37	31942557	Ensembl REST variation endpoint	https://grch37.rest.ensembl.org/variation/homo_sapiens	2026-05-22	unique autosomal SNP mapping in both GRCh37 and GRCh38
rs1381874	8	GRCh38	32085041	Ensembl REST variation endpoint	https://rest.ensembl.org/variation/homo_sapiens	2026-05-22	unique autosomal SNP mapping in both GRCh37 and GRCh38
rs10100033	8	GRCh36	34907864	candidate BIM/PVAR position		2026-05-22	source-build position preserved from candidate genotype map
rs10100033	8	GRCh37	34788322	Ensembl REST variation endpoint	https://grch37.rest.ensembl.org/variation/homo_sapiens	2026-05-22	unique autosomal SNP mapping in both GRCh37 and GRCh38
rs10100033	8	GRCh38	34930804	Ensembl REST variation endpoint	https://rest.ensembl.org/variation/homo_sapiens	2026-05-22	unique autosomal SNP mapping in both GRCh37 and GRCh38
rs3819034	8	GRCh36	37739133	candidate BIM/PVAR position		2026-05-22	source-build position preserved from candidate genotype map
rs3819034	8	GRCh37	37619975	Ensembl REST variation endpoint	https://grch37.rest.ensembl.org/variation/homo_sapiens	2026-05-22	unique autosomal SNP mapping in both GRCh37 and GRCh38
rs3819034	8	GRCh38	37762457	Ensembl REST variation endpoint	https://rest.ensembl.org/variation/homo_sapiens	2026-05-22	unique autosomal SNP mapping in both GRCh37 and GRCh38
rs4073158	8	GRCh36	40720180	candidate BIM/PVAR position		2026-05-22	source-build position preserved from candidate genotype map
rs4073158	8	GRCh37	40601023	Ensembl REST variation endpoint	https://grch37.rest.ensembl.org/variation/homo_sapiens	2026-05-22	unique autosomal SNP mapping in both GRCh37 and GRCh38
rs4073158	8	GRCh38	40743504	Ensembl REST variation endpoint	https://rest.ensembl.org/variation/homo_sapiens	2026-05-22	unique autosomal SNP mapping in both GRCh37 and GRCh38
rs7463498	8	GRCh36	43566392	candidate BIM/PVAR position		2026-05-22	source-build position preserved from candidate genotype map
rs7463498	8	GRCh37	43447235	Ensembl REST variation endpoint	https://grch37.rest.ensembl.org/variation/homo_sapiens	2026-05-22	unique autosomal SNP mapping in both GRCh37 and GRCh38
rs7463498	8	GRCh38	43592092	Ensembl REST variation endpoint	https://rest.ensembl.org/variation/homo_sapiens	2026-05-22	unique autosomal SNP mapping in both GRCh37 and GRCh38
rs2353200	8	GRCh36	47043376	candidate BIM/PVAR position		2026-05-22	source-build position preserved from candidate genotype map
rs2353200	8	GRCh37	46924211	Ensembl REST variation endpoint	https://grch37.rest.ensembl.org/variation/homo_sapiens	2026-05-22	unique autosomal SNP mapping in both GRCh37 and GRCh38
rs2353200	8	GRCh38	46012589	Ensembl REST variation endpoint	https://rest.ensembl.org/variation/homo_sapiens	2026-05-22	unique autosomal SNP mapping in both GRCh37 and GRCh38
rs10096150	8	GRCh36	50351914	candidate BIM/PVAR position		2026-05-22	source-build position preserved from candidate genotype map
rs10096150	8	GRCh37	50189361	Ensembl REST variation endpoint	https://grch37.rest.ensembl.org/variation/homo_sapiens	2026-05-22	unique autosomal SNP mapping in both GRCh37 and GRCh38
rs10096150	8	GRCh38	49276802	Ensembl REST variation endpoint	https://rest.ensembl.org/variation/homo_sapiens	2026-05-22	unique autosomal SNP mapping in both GRCh37 and GRCh38
rs7015273	8	GRCh36	52181046	candidate BIM/PVAR position		2026-05-22	source-build position preserved from candidate genotype map
rs7015273	8	GRCh37	52018493	Ensembl REST variation endpoint	https://grch37.rest.ensembl.org/variation/homo_sapiens	2026-05-22	unique autosomal SNP mapping in both GRCh37 and GRCh38
rs7015273	8	GRCh38	51105933	Ensembl REST variation endpoint	https://rest.ensembl.org/variation/homo_sapiens	2026-05-22	unique autosomal SNP mapping in both GRCh37 and GRCh38
rs7842911	8	GRCh36	55206355	candidate BIM/PVAR position		2026-05-22	source-build position preserved from candidate genotype map
rs7842911	8	GRCh37	55043802	Ensembl REST variation endpoint	https://grch37.rest.ensembl.org/variation/homo_sapiens	2026-05-22	unique autosomal SNP mapping in both GRCh37 and GRCh38
rs7842911	8	GRCh38	54131242	Ensembl REST variation endpoint	https://rest.ensembl.org/variation/homo_sapiens	2026-05-22	unique autosomal SNP mapping in both GRCh37 and GRCh38
rs13271029	8	GRCh36	58050402	candidate BIM/PVAR position		2026-05-22	source-build position preserved from candidate genotype map
rs13271029	8	GRCh37	57887848	Ensembl REST variation endpoint	https://grch37.rest.ensembl.org/variation/homo_sapiens	2026-05-22	unique autosomal SNP mapping in both GRCh37 and GRCh38
rs13271029	8	GRCh38	56975289	Ensembl REST variation endpoint	https://rest.ensembl.org/variation/homo_sapiens	2026-05-22	unique autosomal SNP mapping in both GRCh37 and GRCh38
rs10092060	8	GRCh36	60873958	candidate BIM/PVAR position		2026-05-22	source-build position preserved from candidate genotype map
rs10092060	8	GRCh37	60711404	Ensembl REST variation endpoint	https://grch37.rest.ensembl.org/variation/homo_sapiens	2026-05-22	unique autosomal SNP mapping in both GRCh37 and GRCh38
rs10092060	8	GRCh38	59798845	Ensembl REST variation endpoint	https://rest.ensembl.org/variation/homo_sapiens	2026-05-22	unique autosomal SNP mapping in both GRCh37 and GRCh38
rs6983229	8	GRCh36	63910167	candidate BIM/PVAR position		2026-05-22	source-build position preserved from candidate genotype map
rs6983229	8	GRCh37	63747613	Ensembl REST variation endpoint	https://grch37.rest.ensembl.org/variation/homo_sapiens	2026-05-22	unique autosomal SNP mapping in both GRCh37 and GRCh38
rs6983229	8	GRCh38	62835054	Ensembl REST variation endpoint	https://rest.ensembl.org/variation/homo_sapiens	2026-05-22	unique autosomal SNP mapping in both GRCh37 and GRCh38
rs13281090	8	GRCh36	66753033	candidate BIM/PVAR position		2026-05-22	source-build position preserved from candidate genotype map
rs13281090	8	GRCh37	66590479	Ensembl REST variation endpoint	https://grch37.rest.ensembl.org/variation/homo_sapiens	2026-05-22	unique autosomal SNP mapping in both GRCh37 and GRCh38
rs13281090	8	GRCh38	65678244	Ensembl REST variation endpoint	https://rest.ensembl.org/variation/homo_sapiens	2026-05-22	unique autosomal SNP mapping in both GRCh37 and GRCh38
rs4415295	8	GRCh36	69592922	candidate BIM/PVAR position		2026-05-22	source-build position preserved from candidate genotype map
rs4415295	8	GRCh37	69430368	Ensembl REST variation endpoint	https://grch37.rest.ensembl.org/variation/homo_sapiens	2026-05-22	unique autosomal SNP mapping in both GRCh37 and GRCh38
rs4415295	8	GRCh38	68518133	Ensembl REST variation endpoint	https://rest.ensembl.org/variation/homo_sapiens	2026-05-22	unique autosomal SNP mapping in both GRCh37 and GRCh38
rs10957555	8	GRCh36	72614842	candidate BIM/PVAR position		2026-05-22	source-build position preserved from candidate genotype map
rs10957555	8	GRCh37	72452288	Ensembl REST variation endpoint	https://grch37.rest.ensembl.org/variation/homo_sapiens	2026-05-22	unique autosomal SNP mapping in both GRCh37 and GRCh38
rs10957555	8	GRCh38	71540053	Ensembl REST variation endpoint	https://rest.ensembl.org/variation/homo_sapiens	2026-05-22	unique autosomal SNP mapping in both GRCh37 and GRCh38
rs6995700	8	GRCh36	75437282	candidate BIM/PVAR position		2026-05-22	source-build position preserved from candidate genotype map
rs6995700	8	GRCh37	75274727	Ensembl REST variation endpoint	https://grch37.rest.ensembl.org/variation/homo_sapiens	2026-05-22	unique autosomal SNP mapping in both GRCh37 and GRCh38
rs6995700	8	GRCh38	74362492	Ensembl REST variation endpoint	https://rest.ensembl.org/variation/homo_sapiens	2026-05-22	unique autosomal SNP mapping in both GRCh37 and GRCh38
rs2383971	8	GRCh36	77464907	candidate BIM/PVAR position		2026-05-22	source-build position preserved from candidate genotype map
rs2383971	8	GRCh37	77302352	Ensembl REST variation endpoint	https://grch37.rest.ensembl.org/variation/homo_sapiens	2026-05-22	unique autosomal SNP mapping in both GRCh37 and GRCh38
rs2383971	8	GRCh38	76390117	Ensembl REST variation endpoint	https://rest.ensembl.org/variation/homo_sapiens	2026-05-22	unique autosomal SNP mapping in both GRCh37 and GRCh38
rs12114236	8	GRCh36	80285717	candidate BIM/PVAR position		2026-05-22	source-build position preserved from candidate genotype map
rs12114236	8	GRCh37	80123162	Ensembl REST variation endpoint	https://grch37.rest.ensembl.org/variation/homo_sapiens	2026-05-22	unique autosomal SNP mapping in both GRCh37 and GRCh38
rs12114236	8	GRCh38	79210927	Ensembl REST variation endpoint	https://rest.ensembl.org/variation/homo_sapiens	2026-05-22	unique autosomal SNP mapping in both GRCh37 and GRCh38
rs1876381	8	GRCh36	83120878	candidate BIM/PVAR position		2026-05-22	source-build position preserved from candidate genotype map
rs1876381	8	GRCh37	82958323	Ensembl REST variation endpoint	https://grch37.rest.ensembl.org/variation/homo_sapiens	2026-05-22	unique autosomal SNP mapping in both GRCh37 and GRCh38
rs1876381	8	GRCh38	82046088	Ensembl REST variation endpoint	https://rest.ensembl.org/variation/homo_sapiens	2026-05-22	unique autosomal SNP mapping in both GRCh37 and GRCh38
rs11777847	8	GRCh36	86203501	candidate BIM/PVAR position		2026-05-22	source-build position preserved from candidate genotype map
rs11777847	8	GRCh37	86016249	Ensembl REST variation endpoint	https://grch37.rest.ensembl.org/variation/homo_sapiens	2026-05-22	unique autosomal SNP mapping in both GRCh37 and GRCh38
rs11777847	8	GRCh38	85104014	Ensembl REST variation endpoint	https://rest.ensembl.org/variation/homo_sapiens	2026-05-22	unique autosomal SNP mapping in both GRCh37 and GRCh38
rs10955429	8	GRCh36	88947194	candidate BIM/PVAR position		2026-05-22	source-build position preserved from candidate genotype map
rs10955429	8	GRCh37	88878078	Ensembl REST variation endpoint	https://grch37.rest.ensembl.org/variation/homo_sapiens	2026-05-22	unique autosomal SNP mapping in both GRCh37 and GRCh38
rs10955429	8	GRCh38	87865850	Ensembl REST variation endpoint	https://rest.ensembl.org/variation/homo_sapiens	2026-05-22	unique autosomal SNP mapping in both GRCh37 and GRCh38
rs1003996	8	GRCh36	92000432	candidate BIM/PVAR position		2026-05-22	source-build position preserved from candidate genotype map
rs1003996	8	GRCh37	91931256	Ensembl REST variation endpoint	https://grch37.rest.ensembl.org/variation/homo_sapiens	2026-05-22	unique autosomal SNP mapping in both GRCh37 and GRCh38
rs1003996	8	GRCh38	90919028	Ensembl REST variation endpoint	https://rest.ensembl.org/variation/homo_sapiens	2026-05-22	unique autosomal SNP mapping in both GRCh37 and GRCh38
rs11994625	8	GRCh36	94841553	candidate BIM/PVAR position		2026-05-22	source-build position preserved from candidate genotype map
rs11994625	8	GRCh37	94772377	Ensembl REST variation endpoint	https://grch37.rest.ensembl.org/variation/homo_sapiens	2026-05-22	unique autosomal SNP mapping in both GRCh37 and GRCh38
rs11994625	8	GRCh38	93760149	Ensembl REST variation endpoint	https://rest.ensembl.org/variation/homo_sapiens	2026-05-22	unique autosomal SNP mapping in both GRCh37 and GRCh38
rs2704261	8	GRCh36	97672009	candidate BIM/PVAR position		2026-05-22	source-build position preserved from candidate genotype map
rs2704261	8	GRCh37	97602833	Ensembl REST variation endpoint	https://grch37.rest.ensembl.org/variation/homo_sapiens	2026-05-22	unique autosomal SNP mapping in both GRCh37 and GRCh38
rs2704261	8	GRCh38	96590605	Ensembl REST variation endpoint	https://rest.ensembl.org/variation/homo_sapiens	2026-05-22	unique autosomal SNP mapping in both GRCh37 and GRCh38
rs12541910	8	GRCh36	100717294	candidate BIM/PVAR position		2026-05-22	source-build position preserved from candidate genotype map
rs12541910	8	GRCh37	100648118	Ensembl REST variation endpoint	https://grch37.rest.ensembl.org/variation/homo_sapiens	2026-05-22	unique autosomal SNP mapping in both GRCh37 and GRCh38
rs12541910	8	GRCh38	99635890	Ensembl REST variation endpoint	https://rest.ensembl.org/variation/homo_sapiens	2026-05-22	unique autosomal SNP mapping in both GRCh37 and GRCh38
rs13266079	8	GRCh36	103534770	candidate BIM/PVAR position		2026-05-22	source-build position preserved from candidate genotype map
rs13266079	8	GRCh37	103465594	Ensembl REST variation endpoint	https://grch37.rest.ensembl.org/variation/homo_sapiens	2026-05-22	unique autosomal SNP mapping in both GRCh37 and GRCh38
rs13266079	8	GRCh38	102453366	Ensembl REST variation endpoint	https://rest.ensembl.org/variation/homo_sapiens	2026-05-22	unique autosomal SNP mapping in both GRCh37 and GRCh38
rs6468997	8	GRCh36	106386233	candidate BIM/PVAR position		2026-05-22	source-build position preserved from candidate genotype map
rs6468997	8	GRCh37	106317057	Ensembl REST variation endpoint	https://grch37.rest.ensembl.org/variation/homo_sapiens	2026-05-22	unique autosomal SNP mapping in both GRCh37 and GRCh38
rs6468997	8	GRCh38	105304829	Ensembl REST variation endpoint	https://rest.ensembl.org/variation/homo_sapiens	2026-05-22	unique autosomal SNP mapping in both GRCh37 and GRCh38
rs4451284	8	GRCh36	108404690	candidate BIM/PVAR position		2026-05-22	source-build position preserved from candidate genotype map
rs4451284	8	GRCh37	108335514	Ensembl REST variation endpoint	https://grch37.rest.ensembl.org/variation/homo_sapiens	2026-05-22	unique autosomal SNP mapping in both GRCh37 and GRCh38
rs4451284	8	GRCh38	107323286	Ensembl REST variation endpoint	https://rest.ensembl.org/variation/homo_sapiens	2026-05-22	unique autosomal SNP mapping in both GRCh37 and GRCh38
rs7836619	8	GRCh36	111236784	candidate BIM/PVAR position		2026-05-22	source-build position preserved from candidate genotype map
rs7836619	8	GRCh37	111167608	Ensembl REST variation endpoint	https://grch37.rest.ensembl.org/variation/homo_sapiens	2026-05-22	unique autosomal SNP mapping in both GRCh37 and GRCh38
rs7836619	8	GRCh38	110155379	Ensembl REST variation endpoint	https://rest.ensembl.org/variation/homo_sapiens	2026-05-22	unique autosomal SNP mapping in both GRCh37 and GRCh38
rs10505199	8	GRCh36	114090660	candidate BIM/PVAR position		2026-05-22	source-build position preserved from candidate genotype map
rs10505199	8	GRCh37	114021484	Ensembl REST variation endpoint	https://grch37.rest.ensembl.org/variation/homo_sapiens	2026-05-22	unique autosomal SNP mapping in both GRCh37 and GRCh38
rs10505199	8	GRCh38	113009255	Ensembl REST variation endpoint	https://rest.ensembl.org/variation/homo_sapiens	2026-05-22	unique autosomal SNP mapping in both GRCh37 and GRCh38
rs6997637	8	GRCh36	117138117	candidate BIM/PVAR position		2026-05-22	source-build position preserved from candidate genotype map
rs6997637	8	GRCh37	117068939	Ensembl REST variation endpoint	https://grch37.rest.ensembl.org/variation/homo_sapiens	2026-05-22	unique autosomal SNP mapping in both GRCh37 and GRCh38
rs6997637	8	GRCh38	116056714	Ensembl REST variation endpoint	https://rest.ensembl.org/variation/homo_sapiens	2026-05-22	unique autosomal SNP mapping in both GRCh37 and GRCh38
rs6469778	8	GRCh36	119975711	candidate BIM/PVAR position		2026-05-22	source-build position preserved from candidate genotype map
rs6469778	8	GRCh37	119906530	Ensembl REST variation endpoint	https://grch37.rest.ensembl.org/variation/homo_sapiens	2026-05-22	unique autosomal SNP mapping in both GRCh37 and GRCh38
rs6469778	8	GRCh38	118894291	Ensembl REST variation endpoint	https://rest.ensembl.org/variation/homo_sapiens	2026-05-22	unique autosomal SNP mapping in both GRCh37 and GRCh38
rs10106208	8	GRCh36	122814511	candidate BIM/PVAR position		2026-05-22	source-build position preserved from candidate genotype map
rs10106208	8	GRCh37	122745330	Ensembl REST variation endpoint	https://grch37.rest.ensembl.org/variation/homo_sapiens	2026-05-22	unique autosomal SNP mapping in both GRCh37 and GRCh38
rs10106208	8	GRCh38	121733090	Ensembl REST variation endpoint	https://rest.ensembl.org/variation/homo_sapiens	2026-05-22	unique autosomal SNP mapping in both GRCh37 and GRCh38
rs4870926	8	GRCh36	125838337	candidate BIM/PVAR position		2026-05-22	source-build position preserved from candidate genotype map
rs4870926	8	GRCh37	125769156	Ensembl REST variation endpoint	https://grch37.rest.ensembl.org/variation/homo_sapiens	2026-05-22	unique autosomal SNP mapping in both GRCh37 and GRCh38
rs4870926	8	GRCh38	124756914	Ensembl REST variation endpoint	https://rest.ensembl.org/variation/homo_sapiens	2026-05-22	unique autosomal SNP mapping in both GRCh37 and GRCh38
rs7465658	8	GRCh36	128652779	candidate BIM/PVAR position		2026-05-22	source-build position preserved from candidate genotype map
rs7465658	8	GRCh37	128583597	Ensembl REST variation endpoint	https://grch37.rest.ensembl.org/variation/homo_sapiens	2026-05-22	unique autosomal SNP mapping in both GRCh37 and GRCh38
rs7465658	8	GRCh38	127571352	Ensembl REST variation endpoint	https://rest.ensembl.org/variation/homo_sapiens	2026-05-22	unique autosomal SNP mapping in both GRCh37 and GRCh38
rs6994477	8	GRCh36	131473235	candidate BIM/PVAR position		2026-05-22	source-build position preserved from candidate genotype map
rs6994477	8	GRCh37	131404053	Ensembl REST variation endpoint	https://grch37.rest.ensembl.org/variation/homo_sapiens	2026-05-22	unique autosomal SNP mapping in both GRCh37 and GRCh38
rs6994477	8	GRCh38	130391807	Ensembl REST variation endpoint	https://rest.ensembl.org/variation/homo_sapiens	2026-05-22	unique autosomal SNP mapping in both GRCh37 and GRCh38
rs17659499	8	GRCh36	133492789	candidate BIM/PVAR position		2026-05-22	source-build position preserved from candidate genotype map
rs17659499	8	GRCh37	133423607	Ensembl REST variation endpoint	https://grch37.rest.ensembl.org/variation/homo_sapiens	2026-05-22	unique autosomal SNP mapping in both GRCh37 and GRCh38
rs17659499	8	GRCh38	132411360	Ensembl REST variation endpoint	https://rest.ensembl.org/variation/homo_sapiens	2026-05-22	unique autosomal SNP mapping in both GRCh37 and GRCh38
rs2199922	8	GRCh36	136313508	candidate BIM/PVAR position		2026-05-22	source-build position preserved from candidate genotype map
rs2199922	8	GRCh37	136244326	Ensembl REST variation endpoint	https://grch37.rest.ensembl.org/variation/homo_sapiens	2026-05-22	unique autosomal SNP mapping in both GRCh37 and GRCh38
rs2199922	8	GRCh38	135232083	Ensembl REST variation endpoint	https://rest.ensembl.org/variation/homo_sapiens	2026-05-22	unique autosomal SNP mapping in both GRCh37 and GRCh38
rs4909414	8	GRCh36	139343319	candidate BIM/PVAR position		2026-05-22	source-build position preserved from candidate genotype map
rs4909414	8	GRCh37	139274137	Ensembl REST variation endpoint	https://grch37.rest.ensembl.org/variation/homo_sapiens	2026-05-22	unique autosomal SNP mapping in both GRCh37 and GRCh38
rs4909414	8	GRCh38	138261894	Ensembl REST variation endpoint	https://rest.ensembl.org/variation/homo_sapiens	2026-05-22	unique autosomal SNP mapping in both GRCh37 and GRCh38
rs6990155	8	GRCh36	142168159	candidate BIM/PVAR position		2026-05-22	source-build position preserved from candidate genotype map
rs6990155	8	GRCh37	142098977	Ensembl REST variation endpoint	https://grch37.rest.ensembl.org/variation/homo_sapiens	2026-05-22	unique autosomal SNP mapping in both GRCh37 and GRCh38
rs6990155	8	GRCh38	141088878	Ensembl REST variation endpoint	https://rest.ensembl.org/variation/homo_sapiens	2026-05-22	unique autosomal SNP mapping in both GRCh37 and GRCh38
rs10909782	9	GRCh36	44341977	candidate BIM/PVAR position		2026-05-22	source-build position preserved from candidate genotype map
rs10909782	9	GRCh37	44401981	Ensembl REST variation endpoint	https://grch37.rest.ensembl.org/variation/homo_sapiens	2026-05-22	unique autosomal SNP mapping in both GRCh37 and GRCh38
rs10909782	9	GRCh38	42569138	Ensembl REST variation endpoint	https://rest.ensembl.org/variation/homo_sapiens	2026-05-22	unique autosomal SNP mapping in both GRCh37 and GRCh38
rs28599673	9	GRCh36	45338079	candidate BIM/PVAR position		2026-05-22	source-build position preserved from candidate genotype map
rs28599673	9	GRCh37	45448083	Ensembl REST variation endpoint	https://grch37.rest.ensembl.org/variation/homo_sapiens	2026-05-22	unique autosomal SNP mapping in both GRCh37 and GRCh38
rs28599673	9	GRCh38	41365060	Ensembl REST variation endpoint	https://rest.ensembl.org/variation/homo_sapiens	2026-05-22	unique autosomal SNP mapping in both GRCh37 and GRCh38
rs28533023	9	GRCh36	65231255	candidate BIM/PVAR position		2026-05-22	source-build position preserved from candidate genotype map
rs28533023	9	GRCh37	65491435	Ensembl REST variation endpoint	https://grch37.rest.ensembl.org/variation/homo_sapiens	2026-05-22	unique autosomal SNP mapping in both GRCh37 and GRCh38
rs28533023	9	GRCh38	61208211	Ensembl REST variation endpoint	https://rest.ensembl.org/variation/homo_sapiens	2026-05-22	unique autosomal SNP mapping in both GRCh37 and GRCh38
rs10217124	9	GRCh36	46776631	candidate BIM/PVAR position		2026-05-22	source-build position preserved from candidate genotype map
rs10217124	9	GRCh37	46936811	Ensembl REST variation endpoint	https://grch37.rest.ensembl.org/variation/homo_sapiens	2026-05-22	unique autosomal SNP mapping in both GRCh37 and GRCh38
rs10217124	9	GRCh38	62625510	Ensembl REST variation endpoint	https://rest.ensembl.org/variation/homo_sapiens	2026-05-22	unique autosomal SNP mapping in both GRCh37 and GRCh38
rs17842170	9	GRCh36	67903496	candidate BIM/PVAR position		2026-05-22	source-build position preserved from candidate genotype map
rs17842170	9	GRCh37	68413676	Ensembl REST variation endpoint	https://grch37.rest.ensembl.org/variation/homo_sapiens	2026-05-22	unique autosomal SNP mapping in both GRCh37 and GRCh38
rs17842170	9	GRCh38	63817942	Ensembl REST variation endpoint	https://rest.ensembl.org/variation/homo_sapiens	2026-05-22	unique autosomal SNP mapping in both GRCh37 and GRCh38
rs7467421	9	GRCh36	69742724	candidate BIM/PVAR position		2026-05-22	source-build position preserved from candidate genotype map
rs7467421	9	GRCh37	70502904	Ensembl REST variation endpoint	https://grch37.rest.ensembl.org/variation/homo_sapiens	2026-05-22	unique autosomal SNP mapping in both GRCh37 and GRCh38
rs7467421	9	GRCh38	65663141	Ensembl REST variation endpoint	https://rest.ensembl.org/variation/homo_sapiens	2026-05-22	unique autosomal SNP mapping in both GRCh37 and GRCh38
rs2476831	9	GRCh36	40704011	candidate BIM/PVAR position		2026-05-22	source-build position preserved from candidate genotype map
rs2476831	9	GRCh37	40714011	Ensembl REST variation endpoint	https://grch37.rest.ensembl.org/variation/homo_sapiens	2026-05-22	unique autosomal SNP mapping in both GRCh37 and GRCh38
rs2476831	9	GRCh38	66978830	Ensembl REST variation endpoint	https://rest.ensembl.org/variation/homo_sapiens	2026-05-22	unique autosomal SNP mapping in both GRCh37 and GRCh38
rs4266712	9	GRCh36	70064538	candidate BIM/PVAR position		2026-05-22	source-build position preserved from candidate genotype map
rs4266712	9	GRCh37	70874718	Ensembl REST variation endpoint	https://grch37.rest.ensembl.org/variation/homo_sapiens	2026-05-22	unique autosomal SNP mapping in both GRCh37 and GRCh38
rs4266712	9	GRCh38	68259802	Ensembl REST variation endpoint	https://rest.ensembl.org/variation/homo_sapiens	2026-05-22	unique autosomal SNP mapping in both GRCh37 and GRCh38
rs10283841	9	GRCh36	71074356	candidate BIM/PVAR position		2026-05-22	source-build position preserved from candidate genotype map
rs10283841	9	GRCh37	71884536	Ensembl REST variation endpoint	https://grch37.rest.ensembl.org/variation/homo_sapiens	2026-05-22	unique autosomal SNP mapping in both GRCh37 and GRCh38
rs10283841	9	GRCh38	69269620	Ensembl REST variation endpoint	https://rest.ensembl.org/variation/homo_sapiens	2026-05-22	unique autosomal SNP mapping in both GRCh37 and GRCh38
rs10511982	9	GRCh36	72281669	candidate BIM/PVAR position		2026-05-22	source-build position preserved from candidate genotype map
rs10511982	9	GRCh37	73091849	Ensembl REST variation endpoint	https://grch37.rest.ensembl.org/variation/homo_sapiens	2026-05-22	unique autosomal SNP mapping in both GRCh37 and GRCh38
rs10511982	9	GRCh38	70476933	Ensembl REST variation endpoint	https://rest.ensembl.org/variation/homo_sapiens	2026-05-22	unique autosomal SNP mapping in both GRCh37 and GRCh38
rs11142845	9	GRCh36	73286348	candidate BIM/PVAR position		2026-05-22	source-build position preserved from candidate genotype map
rs11142845	9	GRCh37	74096528	Ensembl REST variation endpoint	https://grch37.rest.ensembl.org/variation/homo_sapiens	2026-05-22	unique autosomal SNP mapping in both GRCh37 and GRCh38
rs11142845	9	GRCh38	71481612	Ensembl REST variation endpoint	https://rest.ensembl.org/variation/homo_sapiens	2026-05-22	unique autosomal SNP mapping in both GRCh37 and GRCh38
rs7040392	9	GRCh36	74302600	candidate BIM/PVAR position		2026-05-22	source-build position preserved from candidate genotype map
rs7040392	9	GRCh37	75112780	Ensembl REST variation endpoint	https://grch37.rest.ensembl.org/variation/homo_sapiens	2026-05-22	unique autosomal SNP mapping in both GRCh37 and GRCh38
rs7040392	9	GRCh38	72497864	Ensembl REST variation endpoint	https://rest.ensembl.org/variation/homo_sapiens	2026-05-22	unique autosomal SNP mapping in both GRCh37 and GRCh38
rs4493972	9	GRCh36	76121343	candidate BIM/PVAR position		2026-05-22	source-build position preserved from candidate genotype map
rs4493972	9	GRCh37	76931523	Ensembl REST variation endpoint	https://grch37.rest.ensembl.org/variation/homo_sapiens	2026-05-22	unique autosomal SNP mapping in both GRCh37 and GRCh38
rs4493972	9	GRCh38	74316607	Ensembl REST variation endpoint	https://rest.ensembl.org/variation/homo_sapiens	2026-05-22	unique autosomal SNP mapping in both GRCh37 and GRCh38
rs6560506	9	GRCh36	77946987	candidate BIM/PVAR position		2026-05-22	source-build position preserved from candidate genotype map
rs6560506	9	GRCh37	78757167	Ensembl REST variation endpoint	https://grch37.rest.ensembl.org/variation/homo_sapiens	2026-05-22	unique autosomal SNP mapping in both GRCh37 and GRCh38
rs6560506	9	GRCh38	76142251	Ensembl REST variation endpoint	https://rest.ensembl.org/variation/homo_sapiens	2026-05-22	unique autosomal SNP mapping in both GRCh37 and GRCh38
rs12345013	9	GRCh36	78951531	candidate BIM/PVAR position		2026-05-22	source-build position preserved from candidate genotype map
rs12345013	9	GRCh37	79761711	Ensembl REST variation endpoint	https://grch37.rest.ensembl.org/variation/homo_sapiens	2026-05-22	unique autosomal SNP mapping in both GRCh37 and GRCh38
rs12345013	9	GRCh38	77146795	Ensembl REST variation endpoint	https://rest.ensembl.org/variation/homo_sapiens	2026-05-22	unique autosomal SNP mapping in both GRCh37 and GRCh38
rs1438795	9	GRCh36	80771925	candidate BIM/PVAR position		2026-05-22	source-build position preserved from candidate genotype map
rs1438795	9	GRCh37	81582105	Ensembl REST variation endpoint	https://grch37.rest.ensembl.org/variation/homo_sapiens	2026-05-22	unique autosomal SNP mapping in both GRCh37 and GRCh38
rs1438795	9	GRCh38	78967189	Ensembl REST variation endpoint	https://rest.ensembl.org/variation/homo_sapiens	2026-05-22	unique autosomal SNP mapping in both GRCh37 and GRCh38
rs7866547	9	GRCh36	82581250	candidate BIM/PVAR position		2026-05-22	source-build position preserved from candidate genotype map
rs7866547	9	GRCh37	83391430	Ensembl REST variation endpoint	https://grch37.rest.ensembl.org/variation/homo_sapiens	2026-05-22	unique autosomal SNP mapping in both GRCh37 and GRCh38
rs7866547	9	GRCh38	80776515	Ensembl REST variation endpoint	https://rest.ensembl.org/variation/homo_sapiens	2026-05-22	unique autosomal SNP mapping in both GRCh37 and GRCh38
rs564171	9	GRCh36	83592061	candidate BIM/PVAR position		2026-05-22	source-build position preserved from candidate genotype map
rs564171	9	GRCh37	84402241	Ensembl REST variation endpoint	https://grch37.rest.ensembl.org/variation/homo_sapiens	2026-05-22	unique autosomal SNP mapping in both GRCh37 and GRCh38
rs564171	9	GRCh38	81787326	Ensembl REST variation endpoint	https://rest.ensembl.org/variation/homo_sapiens	2026-05-22	unique autosomal SNP mapping in both GRCh37 and GRCh38
rs2780980	9	GRCh36	85424416	candidate BIM/PVAR position		2026-05-22	source-build position preserved from candidate genotype map
rs2780980	9	GRCh37	86234596	Ensembl REST variation endpoint	https://grch37.rest.ensembl.org/variation/homo_sapiens	2026-05-22	unique autosomal SNP mapping in both GRCh37 and GRCh38
rs2780980	9	GRCh38	83619681	Ensembl REST variation endpoint	https://rest.ensembl.org/variation/homo_sapiens	2026-05-22	unique autosomal SNP mapping in both GRCh37 and GRCh38
rs3849871	9	GRCh36	87244407	candidate BIM/PVAR position		2026-05-22	source-build position preserved from candidate genotype map
rs3849871	9	GRCh37	88054587	Ensembl REST variation endpoint	https://grch37.rest.ensembl.org/variation/homo_sapiens	2026-05-22	unique autosomal SNP mapping in both GRCh37 and GRCh38
rs3849871	9	GRCh38	85439672	Ensembl REST variation endpoint	https://rest.ensembl.org/variation/homo_sapiens	2026-05-22	unique autosomal SNP mapping in both GRCh37 and GRCh38
rs12348439	9	GRCh36	89059788	candidate BIM/PVAR position		2026-05-22	source-build position preserved from candidate genotype map
rs12348439	9	GRCh37	89869968	Ensembl REST variation endpoint	https://grch37.rest.ensembl.org/variation/homo_sapiens	2026-05-22	unique autosomal SNP mapping in both GRCh37 and GRCh38
rs12348439	9	GRCh38	87255053	Ensembl REST variation endpoint	https://rest.ensembl.org/variation/homo_sapiens	2026-05-22	unique autosomal SNP mapping in both GRCh37 and GRCh38
rs1887387	9	GRCh36	90069741	candidate BIM/PVAR position		2026-05-22	source-build position preserved from candidate genotype map
rs1887387	9	GRCh37	90879921	Ensembl REST variation endpoint	https://grch37.rest.ensembl.org/variation/homo_sapiens	2026-05-22	unique autosomal SNP mapping in both GRCh37 and GRCh38
rs1887387	9	GRCh38	88265006	Ensembl REST variation endpoint	https://rest.ensembl.org/variation/homo_sapiens	2026-05-22	unique autosomal SNP mapping in both GRCh37 and GRCh38
rs10739922	9	GRCh36	91921685	candidate BIM/PVAR position		2026-05-22	source-build position preserved from candidate genotype map
rs10739922	9	GRCh37	92881865	Ensembl REST variation endpoint	https://grch37.rest.ensembl.org/variation/homo_sapiens	2026-05-22	unique autosomal SNP mapping in both GRCh37 and GRCh38
rs10739922	9	GRCh38	90119583	Ensembl REST variation endpoint	https://rest.ensembl.org/variation/homo_sapiens	2026-05-22	unique autosomal SNP mapping in both GRCh37 and GRCh38
rs7032998	9	GRCh36	93732301	candidate BIM/PVAR position		2026-05-22	source-build position preserved from candidate genotype map
rs7032998	9	GRCh37	94692480	Ensembl REST variation endpoint	https://grch37.rest.ensembl.org/variation/homo_sapiens	2026-05-22	unique autosomal SNP mapping in both GRCh37 and GRCh38
rs7032998	9	GRCh38	91930198	Ensembl REST variation endpoint	https://rest.ensembl.org/variation/homo_sapiens	2026-05-22	unique autosomal SNP mapping in both GRCh37 and GRCh38
rs2243742	9	GRCh36	95566223	candidate BIM/PVAR position		2026-05-22	source-build position preserved from candidate genotype map
rs2243742	9	GRCh37	96526402	Ensembl REST variation endpoint	https://grch37.rest.ensembl.org/variation/homo_sapiens	2026-05-22	unique autosomal SNP mapping in both GRCh37 and GRCh38
rs2243742	9	GRCh38	93764120	Ensembl REST variation endpoint	https://rest.ensembl.org/variation/homo_sapiens	2026-05-22	unique autosomal SNP mapping in both GRCh37 and GRCh38
rs356148	9	GRCh36	96581398	candidate BIM/PVAR position		2026-05-22	source-build position preserved from candidate genotype map
rs356148	9	GRCh37	97541577	Ensembl REST variation endpoint	https://grch37.rest.ensembl.org/variation/homo_sapiens	2026-05-22	unique autosomal SNP mapping in both GRCh37 and GRCh38
rs356148	9	GRCh38	94779295	Ensembl REST variation endpoint	https://rest.ensembl.org/variation/homo_sapiens	2026-05-22	unique autosomal SNP mapping in both GRCh37 and GRCh38
rs12347074	9	GRCh36	98393038	candidate BIM/PVAR position		2026-05-22	source-build position preserved from candidate genotype map
rs12347074	9	GRCh37	99353217	Ensembl REST variation endpoint	https://grch37.rest.ensembl.org/variation/homo_sapiens	2026-05-22	unique autosomal SNP mapping in both GRCh37 and GRCh38
rs12347074	9	GRCh38	96590935	Ensembl REST variation endpoint	https://rest.ensembl.org/variation/homo_sapiens	2026-05-22	unique autosomal SNP mapping in both GRCh37 and GRCh38
rs12352195	9	GRCh36	100240572	candidate BIM/PVAR position		2026-05-22	source-build position preserved from candidate genotype map
rs12352195	9	GRCh37	101200751	Ensembl REST variation endpoint	https://grch37.rest.ensembl.org/variation/homo_sapiens	2026-05-22	unique autosomal SNP mapping in both GRCh37 and GRCh38
rs12352195	9	GRCh38	98438469	Ensembl REST variation endpoint	https://rest.ensembl.org/variation/homo_sapiens	2026-05-22	unique autosomal SNP mapping in both GRCh37 and GRCh38
rs2485745	9	GRCh36	102073239	candidate BIM/PVAR position		2026-05-22	source-build position preserved from candidate genotype map
rs2485745	9	GRCh37	103033418	Ensembl REST variation endpoint	https://grch37.rest.ensembl.org/variation/homo_sapiens	2026-05-22	unique autosomal SNP mapping in both GRCh37 and GRCh38
rs2485745	9	GRCh38	100271136	Ensembl REST variation endpoint	https://rest.ensembl.org/variation/homo_sapiens	2026-05-22	unique autosomal SNP mapping in both GRCh37 and GRCh38
rs320273	9	GRCh36	103893542	candidate BIM/PVAR position		2026-05-22	source-build position preserved from candidate genotype map
rs320273	9	GRCh37	104853721	Ensembl REST variation endpoint	https://grch37.rest.ensembl.org/variation/homo_sapiens	2026-05-22	unique autosomal SNP mapping in both GRCh37 and GRCh38
rs320273	9	GRCh38	102091439	Ensembl REST variation endpoint	https://rest.ensembl.org/variation/homo_sapiens	2026-05-22	unique autosomal SNP mapping in both GRCh37 and GRCh38
rs16922538	9	GRCh36	104902885	candidate BIM/PVAR position		2026-05-22	source-build position preserved from candidate genotype map
rs16922538	9	GRCh37	105863064	Ensembl REST variation endpoint	https://grch37.rest.ensembl.org/variation/homo_sapiens	2026-05-22	unique autosomal SNP mapping in both GRCh37 and GRCh38
rs16922538	9	GRCh38	103100782	Ensembl REST variation endpoint	https://rest.ensembl.org/variation/homo_sapiens	2026-05-22	unique autosomal SNP mapping in both GRCh37 and GRCh38
rs10991415	9	GRCh36	106726175	candidate BIM/PVAR position		2026-05-22	source-build position preserved from candidate genotype map
rs10991415	9	GRCh37	107686354	Ensembl REST variation endpoint	https://grch37.rest.ensembl.org/variation/homo_sapiens	2026-05-22	unique autosomal SNP mapping in both GRCh37 and GRCh38
rs10991415	9	GRCh38	104924073	Ensembl REST variation endpoint	https://rest.ensembl.org/variation/homo_sapiens	2026-05-22	unique autosomal SNP mapping in both GRCh37 and GRCh38
rs6477541	9	GRCh36	108545989	candidate BIM/PVAR position		2026-05-22	source-build position preserved from candidate genotype map
rs6477541	9	GRCh37	109506168	Ensembl REST variation endpoint	https://grch37.rest.ensembl.org/variation/homo_sapiens	2026-05-22	unique autosomal SNP mapping in both GRCh37 and GRCh38
rs6477541	9	GRCh38	106743887	Ensembl REST variation endpoint	https://rest.ensembl.org/variation/homo_sapiens	2026-05-22	unique autosomal SNP mapping in both GRCh37 and GRCh38
rs4978566	9	GRCh36	109551757	candidate BIM/PVAR position		2026-05-22	source-build position preserved from candidate genotype map
rs4978566	9	GRCh37	110511936	Ensembl REST variation endpoint	https://grch37.rest.ensembl.org/variation/homo_sapiens	2026-05-22	unique autosomal SNP mapping in both GRCh37 and GRCh38
rs4978566	9	GRCh38	107749655	Ensembl REST variation endpoint	https://rest.ensembl.org/variation/homo_sapiens	2026-05-22	unique autosomal SNP mapping in both GRCh37 and GRCh38
rs7029732	9	GRCh36	111371801	candidate BIM/PVAR position		2026-05-22	source-build position preserved from candidate genotype map
rs7029732	9	GRCh37	112331980	Ensembl REST variation endpoint	https://grch37.rest.ensembl.org/variation/homo_sapiens	2026-05-22	unique autosomal SNP mapping in both GRCh37 and GRCh38
rs7029732	9	GRCh38	109569700	Ensembl REST variation endpoint	https://rest.ensembl.org/variation/homo_sapiens	2026-05-22	unique autosomal SNP mapping in both GRCh37 and GRCh38
rs4978993	9	GRCh36	113181135	candidate BIM/PVAR position		2026-05-22	source-build position preserved from candidate genotype map
rs4978993	9	GRCh37	114141314	Ensembl REST variation endpoint	https://grch37.rest.ensembl.org/variation/homo_sapiens	2026-05-22	unique autosomal SNP mapping in both GRCh37 and GRCh38
rs4978993	9	GRCh38	111379034	Ensembl REST variation endpoint	https://rest.ensembl.org/variation/homo_sapiens	2026-05-22	unique autosomal SNP mapping in both GRCh37 and GRCh38
rs2418206	9	GRCh36	114184402	candidate BIM/PVAR position		2026-05-22	source-build position preserved from candidate genotype map
rs2418206	9	GRCh37	115144581	Ensembl REST variation endpoint	https://grch37.rest.ensembl.org/variation/homo_sapiens	2026-05-22	unique autosomal SNP mapping in both GRCh37 and GRCh38
rs2418206	9	GRCh38	112382301	Ensembl REST variation endpoint	https://rest.ensembl.org/variation/homo_sapiens	2026-05-22	unique autosomal SNP mapping in both GRCh37 and GRCh38
rs4360357	9	GRCh36	115994263	candidate BIM/PVAR position		2026-05-22	source-build position preserved from candidate genotype map
rs4360357	9	GRCh37	116954442	Ensembl REST variation endpoint	https://grch37.rest.ensembl.org/variation/homo_sapiens	2026-05-22	unique autosomal SNP mapping in both GRCh37 and GRCh38
rs4360357	9	GRCh38	114192162	Ensembl REST variation endpoint	https://rest.ensembl.org/variation/homo_sapiens	2026-05-22	unique autosomal SNP mapping in both GRCh37 and GRCh38
rs10983046	9	GRCh36	117813509	candidate BIM/PVAR position		2026-05-22	source-build position preserved from candidate genotype map
rs10983046	9	GRCh37	118773688	Ensembl REST variation endpoint	https://grch37.rest.ensembl.org/variation/homo_sapiens	2026-05-22	unique autosomal SNP mapping in both GRCh37 and GRCh38
rs10983046	9	GRCh38	116011409	Ensembl REST variation endpoint	https://rest.ensembl.org/variation/homo_sapiens	2026-05-22	unique autosomal SNP mapping in both GRCh37 and GRCh38
rs1334090	9	GRCh36	118822192	candidate BIM/PVAR position		2026-05-22	source-build position preserved from candidate genotype map
rs1334090	9	GRCh37	119782371	Ensembl REST variation endpoint	https://grch37.rest.ensembl.org/variation/homo_sapiens	2026-05-22	unique autosomal SNP mapping in both GRCh37 and GRCh38
rs1334090	9	GRCh38	117020092	Ensembl REST variation endpoint	https://rest.ensembl.org/variation/homo_sapiens	2026-05-22	unique autosomal SNP mapping in both GRCh37 and GRCh38
rs10984257	9	GRCh36	120647170	candidate BIM/PVAR position		2026-05-22	source-build position preserved from candidate genotype map
rs10984257	9	GRCh37	121607349	Ensembl REST variation endpoint	https://grch37.rest.ensembl.org/variation/homo_sapiens	2026-05-22	unique autosomal SNP mapping in both GRCh37 and GRCh38
rs10984257	9	GRCh38	118845071	Ensembl REST variation endpoint	https://rest.ensembl.org/variation/homo_sapiens	2026-05-22	unique autosomal SNP mapping in both GRCh37 and GRCh38
rs1867254	9	GRCh36	122468899	candidate BIM/PVAR position		2026-05-22	source-build position preserved from candidate genotype map
rs1867254	9	GRCh37	123429078	Ensembl REST variation endpoint	https://grch37.rest.ensembl.org/variation/homo_sapiens	2026-05-22	unique autosomal SNP mapping in both GRCh37 and GRCh38
rs1867254	9	GRCh38	120666800	Ensembl REST variation endpoint	https://rest.ensembl.org/variation/homo_sapiens	2026-05-22	unique autosomal SNP mapping in both GRCh37 and GRCh38
rs7047340	9	GRCh36	123481225	candidate BIM/PVAR position		2026-05-22	source-build position preserved from candidate genotype map
rs7047340	9	GRCh37	124441404	Ensembl REST variation endpoint	https://grch37.rest.ensembl.org/variation/homo_sapiens	2026-05-22	unique autosomal SNP mapping in both GRCh37 and GRCh38
rs7047340	9	GRCh38	121679125	Ensembl REST variation endpoint	https://rest.ensembl.org/variation/homo_sapiens	2026-05-22	unique autosomal SNP mapping in both GRCh37 and GRCh38
rs2808399	9	GRCh36	125302053	candidate BIM/PVAR position		2026-05-22	source-build position preserved from candidate genotype map
rs2808399	9	GRCh37	126262232	Ensembl REST variation endpoint	https://grch37.rest.ensembl.org/variation/homo_sapiens	2026-05-22	unique autosomal SNP mapping in both GRCh37 and GRCh38
rs2808399	9	GRCh38	123499953	Ensembl REST variation endpoint	https://rest.ensembl.org/variation/homo_sapiens	2026-05-22	unique autosomal SNP mapping in both GRCh37 and GRCh38
rs2417004	9	GRCh36	127924885	candidate BIM/PVAR position		2026-05-22	source-build position preserved from candidate genotype map
rs2417004	9	GRCh37	128885064	Ensembl REST variation endpoint	https://grch37.rest.ensembl.org/variation/homo_sapiens	2026-05-22	unique autosomal SNP mapping in both GRCh37 and GRCh38
rs2417004	9	GRCh38	126122785	Ensembl REST variation endpoint	https://rest.ensembl.org/variation/homo_sapiens	2026-05-22	unique autosomal SNP mapping in both GRCh37 and GRCh38
rs1538502	9	GRCh36	128943003	candidate BIM/PVAR position		2026-05-22	source-build position preserved from candidate genotype map
rs1538502	9	GRCh37	129903182	Ensembl REST variation endpoint	https://grch37.rest.ensembl.org/variation/homo_sapiens	2026-05-22	unique autosomal SNP mapping in both GRCh37 and GRCh38
rs1538502	9	GRCh38	127140903	Ensembl REST variation endpoint	https://rest.ensembl.org/variation/homo_sapiens	2026-05-22	unique autosomal SNP mapping in both GRCh37 and GRCh38
rs10760651	9	GRCh36	131779385	candidate BIM/PVAR position		2026-05-22	source-build position preserved from candidate genotype map
rs10760651	9	GRCh37	132739564	Ensembl REST variation endpoint	https://grch37.rest.ensembl.org/variation/homo_sapiens	2026-05-22	unique autosomal SNP mapping in both GRCh37 and GRCh38
rs10760651	9	GRCh38	129977285	Ensembl REST variation endpoint	https://rest.ensembl.org/variation/homo_sapiens	2026-05-22	unique autosomal SNP mapping in both GRCh37 and GRCh38
rs2987410	9	GRCh36	133624387	candidate BIM/PVAR position		2026-05-22	source-build position preserved from candidate genotype map
rs2987410	9	GRCh37	134634566	Ensembl REST variation endpoint	https://grch37.rest.ensembl.org/variation/homo_sapiens	2026-05-22	unique autosomal SNP mapping in both GRCh37 and GRCh38
rs2987410	9	GRCh38	131759179	Ensembl REST variation endpoint	https://rest.ensembl.org/variation/homo_sapiens	2026-05-22	unique autosomal SNP mapping in both GRCh37 and GRCh38
rs28666751	9	GRCh36	135443926	candidate BIM/PVAR position		2026-05-22	source-build position preserved from candidate genotype map
rs28666751	9	GRCh37	136454105	Ensembl REST variation endpoint	https://grch37.rest.ensembl.org/variation/homo_sapiens	2026-05-22	unique autosomal SNP mapping in both GRCh37 and GRCh38
rs28666751	9	GRCh38	133588983	Ensembl REST variation endpoint	https://rest.ensembl.org/variation/homo_sapiens	2026-05-22	unique autosomal SNP mapping in both GRCh37 and GRCh38
rs12006325	9	GRCh36	137240673	candidate BIM/PVAR position		2026-05-22	source-build position preserved from candidate genotype map
rs12006325	9	GRCh37	138100852	Ensembl REST variation endpoint	https://grch37.rest.ensembl.org/variation/homo_sapiens	2026-05-22	unique autosomal SNP mapping in both GRCh37 and GRCh38
rs12006325	9	GRCh38	135209006	Ensembl REST variation endpoint	https://rest.ensembl.org/variation/homo_sapiens	2026-05-22	unique autosomal SNP mapping in both GRCh37 and GRCh38
rs12412703	10	GRCh36	3714611	candidate BIM/PVAR position		2026-05-22	source-build position preserved from candidate genotype map
rs12412703	10	GRCh37	3724611	Ensembl REST variation endpoint	https://grch37.rest.ensembl.org/variation/homo_sapiens	2026-05-22	unique autosomal SNP mapping in both GRCh37 and GRCh38
rs12412703	10	GRCh38	3682419	Ensembl REST variation endpoint	https://rest.ensembl.org/variation/homo_sapiens	2026-05-22	unique autosomal SNP mapping in both GRCh37 and GRCh38
rs12246508	10	GRCh36	6326461	candidate BIM/PVAR position		2026-05-22	source-build position preserved from candidate genotype map
rs12246508	10	GRCh37	6286455	Ensembl REST variation endpoint	https://grch37.rest.ensembl.org/variation/homo_sapiens	2026-05-22	unique autosomal SNP mapping in both GRCh37 and GRCh38
rs12246508	10	GRCh38	6244492	Ensembl REST variation endpoint	https://rest.ensembl.org/variation/homo_sapiens	2026-05-22	unique autosomal SNP mapping in both GRCh37 and GRCh38
rs10508370	10	GRCh36	8942020	candidate BIM/PVAR position		2026-05-22	source-build position preserved from candidate genotype map
rs10508370	10	GRCh37	8902014	Ensembl REST variation endpoint	https://grch37.rest.ensembl.org/variation/homo_sapiens	2026-05-22	unique autosomal SNP mapping in both GRCh37 and GRCh38
rs10508370	10	GRCh38	8860051	Ensembl REST variation endpoint	https://rest.ensembl.org/variation/homo_sapiens	2026-05-22	unique autosomal SNP mapping in both GRCh37 and GRCh38
rs10905994	10	GRCh36	11770916	candidate BIM/PVAR position		2026-05-22	source-build position preserved from candidate genotype map
rs10905994	10	GRCh37	11730910	Ensembl REST variation endpoint	https://grch37.rest.ensembl.org/variation/homo_sapiens	2026-05-22	unique autosomal SNP mapping in both GRCh37 and GRCh38
rs10905994	10	GRCh38	11688911	Ensembl REST variation endpoint	https://rest.ensembl.org/variation/homo_sapiens	2026-05-22	unique autosomal SNP mapping in both GRCh37 and GRCh38
rs7906371	10	GRCh36	13587970	candidate BIM/PVAR position		2026-05-22	source-build position preserved from candidate genotype map
rs7906371	10	GRCh37	13547964	Ensembl REST variation endpoint	https://grch37.rest.ensembl.org/variation/homo_sapiens	2026-05-22	unique autosomal SNP mapping in both GRCh37 and GRCh38
rs7906371	10	GRCh38	13505964	Ensembl REST variation endpoint	https://rest.ensembl.org/variation/homo_sapiens	2026-05-22	unique autosomal SNP mapping in both GRCh37 and GRCh38
rs2994301	10	GRCh36	16206698	candidate BIM/PVAR position		2026-05-22	source-build position preserved from candidate genotype map
rs2994301	10	GRCh37	16166692	Ensembl REST variation endpoint	https://grch37.rest.ensembl.org/variation/homo_sapiens	2026-05-22	unique autosomal SNP mapping in both GRCh37 and GRCh38
rs2994301	10	GRCh38	16124693	Ensembl REST variation endpoint	https://rest.ensembl.org/variation/homo_sapiens	2026-05-22	unique autosomal SNP mapping in both GRCh37 and GRCh38
rs4748488	10	GRCh36	18902734	candidate BIM/PVAR position		2026-05-22	source-build position preserved from candidate genotype map
rs4748488	10	GRCh37	18862728	Ensembl REST variation endpoint	https://grch37.rest.ensembl.org/variation/homo_sapiens	2026-05-22	unique autosomal SNP mapping in both GRCh37 and GRCh38
rs4748488	10	GRCh38	18573799	Ensembl REST variation endpoint	https://rest.ensembl.org/variation/homo_sapiens	2026-05-22	unique autosomal SNP mapping in both GRCh37 and GRCh38
rs7900067	10	GRCh36	21542888	candidate BIM/PVAR position		2026-05-22	source-build position preserved from candidate genotype map
rs7900067	10	GRCh37	21502882	Ensembl REST variation endpoint	https://grch37.rest.ensembl.org/variation/homo_sapiens	2026-05-22	unique autosomal SNP mapping in both GRCh37 and GRCh38
rs7900067	10	GRCh38	21213953	Ensembl REST variation endpoint	https://rest.ensembl.org/variation/homo_sapiens	2026-05-22	unique autosomal SNP mapping in both GRCh37 and GRCh38
rs17353305	10	GRCh36	24193316	candidate BIM/PVAR position		2026-05-22	source-build position preserved from candidate genotype map
rs17353305	10	GRCh37	24153310	Ensembl REST variation endpoint	https://grch37.rest.ensembl.org/variation/homo_sapiens	2026-05-22	unique autosomal SNP mapping in both GRCh37 and GRCh38
rs17353305	10	GRCh38	23864381	Ensembl REST variation endpoint	https://rest.ensembl.org/variation/homo_sapiens	2026-05-22	unique autosomal SNP mapping in both GRCh37 and GRCh38
rs10829053	10	GRCh36	27032111	candidate BIM/PVAR position		2026-05-22	source-build position preserved from candidate genotype map
rs10829053	10	GRCh37	26992105	Ensembl REST variation endpoint	https://grch37.rest.ensembl.org/variation/homo_sapiens	2026-05-22	unique autosomal SNP mapping in both GRCh37 and GRCh38
rs10829053	10	GRCh38	26703176	Ensembl REST variation endpoint	https://rest.ensembl.org/variation/homo_sapiens	2026-05-22	unique autosomal SNP mapping in both GRCh37 and GRCh38
rs2256713	10	GRCh36	29655843	candidate BIM/PVAR position		2026-05-22	source-build position preserved from candidate genotype map
rs2256713	10	GRCh37	29615837	Ensembl REST variation endpoint	https://grch37.rest.ensembl.org/variation/homo_sapiens	2026-05-22	unique autosomal SNP mapping in both GRCh37 and GRCh38
rs2256713	10	GRCh38	29326908	Ensembl REST variation endpoint	https://rest.ensembl.org/variation/homo_sapiens	2026-05-22	unique autosomal SNP mapping in both GRCh37 and GRCh38
rs7095322	10	GRCh36	32288497	candidate BIM/PVAR position		2026-05-22	source-build position preserved from candidate genotype map
rs7095322	10	GRCh37	32248491	Ensembl REST variation endpoint	https://grch37.rest.ensembl.org/variation/homo_sapiens	2026-05-22	unique autosomal SNP mapping in both GRCh37 and GRCh38
rs7095322	10	GRCh38	31959563	Ensembl REST variation endpoint	https://rest.ensembl.org/variation/homo_sapiens	2026-05-22	unique autosomal SNP mapping in both GRCh37 and GRCh38
rs1359281	10	GRCh36	34916836	candidate BIM/PVAR position		2026-05-22	source-build position preserved from candidate genotype map
rs1359281	10	GRCh37	34876830	Ensembl REST variation endpoint	https://grch37.rest.ensembl.org/variation/homo_sapiens	2026-05-22	unique autosomal SNP mapping in both GRCh37 and GRCh38
rs1359281	10	GRCh38	34587902	Ensembl REST variation endpoint	https://rest.ensembl.org/variation/homo_sapiens	2026-05-22	unique autosomal SNP mapping in both GRCh37 and GRCh38
rs2475203	10	GRCh36	37761079	candidate BIM/PVAR position		2026-05-22	source-build position preserved from candidate genotype map
rs2475203	10	GRCh37	37721073	Ensembl REST variation endpoint	https://grch37.rest.ensembl.org/variation/homo_sapiens	2026-05-22	unique autosomal SNP mapping in both GRCh37 and GRCh38
rs2475203	10	GRCh38	37432145	Ensembl REST variation endpoint	https://rest.ensembl.org/variation/homo_sapiens	2026-05-22	unique autosomal SNP mapping in both GRCh37 and GRCh38
rs7920340	10	GRCh36	38952727	candidate BIM/PVAR position		2026-05-22	source-build position preserved from candidate genotype map
rs7920340	10	GRCh37	38912721	Ensembl REST variation endpoint	https://grch37.rest.ensembl.org/variation/homo_sapiens	2026-05-22	unique autosomal SNP mapping in both GRCh37 and GRCh38
rs7920340	10	GRCh38	38619590	Ensembl REST variation endpoint	https://rest.ensembl.org/variation/homo_sapiens	2026-05-22	unique autosomal SNP mapping in both GRCh37 and GRCh38
rs2505838	10	GRCh36	42147957	candidate BIM/PVAR position		2026-05-22	source-build position preserved from candidate genotype map
rs2505838	10	GRCh37	42827951	Ensembl REST variation endpoint	https://grch37.rest.ensembl.org/variation/homo_sapiens	2026-05-22	unique autosomal SNP mapping in both GRCh37 and GRCh38
rs2505838	10	GRCh38	42332503	Ensembl REST variation endpoint	https://rest.ensembl.org/variation/homo_sapiens	2026-05-22	unique autosomal SNP mapping in both GRCh37 and GRCh38
rs12773699	10	GRCh36	44775233	candidate BIM/PVAR position		2026-05-22	source-build position preserved from candidate genotype map
rs12773699	10	GRCh37	45455227	Ensembl REST variation endpoint	https://grch37.rest.ensembl.org/variation/homo_sapiens	2026-05-22	unique autosomal SNP mapping in both GRCh37 and GRCh38
rs12773699	10	GRCh38	44959779	Ensembl REST variation endpoint	https://rest.ensembl.org/variation/homo_sapiens	2026-05-22	unique autosomal SNP mapping in both GRCh37 and GRCh38
rs28872025	10	GRCh36	46492831	candidate BIM/PVAR position		2026-05-22	source-build position preserved from candidate genotype map
rs28872025	10	GRCh37	47072825	Ensembl REST variation endpoint	https://grch37.rest.ensembl.org/variation/homo_sapiens	2026-05-22	unique autosomal SNP mapping in both GRCh37 and GRCh38
rs28872025	10	GRCh38	47908032	Ensembl REST variation endpoint	https://rest.ensembl.org/variation/homo_sapiens	2026-05-22	unique autosomal SNP mapping in both GRCh37 and GRCh38
rs7909486	10	GRCh36	52049276	candidate BIM/PVAR position		2026-05-22	source-build position preserved from candidate genotype map
rs7909486	10	GRCh37	52379270	Ensembl REST variation endpoint	https://grch37.rest.ensembl.org/variation/homo_sapiens	2026-05-22	unique autosomal SNP mapping in both GRCh37 and GRCh38
rs7909486	10	GRCh38	50619510	Ensembl REST variation endpoint	https://rest.ensembl.org/variation/homo_sapiens	2026-05-22	unique autosomal SNP mapping in both GRCh37 and GRCh38
rs10160070	10	GRCh36	53871578	candidate BIM/PVAR position		2026-05-22	source-build position preserved from candidate genotype map
rs10160070	10	GRCh37	54201572	Ensembl REST variation endpoint	https://grch37.rest.ensembl.org/variation/homo_sapiens	2026-05-22	unique autosomal SNP mapping in both GRCh37 and GRCh38
rs10160070	10	GRCh38	52441812	Ensembl REST variation endpoint	https://rest.ensembl.org/variation/homo_sapiens	2026-05-22	unique autosomal SNP mapping in both GRCh37 and GRCh38
rs2250775	10	GRCh36	56510261	candidate BIM/PVAR position		2026-05-22	source-build position preserved from candidate genotype map
rs2250775	10	GRCh37	56840255	Ensembl REST variation endpoint	https://grch37.rest.ensembl.org/variation/homo_sapiens	2026-05-22	unique autosomal SNP mapping in both GRCh37 and GRCh38
rs2250775	10	GRCh38	55080495	Ensembl REST variation endpoint	https://rest.ensembl.org/variation/homo_sapiens	2026-05-22	unique autosomal SNP mapping in both GRCh37 and GRCh38
rs9416609	10	GRCh36	59142586	candidate BIM/PVAR position		2026-05-22	source-build position preserved from candidate genotype map
rs9416609	10	GRCh37	59472580	Ensembl REST variation endpoint	https://grch37.rest.ensembl.org/variation/homo_sapiens	2026-05-22	unique autosomal SNP mapping in both GRCh37 and GRCh38
rs9416609	10	GRCh38	57712820	Ensembl REST variation endpoint	https://rest.ensembl.org/variation/homo_sapiens	2026-05-22	unique autosomal SNP mapping in both GRCh37 and GRCh38
rs1380459	10	GRCh36	61767337	candidate BIM/PVAR position		2026-05-22	source-build position preserved from candidate genotype map
rs1380459	10	GRCh37	62097331	Ensembl REST variation endpoint	https://grch37.rest.ensembl.org/variation/homo_sapiens	2026-05-22	unique autosomal SNP mapping in both GRCh37 and GRCh38
rs1380459	10	GRCh38	60337573	Ensembl REST variation endpoint	https://rest.ensembl.org/variation/homo_sapiens	2026-05-22	unique autosomal SNP mapping in both GRCh37 and GRCh38
rs4399230	10	GRCh36	64592526	candidate BIM/PVAR position		2026-05-22	source-build position preserved from candidate genotype map
rs4399230	10	GRCh37	64922520	Ensembl REST variation endpoint	https://grch37.rest.ensembl.org/variation/homo_sapiens	2026-05-22	unique autosomal SNP mapping in both GRCh37 and GRCh38
rs4399230	10	GRCh38	63162760	Ensembl REST variation endpoint	https://rest.ensembl.org/variation/homo_sapiens	2026-05-22	unique autosomal SNP mapping in both GRCh37 and GRCh38
rs1670160	10	GRCh36	67215066	candidate BIM/PVAR position		2026-05-22	source-build position preserved from candidate genotype map
rs1670160	10	GRCh37	67545060	Ensembl REST variation endpoint	https://grch37.rest.ensembl.org/variation/homo_sapiens	2026-05-22	unique autosomal SNP mapping in both GRCh37 and GRCh38
rs1670160	10	GRCh38	65785302	Ensembl REST variation endpoint	https://rest.ensembl.org/variation/homo_sapiens	2026-05-22	unique autosomal SNP mapping in both GRCh37 and GRCh38
rs2273904	10	GRCh36	69852274	candidate BIM/PVAR position		2026-05-22	source-build position preserved from candidate genotype map
rs2273904	10	GRCh37	70182268	Ensembl REST variation endpoint	https://grch37.rest.ensembl.org/variation/homo_sapiens	2026-05-22	unique autosomal SNP mapping in both GRCh37 and GRCh38
rs2273904	10	GRCh38	68422511	Ensembl REST variation endpoint	https://rest.ensembl.org/variation/homo_sapiens	2026-05-22	unique autosomal SNP mapping in both GRCh37 and GRCh38
rs12269687	10	GRCh36	72482659	candidate BIM/PVAR position		2026-05-22	source-build position preserved from candidate genotype map
rs12269687	10	GRCh37	72812653	Ensembl REST variation endpoint	https://grch37.rest.ensembl.org/variation/homo_sapiens	2026-05-22	unique autosomal SNP mapping in both GRCh37 and GRCh38
rs12269687	10	GRCh38	71052896	Ensembl REST variation endpoint	https://rest.ensembl.org/variation/homo_sapiens	2026-05-22	unique autosomal SNP mapping in both GRCh37 and GRCh38
rs7894141	10	GRCh36	74302662	candidate BIM/PVAR position		2026-05-22	source-build position preserved from candidate genotype map
rs7894141	10	GRCh37	74632656	Ensembl REST variation endpoint	https://grch37.rest.ensembl.org/variation/homo_sapiens	2026-05-22	unique autosomal SNP mapping in both GRCh37 and GRCh38
rs7894141	10	GRCh38	72872898	Ensembl REST variation endpoint	https://rest.ensembl.org/variation/homo_sapiens	2026-05-22	unique autosomal SNP mapping in both GRCh37 and GRCh38
rs4746305	10	GRCh36	76964242	candidate BIM/PVAR position		2026-05-22	source-build position preserved from candidate genotype map
rs4746305	10	GRCh37	77294236	Ensembl REST variation endpoint	https://grch37.rest.ensembl.org/variation/homo_sapiens	2026-05-22	unique autosomal SNP mapping in both GRCh37 and GRCh38
rs4746305	10	GRCh38	75534478	Ensembl REST variation endpoint	https://rest.ensembl.org/variation/homo_sapiens	2026-05-22	unique autosomal SNP mapping in both GRCh37 and GRCh38
rs2559535	10	GRCh36	79790022	candidate BIM/PVAR position		2026-05-22	source-build position preserved from candidate genotype map
rs2559535	10	GRCh37	80120016	Ensembl REST variation endpoint	https://grch37.rest.ensembl.org/variation/homo_sapiens	2026-05-22	unique autosomal SNP mapping in both GRCh37 and GRCh38
rs2559535	10	GRCh38	78360259	Ensembl REST variation endpoint	https://rest.ensembl.org/variation/homo_sapiens	2026-05-22	unique autosomal SNP mapping in both GRCh37 and GRCh38
rs11186273	10	GRCh36	82361292	candidate BIM/PVAR position		2026-05-22	source-build position preserved from candidate genotype map
rs11186273	10	GRCh37	82371312	Ensembl REST variation endpoint	https://grch37.rest.ensembl.org/variation/homo_sapiens	2026-05-22	unique autosomal SNP mapping in both GRCh37 and GRCh38
rs11186273	10	GRCh38	80611556	Ensembl REST variation endpoint	https://rest.ensembl.org/variation/homo_sapiens	2026-05-22	unique autosomal SNP mapping in both GRCh37 and GRCh38
rs955952	10	GRCh36	84997433	candidate BIM/PVAR position		2026-05-22	source-build position preserved from candidate genotype map
rs955952	10	GRCh37	85007453	Ensembl REST variation endpoint	https://grch37.rest.ensembl.org/variation/homo_sapiens	2026-05-22	unique autosomal SNP mapping in both GRCh37 and GRCh38
rs955952	10	GRCh38	83247697	Ensembl REST variation endpoint	https://rest.ensembl.org/variation/homo_sapiens	2026-05-22	unique autosomal SNP mapping in both GRCh37 and GRCh38
rs9420381	10	GRCh36	87824910	candidate BIM/PVAR position		2026-05-22	source-build position preserved from candidate genotype map
rs9420381	10	GRCh37	87834930	Ensembl REST variation endpoint	https://grch37.rest.ensembl.org/variation/homo_sapiens	2026-05-22	unique autosomal SNP mapping in both GRCh37 and GRCh38
rs9420381	10	GRCh38	86075173	Ensembl REST variation endpoint	https://rest.ensembl.org/variation/homo_sapiens	2026-05-22	unique autosomal SNP mapping in both GRCh37 and GRCh38
rs17112377	10	GRCh36	90492023	candidate BIM/PVAR position		2026-05-22	source-build position preserved from candidate genotype map
rs17112377	10	GRCh37	90502043	Ensembl REST variation endpoint	https://grch37.rest.ensembl.org/variation/homo_sapiens	2026-05-22	unique autosomal SNP mapping in both GRCh37 and GRCh38
rs17112377	10	GRCh38	88742286	Ensembl REST variation endpoint	https://rest.ensembl.org/variation/homo_sapiens	2026-05-22	unique autosomal SNP mapping in both GRCh37 and GRCh38
rs12264143	10	GRCh36	93117853	candidate BIM/PVAR position		2026-05-22	source-build position preserved from candidate genotype map
rs12264143	10	GRCh37	93127873	Ensembl REST variation endpoint	https://grch37.rest.ensembl.org/variation/homo_sapiens	2026-05-22	unique autosomal SNP mapping in both GRCh37 and GRCh38
rs12264143	10	GRCh38	91368116	Ensembl REST variation endpoint	https://rest.ensembl.org/variation/homo_sapiens	2026-05-22	unique autosomal SNP mapping in both GRCh37 and GRCh38
rs3814689	10	GRCh36	95744722	candidate BIM/PVAR position		2026-05-22	source-build position preserved from candidate genotype map
rs3814689	10	GRCh37	95754732	Ensembl REST variation endpoint	https://grch37.rest.ensembl.org/variation/homo_sapiens	2026-05-22	unique autosomal SNP mapping in both GRCh37 and GRCh38
rs3814689	10	GRCh38	93994975	Ensembl REST variation endpoint	https://rest.ensembl.org/variation/homo_sapiens	2026-05-22	unique autosomal SNP mapping in both GRCh37 and GRCh38
rs2185294	10	GRCh36	98574795	candidate BIM/PVAR position		2026-05-22	source-build position preserved from candidate genotype map
rs2185294	10	GRCh37	98584805	Ensembl REST variation endpoint	https://grch37.rest.ensembl.org/variation/homo_sapiens	2026-05-22	unique autosomal SNP mapping in both GRCh37 and GRCh38
rs2185294	10	GRCh38	96825048	Ensembl REST variation endpoint	https://rest.ensembl.org/variation/homo_sapiens	2026-05-22	unique autosomal SNP mapping in both GRCh37 and GRCh38
rs2494655	10	GRCh36	101198996	candidate BIM/PVAR position		2026-05-22	source-build position preserved from candidate genotype map
rs2494655	10	GRCh37	101209006	Ensembl REST variation endpoint	https://grch37.rest.ensembl.org/variation/homo_sapiens	2026-05-22	unique autosomal SNP mapping in both GRCh37 and GRCh38
rs2494655	10	GRCh38	99449249	Ensembl REST variation endpoint	https://rest.ensembl.org/variation/homo_sapiens	2026-05-22	unique autosomal SNP mapping in both GRCh37 and GRCh38
rs12776515	10	GRCh36	103830977	candidate BIM/PVAR position		2026-05-22	source-build position preserved from candidate genotype map
rs12776515	10	GRCh37	103840987	Ensembl REST variation endpoint	https://grch37.rest.ensembl.org/variation/homo_sapiens	2026-05-22	unique autosomal SNP mapping in both GRCh37 and GRCh38
rs12776515	10	GRCh38	102081230	Ensembl REST variation endpoint	https://rest.ensembl.org/variation/homo_sapiens	2026-05-22	unique autosomal SNP mapping in both GRCh37 and GRCh38
rs1980653	10	GRCh36	105644154	candidate BIM/PVAR position		2026-05-22	source-build position preserved from candidate genotype map
rs1980653	10	GRCh37	105654164	Ensembl REST variation endpoint	https://grch37.rest.ensembl.org/variation/homo_sapiens	2026-05-22	unique autosomal SNP mapping in both GRCh37 and GRCh38
rs1980653	10	GRCh38	103894406	Ensembl REST variation endpoint	https://rest.ensembl.org/variation/homo_sapiens	2026-05-22	unique autosomal SNP mapping in both GRCh37 and GRCh38
rs7084933	10	GRCh36	108274485	candidate BIM/PVAR position		2026-05-22	source-build position preserved from candidate genotype map
rs7084933	10	GRCh37	108284495	Ensembl REST variation endpoint	https://grch37.rest.ensembl.org/variation/homo_sapiens	2026-05-22	unique autosomal SNP mapping in both GRCh37 and GRCh38
rs7084933	10	GRCh38	106524737	Ensembl REST variation endpoint	https://rest.ensembl.org/variation/homo_sapiens	2026-05-22	unique autosomal SNP mapping in both GRCh37 and GRCh38
rs11194587	10	GRCh36	111109292	candidate BIM/PVAR position		2026-05-22	source-build position preserved from candidate genotype map
rs11194587	10	GRCh37	111119302	Ensembl REST variation endpoint	https://grch37.rest.ensembl.org/variation/homo_sapiens	2026-05-22	unique autosomal SNP mapping in both GRCh37 and GRCh38
rs11194587	10	GRCh38	109359544	Ensembl REST variation endpoint	https://rest.ensembl.org/variation/homo_sapiens	2026-05-22	unique autosomal SNP mapping in both GRCh37 and GRCh38
rs12354545	10	GRCh36	113741337	candidate BIM/PVAR position		2026-05-22	source-build position preserved from candidate genotype map
rs12354545	10	GRCh37	113751347	Ensembl REST variation endpoint	https://grch37.rest.ensembl.org/variation/homo_sapiens	2026-05-22	unique autosomal SNP mapping in both GRCh37 and GRCh38
rs12354545	10	GRCh38	111991589	Ensembl REST variation endpoint	https://rest.ensembl.org/variation/homo_sapiens	2026-05-22	unique autosomal SNP mapping in both GRCh37 and GRCh38
rs11814078	10	GRCh36	116370693	candidate BIM/PVAR position		2026-05-22	source-build position preserved from candidate genotype map
rs11814078	10	GRCh37	116380703	Ensembl REST variation endpoint	https://grch37.rest.ensembl.org/variation/homo_sapiens	2026-05-22	unique autosomal SNP mapping in both GRCh37 and GRCh38
rs11814078	10	GRCh38	114620944	Ensembl REST variation endpoint	https://rest.ensembl.org/variation/homo_sapiens	2026-05-22	unique autosomal SNP mapping in both GRCh37 and GRCh38
rs2283138	10	GRCh36	119008669	candidate BIM/PVAR position		2026-05-22	source-build position preserved from candidate genotype map
rs2283138	10	GRCh37	119018679	Ensembl REST variation endpoint	https://grch37.rest.ensembl.org/variation/homo_sapiens	2026-05-22	unique autosomal SNP mapping in both GRCh37 and GRCh38
rs2283138	10	GRCh38	117259168	Ensembl REST variation endpoint	https://rest.ensembl.org/variation/homo_sapiens	2026-05-22	unique autosomal SNP mapping in both GRCh37 and GRCh38
rs10736280	10	GRCh36	121827417	candidate BIM/PVAR position		2026-05-22	source-build position preserved from candidate genotype map
rs10736280	10	GRCh37	121837427	Ensembl REST variation endpoint	https://grch37.rest.ensembl.org/variation/homo_sapiens	2026-05-22	unique autosomal SNP mapping in both GRCh37 and GRCh38
rs10736280	10	GRCh38	120077915	Ensembl REST variation endpoint	https://rest.ensembl.org/variation/homo_sapiens	2026-05-22	unique autosomal SNP mapping in both GRCh37 and GRCh38
rs12266077	10	GRCh36	124452586	candidate BIM/PVAR position		2026-05-22	source-build position preserved from candidate genotype map
rs12266077	10	GRCh37	124462596	Ensembl REST variation endpoint	https://grch37.rest.ensembl.org/variation/homo_sapiens	2026-05-22	unique autosomal SNP mapping in both GRCh37 and GRCh38
rs12266077	10	GRCh38	122703080	Ensembl REST variation endpoint	https://rest.ensembl.org/variation/homo_sapiens	2026-05-22	unique autosomal SNP mapping in both GRCh37 and GRCh38
rs897302	10	GRCh36	126319027	candidate BIM/PVAR position		2026-05-22	source-build position preserved from candidate genotype map
rs897302	10	GRCh37	126329037	Ensembl REST variation endpoint	https://grch37.rest.ensembl.org/variation/homo_sapiens	2026-05-22	unique autosomal SNP mapping in both GRCh37 and GRCh38
rs897302	10	GRCh38	124640468	Ensembl REST variation endpoint	https://rest.ensembl.org/variation/homo_sapiens	2026-05-22	unique autosomal SNP mapping in both GRCh37 and GRCh38
rs11813620	10	GRCh36	128943846	candidate BIM/PVAR position		2026-05-22	source-build position preserved from candidate genotype map
rs11813620	10	GRCh37	129053856	Ensembl REST variation endpoint	https://grch37.rest.ensembl.org/variation/homo_sapiens	2026-05-22	unique autosomal SNP mapping in both GRCh37 and GRCh38
rs11813620	10	GRCh38	127255592	Ensembl REST variation endpoint	https://rest.ensembl.org/variation/homo_sapiens	2026-05-22	unique autosomal SNP mapping in both GRCh37 and GRCh38
rs7916096	10	GRCh36	131569182	candidate BIM/PVAR position		2026-05-22	source-build position preserved from candidate genotype map
rs7916096	10	GRCh37	131679192	Ensembl REST variation endpoint	https://grch37.rest.ensembl.org/variation/homo_sapiens	2026-05-22	unique autosomal SNP mapping in both GRCh37 and GRCh38
rs7916096	10	GRCh38	129880928	Ensembl REST variation endpoint	https://rest.ensembl.org/variation/homo_sapiens	2026-05-22	unique autosomal SNP mapping in both GRCh37 and GRCh38
rs7129059	11	GRCh36	4544516	candidate BIM/PVAR position		2026-05-22	source-build position preserved from candidate genotype map
rs7129059	11	GRCh37	4587940	Ensembl REST variation endpoint	https://grch37.rest.ensembl.org/variation/homo_sapiens	2026-05-22	unique autosomal SNP mapping in both GRCh37 and GRCh38
rs7129059	11	GRCh38	4566710	Ensembl REST variation endpoint	https://rest.ensembl.org/variation/homo_sapiens	2026-05-22	unique autosomal SNP mapping in both GRCh37 and GRCh38
rs11041241	11	GRCh36	7184263	candidate BIM/PVAR position		2026-05-22	source-build position preserved from candidate genotype map
rs11041241	11	GRCh37	7227687	Ensembl REST variation endpoint	https://grch37.rest.ensembl.org/variation/homo_sapiens	2026-05-22	unique autosomal SNP mapping in both GRCh37 and GRCh38
rs11041241	11	GRCh38	7206456	Ensembl REST variation endpoint	https://rest.ensembl.org/variation/homo_sapiens	2026-05-22	unique autosomal SNP mapping in both GRCh37 and GRCh38
rs16907407	11	GRCh36	10012881	candidate BIM/PVAR position		2026-05-22	source-build position preserved from candidate genotype map
rs16907407	11	GRCh37	10056305	Ensembl REST variation endpoint	https://grch37.rest.ensembl.org/variation/homo_sapiens	2026-05-22	unique autosomal SNP mapping in both GRCh37 and GRCh38
rs16907407	11	GRCh38	10034758	Ensembl REST variation endpoint	https://rest.ensembl.org/variation/homo_sapiens	2026-05-22	unique autosomal SNP mapping in both GRCh37 and GRCh38
rs10765984	11	GRCh36	12629245	candidate BIM/PVAR position		2026-05-22	source-build position preserved from candidate genotype map
rs10765984	11	GRCh37	12672669	Ensembl REST variation endpoint	https://grch37.rest.ensembl.org/variation/homo_sapiens	2026-05-22	unique autosomal SNP mapping in both GRCh37 and GRCh38
rs10765984	11	GRCh38	12651122	Ensembl REST variation endpoint	https://rest.ensembl.org/variation/homo_sapiens	2026-05-22	unique autosomal SNP mapping in both GRCh37 and GRCh38
rs4291658	11	GRCh36	15250777	candidate BIM/PVAR position		2026-05-22	source-build position preserved from candidate genotype map
rs4291658	11	GRCh37	15294201	Ensembl REST variation endpoint	https://grch37.rest.ensembl.org/variation/homo_sapiens	2026-05-22	unique autosomal SNP mapping in both GRCh37 and GRCh38
rs4291658	11	GRCh38	15272655	Ensembl REST variation endpoint	https://rest.ensembl.org/variation/homo_sapiens	2026-05-22	unique autosomal SNP mapping in both GRCh37 and GRCh38
rs550460	11	GRCh36	17880252	candidate BIM/PVAR position		2026-05-22	source-build position preserved from candidate genotype map
rs550460	11	GRCh37	17923676	Ensembl REST variation endpoint	https://grch37.rest.ensembl.org/variation/homo_sapiens	2026-05-22	unique autosomal SNP mapping in both GRCh37 and GRCh38
rs550460	11	GRCh38	17902129	Ensembl REST variation endpoint	https://rest.ensembl.org/variation/homo_sapiens	2026-05-22	unique autosomal SNP mapping in both GRCh37 and GRCh38
rs2278132	11	GRCh36	19692563	candidate BIM/PVAR position		2026-05-22	source-build position preserved from candidate genotype map
rs2278132	11	GRCh37	19735987	Ensembl REST variation endpoint	https://grch37.rest.ensembl.org/variation/homo_sapiens	2026-05-22	unique autosomal SNP mapping in both GRCh37 and GRCh38
rs2278132	11	GRCh38	19714441	Ensembl REST variation endpoint	https://rest.ensembl.org/variation/homo_sapiens	2026-05-22	unique autosomal SNP mapping in both GRCh37 and GRCh38
rs2665689	11	GRCh36	22313903	candidate BIM/PVAR position		2026-05-22	source-build position preserved from candidate genotype map
rs2665689	11	GRCh37	22357327	Ensembl REST variation endpoint	https://grch37.rest.ensembl.org/variation/homo_sapiens	2026-05-22	unique autosomal SNP mapping in both GRCh37 and GRCh38
rs2665689	11	GRCh38	22335781	Ensembl REST variation endpoint	https://rest.ensembl.org/variation/homo_sapiens	2026-05-22	unique autosomal SNP mapping in both GRCh37 and GRCh38
rs7115116	11	GRCh36	25130289	candidate BIM/PVAR position		2026-05-22	source-build position preserved from candidate genotype map
rs7115116	11	GRCh37	25173713	Ensembl REST variation endpoint	https://grch37.rest.ensembl.org/variation/homo_sapiens	2026-05-22	unique autosomal SNP mapping in both GRCh37 and GRCh38
rs7115116	11	GRCh38	25152167	Ensembl REST variation endpoint	https://rest.ensembl.org/variation/homo_sapiens	2026-05-22	unique autosomal SNP mapping in both GRCh37 and GRCh38
rs11607128	11	GRCh36	27761301	candidate BIM/PVAR position		2026-05-22	source-build position preserved from candidate genotype map
rs11607128	11	GRCh37	27804725	Ensembl REST variation endpoint	https://grch37.rest.ensembl.org/variation/homo_sapiens	2026-05-22	unique autosomal SNP mapping in both GRCh37 and GRCh38
rs11607128	11	GRCh38	27783178	Ensembl REST variation endpoint	https://rest.ensembl.org/variation/homo_sapiens	2026-05-22	unique autosomal SNP mapping in both GRCh37 and GRCh38
rs553951	11	GRCh36	30388752	candidate BIM/PVAR position		2026-05-22	source-build position preserved from candidate genotype map
rs553951	11	GRCh37	30432176	Ensembl REST variation endpoint	https://grch37.rest.ensembl.org/variation/homo_sapiens	2026-05-22	unique autosomal SNP mapping in both GRCh37 and GRCh38
rs553951	11	GRCh38	30410629	Ensembl REST variation endpoint	https://rest.ensembl.org/variation/homo_sapiens	2026-05-22	unique autosomal SNP mapping in both GRCh37 and GRCh38
rs1998156	11	GRCh36	33026540	candidate BIM/PVAR position		2026-05-22	source-build position preserved from candidate genotype map
rs1998156	11	GRCh37	33069964	Ensembl REST variation endpoint	https://grch37.rest.ensembl.org/variation/homo_sapiens	2026-05-22	unique autosomal SNP mapping in both GRCh37 and GRCh38
rs1998156	11	GRCh38	33048418	Ensembl REST variation endpoint	https://rest.ensembl.org/variation/homo_sapiens	2026-05-22	unique autosomal SNP mapping in both GRCh37 and GRCh38
rs7103188	11	GRCh36	35654422	candidate BIM/PVAR position		2026-05-22	source-build position preserved from candidate genotype map
rs7103188	11	GRCh37	35697846	Ensembl REST variation endpoint	https://grch37.rest.ensembl.org/variation/homo_sapiens	2026-05-22	unique autosomal SNP mapping in both GRCh37 and GRCh38
rs7103188	11	GRCh38	35676298	Ensembl REST variation endpoint	https://rest.ensembl.org/variation/homo_sapiens	2026-05-22	unique autosomal SNP mapping in both GRCh37 and GRCh38
rs2169486	11	GRCh36	38279694	candidate BIM/PVAR position		2026-05-22	source-build position preserved from candidate genotype map
rs2169486	11	GRCh37	38323118	Ensembl REST variation endpoint	https://grch37.rest.ensembl.org/variation/homo_sapiens	2026-05-22	unique autosomal SNP mapping in both GRCh37 and GRCh38
rs2169486	11	GRCh38	38301568	Ensembl REST variation endpoint	https://rest.ensembl.org/variation/homo_sapiens	2026-05-22	unique autosomal SNP mapping in both GRCh37 and GRCh38
rs10837579	11	GRCh36	41111372	candidate BIM/PVAR position		2026-05-22	source-build position preserved from candidate genotype map
rs10837579	11	GRCh37	41154796	Ensembl REST variation endpoint	https://grch37.rest.ensembl.org/variation/homo_sapiens	2026-05-22	unique autosomal SNP mapping in both GRCh37 and GRCh38
rs10837579	11	GRCh38	41133246	Ensembl REST variation endpoint	https://rest.ensembl.org/variation/homo_sapiens	2026-05-22	unique autosomal SNP mapping in both GRCh37 and GRCh38
rs7928992	11	GRCh36	43736094	candidate BIM/PVAR position		2026-05-22	source-build position preserved from candidate genotype map
rs7928992	11	GRCh37	43779518	Ensembl REST variation endpoint	https://grch37.rest.ensembl.org/variation/homo_sapiens	2026-05-22	unique autosomal SNP mapping in both GRCh37 and GRCh38
rs7928992	11	GRCh38	43757968	Ensembl REST variation endpoint	https://rest.ensembl.org/variation/homo_sapiens	2026-05-22	unique autosomal SNP mapping in both GRCh37 and GRCh38
rs34406563	11	GRCh36	46355492	candidate BIM/PVAR position		2026-05-22	source-build position preserved from candidate genotype map
rs34406563	11	GRCh37	46398916	Ensembl REST variation endpoint	https://grch37.rest.ensembl.org/variation/homo_sapiens	2026-05-22	unique autosomal SNP mapping in both GRCh37 and GRCh38
rs34406563	11	GRCh38	46377366	Ensembl REST variation endpoint	https://rest.ensembl.org/variation/homo_sapiens	2026-05-22	unique autosomal SNP mapping in both GRCh37 and GRCh38
rs10839217	11	GRCh36	49024721	candidate BIM/PVAR position		2026-05-22	source-build position preserved from candidate genotype map
rs10839217	11	GRCh37	49068145	Ensembl REST variation endpoint	https://grch37.rest.ensembl.org/variation/homo_sapiens	2026-05-22	unique autosomal SNP mapping in both GRCh37 and GRCh38
rs10839217	11	GRCh38	49046593	Ensembl REST variation endpoint	https://rest.ensembl.org/variation/homo_sapiens	2026-05-22	unique autosomal SNP mapping in both GRCh37 and GRCh38
rs11245868	11	GRCh36	50707300	candidate BIM/PVAR position		2026-05-22	source-build position preserved from candidate genotype map
rs11245868	11	GRCh37	50750724	Ensembl REST variation endpoint	https://grch37.rest.ensembl.org/variation/homo_sapiens	2026-05-22	unique autosomal SNP mapping in both GRCh37 and GRCh38
rs11245868	11	GRCh38	50791553	Ensembl REST variation endpoint	https://rest.ensembl.org/variation/homo_sapiens	2026-05-22	unique autosomal SNP mapping in both GRCh37 and GRCh38
rs12805992	11	GRCh36	51375095	candidate BIM/PVAR position		2026-05-22	source-build position preserved from candidate genotype map
rs12805992	11	GRCh37	51518519	Ensembl REST variation endpoint	https://grch37.rest.ensembl.org/variation/homo_sapiens	2026-05-22	unique autosomal SNP mapping in both GRCh37 and GRCh38
rs12805992	11	GRCh38	54600761	Ensembl REST variation endpoint	https://rest.ensembl.org/variation/homo_sapiens	2026-05-22	unique autosomal SNP mapping in both GRCh37 and GRCh38
rs12418301	11	GRCh36	56144349	candidate BIM/PVAR position		2026-05-22	source-build position preserved from candidate genotype map
rs12418301	11	GRCh37	56387773	Ensembl REST variation endpoint	https://grch37.rest.ensembl.org/variation/homo_sapiens	2026-05-22	unique autosomal SNP mapping in both GRCh37 and GRCh38
rs12418301	11	GRCh38	56620297	Ensembl REST variation endpoint	https://rest.ensembl.org/variation/homo_sapiens	2026-05-22	unique autosomal SNP mapping in both GRCh37 and GRCh38
rs6591515	11	GRCh36	58770684	candidate BIM/PVAR position		2026-05-22	source-build position preserved from candidate genotype map
rs6591515	11	GRCh37	59014108	Ensembl REST variation endpoint	https://grch37.rest.ensembl.org/variation/homo_sapiens	2026-05-22	unique autosomal SNP mapping in both GRCh37 and GRCh38
rs6591515	11	GRCh38	59246635	Ensembl REST variation endpoint	https://rest.ensembl.org/variation/homo_sapiens	2026-05-22	unique autosomal SNP mapping in both GRCh37 and GRCh38
rs174626	11	GRCh36	61393633	candidate BIM/PVAR position		2026-05-22	source-build position preserved from candidate genotype map
rs174626	11	GRCh37	61637057	Ensembl REST variation endpoint	https://grch37.rest.ensembl.org/variation/homo_sapiens	2026-05-22	unique autosomal SNP mapping in both GRCh37 and GRCh38
rs174626	11	GRCh38	61869585	Ensembl REST variation endpoint	https://rest.ensembl.org/variation/homo_sapiens	2026-05-22	unique autosomal SNP mapping in both GRCh37 and GRCh38
rs534052	11	GRCh36	64219813	candidate BIM/PVAR position		2026-05-22	source-build position preserved from candidate genotype map
rs534052	11	GRCh37	64463237	Ensembl REST variation endpoint	https://grch37.rest.ensembl.org/variation/homo_sapiens	2026-05-22	unique autosomal SNP mapping in both GRCh37 and GRCh38
rs534052	11	GRCh38	64695765	Ensembl REST variation endpoint	https://rest.ensembl.org/variation/homo_sapiens	2026-05-22	unique autosomal SNP mapping in both GRCh37 and GRCh38
rs3741367	11	GRCh36	65839705	candidate BIM/PVAR position		2026-05-22	source-build position preserved from candidate genotype map
rs3741367	11	GRCh37	66083129	Ensembl REST variation endpoint	https://grch37.rest.ensembl.org/variation/homo_sapiens	2026-05-22	unique autosomal SNP mapping in both GRCh37 and GRCh38
rs3741367	11	GRCh38	66315658	Ensembl REST variation endpoint	https://rest.ensembl.org/variation/homo_sapiens	2026-05-22	unique autosomal SNP mapping in both GRCh37 and GRCh38
rs2846207	11	GRCh36	68514489	candidate BIM/PVAR position		2026-05-22	source-build position preserved from candidate genotype map
rs2846207	11	GRCh37	68757913	Ensembl REST variation endpoint	https://grch37.rest.ensembl.org/variation/homo_sapiens	2026-05-22	unique autosomal SNP mapping in both GRCh37 and GRCh38
rs2846207	11	GRCh38	68990445	Ensembl REST variation endpoint	https://rest.ensembl.org/variation/homo_sapiens	2026-05-22	unique autosomal SNP mapping in both GRCh37 and GRCh38
rs4944242	11	GRCh36	71344789	candidate BIM/PVAR position		2026-05-22	source-build position preserved from candidate genotype map
rs4944242	11	GRCh37	71667141	Ensembl REST variation endpoint	https://grch37.rest.ensembl.org/variation/homo_sapiens	2026-05-22	unique autosomal SNP mapping in both GRCh37 and GRCh38
rs4944242	11	GRCh38	71956095	Ensembl REST variation endpoint	https://rest.ensembl.org/variation/homo_sapiens	2026-05-22	unique autosomal SNP mapping in both GRCh37 and GRCh38
rs4417306	11	GRCh36	73975658	candidate BIM/PVAR position		2026-05-22	source-build position preserved from candidate genotype map
rs4417306	11	GRCh37	74298010	Ensembl REST variation endpoint	https://grch37.rest.ensembl.org/variation/homo_sapiens	2026-05-22	unique autosomal SNP mapping in both GRCh37 and GRCh38
rs4417306	11	GRCh38	74586965	Ensembl REST variation endpoint	https://rest.ensembl.org/variation/homo_sapiens	2026-05-22	unique autosomal SNP mapping in both GRCh37 and GRCh38
rs4944151	11	GRCh36	76606921	candidate BIM/PVAR position		2026-05-22	source-build position preserved from candidate genotype map
rs4944151	11	GRCh37	76929273	Ensembl REST variation endpoint	https://grch37.rest.ensembl.org/variation/homo_sapiens	2026-05-22	unique autosomal SNP mapping in both GRCh37 and GRCh38
rs4944151	11	GRCh38	77218228	Ensembl REST variation endpoint	https://rest.ensembl.org/variation/homo_sapiens	2026-05-22	unique autosomal SNP mapping in both GRCh37 and GRCh38
rs681168	11	GRCh36	79234458	candidate BIM/PVAR position		2026-05-22	source-build position preserved from candidate genotype map
rs681168	11	GRCh37	79556810	Ensembl REST variation endpoint	https://grch37.rest.ensembl.org/variation/homo_sapiens	2026-05-22	unique autosomal SNP mapping in both GRCh37 and GRCh38
rs681168	11	GRCh38	79845766	Ensembl REST variation endpoint	https://rest.ensembl.org/variation/homo_sapiens	2026-05-22	unique autosomal SNP mapping in both GRCh37 and GRCh38
rs4944394	11	GRCh36	81871649	candidate BIM/PVAR position		2026-05-22	source-build position preserved from candidate genotype map
rs4944394	11	GRCh37	82194001	Ensembl REST variation endpoint	https://grch37.rest.ensembl.org/variation/homo_sapiens	2026-05-22	unique autosomal SNP mapping in both GRCh37 and GRCh38
rs4944394	11	GRCh38	82482959	Ensembl REST variation endpoint	https://rest.ensembl.org/variation/homo_sapiens	2026-05-22	unique autosomal SNP mapping in both GRCh37 and GRCh38
rs349079	11	GRCh36	84487779	candidate BIM/PVAR position		2026-05-22	source-build position preserved from candidate genotype map
rs349079	11	GRCh37	84810131	Ensembl REST variation endpoint	https://grch37.rest.ensembl.org/variation/homo_sapiens	2026-05-22	unique autosomal SNP mapping in both GRCh37 and GRCh38
rs349079	11	GRCh38	85099087	Ensembl REST variation endpoint	https://rest.ensembl.org/variation/homo_sapiens	2026-05-22	unique autosomal SNP mapping in both GRCh37 and GRCh38
rs650115	11	GRCh36	87312750	candidate BIM/PVAR position		2026-05-22	source-build position preserved from candidate genotype map
rs650115	11	GRCh37	87635102	Ensembl REST variation endpoint	https://grch37.rest.ensembl.org/variation/homo_sapiens	2026-05-22	unique autosomal SNP mapping in both GRCh37 and GRCh38
rs650115	11	GRCh38	87924210	Ensembl REST variation endpoint	https://rest.ensembl.org/variation/homo_sapiens	2026-05-22	unique autosomal SNP mapping in both GRCh37 and GRCh38
rs3897659	11	GRCh36	89878218	candidate BIM/PVAR position		2026-05-22	source-build position preserved from candidate genotype map
rs3897659	11	GRCh37	90238570	Ensembl REST variation endpoint	https://grch37.rest.ensembl.org/variation/homo_sapiens	2026-05-22	unique autosomal SNP mapping in both GRCh37 and GRCh38
rs3897659	11	GRCh38	90505402	Ensembl REST variation endpoint	https://rest.ensembl.org/variation/homo_sapiens	2026-05-22	unique autosomal SNP mapping in both GRCh37 and GRCh38
rs17596150	11	GRCh36	91692082	candidate BIM/PVAR position		2026-05-22	source-build position preserved from candidate genotype map
rs17596150	11	GRCh37	92052434	Ensembl REST variation endpoint	https://grch37.rest.ensembl.org/variation/homo_sapiens	2026-05-22	unique autosomal SNP mapping in both GRCh37 and GRCh38
rs17596150	11	GRCh38	92319268	Ensembl REST variation endpoint	https://rest.ensembl.org/variation/homo_sapiens	2026-05-22	unique autosomal SNP mapping in both GRCh37 and GRCh38
rs12225505	11	GRCh36	94311886	candidate BIM/PVAR position		2026-05-22	source-build position preserved from candidate genotype map
rs12225505	11	GRCh37	94672238	Ensembl REST variation endpoint	https://grch37.rest.ensembl.org/variation/homo_sapiens	2026-05-22	unique autosomal SNP mapping in both GRCh37 and GRCh38
rs12225505	11	GRCh38	94939073	Ensembl REST variation endpoint	https://rest.ensembl.org/variation/homo_sapiens	2026-05-22	unique autosomal SNP mapping in both GRCh37 and GRCh38
rs1477628	11	GRCh36	96952080	candidate BIM/PVAR position		2026-05-22	source-build position preserved from candidate genotype map
rs1477628	11	GRCh37	97446870	Ensembl REST variation endpoint	https://grch37.rest.ensembl.org/variation/homo_sapiens	2026-05-22	unique autosomal SNP mapping in both GRCh37 and GRCh38
rs1477628	11	GRCh38	97575870	Ensembl REST variation endpoint	https://rest.ensembl.org/variation/homo_sapiens	2026-05-22	unique autosomal SNP mapping in both GRCh37 and GRCh38
rs1939694	11	GRCh36	99584933	candidate BIM/PVAR position		2026-05-22	source-build position preserved from candidate genotype map
rs1939694	11	GRCh37	100079723	Ensembl REST variation endpoint	https://grch37.rest.ensembl.org/variation/homo_sapiens	2026-05-22	unique autosomal SNP mapping in both GRCh37 and GRCh38
rs1939694	11	GRCh38	100208991	Ensembl REST variation endpoint	https://rest.ensembl.org/variation/homo_sapiens	2026-05-22	unique autosomal SNP mapping in both GRCh37 and GRCh38
rs536107	11	GRCh36	102404003	candidate BIM/PVAR position		2026-05-22	source-build position preserved from candidate genotype map
rs536107	11	GRCh37	102898793	Ensembl REST variation endpoint	https://grch37.rest.ensembl.org/variation/homo_sapiens	2026-05-22	unique autosomal SNP mapping in both GRCh37 and GRCh38
rs536107	11	GRCh38	103028064	Ensembl REST variation endpoint	https://rest.ensembl.org/variation/homo_sapiens	2026-05-22	unique autosomal SNP mapping in both GRCh37 and GRCh38
rs12421796	11	GRCh36	105028171	candidate BIM/PVAR position		2026-05-22	source-build position preserved from candidate genotype map
rs12421796	11	GRCh37	105522961	Ensembl REST variation endpoint	https://grch37.rest.ensembl.org/variation/homo_sapiens	2026-05-22	unique autosomal SNP mapping in both GRCh37 and GRCh38
rs12421796	11	GRCh38	105652234	Ensembl REST variation endpoint	https://rest.ensembl.org/variation/homo_sapiens	2026-05-22	unique autosomal SNP mapping in both GRCh37 and GRCh38
rs609261	11	GRCh36	107663344	candidate BIM/PVAR position		2026-05-22	source-build position preserved from candidate genotype map
rs609261	11	GRCh37	108158134	Ensembl REST variation endpoint	https://grch37.rest.ensembl.org/variation/homo_sapiens	2026-05-22	unique autosomal SNP mapping in both GRCh37 and GRCh38
rs609261	11	GRCh38	108287407	Ensembl REST variation endpoint	https://rest.ensembl.org/variation/homo_sapiens	2026-05-22	unique autosomal SNP mapping in both GRCh37 and GRCh38
rs12295702	11	GRCh36	110289723	candidate BIM/PVAR position		2026-05-22	source-build position preserved from candidate genotype map
rs12295702	11	GRCh37	110784513	Ensembl REST variation endpoint	https://grch37.rest.ensembl.org/variation/homo_sapiens	2026-05-22	unique autosomal SNP mapping in both GRCh37 and GRCh38
rs12295702	11	GRCh38	110913789	Ensembl REST variation endpoint	https://rest.ensembl.org/variation/homo_sapiens	2026-05-22	unique autosomal SNP mapping in both GRCh37 and GRCh38
rs17115672	11	GRCh36	112913611	candidate BIM/PVAR position		2026-05-22	source-build position preserved from candidate genotype map
rs17115672	11	GRCh37	113408401	Ensembl REST variation endpoint	https://grch37.rest.ensembl.org/variation/homo_sapiens	2026-05-22	unique autosomal SNP mapping in both GRCh37 and GRCh38
rs17115672	11	GRCh38	113537679	Ensembl REST variation endpoint	https://rest.ensembl.org/variation/homo_sapiens	2026-05-22	unique autosomal SNP mapping in both GRCh37 and GRCh38
rs12792262	11	GRCh36	115736182	candidate BIM/PVAR position		2026-05-22	source-build position preserved from candidate genotype map
rs12792262	11	GRCh37	116230972	Ensembl REST variation endpoint	https://grch37.rest.ensembl.org/variation/homo_sapiens	2026-05-22	unique autosomal SNP mapping in both GRCh37 and GRCh38
rs12792262	11	GRCh38	116360255	Ensembl REST variation endpoint	https://rest.ensembl.org/variation/homo_sapiens	2026-05-22	unique autosomal SNP mapping in both GRCh37 and GRCh38
rs3737504	11	GRCh36	118374670	candidate BIM/PVAR position		2026-05-22	source-build position preserved from candidate genotype map
rs3737504	11	GRCh37	118869460	Ensembl REST variation endpoint	https://grch37.rest.ensembl.org/variation/homo_sapiens	2026-05-22	unique autosomal SNP mapping in both GRCh37 and GRCh38
rs3737504	11	GRCh38	118998750	Ensembl REST variation endpoint	https://rest.ensembl.org/variation/homo_sapiens	2026-05-22	unique autosomal SNP mapping in both GRCh37 and GRCh38
rs7121527	11	GRCh36	120192530	candidate BIM/PVAR position		2026-05-22	source-build position preserved from candidate genotype map
rs7121527	11	GRCh37	120687320	Ensembl REST variation endpoint	https://grch37.rest.ensembl.org/variation/homo_sapiens	2026-05-22	unique autosomal SNP mapping in both GRCh37 and GRCh38
rs7121527	11	GRCh38	120816611	Ensembl REST variation endpoint	https://rest.ensembl.org/variation/homo_sapiens	2026-05-22	unique autosomal SNP mapping in both GRCh37 and GRCh38
rs1892968	11	GRCh36	122815590	candidate BIM/PVAR position		2026-05-22	source-build position preserved from candidate genotype map
rs1892968	11	GRCh37	123310380	Ensembl REST variation endpoint	https://grch37.rest.ensembl.org/variation/homo_sapiens	2026-05-22	unique autosomal SNP mapping in both GRCh37 and GRCh38
rs1892968	11	GRCh38	123439672	Ensembl REST variation endpoint	https://rest.ensembl.org/variation/homo_sapiens	2026-05-22	unique autosomal SNP mapping in both GRCh37 and GRCh38
rs525316	11	GRCh36	125447350	candidate BIM/PVAR position		2026-05-22	source-build position preserved from candidate genotype map
rs525316	11	GRCh37	125942140	Ensembl REST variation endpoint	https://grch37.rest.ensembl.org/variation/homo_sapiens	2026-05-22	unique autosomal SNP mapping in both GRCh37 and GRCh38
rs525316	11	GRCh38	126072245	Ensembl REST variation endpoint	https://rest.ensembl.org/variation/homo_sapiens	2026-05-22	unique autosomal SNP mapping in both GRCh37 and GRCh38
rs607670	11	GRCh36	128076290	candidate BIM/PVAR position		2026-05-22	source-build position preserved from candidate genotype map
rs607670	11	GRCh37	128571080	Ensembl REST variation endpoint	https://grch37.rest.ensembl.org/variation/homo_sapiens	2026-05-22	unique autosomal SNP mapping in both GRCh37 and GRCh38
rs607670	11	GRCh38	128701185	Ensembl REST variation endpoint	https://rest.ensembl.org/variation/homo_sapiens	2026-05-22	unique autosomal SNP mapping in both GRCh37 and GRCh38
rs2513536	11	GRCh36	130707846	candidate BIM/PVAR position		2026-05-22	source-build position preserved from candidate genotype map
rs2513536	11	GRCh37	131202636	Ensembl REST variation endpoint	https://grch37.rest.ensembl.org/variation/homo_sapiens	2026-05-22	unique autosomal SNP mapping in both GRCh37 and GRCh38
rs2513536	11	GRCh38	131332741	Ensembl REST variation endpoint	https://rest.ensembl.org/variation/homo_sapiens	2026-05-22	unique autosomal SNP mapping in both GRCh37 and GRCh38
rs17696856	12	GRCh36	3484816	candidate BIM/PVAR position		2026-05-22	source-build position preserved from candidate genotype map
rs17696856	12	GRCh37	3614555	Ensembl REST variation endpoint	https://grch37.rest.ensembl.org/variation/homo_sapiens	2026-05-22	unique autosomal SNP mapping in both GRCh37 and GRCh38
rs17696856	12	GRCh38	3505389	Ensembl REST variation endpoint	https://rest.ensembl.org/variation/homo_sapiens	2026-05-22	unique autosomal SNP mapping in both GRCh37 and GRCh38
rs12322731	12	GRCh36	6114418	candidate BIM/PVAR position		2026-05-22	source-build position preserved from candidate genotype map
rs12322731	12	GRCh37	6244157	Ensembl REST variation endpoint	https://grch37.rest.ensembl.org/variation/homo_sapiens	2026-05-22	unique autosomal SNP mapping in both GRCh37 and GRCh38
rs12322731	12	GRCh38	6134991	Ensembl REST variation endpoint	https://rest.ensembl.org/variation/homo_sapiens	2026-05-22	unique autosomal SNP mapping in both GRCh37 and GRCh38
rs11046900	12	GRCh36	8759944	candidate BIM/PVAR position		2026-05-22	source-build position preserved from candidate genotype map
rs11046900	12	GRCh37	8868677	Ensembl REST variation endpoint	https://grch37.rest.ensembl.org/variation/homo_sapiens	2026-05-22	unique autosomal SNP mapping in both GRCh37 and GRCh38
rs11046900	12	GRCh38	8716081	Ensembl REST variation endpoint	https://rest.ensembl.org/variation/homo_sapiens	2026-05-22	unique autosomal SNP mapping in both GRCh37 and GRCh38
rs12298679	12	GRCh36	11446278	candidate BIM/PVAR position		2026-05-22	source-build position preserved from candidate genotype map
rs12298679	12	GRCh37	11555011	Ensembl REST variation endpoint	https://grch37.rest.ensembl.org/variation/homo_sapiens	2026-05-22	unique autosomal SNP mapping in both GRCh37 and GRCh38
rs12298679	12	GRCh38	11402077	Ensembl REST variation endpoint	https://rest.ensembl.org/variation/homo_sapiens	2026-05-22	unique autosomal SNP mapping in both GRCh37 and GRCh38
rs10772724	12	GRCh36	14068380	candidate BIM/PVAR position		2026-05-22	source-build position preserved from candidate genotype map
rs10772724	12	GRCh37	14177113	Ensembl REST variation endpoint	https://grch37.rest.ensembl.org/variation/homo_sapiens	2026-05-22	unique autosomal SNP mapping in both GRCh37 and GRCh38
rs10772724	12	GRCh38	14024179	Ensembl REST variation endpoint	https://rest.ensembl.org/variation/homo_sapiens	2026-05-22	unique autosomal SNP mapping in both GRCh37 and GRCh38
rs2216209	12	GRCh36	16705145	candidate BIM/PVAR position		2026-05-22	source-build position preserved from candidate genotype map
rs2216209	12	GRCh37	16813878	Ensembl REST variation endpoint	https://grch37.rest.ensembl.org/variation/homo_sapiens	2026-05-22	unique autosomal SNP mapping in both GRCh37 and GRCh38
rs2216209	12	GRCh38	16660944	Ensembl REST variation endpoint	https://rest.ensembl.org/variation/homo_sapiens	2026-05-22	unique autosomal SNP mapping in both GRCh37 and GRCh38
rs7960486	12	GRCh36	19332349	candidate BIM/PVAR position		2026-05-22	source-build position preserved from candidate genotype map
rs7960486	12	GRCh37	19441082	Ensembl REST variation endpoint	https://grch37.rest.ensembl.org/variation/homo_sapiens	2026-05-22	unique autosomal SNP mapping in both GRCh37 and GRCh38
rs7960486	12	GRCh38	19288148	Ensembl REST variation endpoint	https://rest.ensembl.org/variation/homo_sapiens	2026-05-22	unique autosomal SNP mapping in both GRCh37 and GRCh38
rs10841750	12	GRCh36	21160180	candidate BIM/PVAR position		2026-05-22	source-build position preserved from candidate genotype map
rs10841750	12	GRCh37	21268913	Ensembl REST variation endpoint	https://grch37.rest.ensembl.org/variation/homo_sapiens	2026-05-22	unique autosomal SNP mapping in both GRCh37 and GRCh38
rs10841750	12	GRCh38	21115979	Ensembl REST variation endpoint	https://rest.ensembl.org/variation/homo_sapiens	2026-05-22	unique autosomal SNP mapping in both GRCh37 and GRCh38
rs11830195	12	GRCh36	23780091	candidate BIM/PVAR position		2026-05-22	source-build position preserved from candidate genotype map
rs11830195	12	GRCh37	23888824	Ensembl REST variation endpoint	https://grch37.rest.ensembl.org/variation/homo_sapiens	2026-05-22	unique autosomal SNP mapping in both GRCh37 and GRCh38
rs11830195	12	GRCh38	23735890	Ensembl REST variation endpoint	https://rest.ensembl.org/variation/homo_sapiens	2026-05-22	unique autosomal SNP mapping in both GRCh37 and GRCh38
rs11048479	12	GRCh36	26401691	candidate BIM/PVAR position		2026-05-22	source-build position preserved from candidate genotype map
rs11048479	12	GRCh37	26510424	Ensembl REST variation endpoint	https://grch37.rest.ensembl.org/variation/homo_sapiens	2026-05-22	unique autosomal SNP mapping in both GRCh37 and GRCh38
rs11048479	12	GRCh38	26357491	Ensembl REST variation endpoint	https://rest.ensembl.org/variation/homo_sapiens	2026-05-22	unique autosomal SNP mapping in both GRCh37 and GRCh38
rs11049976	12	GRCh36	29025234	candidate BIM/PVAR position		2026-05-22	source-build position preserved from candidate genotype map
rs11049976	12	GRCh37	29133967	Ensembl REST variation endpoint	https://grch37.rest.ensembl.org/variation/homo_sapiens	2026-05-22	unique autosomal SNP mapping in both GRCh37 and GRCh38
rs11049976	12	GRCh38	28981034	Ensembl REST variation endpoint	https://rest.ensembl.org/variation/homo_sapiens	2026-05-22	unique autosomal SNP mapping in both GRCh37 and GRCh38
rs478620	12	GRCh36	31661937	candidate BIM/PVAR position		2026-05-22	source-build position preserved from candidate genotype map
rs478620	12	GRCh37	31770670	Ensembl REST variation endpoint	https://grch37.rest.ensembl.org/variation/homo_sapiens	2026-05-22	unique autosomal SNP mapping in both GRCh37 and GRCh38
rs478620	12	GRCh38	31617736	Ensembl REST variation endpoint	https://rest.ensembl.org/variation/homo_sapiens	2026-05-22	unique autosomal SNP mapping in both GRCh37 and GRCh38
rs10772188	12	GRCh36	34541395	candidate BIM/PVAR position		2026-05-22	source-build position preserved from candidate genotype map
rs10772188	12	GRCh37	34650128	Ensembl REST variation endpoint	https://grch37.rest.ensembl.org/variation/homo_sapiens	2026-05-22	unique autosomal SNP mapping in both GRCh37 and GRCh38
rs10772188	12	GRCh38	34497193	Ensembl REST variation endpoint	https://rest.ensembl.org/variation/homo_sapiens	2026-05-22	unique autosomal SNP mapping in both GRCh37 and GRCh38
rs3956186	12	GRCh36	36144018	candidate BIM/PVAR position		2026-05-22	source-build position preserved from candidate genotype map
rs3956186	12	GRCh37	37857751	Ensembl REST variation endpoint	https://grch37.rest.ensembl.org/variation/homo_sapiens	2026-05-22	unique autosomal SNP mapping in both GRCh37 and GRCh38
rs3956186	12	GRCh38	37463949	Ensembl REST variation endpoint	https://rest.ensembl.org/variation/homo_sapiens	2026-05-22	unique autosomal SNP mapping in both GRCh37 and GRCh38
rs17127239	12	GRCh36	38586239	candidate BIM/PVAR position		2026-05-22	source-build position preserved from candidate genotype map
rs17127239	12	GRCh37	40299972	Ensembl REST variation endpoint	https://grch37.rest.ensembl.org/variation/homo_sapiens	2026-05-22	unique autosomal SNP mapping in both GRCh37 and GRCh38
rs17127239	12	GRCh38	39906170	Ensembl REST variation endpoint	https://rest.ensembl.org/variation/homo_sapiens	2026-05-22	unique autosomal SNP mapping in both GRCh37 and GRCh38
rs2600930	12	GRCh36	41206984	candidate BIM/PVAR position		2026-05-22	source-build position preserved from candidate genotype map
rs2600930	12	GRCh37	42920717	Ensembl REST variation endpoint	https://grch37.rest.ensembl.org/variation/homo_sapiens	2026-05-22	unique autosomal SNP mapping in both GRCh37 and GRCh38
rs2600930	12	GRCh38	42526915	Ensembl REST variation endpoint	https://rest.ensembl.org/variation/homo_sapiens	2026-05-22	unique autosomal SNP mapping in both GRCh37 and GRCh38
rs840772	12	GRCh36	43020535	candidate BIM/PVAR position		2026-05-22	source-build position preserved from candidate genotype map
rs840772	12	GRCh37	44734268	Ensembl REST variation endpoint	https://grch37.rest.ensembl.org/variation/homo_sapiens	2026-05-22	unique autosomal SNP mapping in both GRCh37 and GRCh38
rs840772	12	GRCh38	44340485	Ensembl REST variation endpoint	https://rest.ensembl.org/variation/homo_sapiens	2026-05-22	unique autosomal SNP mapping in both GRCh37 and GRCh38
rs2522279	12	GRCh36	45653378	candidate BIM/PVAR position		2026-05-22	source-build position preserved from candidate genotype map
rs2522279	12	GRCh37	47367111	Ensembl REST variation endpoint	https://grch37.rest.ensembl.org/variation/homo_sapiens	2026-05-22	unique autosomal SNP mapping in both GRCh37 and GRCh38
rs2522279	12	GRCh38	46973328	Ensembl REST variation endpoint	https://rest.ensembl.org/variation/homo_sapiens	2026-05-22	unique autosomal SNP mapping in both GRCh37 and GRCh38
rs11169088	12	GRCh36	48285386	candidate BIM/PVAR position		2026-05-22	source-build position preserved from candidate genotype map
rs11169088	12	GRCh37	49999119	Ensembl REST variation endpoint	https://grch37.rest.ensembl.org/variation/homo_sapiens	2026-05-22	unique autosomal SNP mapping in both GRCh37 and GRCh38
rs11169088	12	GRCh38	49605336	Ensembl REST variation endpoint	https://rest.ensembl.org/variation/homo_sapiens	2026-05-22	unique autosomal SNP mapping in both GRCh37 and GRCh38
rs3809174	12	GRCh36	50912172	candidate BIM/PVAR position		2026-05-22	source-build position preserved from candidate genotype map
rs3809174	12	GRCh37	52625905	Ensembl REST variation endpoint	https://grch37.rest.ensembl.org/variation/homo_sapiens	2026-05-22	unique autosomal SNP mapping in both GRCh37 and GRCh38
rs3809174	12	GRCh38	52232121	Ensembl REST variation endpoint	https://rest.ensembl.org/variation/homo_sapiens	2026-05-22	unique autosomal SNP mapping in both GRCh37 and GRCh38
rs2168139	12	GRCh36	53538051	candidate BIM/PVAR position		2026-05-22	source-build position preserved from candidate genotype map
rs2168139	12	GRCh37	55251784	Ensembl REST variation endpoint	https://grch37.rest.ensembl.org/variation/homo_sapiens	2026-05-22	unique autosomal SNP mapping in both GRCh37 and GRCh38
rs2168139	12	GRCh38	54858000	Ensembl REST variation endpoint	https://rest.ensembl.org/variation/homo_sapiens	2026-05-22	unique autosomal SNP mapping in both GRCh37 and GRCh38
rs11172240	12	GRCh36	56181119	candidate BIM/PVAR position		2026-05-22	source-build position preserved from candidate genotype map
rs11172240	12	GRCh37	57894852	Ensembl REST variation endpoint	https://grch37.rest.ensembl.org/variation/homo_sapiens	2026-05-22	unique autosomal SNP mapping in both GRCh37 and GRCh38
rs11172240	12	GRCh38	57501069	Ensembl REST variation endpoint	https://rest.ensembl.org/variation/homo_sapiens	2026-05-22	unique autosomal SNP mapping in both GRCh37 and GRCh38
rs7132957	12	GRCh36	58801150	candidate BIM/PVAR position		2026-05-22	source-build position preserved from candidate genotype map
rs7132957	12	GRCh37	60514883	Ensembl REST variation endpoint	https://grch37.rest.ensembl.org/variation/homo_sapiens	2026-05-22	unique autosomal SNP mapping in both GRCh37 and GRCh38
rs7132957	12	GRCh38	60121102	Ensembl REST variation endpoint	https://rest.ensembl.org/variation/homo_sapiens	2026-05-22	unique autosomal SNP mapping in both GRCh37 and GRCh38
rs7308302	12	GRCh36	61422310	candidate BIM/PVAR position		2026-05-22	source-build position preserved from candidate genotype map
rs7308302	12	GRCh37	63136043	Ensembl REST variation endpoint	https://grch37.rest.ensembl.org/variation/homo_sapiens	2026-05-22	unique autosomal SNP mapping in both GRCh37 and GRCh38
rs7308302	12	GRCh38	62742263	Ensembl REST variation endpoint	https://rest.ensembl.org/variation/homo_sapiens	2026-05-22	unique autosomal SNP mapping in both GRCh37 and GRCh38
rs1370938	12	GRCh36	64040509	candidate BIM/PVAR position		2026-05-22	source-build position preserved from candidate genotype map
rs1370938	12	GRCh37	65754242	Ensembl REST variation endpoint	https://grch37.rest.ensembl.org/variation/homo_sapiens	2026-05-22	unique autosomal SNP mapping in both GRCh37 and GRCh38
rs1370938	12	GRCh38	65360462	Ensembl REST variation endpoint	https://rest.ensembl.org/variation/homo_sapiens	2026-05-22	unique autosomal SNP mapping in both GRCh37 and GRCh38
rs1157716	12	GRCh36	66663450	candidate BIM/PVAR position		2026-05-22	source-build position preserved from candidate genotype map
rs1157716	12	GRCh37	68377183	Ensembl REST variation endpoint	https://grch37.rest.ensembl.org/variation/homo_sapiens	2026-05-22	unique autosomal SNP mapping in both GRCh37 and GRCh38
rs1157716	12	GRCh38	67983403	Ensembl REST variation endpoint	https://rest.ensembl.org/variation/homo_sapiens	2026-05-22	unique autosomal SNP mapping in both GRCh37 and GRCh38
rs10506599	12	GRCh36	69309150	candidate BIM/PVAR position		2026-05-22	source-build position preserved from candidate genotype map
rs10506599	12	GRCh37	71022883	Ensembl REST variation endpoint	https://grch37.rest.ensembl.org/variation/homo_sapiens	2026-05-22	unique autosomal SNP mapping in both GRCh37 and GRCh38
rs10506599	12	GRCh38	70629103	Ensembl REST variation endpoint	https://rest.ensembl.org/variation/homo_sapiens	2026-05-22	unique autosomal SNP mapping in both GRCh37 and GRCh38
rs9668887	12	GRCh36	71746243	candidate BIM/PVAR position		2026-05-22	source-build position preserved from candidate genotype map
rs9668887	12	GRCh37	73459976	Ensembl REST variation endpoint	https://grch37.rest.ensembl.org/variation/homo_sapiens	2026-05-22	unique autosomal SNP mapping in both GRCh37 and GRCh38
rs9668887	12	GRCh38	73066196	Ensembl REST variation endpoint	https://rest.ensembl.org/variation/homo_sapiens	2026-05-22	unique autosomal SNP mapping in both GRCh37 and GRCh38
rs11180642	12	GRCh36	74381773	candidate BIM/PVAR position		2026-05-22	source-build position preserved from candidate genotype map
rs11180642	12	GRCh37	76095506	Ensembl REST variation endpoint	https://grch37.rest.ensembl.org/variation/homo_sapiens	2026-05-22	unique autosomal SNP mapping in both GRCh37 and GRCh38
rs11180642	12	GRCh38	75701726	Ensembl REST variation endpoint	https://rest.ensembl.org/variation/homo_sapiens	2026-05-22	unique autosomal SNP mapping in both GRCh37 and GRCh38
rs11833552	12	GRCh36	77052902	candidate BIM/PVAR position		2026-05-22	source-build position preserved from candidate genotype map
rs11833552	12	GRCh37	78528771	Ensembl REST variation endpoint	https://grch37.rest.ensembl.org/variation/homo_sapiens	2026-05-22	unique autosomal SNP mapping in both GRCh37 and GRCh38
rs11833552	12	GRCh38	78134991	Ensembl REST variation endpoint	https://rest.ensembl.org/variation/homo_sapiens	2026-05-22	unique autosomal SNP mapping in both GRCh37 and GRCh38
rs11114600	12	GRCh36	79673928	candidate BIM/PVAR position		2026-05-22	source-build position preserved from candidate genotype map
rs11114600	12	GRCh37	81149797	Ensembl REST variation endpoint	https://grch37.rest.ensembl.org/variation/homo_sapiens	2026-05-22	unique autosomal SNP mapping in both GRCh37 and GRCh38
rs11114600	12	GRCh38	80756018	Ensembl REST variation endpoint	https://rest.ensembl.org/variation/homo_sapiens	2026-05-22	unique autosomal SNP mapping in both GRCh37 and GRCh38
rs10778987	12	GRCh36	82296807	candidate BIM/PVAR position		2026-05-22	source-build position preserved from candidate genotype map
rs10778987	12	GRCh37	83772676	Ensembl REST variation endpoint	https://grch37.rest.ensembl.org/variation/homo_sapiens	2026-05-22	unique autosomal SNP mapping in both GRCh37 and GRCh38
rs10778987	12	GRCh38	83378897	Ensembl REST variation endpoint	https://rest.ensembl.org/variation/homo_sapiens	2026-05-22	unique autosomal SNP mapping in both GRCh37 and GRCh38
rs7313442	12	GRCh36	84929773	candidate BIM/PVAR position		2026-05-22	source-build position preserved from candidate genotype map
rs7313442	12	GRCh37	86405642	Ensembl REST variation endpoint	https://grch37.rest.ensembl.org/variation/homo_sapiens	2026-05-22	unique autosomal SNP mapping in both GRCh37 and GRCh38
rs7313442	12	GRCh38	86011864	Ensembl REST variation endpoint	https://rest.ensembl.org/variation/homo_sapiens	2026-05-22	unique autosomal SNP mapping in both GRCh37 and GRCh38
rs11104981	12	GRCh36	87570796	candidate BIM/PVAR position		2026-05-22	source-build position preserved from candidate genotype map
rs11104981	12	GRCh37	89046665	Ensembl REST variation endpoint	https://grch37.rest.ensembl.org/variation/homo_sapiens	2026-05-22	unique autosomal SNP mapping in both GRCh37 and GRCh38
rs11104981	12	GRCh38	88652888	Ensembl REST variation endpoint	https://rest.ensembl.org/variation/homo_sapiens	2026-05-22	unique autosomal SNP mapping in both GRCh37 and GRCh38
rs1797280	12	GRCh36	90212418	candidate BIM/PVAR position		2026-05-22	source-build position preserved from candidate genotype map
rs1797280	12	GRCh37	91688287	Ensembl REST variation endpoint	https://grch37.rest.ensembl.org/variation/homo_sapiens	2026-05-22	unique autosomal SNP mapping in both GRCh37 and GRCh38
rs1797280	12	GRCh38	91294510	Ensembl REST variation endpoint	https://rest.ensembl.org/variation/homo_sapiens	2026-05-22	unique autosomal SNP mapping in both GRCh37 and GRCh38
rs270870	12	GRCh36	92855829	candidate BIM/PVAR position		2026-05-22	source-build position preserved from candidate genotype map
rs270870	12	GRCh37	94331698	Ensembl REST variation endpoint	https://grch37.rest.ensembl.org/variation/homo_sapiens	2026-05-22	unique autosomal SNP mapping in both GRCh37 and GRCh38
rs270870	12	GRCh38	93937922	Ensembl REST variation endpoint	https://rest.ensembl.org/variation/homo_sapiens	2026-05-22	unique autosomal SNP mapping in both GRCh37 and GRCh38
rs10860055	12	GRCh36	95481692	candidate BIM/PVAR position		2026-05-22	source-build position preserved from candidate genotype map
rs10860055	12	GRCh37	96957561	Ensembl REST variation endpoint	https://grch37.rest.ensembl.org/variation/homo_sapiens	2026-05-22	unique autosomal SNP mapping in both GRCh37 and GRCh38
rs10860055	12	GRCh38	96563783	Ensembl REST variation endpoint	https://rest.ensembl.org/variation/homo_sapiens	2026-05-22	unique autosomal SNP mapping in both GRCh37 and GRCh38
rs12314891	12	GRCh36	98102565	candidate BIM/PVAR position		2026-05-22	source-build position preserved from candidate genotype map
rs12314891	12	GRCh37	99578434	Ensembl REST variation endpoint	https://grch37.rest.ensembl.org/variation/homo_sapiens	2026-05-22	unique autosomal SNP mapping in both GRCh37 and GRCh38
rs12314891	12	GRCh38	99184656	Ensembl REST variation endpoint	https://rest.ensembl.org/variation/homo_sapiens	2026-05-22	unique autosomal SNP mapping in both GRCh37 and GRCh38
rs12319886	12	GRCh36	100731540	candidate BIM/PVAR position		2026-05-22	source-build position preserved from candidate genotype map
rs12319886	12	GRCh37	102207409	Ensembl REST variation endpoint	https://grch37.rest.ensembl.org/variation/homo_sapiens	2026-05-22	unique autosomal SNP mapping in both GRCh37 and GRCh38
rs12319886	12	GRCh38	101813631	Ensembl REST variation endpoint	https://rest.ensembl.org/variation/homo_sapiens	2026-05-22	unique autosomal SNP mapping in both GRCh37 and GRCh38
rs1677979	12	GRCh36	102551715	candidate BIM/PVAR position		2026-05-22	source-build position preserved from candidate genotype map
rs1677979	12	GRCh37	104027585	Ensembl REST variation endpoint	https://grch37.rest.ensembl.org/variation/homo_sapiens	2026-05-22	unique autosomal SNP mapping in both GRCh37 and GRCh38
rs1677979	12	GRCh38	103633807	Ensembl REST variation endpoint	https://rest.ensembl.org/variation/homo_sapiens	2026-05-22	unique autosomal SNP mapping in both GRCh37 and GRCh38
rs12823591	12	GRCh36	105172718	candidate BIM/PVAR position		2026-05-22	source-build position preserved from candidate genotype map
rs12823591	12	GRCh37	106648588	Ensembl REST variation endpoint	https://grch37.rest.ensembl.org/variation/homo_sapiens	2026-05-22	unique autosomal SNP mapping in both GRCh37 and GRCh38
rs12823591	12	GRCh38	106254810	Ensembl REST variation endpoint	https://rest.ensembl.org/variation/homo_sapiens	2026-05-22	unique autosomal SNP mapping in both GRCh37 and GRCh38
rs10861973	12	GRCh36	107796057	candidate BIM/PVAR position		2026-05-22	source-build position preserved from candidate genotype map
rs10861973	12	GRCh37	109271928	Ensembl REST variation endpoint	https://grch37.rest.ensembl.org/variation/homo_sapiens	2026-05-22	unique autosomal SNP mapping in both GRCh37 and GRCh38
rs10861973	12	GRCh38	108878152	Ensembl REST variation endpoint	https://rest.ensembl.org/variation/homo_sapiens	2026-05-22	unique autosomal SNP mapping in both GRCh37 and GRCh38
rs6490162	12	GRCh36	110425503	candidate BIM/PVAR position		2026-05-22	source-build position preserved from candidate genotype map
rs6490162	12	GRCh37	111941120	Ensembl REST variation endpoint	https://grch37.rest.ensembl.org/variation/homo_sapiens	2026-05-22	unique autosomal SNP mapping in both GRCh37 and GRCh38
rs6490162	12	GRCh38	111503316	Ensembl REST variation endpoint	https://rest.ensembl.org/variation/homo_sapiens	2026-05-22	unique autosomal SNP mapping in both GRCh37 and GRCh38
rs10492330	12	GRCh36	113046063	candidate BIM/PVAR position		2026-05-22	source-build position preserved from candidate genotype map
rs10492330	12	GRCh37	114561680	Ensembl REST variation endpoint	https://grch37.rest.ensembl.org/variation/homo_sapiens	2026-05-22	unique autosomal SNP mapping in both GRCh37 and GRCh38
rs10492330	12	GRCh38	114123875	Ensembl REST variation endpoint	https://rest.ensembl.org/variation/homo_sapiens	2026-05-22	unique autosomal SNP mapping in both GRCh37 and GRCh38
rs7300541	12	GRCh36	115670030	candidate BIM/PVAR position		2026-05-22	source-build position preserved from candidate genotype map
rs7300541	12	GRCh37	117185647	Ensembl REST variation endpoint	https://grch37.rest.ensembl.org/variation/homo_sapiens	2026-05-22	unique autosomal SNP mapping in both GRCh37 and GRCh38
rs7300541	12	GRCh38	116747842	Ensembl REST variation endpoint	https://rest.ensembl.org/variation/homo_sapiens	2026-05-22	unique autosomal SNP mapping in both GRCh37 and GRCh38
rs10774493	12	GRCh36	118295084	candidate BIM/PVAR position		2026-05-22	source-build position preserved from candidate genotype map
rs10774493	12	GRCh37	119810701	Ensembl REST variation endpoint	https://grch37.rest.ensembl.org/variation/homo_sapiens	2026-05-22	unique autosomal SNP mapping in both GRCh37 and GRCh38
rs10774493	12	GRCh38	119372896	Ensembl REST variation endpoint	https://rest.ensembl.org/variation/homo_sapiens	2026-05-22	unique autosomal SNP mapping in both GRCh37 and GRCh38
rs7296744	12	GRCh36	120912858	candidate BIM/PVAR position		2026-05-22	source-build position preserved from candidate genotype map
rs7296744	12	GRCh37	122428475	Ensembl REST variation endpoint	https://grch37.rest.ensembl.org/variation/homo_sapiens	2026-05-22	unique autosomal SNP mapping in both GRCh37 and GRCh38
rs7296744	12	GRCh38	121990569	Ensembl REST variation endpoint	https://rest.ensembl.org/variation/homo_sapiens	2026-05-22	unique autosomal SNP mapping in both GRCh37 and GRCh38
rs11057659	12	GRCh36	123582680	candidate BIM/PVAR position		2026-05-22	source-build position preserved from candidate genotype map
rs11057659	12	GRCh37	125016727	Ensembl REST variation endpoint	https://grch37.rest.ensembl.org/variation/homo_sapiens	2026-05-22	unique autosomal SNP mapping in both GRCh37 and GRCh38
rs11057659	12	GRCh38	124532181	Ensembl REST variation endpoint	https://rest.ensembl.org/variation/homo_sapiens	2026-05-22	unique autosomal SNP mapping in both GRCh37 and GRCh38
rs11059004	12	GRCh36	126210240	candidate BIM/PVAR position		2026-05-22	source-build position preserved from candidate genotype map
rs11059004	12	GRCh37	127644287	Ensembl REST variation endpoint	https://grch37.rest.ensembl.org/variation/homo_sapiens	2026-05-22	unique autosomal SNP mapping in both GRCh37 and GRCh38
rs11059004	12	GRCh38	127159742	Ensembl REST variation endpoint	https://rest.ensembl.org/variation/homo_sapiens	2026-05-22	unique autosomal SNP mapping in both GRCh37 and GRCh38
rs10847944	12	GRCh36	128824549	candidate BIM/PVAR position		2026-05-22	source-build position preserved from candidate genotype map
rs10847944	12	GRCh37	130258596	Ensembl REST variation endpoint	https://grch37.rest.ensembl.org/variation/homo_sapiens	2026-05-22	unique autosomal SNP mapping in both GRCh37 and GRCh38
rs10847944	12	GRCh38	129774051	Ensembl REST variation endpoint	https://rest.ensembl.org/variation/homo_sapiens	2026-05-22	unique autosomal SNP mapping in both GRCh37 and GRCh38
rs927911	13	GRCh36	20621281	candidate BIM/PVAR position		2026-05-22	source-build position preserved from candidate genotype map
rs927911	13	GRCh37	21723281	Ensembl REST variation endpoint	https://grch37.rest.ensembl.org/variation/homo_sapiens	2026-05-22	unique autosomal SNP mapping in both GRCh37 and GRCh38
rs927911	13	GRCh38	21149142	Ensembl REST variation endpoint	https://rest.ensembl.org/variation/homo_sapiens	2026-05-22	unique autosomal SNP mapping in both GRCh37 and GRCh38
rs7329917	13	GRCh36	22445780	candidate BIM/PVAR position		2026-05-22	source-build position preserved from candidate genotype map
rs7329917	13	GRCh37	23547780	Ensembl REST variation endpoint	https://grch37.rest.ensembl.org/variation/homo_sapiens	2026-05-22	unique autosomal SNP mapping in both GRCh37 and GRCh38
rs7329917	13	GRCh38	22973641	Ensembl REST variation endpoint	https://rest.ensembl.org/variation/homo_sapiens	2026-05-22	unique autosomal SNP mapping in both GRCh37 and GRCh38
rs7983199	13	GRCh36	24290394	candidate BIM/PVAR position		2026-05-22	source-build position preserved from candidate genotype map
rs7983199	13	GRCh37	25392394	Ensembl REST variation endpoint	https://grch37.rest.ensembl.org/variation/homo_sapiens	2026-05-22	unique autosomal SNP mapping in both GRCh37 and GRCh38
rs7983199	13	GRCh38	24818256	Ensembl REST variation endpoint	https://rest.ensembl.org/variation/homo_sapiens	2026-05-22	unique autosomal SNP mapping in both GRCh37 and GRCh38
rs1927508	13	GRCh36	26309091	candidate BIM/PVAR position		2026-05-22	source-build position preserved from candidate genotype map
rs1927508	13	GRCh37	27411091	Ensembl REST variation endpoint	https://grch37.rest.ensembl.org/variation/homo_sapiens	2026-05-22	unique autosomal SNP mapping in both GRCh37 and GRCh38
rs1927508	13	GRCh38	26836954	Ensembl REST variation endpoint	https://rest.ensembl.org/variation/homo_sapiens	2026-05-22	unique autosomal SNP mapping in both GRCh37 and GRCh38
rs9551515	13	GRCh36	28126569	candidate BIM/PVAR position		2026-05-22	source-build position preserved from candidate genotype map
rs9551515	13	GRCh37	29228569	Ensembl REST variation endpoint	https://grch37.rest.ensembl.org/variation/homo_sapiens	2026-05-22	unique autosomal SNP mapping in both GRCh37 and GRCh38
rs9551515	13	GRCh38	28654432	Ensembl REST variation endpoint	https://rest.ensembl.org/variation/homo_sapiens	2026-05-22	unique autosomal SNP mapping in both GRCh37 and GRCh38
rs538015	13	GRCh36	29536225	candidate BIM/PVAR position		2026-05-22	source-build position preserved from candidate genotype map
rs538015	13	GRCh37	30638225	Ensembl REST variation endpoint	https://grch37.rest.ensembl.org/variation/homo_sapiens	2026-05-22	unique autosomal SNP mapping in both GRCh37 and GRCh38
rs538015	13	GRCh38	30064088	Ensembl REST variation endpoint	https://rest.ensembl.org/variation/homo_sapiens	2026-05-22	unique autosomal SNP mapping in both GRCh37 and GRCh38
rs351	13	GRCh36	31351155	candidate BIM/PVAR position		2026-05-22	source-build position preserved from candidate genotype map
rs351	13	GRCh37	32453155	Ensembl REST variation endpoint	https://grch37.rest.ensembl.org/variation/homo_sapiens	2026-05-22	unique autosomal SNP mapping in both GRCh37 and GRCh38
rs351	13	GRCh38	31879018	Ensembl REST variation endpoint	https://rest.ensembl.org/variation/homo_sapiens	2026-05-22	unique autosomal SNP mapping in both GRCh37 and GRCh38
rs7992382	13	GRCh36	33159160	candidate BIM/PVAR position		2026-05-22	source-build position preserved from candidate genotype map
rs7992382	13	GRCh37	34261160	Ensembl REST variation endpoint	https://grch37.rest.ensembl.org/variation/homo_sapiens	2026-05-22	unique autosomal SNP mapping in both GRCh37 and GRCh38
rs7992382	13	GRCh38	33687023	Ensembl REST variation endpoint	https://rest.ensembl.org/variation/homo_sapiens	2026-05-22	unique autosomal SNP mapping in both GRCh37 and GRCh38
rs9565499	13	GRCh36	35181320	candidate BIM/PVAR position		2026-05-22	source-build position preserved from candidate genotype map
rs9565499	13	GRCh37	36283320	Ensembl REST variation endpoint	https://grch37.rest.ensembl.org/variation/homo_sapiens	2026-05-22	unique autosomal SNP mapping in both GRCh37 and GRCh38
rs9565499	13	GRCh38	35709183	Ensembl REST variation endpoint	https://rest.ensembl.org/variation/homo_sapiens	2026-05-22	unique autosomal SNP mapping in both GRCh37 and GRCh38
rs9315498	13	GRCh36	36997921	candidate BIM/PVAR position		2026-05-22	source-build position preserved from candidate genotype map
rs9315498	13	GRCh37	38099921	Ensembl REST variation endpoint	https://grch37.rest.ensembl.org/variation/homo_sapiens	2026-05-22	unique autosomal SNP mapping in both GRCh37 and GRCh38
rs9315498	13	GRCh38	37525784	Ensembl REST variation endpoint	https://rest.ensembl.org/variation/homo_sapiens	2026-05-22	unique autosomal SNP mapping in both GRCh37 and GRCh38
rs4559795	13	GRCh36	39014573	candidate BIM/PVAR position		2026-05-22	source-build position preserved from candidate genotype map
rs4559795	13	GRCh37	40116573	Ensembl REST variation endpoint	https://grch37.rest.ensembl.org/variation/homo_sapiens	2026-05-22	unique autosomal SNP mapping in both GRCh37 and GRCh38
rs4559795	13	GRCh38	39542436	Ensembl REST variation endpoint	https://rest.ensembl.org/variation/homo_sapiens	2026-05-22	unique autosomal SNP mapping in both GRCh37 and GRCh38
rs9525479	13	GRCh36	40846151	candidate BIM/PVAR position		2026-05-22	source-build position preserved from candidate genotype map
rs9525479	13	GRCh37	41948151	Ensembl REST variation endpoint	https://grch37.rest.ensembl.org/variation/homo_sapiens	2026-05-22	unique autosomal SNP mapping in both GRCh37 and GRCh38
rs9525479	13	GRCh38	41374015	Ensembl REST variation endpoint	https://rest.ensembl.org/variation/homo_sapiens	2026-05-22	unique autosomal SNP mapping in both GRCh37 and GRCh38
rs12100385	13	GRCh36	42865287	candidate BIM/PVAR position		2026-05-22	source-build position preserved from candidate genotype map
rs12100385	13	GRCh37	43967287	Ensembl REST variation endpoint	https://grch37.rest.ensembl.org/variation/homo_sapiens	2026-05-22	unique autosomal SNP mapping in both GRCh37 and GRCh38
rs12100385	13	GRCh38	43393151	Ensembl REST variation endpoint	https://rest.ensembl.org/variation/homo_sapiens	2026-05-22	unique autosomal SNP mapping in both GRCh37 and GRCh38
rs12866440	13	GRCh36	44690868	candidate BIM/PVAR position		2026-05-22	source-build position preserved from candidate genotype map
rs12866440	13	GRCh37	45792868	Ensembl REST variation endpoint	https://grch37.rest.ensembl.org/variation/homo_sapiens	2026-05-22	unique autosomal SNP mapping in both GRCh37 and GRCh38
rs12866440	13	GRCh38	45218733	Ensembl REST variation endpoint	https://rest.ensembl.org/variation/homo_sapiens	2026-05-22	unique autosomal SNP mapping in both GRCh37 and GRCh38
rs17371258	13	GRCh36	46513310	candidate BIM/PVAR position		2026-05-22	source-build position preserved from candidate genotype map
rs17371258	13	GRCh37	47615309	Ensembl REST variation endpoint	https://grch37.rest.ensembl.org/variation/homo_sapiens	2026-05-22	unique autosomal SNP mapping in both GRCh37 and GRCh38
rs17371258	13	GRCh38	47041174	Ensembl REST variation endpoint	https://rest.ensembl.org/variation/homo_sapiens	2026-05-22	unique autosomal SNP mapping in both GRCh37 and GRCh38
rs2994377	13	GRCh36	48537150	candidate BIM/PVAR position		2026-05-22	source-build position preserved from candidate genotype map
rs2994377	13	GRCh37	49639149	Ensembl REST variation endpoint	https://grch37.rest.ensembl.org/variation/homo_sapiens	2026-05-22	unique autosomal SNP mapping in both GRCh37 and GRCh38
rs2994377	13	GRCh38	49065013	Ensembl REST variation endpoint	https://rest.ensembl.org/variation/homo_sapiens	2026-05-22	unique autosomal SNP mapping in both GRCh37 and GRCh38
rs7985661	13	GRCh36	50352897	candidate BIM/PVAR position		2026-05-22	source-build position preserved from candidate genotype map
rs7985661	13	GRCh37	51454896	Ensembl REST variation endpoint	https://grch37.rest.ensembl.org/variation/homo_sapiens	2026-05-22	unique autosomal SNP mapping in both GRCh37 and GRCh38
rs7985661	13	GRCh38	50880760	Ensembl REST variation endpoint	https://rest.ensembl.org/variation/homo_sapiens	2026-05-22	unique autosomal SNP mapping in both GRCh37 and GRCh38
rs64262	13	GRCh36	52251042	candidate BIM/PVAR position		2026-05-22	source-build position preserved from candidate genotype map
rs64262	13	GRCh37	53353041	Ensembl REST variation endpoint	https://grch37.rest.ensembl.org/variation/homo_sapiens	2026-05-22	unique autosomal SNP mapping in both GRCh37 and GRCh38
rs64262	13	GRCh38	52778906	Ensembl REST variation endpoint	https://rest.ensembl.org/variation/homo_sapiens	2026-05-22	unique autosomal SNP mapping in both GRCh37 and GRCh38
rs584860	13	GRCh36	53668266	candidate BIM/PVAR position		2026-05-22	source-build position preserved from candidate genotype map
rs584860	13	GRCh37	54770265	Ensembl REST variation endpoint	https://grch37.rest.ensembl.org/variation/homo_sapiens	2026-05-22	unique autosomal SNP mapping in both GRCh37 and GRCh38
rs584860	13	GRCh38	54196130	Ensembl REST variation endpoint	https://rest.ensembl.org/variation/homo_sapiens	2026-05-22	unique autosomal SNP mapping in both GRCh37 and GRCh38
rs396318	13	GRCh36	55488136	candidate BIM/PVAR position		2026-05-22	source-build position preserved from candidate genotype map
rs396318	13	GRCh37	56590135	Ensembl REST variation endpoint	https://grch37.rest.ensembl.org/variation/homo_sapiens	2026-05-22	unique autosomal SNP mapping in both GRCh37 and GRCh38
rs396318	13	GRCh38	56016001	Ensembl REST variation endpoint	https://rest.ensembl.org/variation/homo_sapiens	2026-05-22	unique autosomal SNP mapping in both GRCh37 and GRCh38
rs9563548	13	GRCh36	57333060	candidate BIM/PVAR position		2026-05-22	source-build position preserved from candidate genotype map
rs9563548	13	GRCh37	58435059	Ensembl REST variation endpoint	https://grch37.rest.ensembl.org/variation/homo_sapiens	2026-05-22	unique autosomal SNP mapping in both GRCh37 and GRCh38
rs9563548	13	GRCh38	57860925	Ensembl REST variation endpoint	https://rest.ensembl.org/variation/homo_sapiens	2026-05-22	unique autosomal SNP mapping in both GRCh37 and GRCh38
rs6562060	13	GRCh36	59344334	candidate BIM/PVAR position		2026-05-22	source-build position preserved from candidate genotype map
rs6562060	13	GRCh37	60446333	Ensembl REST variation endpoint	https://grch37.rest.ensembl.org/variation/homo_sapiens	2026-05-22	unique autosomal SNP mapping in both GRCh37 and GRCh38
rs6562060	13	GRCh38	59872199	Ensembl REST variation endpoint	https://rest.ensembl.org/variation/homo_sapiens	2026-05-22	unique autosomal SNP mapping in both GRCh37 and GRCh38
rs4884392	13	GRCh36	61156154	candidate BIM/PVAR position		2026-05-22	source-build position preserved from candidate genotype map
rs4884392	13	GRCh37	62258153	Ensembl REST variation endpoint	https://grch37.rest.ensembl.org/variation/homo_sapiens	2026-05-22	unique autosomal SNP mapping in both GRCh37 and GRCh38
rs4884392	13	GRCh38	61684020	Ensembl REST variation endpoint	https://rest.ensembl.org/variation/homo_sapiens	2026-05-22	unique autosomal SNP mapping in both GRCh37 and GRCh38
rs7998991	13	GRCh36	63177133	candidate BIM/PVAR position		2026-05-22	source-build position preserved from candidate genotype map
rs7998991	13	GRCh37	64279132	Ensembl REST variation endpoint	https://grch37.rest.ensembl.org/variation/homo_sapiens	2026-05-22	unique autosomal SNP mapping in both GRCh37 and GRCh38
rs7998991	13	GRCh38	63704999	Ensembl REST variation endpoint	https://rest.ensembl.org/variation/homo_sapiens	2026-05-22	unique autosomal SNP mapping in both GRCh37 and GRCh38
rs9317514	13	GRCh36	64996091	candidate BIM/PVAR position		2026-05-22	source-build position preserved from candidate genotype map
rs9317514	13	GRCh37	66098090	Ensembl REST variation endpoint	https://grch37.rest.ensembl.org/variation/homo_sapiens	2026-05-22	unique autosomal SNP mapping in both GRCh37 and GRCh38
rs9317514	13	GRCh38	65523958	Ensembl REST variation endpoint	https://rest.ensembl.org/variation/homo_sapiens	2026-05-22	unique autosomal SNP mapping in both GRCh37 and GRCh38
rs9571805	13	GRCh36	67010721	candidate BIM/PVAR position		2026-05-22	source-build position preserved from candidate genotype map
rs9571805	13	GRCh37	68112720	Ensembl REST variation endpoint	https://grch37.rest.ensembl.org/variation/homo_sapiens	2026-05-22	unique autosomal SNP mapping in both GRCh37 and GRCh38
rs9571805	13	GRCh38	67538588	Ensembl REST variation endpoint	https://rest.ensembl.org/variation/homo_sapiens	2026-05-22	unique autosomal SNP mapping in both GRCh37 and GRCh38
rs1334825	13	GRCh36	68827182	candidate BIM/PVAR position		2026-05-22	source-build position preserved from candidate genotype map
rs1334825	13	GRCh37	69929181	Ensembl REST variation endpoint	https://grch37.rest.ensembl.org/variation/homo_sapiens	2026-05-22	unique autosomal SNP mapping in both GRCh37 and GRCh38
rs1334825	13	GRCh38	69355049	Ensembl REST variation endpoint	https://rest.ensembl.org/variation/homo_sapiens	2026-05-22	unique autosomal SNP mapping in both GRCh37 and GRCh38
rs9599842	13	GRCh36	70856121	candidate BIM/PVAR position		2026-05-22	source-build position preserved from candidate genotype map
rs9599842	13	GRCh37	71958120	Ensembl REST variation endpoint	https://grch37.rest.ensembl.org/variation/homo_sapiens	2026-05-22	unique autosomal SNP mapping in both GRCh37 and GRCh38
rs9599842	13	GRCh38	71383988	Ensembl REST variation endpoint	https://rest.ensembl.org/variation/homo_sapiens	2026-05-22	unique autosomal SNP mapping in both GRCh37 and GRCh38
rs7999032	13	GRCh36	72077351	candidate BIM/PVAR position		2026-05-22	source-build position preserved from candidate genotype map
rs7999032	13	GRCh37	73179350	Ensembl REST variation endpoint	https://grch37.rest.ensembl.org/variation/homo_sapiens	2026-05-22	unique autosomal SNP mapping in both GRCh37 and GRCh38
rs7999032	13	GRCh38	72605212	Ensembl REST variation endpoint	https://rest.ensembl.org/variation/homo_sapiens	2026-05-22	unique autosomal SNP mapping in both GRCh37 and GRCh38
rs11148979	13	GRCh36	74514275	candidate BIM/PVAR position		2026-05-22	source-build position preserved from candidate genotype map
rs11148979	13	GRCh37	75616274	Ensembl REST variation endpoint	https://grch37.rest.ensembl.org/variation/homo_sapiens	2026-05-22	unique autosomal SNP mapping in both GRCh37 and GRCh38
rs11148979	13	GRCh38	75042137	Ensembl REST variation endpoint	https://rest.ensembl.org/variation/homo_sapiens	2026-05-22	unique autosomal SNP mapping in both GRCh37 and GRCh38
rs2173366	13	GRCh36	75927852	candidate BIM/PVAR position		2026-05-22	source-build position preserved from candidate genotype map
rs2173366	13	GRCh37	77029851	Ensembl REST variation endpoint	https://grch37.rest.ensembl.org/variation/homo_sapiens	2026-05-22	unique autosomal SNP mapping in both GRCh37 and GRCh38
rs2173366	13	GRCh38	76455715	Ensembl REST variation endpoint	https://rest.ensembl.org/variation/homo_sapiens	2026-05-22	unique autosomal SNP mapping in both GRCh37 and GRCh38
rs9544760	13	GRCh36	77746774	candidate BIM/PVAR position		2026-05-22	source-build position preserved from candidate genotype map
rs9544760	13	GRCh37	78848773	Ensembl REST variation endpoint	https://grch37.rest.ensembl.org/variation/homo_sapiens	2026-05-22	unique autosomal SNP mapping in both GRCh37 and GRCh38
rs9544760	13	GRCh38	78274638	Ensembl REST variation endpoint	https://rest.ensembl.org/variation/homo_sapiens	2026-05-22	unique autosomal SNP mapping in both GRCh37 and GRCh38
rs4539481	13	GRCh36	79569345	candidate BIM/PVAR position		2026-05-22	source-build position preserved from candidate genotype map
rs4539481	13	GRCh37	80671344	Ensembl REST variation endpoint	https://grch37.rest.ensembl.org/variation/homo_sapiens	2026-05-22	unique autosomal SNP mapping in both GRCh37 and GRCh38
rs4539481	13	GRCh38	80097209	Ensembl REST variation endpoint	https://rest.ensembl.org/variation/homo_sapiens	2026-05-22	unique autosomal SNP mapping in both GRCh37 and GRCh38
rs1331583	13	GRCh36	81590850	candidate BIM/PVAR position		2026-05-22	source-build position preserved from candidate genotype map
rs1331583	13	GRCh37	82692849	Ensembl REST variation endpoint	https://grch37.rest.ensembl.org/variation/homo_sapiens	2026-05-22	unique autosomal SNP mapping in both GRCh37 and GRCh38
rs1331583	13	GRCh38	82118714	Ensembl REST variation endpoint	https://rest.ensembl.org/variation/homo_sapiens	2026-05-22	unique autosomal SNP mapping in both GRCh37 and GRCh38
rs1334861	13	GRCh36	83409940	candidate BIM/PVAR position		2026-05-22	source-build position preserved from candidate genotype map
rs1334861	13	GRCh37	84511939	Ensembl REST variation endpoint	https://grch37.rest.ensembl.org/variation/homo_sapiens	2026-05-22	unique autosomal SNP mapping in both GRCh37 and GRCh38
rs1334861	13	GRCh38	83937804	Ensembl REST variation endpoint	https://rest.ensembl.org/variation/homo_sapiens	2026-05-22	unique autosomal SNP mapping in both GRCh37 and GRCh38
rs9602899	13	GRCh36	85436072	candidate BIM/PVAR position		2026-05-22	source-build position preserved from candidate genotype map
rs9602899	13	GRCh37	86538071	Ensembl REST variation endpoint	https://grch37.rest.ensembl.org/variation/homo_sapiens	2026-05-22	unique autosomal SNP mapping in both GRCh37 and GRCh38
rs9602899	13	GRCh38	85963936	Ensembl REST variation endpoint	https://rest.ensembl.org/variation/homo_sapiens	2026-05-22	unique autosomal SNP mapping in both GRCh37 and GRCh38
rs1414169	13	GRCh36	87273867	candidate BIM/PVAR position		2026-05-22	source-build position preserved from candidate genotype map
rs1414169	13	GRCh37	88475866	Ensembl REST variation endpoint	https://grch37.rest.ensembl.org/variation/homo_sapiens	2026-05-22	unique autosomal SNP mapping in both GRCh37 and GRCh38
rs1414169	13	GRCh38	87823611	Ensembl REST variation endpoint	https://rest.ensembl.org/variation/homo_sapiens	2026-05-22	unique autosomal SNP mapping in both GRCh37 and GRCh38
rs967389	13	GRCh36	89104192	candidate BIM/PVAR position		2026-05-22	source-build position preserved from candidate genotype map
rs967389	13	GRCh37	90306191	Ensembl REST variation endpoint	https://grch37.rest.ensembl.org/variation/homo_sapiens	2026-05-22	unique autosomal SNP mapping in both GRCh37 and GRCh38
rs967389	13	GRCh38	89653937	Ensembl REST variation endpoint	https://rest.ensembl.org/variation/homo_sapiens	2026-05-22	unique autosomal SNP mapping in both GRCh37 and GRCh38
rs8000493	13	GRCh36	91125609	candidate BIM/PVAR position		2026-05-22	source-build position preserved from candidate genotype map
rs8000493	13	GRCh37	92327608	Ensembl REST variation endpoint	https://grch37.rest.ensembl.org/variation/homo_sapiens	2026-05-22	unique autosomal SNP mapping in both GRCh37 and GRCh38
rs8000493	13	GRCh38	91675354	Ensembl REST variation endpoint	https://rest.ensembl.org/variation/homo_sapiens	2026-05-22	unique autosomal SNP mapping in both GRCh37 and GRCh38
rs12586008	13	GRCh36	92934082	candidate BIM/PVAR position		2026-05-22	source-build position preserved from candidate genotype map
rs12586008	13	GRCh37	94136081	Ensembl REST variation endpoint	https://grch37.rest.ensembl.org/variation/homo_sapiens	2026-05-22	unique autosomal SNP mapping in both GRCh37 and GRCh38
rs12586008	13	GRCh38	93483828	Ensembl REST variation endpoint	https://rest.ensembl.org/variation/homo_sapiens	2026-05-22	unique autosomal SNP mapping in both GRCh37 and GRCh38
rs9590106	13	GRCh36	94349071	candidate BIM/PVAR position		2026-05-22	source-build position preserved from candidate genotype map
rs9590106	13	GRCh37	95551070	Ensembl REST variation endpoint	https://grch37.rest.ensembl.org/variation/homo_sapiens	2026-05-22	unique autosomal SNP mapping in both GRCh37 and GRCh38
rs9590106	13	GRCh38	94898816	Ensembl REST variation endpoint	https://rest.ensembl.org/variation/homo_sapiens	2026-05-22	unique autosomal SNP mapping in both GRCh37 and GRCh38
rs9556617	13	GRCh36	96180371	candidate BIM/PVAR position		2026-05-22	source-build position preserved from candidate genotype map
rs9556617	13	GRCh37	97382370	Ensembl REST variation endpoint	https://grch37.rest.ensembl.org/variation/homo_sapiens	2026-05-22	unique autosomal SNP mapping in both GRCh37 and GRCh38
rs9556617	13	GRCh38	96730116	Ensembl REST variation endpoint	https://rest.ensembl.org/variation/homo_sapiens	2026-05-22	unique autosomal SNP mapping in both GRCh37 and GRCh38
rs7993521	13	GRCh36	97997943	candidate BIM/PVAR position		2026-05-22	source-build position preserved from candidate genotype map
rs7993521	13	GRCh37	99199942	Ensembl REST variation endpoint	https://grch37.rest.ensembl.org/variation/homo_sapiens	2026-05-22	unique autosomal SNP mapping in both GRCh37 and GRCh38
rs7993521	13	GRCh38	98547688	Ensembl REST variation endpoint	https://rest.ensembl.org/variation/homo_sapiens	2026-05-22	unique autosomal SNP mapping in both GRCh37 and GRCh38
rs11616731	13	GRCh36	100010301	candidate BIM/PVAR position		2026-05-22	source-build position preserved from candidate genotype map
rs11616731	13	GRCh37	101212300	Ensembl REST variation endpoint	https://grch37.rest.ensembl.org/variation/homo_sapiens	2026-05-22	unique autosomal SNP mapping in both GRCh37 and GRCh38
rs11616731	13	GRCh38	100560046	Ensembl REST variation endpoint	https://rest.ensembl.org/variation/homo_sapiens	2026-05-22	unique autosomal SNP mapping in both GRCh37 and GRCh38
rs9582577	13	GRCh36	101837411	candidate BIM/PVAR position		2026-05-22	source-build position preserved from candidate genotype map
rs9582577	13	GRCh37	103039410	Ensembl REST variation endpoint	https://grch37.rest.ensembl.org/variation/homo_sapiens	2026-05-22	unique autosomal SNP mapping in both GRCh37 and GRCh38
rs9582577	13	GRCh38	102387060	Ensembl REST variation endpoint	https://rest.ensembl.org/variation/homo_sapiens	2026-05-22	unique autosomal SNP mapping in both GRCh37 and GRCh38
rs881946	13	GRCh36	103854681	candidate BIM/PVAR position		2026-05-22	source-build position preserved from candidate genotype map
rs881946	13	GRCh37	105056680	Ensembl REST variation endpoint	https://grch37.rest.ensembl.org/variation/homo_sapiens	2026-05-22	unique autosomal SNP mapping in both GRCh37 and GRCh38
rs881946	13	GRCh38	104404330	Ensembl REST variation endpoint	https://rest.ensembl.org/variation/homo_sapiens	2026-05-22	unique autosomal SNP mapping in both GRCh37 and GRCh38
rs7981244	13	GRCh36	105663554	candidate BIM/PVAR position		2026-05-22	source-build position preserved from candidate genotype map
rs7981244	13	GRCh37	106865553	Ensembl REST variation endpoint	https://grch37.rest.ensembl.org/variation/homo_sapiens	2026-05-22	unique autosomal SNP mapping in both GRCh37 and GRCh38
rs7981244	13	GRCh38	106213204	Ensembl REST variation endpoint	https://rest.ensembl.org/variation/homo_sapiens	2026-05-22	unique autosomal SNP mapping in both GRCh37 and GRCh38
rs1473792	13	GRCh36	107675630	candidate BIM/PVAR position		2026-05-22	source-build position preserved from candidate genotype map
rs1473792	13	GRCh37	108877629	Ensembl REST variation endpoint	https://grch37.rest.ensembl.org/variation/homo_sapiens	2026-05-22	unique autosomal SNP mapping in both GRCh37 and GRCh38
rs1473792	13	GRCh38	108225281	Ensembl REST variation endpoint	https://rest.ensembl.org/variation/homo_sapiens	2026-05-22	unique autosomal SNP mapping in both GRCh37 and GRCh38
rs9521585	13	GRCh36	109496262	candidate BIM/PVAR position		2026-05-22	source-build position preserved from candidate genotype map
rs9521585	13	GRCh37	110698261	Ensembl REST variation endpoint	https://grch37.rest.ensembl.org/variation/homo_sapiens	2026-05-22	unique autosomal SNP mapping in both GRCh37 and GRCh38
rs9521585	13	GRCh38	110045914	Ensembl REST variation endpoint	https://rest.ensembl.org/variation/homo_sapiens	2026-05-22	unique autosomal SNP mapping in both GRCh37 and GRCh38
rs7337290	13	GRCh36	111553756	candidate BIM/PVAR position		2026-05-22	source-build position preserved from candidate genotype map
rs7337290	13	GRCh37	112505755	Ensembl REST variation endpoint	https://grch37.rest.ensembl.org/variation/homo_sapiens	2026-05-22	unique autosomal SNP mapping in both GRCh37 and GRCh38
rs7337290	13	GRCh38	111851441	Ensembl REST variation endpoint	https://rest.ensembl.org/variation/homo_sapiens	2026-05-22	unique autosomal SNP mapping in both GRCh37 and GRCh38
rs12431998	14	GRCh36	20502295	candidate BIM/PVAR position		2026-05-22	source-build position preserved from candidate genotype map
rs12431998	14	GRCh37	21432455	Ensembl REST variation endpoint	https://grch37.rest.ensembl.org/variation/homo_sapiens	2026-05-22	unique autosomal SNP mapping in both GRCh37 and GRCh38
rs12431998	14	GRCh38	20964296	Ensembl REST variation endpoint	https://rest.ensembl.org/variation/homo_sapiens	2026-05-22	unique autosomal SNP mapping in both GRCh37 and GRCh38
rs8005354	14	GRCh36	22120603	candidate BIM/PVAR position		2026-05-22	source-build position preserved from candidate genotype map
rs8005354	14	GRCh37	23050763	Ensembl REST variation endpoint	https://grch37.rest.ensembl.org/variation/homo_sapiens	2026-05-22	unique autosomal SNP mapping in both GRCh37 and GRCh38
rs8005354	14	GRCh38	22581859	Ensembl REST variation endpoint	https://rest.ensembl.org/variation/homo_sapiens	2026-05-22	unique autosomal SNP mapping in both GRCh37 and GRCh38
rs1951126	14	GRCh36	23939002	candidate BIM/PVAR position		2026-05-22	source-build position preserved from candidate genotype map
rs1951126	14	GRCh37	24869162	Ensembl REST variation endpoint	https://grch37.rest.ensembl.org/variation/homo_sapiens	2026-05-22	unique autosomal SNP mapping in both GRCh37 and GRCh38
rs1951126	14	GRCh38	24399956	Ensembl REST variation endpoint	https://rest.ensembl.org/variation/homo_sapiens	2026-05-22	unique autosomal SNP mapping in both GRCh37 and GRCh38
rs4547253	14	GRCh36	25755669	candidate BIM/PVAR position		2026-05-22	source-build position preserved from candidate genotype map
rs4547253	14	GRCh37	26685829	Ensembl REST variation endpoint	https://grch37.rest.ensembl.org/variation/homo_sapiens	2026-05-22	unique autosomal SNP mapping in both GRCh37 and GRCh38
rs4547253	14	GRCh38	26216623	Ensembl REST variation endpoint	https://rest.ensembl.org/variation/homo_sapiens	2026-05-22	unique autosomal SNP mapping in both GRCh37 and GRCh38
rs2022830	14	GRCh36	27375292	candidate BIM/PVAR position		2026-05-22	source-build position preserved from candidate genotype map
rs2022830	14	GRCh37	28305452	Ensembl REST variation endpoint	https://grch37.rest.ensembl.org/variation/homo_sapiens	2026-05-22	unique autosomal SNP mapping in both GRCh37 and GRCh38
rs2022830	14	GRCh38	27836246	Ensembl REST variation endpoint	https://rest.ensembl.org/variation/homo_sapiens	2026-05-22	unique autosomal SNP mapping in both GRCh37 and GRCh38
rs17115153	14	GRCh36	29194386	candidate BIM/PVAR position		2026-05-22	source-build position preserved from candidate genotype map
rs17115153	14	GRCh37	30124635	Ensembl REST variation endpoint	https://grch37.rest.ensembl.org/variation/homo_sapiens	2026-05-22	unique autosomal SNP mapping in both GRCh37 and GRCh38
rs17115153	14	GRCh38	29655429	Ensembl REST variation endpoint	https://rest.ensembl.org/variation/homo_sapiens	2026-05-22	unique autosomal SNP mapping in both GRCh37 and GRCh38
rs17097923	14	GRCh36	31023832	candidate BIM/PVAR position		2026-05-22	source-build position preserved from candidate genotype map
rs17097923	14	GRCh37	31954081	Ensembl REST variation endpoint	https://grch37.rest.ensembl.org/variation/homo_sapiens	2026-05-22	unique autosomal SNP mapping in both GRCh37 and GRCh38
rs17097923	14	GRCh38	31484875	Ensembl REST variation endpoint	https://rest.ensembl.org/variation/homo_sapiens	2026-05-22	unique autosomal SNP mapping in both GRCh37 and GRCh38
rs17538030	14	GRCh36	32639991	candidate BIM/PVAR position		2026-05-22	source-build position preserved from candidate genotype map
rs17538030	14	GRCh37	33570240	Ensembl REST variation endpoint	https://grch37.rest.ensembl.org/variation/homo_sapiens	2026-05-22	unique autosomal SNP mapping in both GRCh37 and GRCh38
rs17538030	14	GRCh38	33101034	Ensembl REST variation endpoint	https://rest.ensembl.org/variation/homo_sapiens	2026-05-22	unique autosomal SNP mapping in both GRCh37 and GRCh38
rs799690	14	GRCh36	34449674	candidate BIM/PVAR position		2026-05-22	source-build position preserved from candidate genotype map
rs799690	14	GRCh37	35379923	Ensembl REST variation endpoint	https://grch37.rest.ensembl.org/variation/homo_sapiens	2026-05-22	unique autosomal SNP mapping in both GRCh37 and GRCh38
rs799690	14	GRCh38	34910717	Ensembl REST variation endpoint	https://rest.ensembl.org/variation/homo_sapiens	2026-05-22	unique autosomal SNP mapping in both GRCh37 and GRCh38
rs12437348	14	GRCh36	35676301	candidate BIM/PVAR position		2026-05-22	source-build position preserved from candidate genotype map
rs12437348	14	GRCh37	36606550	Ensembl REST variation endpoint	https://grch37.rest.ensembl.org/variation/homo_sapiens	2026-05-22	unique autosomal SNP mapping in both GRCh37 and GRCh38
rs12437348	14	GRCh38	36137344	Ensembl REST variation endpoint	https://rest.ensembl.org/variation/homo_sapiens	2026-05-22	unique autosomal SNP mapping in both GRCh37 and GRCh38
rs980010	14	GRCh36	37891941	candidate BIM/PVAR position		2026-05-22	source-build position preserved from candidate genotype map
rs980010	14	GRCh37	38822190	Ensembl REST variation endpoint	https://grch37.rest.ensembl.org/variation/homo_sapiens	2026-05-22	unique autosomal SNP mapping in both GRCh37 and GRCh38
rs980010	14	GRCh38	38352986	Ensembl REST variation endpoint	https://rest.ensembl.org/variation/homo_sapiens	2026-05-22	unique autosomal SNP mapping in both GRCh37 and GRCh38
rs4902774	14	GRCh36	39101770	candidate BIM/PVAR position		2026-05-22	source-build position preserved from candidate genotype map
rs4902774	14	GRCh37	40032019	Ensembl REST variation endpoint	https://grch37.rest.ensembl.org/variation/homo_sapiens	2026-05-22	unique autosomal SNP mapping in both GRCh37 and GRCh38
rs4902774	14	GRCh38	39562815	Ensembl REST variation endpoint	https://rest.ensembl.org/variation/homo_sapiens	2026-05-22	unique autosomal SNP mapping in both GRCh37 and GRCh38
rs12431871	14	GRCh36	40939980	candidate BIM/PVAR position		2026-05-22	source-build position preserved from candidate genotype map
rs12431871	14	GRCh37	41870230	Ensembl REST variation endpoint	https://grch37.rest.ensembl.org/variation/homo_sapiens	2026-05-22	unique autosomal SNP mapping in both GRCh37 and GRCh38
rs12431871	14	GRCh38	41401027	Ensembl REST variation endpoint	https://rest.ensembl.org/variation/homo_sapiens	2026-05-22	unique autosomal SNP mapping in both GRCh37 and GRCh38
rs7159885	14	GRCh36	42560682	candidate BIM/PVAR position		2026-05-22	source-build position preserved from candidate genotype map
rs7159885	14	GRCh37	43490932	Ensembl REST variation endpoint	https://grch37.rest.ensembl.org/variation/homo_sapiens	2026-05-22	unique autosomal SNP mapping in both GRCh37 and GRCh38
rs7159885	14	GRCh38	43021729	Ensembl REST variation endpoint	https://rest.ensembl.org/variation/homo_sapiens	2026-05-22	unique autosomal SNP mapping in both GRCh37 and GRCh38
rs12146993	14	GRCh36	44372648	candidate BIM/PVAR position		2026-05-22	source-build position preserved from candidate genotype map
rs12146993	14	GRCh37	45302898	Ensembl REST variation endpoint	https://grch37.rest.ensembl.org/variation/homo_sapiens	2026-05-22	unique autosomal SNP mapping in both GRCh37 and GRCh38
rs12146993	14	GRCh38	44833695	Ensembl REST variation endpoint	https://rest.ensembl.org/variation/homo_sapiens	2026-05-22	unique autosomal SNP mapping in both GRCh37 and GRCh38
rs1381640	14	GRCh36	46197769	candidate BIM/PVAR position		2026-05-22	source-build position preserved from candidate genotype map
rs1381640	14	GRCh37	47128019	Ensembl REST variation endpoint	https://grch37.rest.ensembl.org/variation/homo_sapiens	2026-05-22	unique autosomal SNP mapping in both GRCh37 and GRCh38
rs1381640	14	GRCh38	46658816	Ensembl REST variation endpoint	https://rest.ensembl.org/variation/homo_sapiens	2026-05-22	unique autosomal SNP mapping in both GRCh37 and GRCh38
rs2900025	14	GRCh36	47812812	candidate BIM/PVAR position		2026-05-22	source-build position preserved from candidate genotype map
rs2900025	14	GRCh37	48743062	Ensembl REST variation endpoint	https://grch37.rest.ensembl.org/variation/homo_sapiens	2026-05-22	unique autosomal SNP mapping in both GRCh37 and GRCh38
rs2900025	14	GRCh38	48273859	Ensembl REST variation endpoint	https://rest.ensembl.org/variation/homo_sapiens	2026-05-22	unique autosomal SNP mapping in both GRCh37 and GRCh38
rs10129336	14	GRCh36	49629927	candidate BIM/PVAR position		2026-05-22	source-build position preserved from candidate genotype map
rs10129336	14	GRCh37	50560177	Ensembl REST variation endpoint	https://grch37.rest.ensembl.org/variation/homo_sapiens	2026-05-22	unique autosomal SNP mapping in both GRCh37 and GRCh38
rs10129336	14	GRCh38	50093459	Ensembl REST variation endpoint	https://rest.ensembl.org/variation/homo_sapiens	2026-05-22	unique autosomal SNP mapping in both GRCh37 and GRCh38
rs1262155	14	GRCh36	51465954	candidate BIM/PVAR position		2026-05-22	source-build position preserved from candidate genotype map
rs1262155	14	GRCh37	52396204	Ensembl REST variation endpoint	https://grch37.rest.ensembl.org/variation/homo_sapiens	2026-05-22	unique autosomal SNP mapping in both GRCh37 and GRCh38
rs1262155	14	GRCh38	51929486	Ensembl REST variation endpoint	https://rest.ensembl.org/variation/homo_sapiens	2026-05-22	unique autosomal SNP mapping in both GRCh37 and GRCh38
rs8014637	14	GRCh36	53082008	candidate BIM/PVAR position		2026-05-22	source-build position preserved from candidate genotype map
rs8014637	14	GRCh37	54012258	Ensembl REST variation endpoint	https://grch37.rest.ensembl.org/variation/homo_sapiens	2026-05-22	unique autosomal SNP mapping in both GRCh37 and GRCh38
rs8014637	14	GRCh38	53545540	Ensembl REST variation endpoint	https://rest.ensembl.org/variation/homo_sapiens	2026-05-22	unique autosomal SNP mapping in both GRCh37 and GRCh38
rs3825615	14	GRCh36	54909336	candidate BIM/PVAR position		2026-05-22	source-build position preserved from candidate genotype map
rs3825615	14	GRCh37	55839583	Ensembl REST variation endpoint	https://grch37.rest.ensembl.org/variation/homo_sapiens	2026-05-22	unique autosomal SNP mapping in both GRCh37 and GRCh38
rs3825615	14	GRCh38	55372865	Ensembl REST variation endpoint	https://rest.ensembl.org/variation/homo_sapiens	2026-05-22	unique autosomal SNP mapping in both GRCh37 and GRCh38
rs2275025	14	GRCh36	56116582	candidate BIM/PVAR position		2026-05-22	source-build position preserved from candidate genotype map
rs2275025	14	GRCh37	57046829	Ensembl REST variation endpoint	https://grch37.rest.ensembl.org/variation/homo_sapiens	2026-05-22	unique autosomal SNP mapping in both GRCh37 and GRCh38
rs2275025	14	GRCh38	56580111	Ensembl REST variation endpoint	https://rest.ensembl.org/variation/homo_sapiens	2026-05-22	unique autosomal SNP mapping in both GRCh37 and GRCh38
rs12435045	14	GRCh36	58341310	candidate BIM/PVAR position		2026-05-22	source-build position preserved from candidate genotype map
rs12435045	14	GRCh37	59271557	Ensembl REST variation endpoint	https://grch37.rest.ensembl.org/variation/homo_sapiens	2026-05-22	unique autosomal SNP mapping in both GRCh37 and GRCh38
rs12435045	14	GRCh38	58804839	Ensembl REST variation endpoint	https://rest.ensembl.org/variation/homo_sapiens	2026-05-22	unique autosomal SNP mapping in both GRCh37 and GRCh38
rs17834334	14	GRCh36	59568332	candidate BIM/PVAR position		2026-05-22	source-build position preserved from candidate genotype map
rs17834334	14	GRCh37	60498579	Ensembl REST variation endpoint	https://grch37.rest.ensembl.org/variation/homo_sapiens	2026-05-22	unique autosomal SNP mapping in both GRCh37 and GRCh38
rs17834334	14	GRCh38	60031861	Ensembl REST variation endpoint	https://rest.ensembl.org/variation/homo_sapiens	2026-05-22	unique autosomal SNP mapping in both GRCh37 and GRCh38
rs17256422	14	GRCh36	61391177	candidate BIM/PVAR position		2026-05-22	source-build position preserved from candidate genotype map
rs17256422	14	GRCh37	62321424	Ensembl REST variation endpoint	https://grch37.rest.ensembl.org/variation/homo_sapiens	2026-05-22	unique autosomal SNP mapping in both GRCh37 and GRCh38
rs17256422	14	GRCh38	61854706	Ensembl REST variation endpoint	https://rest.ensembl.org/variation/homo_sapiens	2026-05-22	unique autosomal SNP mapping in both GRCh37 and GRCh38
rs17101216	14	GRCh36	63004076	candidate BIM/PVAR position		2026-05-22	source-build position preserved from candidate genotype map
rs17101216	14	GRCh37	63934323	Ensembl REST variation endpoint	https://grch37.rest.ensembl.org/variation/homo_sapiens	2026-05-22	unique autosomal SNP mapping in both GRCh37 and GRCh38
rs17101216	14	GRCh38	63467605	Ensembl REST variation endpoint	https://rest.ensembl.org/variation/homo_sapiens	2026-05-22	unique autosomal SNP mapping in both GRCh37 and GRCh38
rs1256533	14	GRCh36	64827501	candidate BIM/PVAR position		2026-05-22	source-build position preserved from candidate genotype map
rs1256533	14	GRCh37	65757748	Ensembl REST variation endpoint	https://grch37.rest.ensembl.org/variation/homo_sapiens	2026-05-22	unique autosomal SNP mapping in both GRCh37 and GRCh38
rs1256533	14	GRCh38	65291030	Ensembl REST variation endpoint	https://rest.ensembl.org/variation/homo_sapiens	2026-05-22	unique autosomal SNP mapping in both GRCh37 and GRCh38
rs10483794	14	GRCh36	66649044	candidate BIM/PVAR position		2026-05-22	source-build position preserved from candidate genotype map
rs10483794	14	GRCh37	67579291	Ensembl REST variation endpoint	https://grch37.rest.ensembl.org/variation/homo_sapiens	2026-05-22	unique autosomal SNP mapping in both GRCh37 and GRCh38
rs10483794	14	GRCh38	67112574	Ensembl REST variation endpoint	https://rest.ensembl.org/variation/homo_sapiens	2026-05-22	unique autosomal SNP mapping in both GRCh37 and GRCh38
rs194782	14	GRCh36	68259693	candidate BIM/PVAR position		2026-05-22	source-build position preserved from candidate genotype map
rs194782	14	GRCh37	69189940	Ensembl REST variation endpoint	https://grch37.rest.ensembl.org/variation/homo_sapiens	2026-05-22	unique autosomal SNP mapping in both GRCh37 and GRCh38
rs194782	14	GRCh38	68723223	Ensembl REST variation endpoint	https://rest.ensembl.org/variation/homo_sapiens	2026-05-22	unique autosomal SNP mapping in both GRCh37 and GRCh38
rs6573971	14	GRCh36	70081222	candidate BIM/PVAR position		2026-05-22	source-build position preserved from candidate genotype map
rs6573971	14	GRCh37	71011469	Ensembl REST variation endpoint	https://grch37.rest.ensembl.org/variation/homo_sapiens	2026-05-22	unique autosomal SNP mapping in both GRCh37 and GRCh38
rs6573971	14	GRCh38	70544752	Ensembl REST variation endpoint	https://rest.ensembl.org/variation/homo_sapiens	2026-05-22	unique autosomal SNP mapping in both GRCh37 and GRCh38
rs2283386	14	GRCh36	71898811	candidate BIM/PVAR position		2026-05-22	source-build position preserved from candidate genotype map
rs2283386	14	GRCh37	72829058	Ensembl REST variation endpoint	https://grch37.rest.ensembl.org/variation/homo_sapiens	2026-05-22	unique autosomal SNP mapping in both GRCh37 and GRCh38
rs2283386	14	GRCh38	72362350	Ensembl REST variation endpoint	https://rest.ensembl.org/variation/homo_sapiens	2026-05-22	unique autosomal SNP mapping in both GRCh37 and GRCh38
rs17782328	14	GRCh36	73512610	candidate BIM/PVAR position		2026-05-22	source-build position preserved from candidate genotype map
rs17782328	14	GRCh37	74442857	Ensembl REST variation endpoint	https://grch37.rest.ensembl.org/variation/homo_sapiens	2026-05-22	unique autosomal SNP mapping in both GRCh37 and GRCh38
rs17782328	14	GRCh38	73976154	Ensembl REST variation endpoint	https://rest.ensembl.org/variation/homo_sapiens	2026-05-22	unique autosomal SNP mapping in both GRCh37 and GRCh38
rs999718	14	GRCh36	75341893	candidate BIM/PVAR position		2026-05-22	source-build position preserved from candidate genotype map
rs999718	14	GRCh37	76272140	Ensembl REST variation endpoint	https://grch37.rest.ensembl.org/variation/homo_sapiens	2026-05-22	unique autosomal SNP mapping in both GRCh37 and GRCh38
rs999718	14	GRCh38	75805797	Ensembl REST variation endpoint	https://rest.ensembl.org/variation/homo_sapiens	2026-05-22	unique autosomal SNP mapping in both GRCh37 and GRCh38
rs4903534	14	GRCh36	76551456	candidate BIM/PVAR position		2026-05-22	source-build position preserved from candidate genotype map
rs4903534	14	GRCh37	77481703	Ensembl REST variation endpoint	https://grch37.rest.ensembl.org/variation/homo_sapiens	2026-05-22	unique autosomal SNP mapping in both GRCh37 and GRCh38
rs4903534	14	GRCh38	77015360	Ensembl REST variation endpoint	https://rest.ensembl.org/variation/homo_sapiens	2026-05-22	unique autosomal SNP mapping in both GRCh37 and GRCh38
rs2887878	14	GRCh36	78365231	candidate BIM/PVAR position		2026-05-22	source-build position preserved from candidate genotype map
rs2887878	14	GRCh37	79295478	Ensembl REST variation endpoint	https://grch37.rest.ensembl.org/variation/homo_sapiens	2026-05-22	unique autosomal SNP mapping in both GRCh37 and GRCh38
rs2887878	14	GRCh38	78829135	Ensembl REST variation endpoint	https://rest.ensembl.org/variation/homo_sapiens	2026-05-22	unique autosomal SNP mapping in both GRCh37 and GRCh38
rs17600960	14	GRCh36	79999452	candidate BIM/PVAR position		2026-05-22	source-build position preserved from candidate genotype map
rs17600960	14	GRCh37	80929699	Ensembl REST variation endpoint	https://grch37.rest.ensembl.org/variation/homo_sapiens	2026-05-22	unique autosomal SNP mapping in both GRCh37 and GRCh38
rs17600960	14	GRCh38	80463356	Ensembl REST variation endpoint	https://rest.ensembl.org/variation/homo_sapiens	2026-05-22	unique autosomal SNP mapping in both GRCh37 and GRCh38
rs709908	14	GRCh36	81820294	candidate BIM/PVAR position		2026-05-22	source-build position preserved from candidate genotype map
rs709908	14	GRCh37	82750541	Ensembl REST variation endpoint	https://grch37.rest.ensembl.org/variation/homo_sapiens	2026-05-22	unique autosomal SNP mapping in both GRCh37 and GRCh38
rs709908	14	GRCh38	82284197	Ensembl REST variation endpoint	https://rest.ensembl.org/variation/homo_sapiens	2026-05-22	unique autosomal SNP mapping in both GRCh37 and GRCh38
rs7143832	14	GRCh36	83445872	candidate BIM/PVAR position		2026-05-22	source-build position preserved from candidate genotype map
rs7143832	14	GRCh37	84376119	Ensembl REST variation endpoint	https://grch37.rest.ensembl.org/variation/homo_sapiens	2026-05-22	unique autosomal SNP mapping in both GRCh37 and GRCh38
rs7143832	14	GRCh38	83909775	Ensembl REST variation endpoint	https://rest.ensembl.org/variation/homo_sapiens	2026-05-22	unique autosomal SNP mapping in both GRCh37 and GRCh38
rs1956651	14	GRCh36	85261867	candidate BIM/PVAR position		2026-05-22	source-build position preserved from candidate genotype map
rs1956651	14	GRCh37	86192114	Ensembl REST variation endpoint	https://grch37.rest.ensembl.org/variation/homo_sapiens	2026-05-22	unique autosomal SNP mapping in both GRCh37 and GRCh38
rs1956651	14	GRCh38	85725770	Ensembl REST variation endpoint	https://rest.ensembl.org/variation/homo_sapiens	2026-05-22	unique autosomal SNP mapping in both GRCh37 and GRCh38
rs174510	14	GRCh36	87095660	candidate BIM/PVAR position		2026-05-22	source-build position preserved from candidate genotype map
rs174510	14	GRCh37	88025907	Ensembl REST variation endpoint	https://grch37.rest.ensembl.org/variation/homo_sapiens	2026-05-22	unique autosomal SNP mapping in both GRCh37 and GRCh38
rs174510	14	GRCh38	87559563	Ensembl REST variation endpoint	https://rest.ensembl.org/variation/homo_sapiens	2026-05-22	unique autosomal SNP mapping in both GRCh37 and GRCh38
rs722479	14	GRCh36	88711091	candidate BIM/PVAR position		2026-05-22	source-build position preserved from candidate genotype map
rs722479	14	GRCh37	89641338	Ensembl REST variation endpoint	https://grch37.rest.ensembl.org/variation/homo_sapiens	2026-05-22	unique autosomal SNP mapping in both GRCh37 and GRCh38
rs722479	14	GRCh38	89174994	Ensembl REST variation endpoint	https://rest.ensembl.org/variation/homo_sapiens	2026-05-22	unique autosomal SNP mapping in both GRCh37 and GRCh38
rs1286148	14	GRCh36	90536260	candidate BIM/PVAR position		2026-05-22	source-build position preserved from candidate genotype map
rs1286148	14	GRCh37	91466507	Ensembl REST variation endpoint	https://grch37.rest.ensembl.org/variation/homo_sapiens	2026-05-22	unique autosomal SNP mapping in both GRCh37 and GRCh38
rs1286148	14	GRCh38	91000163	Ensembl REST variation endpoint	https://rest.ensembl.org/variation/homo_sapiens	2026-05-22	unique autosomal SNP mapping in both GRCh37 and GRCh38
rs12880298	14	GRCh36	92355715	candidate BIM/PVAR position		2026-05-22	source-build position preserved from candidate genotype map
rs12880298	14	GRCh37	93285962	Ensembl REST variation endpoint	https://grch37.rest.ensembl.org/variation/homo_sapiens	2026-05-22	unique autosomal SNP mapping in both GRCh37 and GRCh38
rs12880298	14	GRCh38	92819617	Ensembl REST variation endpoint	https://rest.ensembl.org/variation/homo_sapiens	2026-05-22	unique autosomal SNP mapping in both GRCh37 and GRCh38
rs3818257	14	GRCh36	93979383	candidate BIM/PVAR position		2026-05-22	source-build position preserved from candidate genotype map
rs3818257	14	GRCh37	94909630	Ensembl REST variation endpoint	https://grch37.rest.ensembl.org/variation/homo_sapiens	2026-05-22	unique autosomal SNP mapping in both GRCh37 and GRCh38
rs3818257	14	GRCh38	94443293	Ensembl REST variation endpoint	https://rest.ensembl.org/variation/homo_sapiens	2026-05-22	unique autosomal SNP mapping in both GRCh37 and GRCh38
rs7160391	14	GRCh36	95795518	candidate BIM/PVAR position		2026-05-22	source-build position preserved from candidate genotype map
rs7160391	14	GRCh37	96725765	Ensembl REST variation endpoint	https://grch37.rest.ensembl.org/variation/homo_sapiens	2026-05-22	unique autosomal SNP mapping in both GRCh37 and GRCh38
rs7160391	14	GRCh38	96259428	Ensembl REST variation endpoint	https://rest.ensembl.org/variation/homo_sapiens	2026-05-22	unique autosomal SNP mapping in both GRCh37 and GRCh38
rs2183623	14	GRCh36	97621009	candidate BIM/PVAR position		2026-05-22	source-build position preserved from candidate genotype map
rs2183623	14	GRCh37	98551256	Ensembl REST variation endpoint	https://grch37.rest.ensembl.org/variation/homo_sapiens	2026-05-22	unique autosomal SNP mapping in both GRCh37 and GRCh38
rs2183623	14	GRCh38	98084919	Ensembl REST variation endpoint	https://rest.ensembl.org/variation/homo_sapiens	2026-05-22	unique autosomal SNP mapping in both GRCh37 and GRCh38
rs12894973	14	GRCh36	99236405	candidate BIM/PVAR position		2026-05-22	source-build position preserved from candidate genotype map
rs12894973	14	GRCh37	100166652	Ensembl REST variation endpoint	https://grch37.rest.ensembl.org/variation/homo_sapiens	2026-05-22	unique autosomal SNP mapping in both GRCh37 and GRCh38
rs12894973	14	GRCh38	99700315	Ensembl REST variation endpoint	https://rest.ensembl.org/variation/homo_sapiens	2026-05-22	unique autosomal SNP mapping in both GRCh37 and GRCh38
rs12894212	14	GRCh36	100459431	candidate BIM/PVAR position		2026-05-22	source-build position preserved from candidate genotype map
rs12894212	14	GRCh37	101389678	Ensembl REST variation endpoint	https://grch37.rest.ensembl.org/variation/homo_sapiens	2026-05-22	unique autosomal SNP mapping in both GRCh37 and GRCh38
rs12894212	14	GRCh38	100923341	Ensembl REST variation endpoint	https://rest.ensembl.org/variation/homo_sapiens	2026-05-22	unique autosomal SNP mapping in both GRCh37 and GRCh38
rs12590361	14	GRCh36	102272470	candidate BIM/PVAR position		2026-05-22	source-build position preserved from candidate genotype map
rs12590361	14	GRCh37	103202717	Ensembl REST variation endpoint	https://grch37.rest.ensembl.org/variation/homo_sapiens	2026-05-22	unique autosomal SNP mapping in both GRCh37 and GRCh38
rs12590361	14	GRCh38	102736380	Ensembl REST variation endpoint	https://rest.ensembl.org/variation/homo_sapiens	2026-05-22	unique autosomal SNP mapping in both GRCh37 and GRCh38
rs8016941	14	GRCh36	103896344	candidate BIM/PVAR position		2026-05-22	source-build position preserved from candidate genotype map
rs8016941	14	GRCh37	104825299	Ensembl REST variation endpoint	https://grch37.rest.ensembl.org/variation/homo_sapiens	2026-05-22	unique autosomal SNP mapping in both GRCh37 and GRCh38
rs8016941	14	GRCh38	104358962	Ensembl REST variation endpoint	https://rest.ensembl.org/variation/homo_sapiens	2026-05-22	unique autosomal SNP mapping in both GRCh37 and GRCh38
rs2605929	15	GRCh36	19800798	candidate BIM/PVAR position		2026-05-22	source-build position preserved from candidate genotype map
rs2605929	15	GRCh37	22299434	Ensembl REST variation endpoint	https://grch37.rest.ensembl.org/variation/homo_sapiens	2026-05-22	unique autosomal SNP mapping in both GRCh37 and GRCh38
rs2605929	15	GRCh38	22011483	Ensembl REST variation endpoint	https://rest.ensembl.org/variation/homo_sapiens	2026-05-22	unique autosomal SNP mapping in both GRCh37 and GRCh38
rs1830115	15	GRCh36	21200233	candidate BIM/PVAR position		2026-05-22	source-build position preserved from candidate genotype map
rs1830115	15	GRCh37	23648792	Ensembl REST variation endpoint	https://grch37.rest.ensembl.org/variation/homo_sapiens	2026-05-22	unique autosomal SNP mapping in both GRCh37 and GRCh38
rs1830115	15	GRCh38	23403645	Ensembl REST variation endpoint	https://rest.ensembl.org/variation/homo_sapiens	2026-05-22	unique autosomal SNP mapping in both GRCh37 and GRCh38
rs2201840	15	GRCh36	22696220	candidate BIM/PVAR position		2026-05-22	source-build position preserved from candidate genotype map
rs2201840	15	GRCh37	25145127	Ensembl REST variation endpoint	https://grch37.rest.ensembl.org/variation/homo_sapiens	2026-05-22	unique autosomal SNP mapping in both GRCh37 and GRCh38
rs2201840	15	GRCh38	24899980	Ensembl REST variation endpoint	https://rest.ensembl.org/variation/homo_sapiens	2026-05-22	unique autosomal SNP mapping in both GRCh37 and GRCh38
rs2928715	15	GRCh36	24310156	candidate BIM/PVAR position		2026-05-22	source-build position preserved from candidate genotype map
rs2928715	15	GRCh37	26759063	Ensembl REST variation endpoint	https://grch37.rest.ensembl.org/variation/homo_sapiens	2026-05-22	unique autosomal SNP mapping in both GRCh37 and GRCh38
rs2928715	15	GRCh38	26513916	Ensembl REST variation endpoint	https://rest.ensembl.org/variation/homo_sapiens	2026-05-22	unique autosomal SNP mapping in both GRCh37 and GRCh38
rs17652091	15	GRCh36	25945306	candidate BIM/PVAR position		2026-05-22	source-build position preserved from candidate genotype map
rs17652091	15	GRCh37	28271711	Ensembl REST variation endpoint	https://grch37.rest.ensembl.org/variation/homo_sapiens	2026-05-22	unique autosomal SNP mapping in both GRCh37 and GRCh38
rs17652091	15	GRCh38	28026565	Ensembl REST variation endpoint	https://rest.ensembl.org/variation/homo_sapiens	2026-05-22	unique autosomal SNP mapping in both GRCh37 and GRCh38
rs2140175	15	GRCh36	28000476	candidate BIM/PVAR position		2026-05-22	source-build position preserved from candidate genotype map
rs2140175	15	GRCh37	30213184	Ensembl REST variation endpoint	https://grch37.rest.ensembl.org/variation/homo_sapiens	2026-05-22	unique autosomal SNP mapping in both GRCh37 and GRCh38
rs2140175	15	GRCh38	29920981	Ensembl REST variation endpoint	https://rest.ensembl.org/variation/homo_sapiens	2026-05-22	unique autosomal SNP mapping in both GRCh37 and GRCh38
rs12324540	15	GRCh36	29717629	candidate BIM/PVAR position		2026-05-22	source-build position preserved from candidate genotype map
rs12324540	15	GRCh37	31930337	Ensembl REST variation endpoint	https://grch37.rest.ensembl.org/variation/homo_sapiens	2026-05-22	unique autosomal SNP mapping in both GRCh37 and GRCh38
rs12324540	15	GRCh38	31638134	Ensembl REST variation endpoint	https://rest.ensembl.org/variation/homo_sapiens	2026-05-22	unique autosomal SNP mapping in both GRCh37 and GRCh38
rs11072342	15	GRCh36	31311407	candidate BIM/PVAR position		2026-05-22	source-build position preserved from candidate genotype map
rs11072342	15	GRCh37	33524115	Ensembl REST variation endpoint	https://grch37.rest.ensembl.org/variation/homo_sapiens	2026-05-22	unique autosomal SNP mapping in both GRCh37 and GRCh38
rs11072342	15	GRCh38	33231914	Ensembl REST variation endpoint	https://rest.ensembl.org/variation/homo_sapiens	2026-05-22	unique autosomal SNP mapping in both GRCh37 and GRCh38
rs7170851	15	GRCh36	32932457	candidate BIM/PVAR position		2026-05-22	source-build position preserved from candidate genotype map
rs7170851	15	GRCh37	35145165	Ensembl REST variation endpoint	https://grch37.rest.ensembl.org/variation/homo_sapiens	2026-05-22	unique autosomal SNP mapping in both GRCh37 and GRCh38
rs7170851	15	GRCh38	34852964	Ensembl REST variation endpoint	https://rest.ensembl.org/variation/homo_sapiens	2026-05-22	unique autosomal SNP mapping in both GRCh37 and GRCh38
rs1566173	15	GRCh36	33939169	candidate BIM/PVAR position		2026-05-22	source-build position preserved from candidate genotype map
rs1566173	15	GRCh37	36151877	Ensembl REST variation endpoint	https://grch37.rest.ensembl.org/variation/homo_sapiens	2026-05-22	unique autosomal SNP mapping in both GRCh37 and GRCh38
rs1566173	15	GRCh38	35859676	Ensembl REST variation endpoint	https://rest.ensembl.org/variation/homo_sapiens	2026-05-22	unique autosomal SNP mapping in both GRCh37 and GRCh38
rs10162992	15	GRCh36	35550591	candidate BIM/PVAR position		2026-05-22	source-build position preserved from candidate genotype map
rs10162992	15	GRCh37	37763299	Ensembl REST variation endpoint	https://grch37.rest.ensembl.org/variation/homo_sapiens	2026-05-22	unique autosomal SNP mapping in both GRCh37 and GRCh38
rs10162992	15	GRCh38	37471098	Ensembl REST variation endpoint	https://rest.ensembl.org/variation/homo_sapiens	2026-05-22	unique autosomal SNP mapping in both GRCh37 and GRCh38
rs716980	15	GRCh36	37161386	candidate BIM/PVAR position		2026-05-22	source-build position preserved from candidate genotype map
rs716980	15	GRCh37	39374094	Ensembl REST variation endpoint	https://grch37.rest.ensembl.org/variation/homo_sapiens	2026-05-22	unique autosomal SNP mapping in both GRCh37 and GRCh38
rs716980	15	GRCh38	39081893	Ensembl REST variation endpoint	https://rest.ensembl.org/variation/homo_sapiens	2026-05-22	unique autosomal SNP mapping in both GRCh37 and GRCh38
rs2304579	15	GRCh36	38778445	candidate BIM/PVAR position		2026-05-22	source-build position preserved from candidate genotype map
rs2304579	15	GRCh37	40991153	Ensembl REST variation endpoint	https://grch37.rest.ensembl.org/variation/homo_sapiens	2026-05-22	unique autosomal SNP mapping in both GRCh37 and GRCh38
rs2304579	15	GRCh38	40698955	Ensembl REST variation endpoint	https://rest.ensembl.org/variation/homo_sapiens	2026-05-22	unique autosomal SNP mapping in both GRCh37 and GRCh38
rs1678998	15	GRCh36	40400933	candidate BIM/PVAR position		2026-05-22	source-build position preserved from candidate genotype map
rs1678998	15	GRCh37	42613641	Ensembl REST variation endpoint	https://grch37.rest.ensembl.org/variation/homo_sapiens	2026-05-22	unique autosomal SNP mapping in both GRCh37 and GRCh38
rs1678998	15	GRCh38	42321443	Ensembl REST variation endpoint	https://rest.ensembl.org/variation/homo_sapiens	2026-05-22	unique autosomal SNP mapping in both GRCh37 and GRCh38
rs1077421	15	GRCh36	42023407	candidate BIM/PVAR position		2026-05-22	source-build position preserved from candidate genotype map
rs1077421	15	GRCh37	44236115	Ensembl REST variation endpoint	https://grch37.rest.ensembl.org/variation/homo_sapiens	2026-05-22	unique autosomal SNP mapping in both GRCh37 and GRCh38
rs1077421	15	GRCh38	43943917	Ensembl REST variation endpoint	https://rest.ensembl.org/variation/homo_sapiens	2026-05-22	unique autosomal SNP mapping in both GRCh37 and GRCh38
rs7170090	15	GRCh36	43642096	candidate BIM/PVAR position		2026-05-22	source-build position preserved from candidate genotype map
rs7170090	15	GRCh37	45854804	Ensembl REST variation endpoint	https://grch37.rest.ensembl.org/variation/homo_sapiens	2026-05-22	unique autosomal SNP mapping in both GRCh37 and GRCh38
rs7170090	15	GRCh38	45562606	Ensembl REST variation endpoint	https://rest.ensembl.org/variation/homo_sapiens	2026-05-22	unique autosomal SNP mapping in both GRCh37 and GRCh38
rs1817178	15	GRCh36	45269504	candidate BIM/PVAR position		2026-05-22	source-build position preserved from candidate genotype map
rs1817178	15	GRCh37	47482212	Ensembl REST variation endpoint	https://grch37.rest.ensembl.org/variation/homo_sapiens	2026-05-22	unique autosomal SNP mapping in both GRCh37 and GRCh38
rs1817178	15	GRCh38	47190015	Ensembl REST variation endpoint	https://rest.ensembl.org/variation/homo_sapiens	2026-05-22	unique autosomal SNP mapping in both GRCh37 and GRCh38
rs2899422	15	GRCh36	46888783	candidate BIM/PVAR position		2026-05-22	source-build position preserved from candidate genotype map
rs2899422	15	GRCh37	49101491	Ensembl REST variation endpoint	https://grch37.rest.ensembl.org/variation/homo_sapiens	2026-05-22	unique autosomal SNP mapping in both GRCh37 and GRCh38
rs2899422	15	GRCh38	48809294	Ensembl REST variation endpoint	https://rest.ensembl.org/variation/homo_sapiens	2026-05-22	unique autosomal SNP mapping in both GRCh37 and GRCh38
rs16963721	15	GRCh36	48508909	candidate BIM/PVAR position		2026-05-22	source-build position preserved from candidate genotype map
rs16963721	15	GRCh37	50721617	Ensembl REST variation endpoint	https://grch37.rest.ensembl.org/variation/homo_sapiens	2026-05-22	unique autosomal SNP mapping in both GRCh37 and GRCh38
rs16963721	15	GRCh38	50429420	Ensembl REST variation endpoint	https://rest.ensembl.org/variation/homo_sapiens	2026-05-22	unique autosomal SNP mapping in both GRCh37 and GRCh38
rs4776027	15	GRCh36	50328835	candidate BIM/PVAR position		2026-05-22	source-build position preserved from candidate genotype map
rs4776027	15	GRCh37	52541543	Ensembl REST variation endpoint	https://grch37.rest.ensembl.org/variation/homo_sapiens	2026-05-22	unique autosomal SNP mapping in both GRCh37 and GRCh38
rs4776027	15	GRCh38	52249346	Ensembl REST variation endpoint	https://rest.ensembl.org/variation/homo_sapiens	2026-05-22	unique autosomal SNP mapping in both GRCh37 and GRCh38
rs2711644	15	GRCh36	51939427	candidate BIM/PVAR position		2026-05-22	source-build position preserved from candidate genotype map
rs2711644	15	GRCh37	54152135	Ensembl REST variation endpoint	https://grch37.rest.ensembl.org/variation/homo_sapiens	2026-05-22	unique autosomal SNP mapping in both GRCh37 and GRCh38
rs2711644	15	GRCh38	53859938	Ensembl REST variation endpoint	https://rest.ensembl.org/variation/homo_sapiens	2026-05-22	unique autosomal SNP mapping in both GRCh37 and GRCh38
rs12148824	15	GRCh36	52944450	candidate BIM/PVAR position		2026-05-22	source-build position preserved from candidate genotype map
rs12148824	15	GRCh37	55157158	Ensembl REST variation endpoint	https://grch37.rest.ensembl.org/variation/homo_sapiens	2026-05-22	unique autosomal SNP mapping in both GRCh37 and GRCh38
rs12148824	15	GRCh38	54864960	Ensembl REST variation endpoint	https://rest.ensembl.org/variation/homo_sapiens	2026-05-22	unique autosomal SNP mapping in both GRCh37 and GRCh38
rs1715936	15	GRCh36	54581014	candidate BIM/PVAR position		2026-05-22	source-build position preserved from candidate genotype map
rs1715936	15	GRCh37	56793722	Ensembl REST variation endpoint	https://grch37.rest.ensembl.org/variation/homo_sapiens	2026-05-22	unique autosomal SNP mapping in both GRCh37 and GRCh38
rs1715936	15	GRCh38	56501524	Ensembl REST variation endpoint	https://rest.ensembl.org/variation/homo_sapiens	2026-05-22	unique autosomal SNP mapping in both GRCh37 and GRCh38
rs2704210	15	GRCh36	56194488	candidate BIM/PVAR position		2026-05-22	source-build position preserved from candidate genotype map
rs2704210	15	GRCh37	58407196	Ensembl REST variation endpoint	https://grch37.rest.ensembl.org/variation/homo_sapiens	2026-05-22	unique autosomal SNP mapping in both GRCh37 and GRCh38
rs2704210	15	GRCh38	58114997	Ensembl REST variation endpoint	https://rest.ensembl.org/variation/homo_sapiens	2026-05-22	unique autosomal SNP mapping in both GRCh37 and GRCh38
rs1020066	15	GRCh36	57812469	candidate BIM/PVAR position		2026-05-22	source-build position preserved from candidate genotype map
rs1020066	15	GRCh37	60025177	Ensembl REST variation endpoint	https://grch37.rest.ensembl.org/variation/homo_sapiens	2026-05-22	unique autosomal SNP mapping in both GRCh37 and GRCh38
rs1020066	15	GRCh38	59732978	Ensembl REST variation endpoint	https://rest.ensembl.org/variation/homo_sapiens	2026-05-22	unique autosomal SNP mapping in both GRCh37 and GRCh38
rs4517726	15	GRCh36	59429681	candidate BIM/PVAR position		2026-05-22	source-build position preserved from candidate genotype map
rs4517726	15	GRCh37	61642389	Ensembl REST variation endpoint	https://grch37.rest.ensembl.org/variation/homo_sapiens	2026-05-22	unique autosomal SNP mapping in both GRCh37 and GRCh38
rs4517726	15	GRCh38	61350190	Ensembl REST variation endpoint	https://rest.ensembl.org/variation/homo_sapiens	2026-05-22	unique autosomal SNP mapping in both GRCh37 and GRCh38
rs11631647	15	GRCh36	61043957	candidate BIM/PVAR position		2026-05-22	source-build position preserved from candidate genotype map
rs11631647	15	GRCh37	63256904	Ensembl REST variation endpoint	https://grch37.rest.ensembl.org/variation/homo_sapiens	2026-05-22	unique autosomal SNP mapping in both GRCh37 and GRCh38
rs11631647	15	GRCh38	62964705	Ensembl REST variation endpoint	https://rest.ensembl.org/variation/homo_sapiens	2026-05-22	unique autosomal SNP mapping in both GRCh37 and GRCh38
rs2733384	15	GRCh36	62671439	candidate BIM/PVAR position		2026-05-22	source-build position preserved from candidate genotype map
rs2733384	15	GRCh37	64884386	Ensembl REST variation endpoint	https://grch37.rest.ensembl.org/variation/homo_sapiens	2026-05-22	unique autosomal SNP mapping in both GRCh37 and GRCh38
rs2733384	15	GRCh38	64592187	Ensembl REST variation endpoint	https://rest.ensembl.org/variation/homo_sapiens	2026-05-22	unique autosomal SNP mapping in both GRCh37 and GRCh38
rs11639401	15	GRCh36	64286940	candidate BIM/PVAR position		2026-05-22	source-build position preserved from candidate genotype map
rs11639401	15	GRCh37	66499886	Ensembl REST variation endpoint	https://grch37.rest.ensembl.org/variation/homo_sapiens	2026-05-22	unique autosomal SNP mapping in both GRCh37 and GRCh38
rs11639401	15	GRCh38	66207548	Ensembl REST variation endpoint	https://rest.ensembl.org/variation/homo_sapiens	2026-05-22	unique autosomal SNP mapping in both GRCh37 and GRCh38
rs7183168	15	GRCh36	65908537	candidate BIM/PVAR position		2026-05-22	source-build position preserved from candidate genotype map
rs7183168	15	GRCh37	68121483	Ensembl REST variation endpoint	https://grch37.rest.ensembl.org/variation/homo_sapiens	2026-05-22	unique autosomal SNP mapping in both GRCh37 and GRCh38
rs7183168	15	GRCh38	67829145	Ensembl REST variation endpoint	https://rest.ensembl.org/variation/homo_sapiens	2026-05-22	unique autosomal SNP mapping in both GRCh37 and GRCh38
rs4776448	15	GRCh36	67519537	candidate BIM/PVAR position		2026-05-22	source-build position preserved from candidate genotype map
rs4776448	15	GRCh37	69732483	Ensembl REST variation endpoint	https://grch37.rest.ensembl.org/variation/homo_sapiens	2026-05-22	unique autosomal SNP mapping in both GRCh37 and GRCh38
rs4776448	15	GRCh38	69440144	Ensembl REST variation endpoint	https://rest.ensembl.org/variation/homo_sapiens	2026-05-22	unique autosomal SNP mapping in both GRCh37 and GRCh38
rs1713562	15	GRCh36	69138612	candidate BIM/PVAR position		2026-05-22	source-build position preserved from candidate genotype map
rs1713562	15	GRCh37	71351558	Ensembl REST variation endpoint	https://grch37.rest.ensembl.org/variation/homo_sapiens	2026-05-22	unique autosomal SNP mapping in both GRCh37 and GRCh38
rs1713562	15	GRCh38	71059219	Ensembl REST variation endpoint	https://rest.ensembl.org/variation/homo_sapiens	2026-05-22	unique autosomal SNP mapping in both GRCh37 and GRCh38
rs16957238	15	GRCh36	70759600	candidate BIM/PVAR position		2026-05-22	source-build position preserved from candidate genotype map
rs16957238	15	GRCh37	72972547	Ensembl REST variation endpoint	https://grch37.rest.ensembl.org/variation/homo_sapiens	2026-05-22	unique autosomal SNP mapping in both GRCh37 and GRCh38
rs16957238	15	GRCh38	72680206	Ensembl REST variation endpoint	https://rest.ensembl.org/variation/homo_sapiens	2026-05-22	unique autosomal SNP mapping in both GRCh37 and GRCh38
rs2930292	15	GRCh36	72390766	candidate BIM/PVAR position		2026-05-22	source-build position preserved from candidate genotype map
rs2930292	15	GRCh37	74603713	Ensembl REST variation endpoint	https://grch37.rest.ensembl.org/variation/homo_sapiens	2026-05-22	unique autosomal SNP mapping in both GRCh37 and GRCh38
rs2930292	15	GRCh38	74311372	Ensembl REST variation endpoint	https://rest.ensembl.org/variation/homo_sapiens	2026-05-22	unique autosomal SNP mapping in both GRCh37 and GRCh38
rs7163907	15	GRCh36	73632152	candidate BIM/PVAR position		2026-05-22	source-build position preserved from candidate genotype map
rs7163907	15	GRCh37	75845097	Ensembl REST variation endpoint	https://grch37.rest.ensembl.org/variation/homo_sapiens	2026-05-22	unique autosomal SNP mapping in both GRCh37 and GRCh38
rs7163907	15	GRCh38	75552756	Ensembl REST variation endpoint	https://rest.ensembl.org/variation/homo_sapiens	2026-05-22	unique autosomal SNP mapping in both GRCh37 and GRCh38
rs907396	15	GRCh36	75697257	candidate BIM/PVAR position		2026-05-22	source-build position preserved from candidate genotype map
rs907396	15	GRCh37	77910202	Ensembl REST variation endpoint	https://grch37.rest.ensembl.org/variation/homo_sapiens	2026-05-22	unique autosomal SNP mapping in both GRCh37 and GRCh38
rs907396	15	GRCh38	77617860	Ensembl REST variation endpoint	https://rest.ensembl.org/variation/homo_sapiens	2026-05-22	unique autosomal SNP mapping in both GRCh37 and GRCh38
rs950776	15	GRCh36	76713073	candidate BIM/PVAR position		2026-05-22	source-build position preserved from candidate genotype map
rs950776	15	GRCh37	78926018	Ensembl REST variation endpoint	https://grch37.rest.ensembl.org/variation/homo_sapiens	2026-05-22	unique autosomal SNP mapping in both GRCh37 and GRCh38
rs950776	15	GRCh38	78633676	Ensembl REST variation endpoint	https://rest.ensembl.org/variation/homo_sapiens	2026-05-22	unique autosomal SNP mapping in both GRCh37 and GRCh38
rs893219	15	GRCh36	78339078	candidate BIM/PVAR position		2026-05-22	source-build position preserved from candidate genotype map
rs893219	15	GRCh37	80552023	Ensembl REST variation endpoint	https://grch37.rest.ensembl.org/variation/homo_sapiens	2026-05-22	unique autosomal SNP mapping in both GRCh37 and GRCh38
rs893219	15	GRCh38	80259681	Ensembl REST variation endpoint	https://rest.ensembl.org/variation/homo_sapiens	2026-05-22	unique autosomal SNP mapping in both GRCh37 and GRCh38
rs10162699	15	GRCh36	79957106	candidate BIM/PVAR position		2026-05-22	source-build position preserved from candidate genotype map
rs10162699	15	GRCh37	82170051	Ensembl REST variation endpoint	https://grch37.rest.ensembl.org/variation/homo_sapiens	2026-05-22	unique autosomal SNP mapping in both GRCh37 and GRCh38
rs10162699	15	GRCh38	81877710	Ensembl REST variation endpoint	https://rest.ensembl.org/variation/homo_sapiens	2026-05-22	unique autosomal SNP mapping in both GRCh37 and GRCh38
rs11259917	15	GRCh36	82233937	candidate BIM/PVAR position		2026-05-22	source-build position preserved from candidate genotype map
rs11259917	15	GRCh37	84442933	Ensembl REST variation endpoint	https://grch37.rest.ensembl.org/variation/homo_sapiens	2026-05-22	unique autosomal SNP mapping in both GRCh37 and GRCh38
rs11259917	15	GRCh38	83774181	Ensembl REST variation endpoint	https://rest.ensembl.org/variation/homo_sapiens	2026-05-22	unique autosomal SNP mapping in both GRCh37 and GRCh38
rs11073854	15	GRCh36	83314271	candidate BIM/PVAR position		2026-05-22	source-build position preserved from candidate genotype map
rs11073854	15	GRCh37	85513267	Ensembl REST variation endpoint	https://grch37.rest.ensembl.org/variation/homo_sapiens	2026-05-22	unique autosomal SNP mapping in both GRCh37 and GRCh38
rs11073854	15	GRCh38	84970036	Ensembl REST variation endpoint	https://rest.ensembl.org/variation/homo_sapiens	2026-05-22	unique autosomal SNP mapping in both GRCh37 and GRCh38
rs11634465	15	GRCh36	84925312	candidate BIM/PVAR position		2026-05-22	source-build position preserved from candidate genotype map
rs11634465	15	GRCh37	87124308	Ensembl REST variation endpoint	https://grch37.rest.ensembl.org/variation/homo_sapiens	2026-05-22	unique autosomal SNP mapping in both GRCh37 and GRCh38
rs11634465	15	GRCh38	86581077	Ensembl REST variation endpoint	https://rest.ensembl.org/variation/homo_sapiens	2026-05-22	unique autosomal SNP mapping in both GRCh37 and GRCh38
rs6496469	15	GRCh36	86536314	candidate BIM/PVAR position		2026-05-22	source-build position preserved from candidate genotype map
rs6496469	15	GRCh37	88735310	Ensembl REST variation endpoint	https://grch37.rest.ensembl.org/variation/homo_sapiens	2026-05-22	unique autosomal SNP mapping in both GRCh37 and GRCh38
rs6496469	15	GRCh38	88192079	Ensembl REST variation endpoint	https://rest.ensembl.org/variation/homo_sapiens	2026-05-22	unique autosomal SNP mapping in both GRCh37 and GRCh38
rs4932250	15	GRCh36	88162709	candidate BIM/PVAR position		2026-05-22	source-build position preserved from candidate genotype map
rs4932250	15	GRCh37	90361705	Ensembl REST variation endpoint	https://grch37.rest.ensembl.org/variation/homo_sapiens	2026-05-22	unique autosomal SNP mapping in both GRCh37 and GRCh38
rs4932250	15	GRCh38	89818473	Ensembl REST variation endpoint	https://rest.ensembl.org/variation/homo_sapiens	2026-05-22	unique autosomal SNP mapping in both GRCh37 and GRCh38
rs6496799	15	GRCh36	89769544	candidate BIM/PVAR position		2026-05-22	source-build position preserved from candidate genotype map
rs6496799	15	GRCh37	91968540	Ensembl REST variation endpoint	https://grch37.rest.ensembl.org/variation/homo_sapiens	2026-05-22	unique autosomal SNP mapping in both GRCh37 and GRCh38
rs6496799	15	GRCh38	91425310	Ensembl REST variation endpoint	https://rest.ensembl.org/variation/homo_sapiens	2026-05-22	unique autosomal SNP mapping in both GRCh37 and GRCh38
rs11074130	15	GRCh36	91384746	candidate BIM/PVAR position		2026-05-22	source-build position preserved from candidate genotype map
rs11074130	15	GRCh37	93583742	Ensembl REST variation endpoint	https://grch37.rest.ensembl.org/variation/homo_sapiens	2026-05-22	unique autosomal SNP mapping in both GRCh37 and GRCh38
rs11074130	15	GRCh38	93040512	Ensembl REST variation endpoint	https://rest.ensembl.org/variation/homo_sapiens	2026-05-22	unique autosomal SNP mapping in both GRCh37 and GRCh38
rs4310803	15	GRCh36	93002286	candidate BIM/PVAR position		2026-05-22	source-build position preserved from candidate genotype map
rs4310803	15	GRCh37	95201282	Ensembl REST variation endpoint	https://grch37.rest.ensembl.org/variation/homo_sapiens	2026-05-22	unique autosomal SNP mapping in both GRCh37 and GRCh38
rs4310803	15	GRCh38	94658053	Ensembl REST variation endpoint	https://rest.ensembl.org/variation/homo_sapiens	2026-05-22	unique autosomal SNP mapping in both GRCh37 and GRCh38
rs2398161	15	GRCh36	94622038	candidate BIM/PVAR position		2026-05-22	source-build position preserved from candidate genotype map
rs2398161	15	GRCh37	96821034	Ensembl REST variation endpoint	https://grch37.rest.ensembl.org/variation/homo_sapiens	2026-05-22	unique autosomal SNP mapping in both GRCh37 and GRCh38
rs2398161	15	GRCh38	96277805	Ensembl REST variation endpoint	https://rest.ensembl.org/variation/homo_sapiens	2026-05-22	unique autosomal SNP mapping in both GRCh37 and GRCh38
rs8029032	15	GRCh36	96243536	candidate BIM/PVAR position		2026-05-22	source-build position preserved from candidate genotype map
rs8029032	15	GRCh37	98442532	Ensembl REST variation endpoint	https://grch37.rest.ensembl.org/variation/homo_sapiens	2026-05-22	unique autosomal SNP mapping in both GRCh37 and GRCh38
rs8029032	15	GRCh38	97899302	Ensembl REST variation endpoint	https://rest.ensembl.org/variation/homo_sapiens	2026-05-22	unique autosomal SNP mapping in both GRCh37 and GRCh38
rs11247101	15	GRCh36	97855172	candidate BIM/PVAR position		2026-05-22	source-build position preserved from candidate genotype map
rs11247101	15	GRCh37	100037649	Ensembl REST variation endpoint	https://grch37.rest.ensembl.org/variation/homo_sapiens	2026-05-22	unique autosomal SNP mapping in both GRCh37 and GRCh38
rs11247101	15	GRCh38	99497444	Ensembl REST variation endpoint	https://rest.ensembl.org/variation/homo_sapiens	2026-05-22	unique autosomal SNP mapping in both GRCh37 and GRCh38
rs28509233	16	GRCh36	2446307	candidate BIM/PVAR position		2026-05-22	source-build position preserved from candidate genotype map
rs28509233	16	GRCh37	2506306	Ensembl REST variation endpoint	https://grch37.rest.ensembl.org/variation/homo_sapiens	2026-05-22	unique autosomal SNP mapping in both GRCh37 and GRCh38
rs28509233	16	GRCh38	2456305	Ensembl REST variation endpoint	https://rest.ensembl.org/variation/homo_sapiens	2026-05-22	unique autosomal SNP mapping in both GRCh37 and GRCh38
rs409963	16	GRCh36	4072923	candidate BIM/PVAR position		2026-05-22	source-build position preserved from candidate genotype map
rs409963	16	GRCh37	4132922	Ensembl REST variation endpoint	https://grch37.rest.ensembl.org/variation/homo_sapiens	2026-05-22	unique autosomal SNP mapping in both GRCh37 and GRCh38
rs409963	16	GRCh38	4082921	Ensembl REST variation endpoint	https://rest.ensembl.org/variation/homo_sapiens	2026-05-22	unique autosomal SNP mapping in both GRCh37 and GRCh38
rs12446663	16	GRCh36	5906038	candidate BIM/PVAR position		2026-05-22	source-build position preserved from candidate genotype map
rs12446663	16	GRCh37	5966037	Ensembl REST variation endpoint	https://grch37.rest.ensembl.org/variation/homo_sapiens	2026-05-22	unique autosomal SNP mapping in both GRCh37 and GRCh38
rs12446663	16	GRCh38	5916036	Ensembl REST variation endpoint	https://rest.ensembl.org/variation/homo_sapiens	2026-05-22	unique autosomal SNP mapping in both GRCh37 and GRCh38
rs2347424	16	GRCh36	7721808	candidate BIM/PVAR position		2026-05-22	source-build position preserved from candidate genotype map
rs2347424	16	GRCh37	7781807	Ensembl REST variation endpoint	https://grch37.rest.ensembl.org/variation/homo_sapiens	2026-05-22	unique autosomal SNP mapping in both GRCh37 and GRCh38
rs2347424	16	GRCh38	7731805	Ensembl REST variation endpoint	https://rest.ensembl.org/variation/homo_sapiens	2026-05-22	unique autosomal SNP mapping in both GRCh37 and GRCh38
rs1428808	16	GRCh36	9336127	candidate BIM/PVAR position		2026-05-22	source-build position preserved from candidate genotype map
rs1428808	16	GRCh37	9428626	Ensembl REST variation endpoint	https://grch37.rest.ensembl.org/variation/homo_sapiens	2026-05-22	unique autosomal SNP mapping in both GRCh37 and GRCh38
rs1428808	16	GRCh38	9334769	Ensembl REST variation endpoint	https://rest.ensembl.org/variation/homo_sapiens	2026-05-22	unique autosomal SNP mapping in both GRCh37 and GRCh38
rs1078328	16	GRCh36	11144685	candidate BIM/PVAR position		2026-05-22	source-build position preserved from candidate genotype map
rs1078328	16	GRCh37	11237184	Ensembl REST variation endpoint	https://grch37.rest.ensembl.org/variation/homo_sapiens	2026-05-22	unique autosomal SNP mapping in both GRCh37 and GRCh38
rs1078328	16	GRCh38	11143327	Ensembl REST variation endpoint	https://rest.ensembl.org/variation/homo_sapiens	2026-05-22	unique autosomal SNP mapping in both GRCh37 and GRCh38
rs4781357	16	GRCh36	12955651	candidate BIM/PVAR position		2026-05-22	source-build position preserved from candidate genotype map
rs4781357	16	GRCh37	13048150	Ensembl REST variation endpoint	https://grch37.rest.ensembl.org/variation/homo_sapiens	2026-05-22	unique autosomal SNP mapping in both GRCh37 and GRCh38
rs4781357	16	GRCh38	12954293	Ensembl REST variation endpoint	https://rest.ensembl.org/variation/homo_sapiens	2026-05-22	unique autosomal SNP mapping in both GRCh37 and GRCh38
rs7200272	16	GRCh36	14572980	candidate BIM/PVAR position		2026-05-22	source-build position preserved from candidate genotype map
rs7200272	16	GRCh37	14665479	Ensembl REST variation endpoint	https://grch37.rest.ensembl.org/variation/homo_sapiens	2026-05-22	unique autosomal SNP mapping in both GRCh37 and GRCh38
rs7200272	16	GRCh38	14571622	Ensembl REST variation endpoint	https://rest.ensembl.org/variation/homo_sapiens	2026-05-22	unique autosomal SNP mapping in both GRCh37 and GRCh38
rs9931639	16	GRCh36	16482339	candidate BIM/PVAR position		2026-05-22	source-build position preserved from candidate genotype map
rs9931639	16	GRCh37	16574838	Ensembl REST variation endpoint	https://grch37.rest.ensembl.org/variation/homo_sapiens	2026-05-22	unique autosomal SNP mapping in both GRCh37 and GRCh38
rs9931639	16	GRCh38	16480981	Ensembl REST variation endpoint	https://rest.ensembl.org/variation/homo_sapiens	2026-05-22	unique autosomal SNP mapping in both GRCh37 and GRCh38
rs7199186	16	GRCh36	18173848	candidate BIM/PVAR position		2026-05-22	source-build position preserved from candidate genotype map
rs7199186	16	GRCh37	18266347	Ensembl REST variation endpoint	https://grch37.rest.ensembl.org/variation/homo_sapiens	2026-05-22	unique autosomal SNP mapping in both GRCh37 and GRCh38
rs7199186	16	GRCh38	18172490	Ensembl REST variation endpoint	https://rest.ensembl.org/variation/homo_sapiens	2026-05-22	unique autosomal SNP mapping in both GRCh37 and GRCh38
rs11648621	16	GRCh36	19880509	candidate BIM/PVAR position		2026-05-22	source-build position preserved from candidate genotype map
rs11648621	16	GRCh37	19973008	Ensembl REST variation endpoint	https://grch37.rest.ensembl.org/variation/homo_sapiens	2026-05-22	unique autosomal SNP mapping in both GRCh37 and GRCh38
rs11648621	16	GRCh38	19961686	Ensembl REST variation endpoint	https://rest.ensembl.org/variation/homo_sapiens	2026-05-22	unique autosomal SNP mapping in both GRCh37 and GRCh38
rs9889185	16	GRCh36	21105997	candidate BIM/PVAR position		2026-05-22	source-build position preserved from candidate genotype map
rs9889185	16	GRCh37	21198496	Ensembl REST variation endpoint	https://grch37.rest.ensembl.org/variation/homo_sapiens	2026-05-22	unique autosomal SNP mapping in both GRCh37 and GRCh38
rs9889185	16	GRCh38	21187175	Ensembl REST variation endpoint	https://rest.ensembl.org/variation/homo_sapiens	2026-05-22	unique autosomal SNP mapping in both GRCh37 and GRCh38
rs880989	16	GRCh36	22945356	candidate BIM/PVAR position		2026-05-22	source-build position preserved from candidate genotype map
rs880989	16	GRCh37	23037855	Ensembl REST variation endpoint	https://grch37.rest.ensembl.org/variation/homo_sapiens	2026-05-22	unique autosomal SNP mapping in both GRCh37 and GRCh38
rs880989	16	GRCh38	23026534	Ensembl REST variation endpoint	https://rest.ensembl.org/variation/homo_sapiens	2026-05-22	unique autosomal SNP mapping in both GRCh37 and GRCh38
rs7195553	16	GRCh36	24760616	candidate BIM/PVAR position		2026-05-22	source-build position preserved from candidate genotype map
rs7195553	16	GRCh37	24853115	Ensembl REST variation endpoint	https://grch37.rest.ensembl.org/variation/homo_sapiens	2026-05-22	unique autosomal SNP mapping in both GRCh37 and GRCh38
rs7195553	16	GRCh38	24841794	Ensembl REST variation endpoint	https://rest.ensembl.org/variation/homo_sapiens	2026-05-22	unique autosomal SNP mapping in both GRCh37 and GRCh38
rs13333412	16	GRCh36	26372580	candidate BIM/PVAR position		2026-05-22	source-build position preserved from candidate genotype map
rs13333412	16	GRCh37	26465079	Ensembl REST variation endpoint	https://grch37.rest.ensembl.org/variation/homo_sapiens	2026-05-22	unique autosomal SNP mapping in both GRCh37 and GRCh38
rs13333412	16	GRCh38	26453758	Ensembl REST variation endpoint	https://rest.ensembl.org/variation/homo_sapiens	2026-05-22	unique autosomal SNP mapping in both GRCh37 and GRCh38
rs4635350	16	GRCh36	28196744	candidate BIM/PVAR position		2026-05-22	source-build position preserved from candidate genotype map
rs4635350	16	GRCh37	28289243	Ensembl REST variation endpoint	https://grch37.rest.ensembl.org/variation/homo_sapiens	2026-05-22	unique autosomal SNP mapping in both GRCh37 and GRCh38
rs4635350	16	GRCh38	28277922	Ensembl REST variation endpoint	https://rest.ensembl.org/variation/homo_sapiens	2026-05-22	unique autosomal SNP mapping in both GRCh37 and GRCh38
rs3814878	16	GRCh36	29949467	candidate BIM/PVAR position		2026-05-22	source-build position preserved from candidate genotype map
rs3814878	16	GRCh37	30041966	Ensembl REST variation endpoint	https://grch37.rest.ensembl.org/variation/homo_sapiens	2026-05-22	unique autosomal SNP mapping in both GRCh37 and GRCh38
rs3814878	16	GRCh38	30030645	Ensembl REST variation endpoint	https://rest.ensembl.org/variation/homo_sapiens	2026-05-22	unique autosomal SNP mapping in both GRCh37 and GRCh38
rs7192946	16	GRCh36	31677125	candidate BIM/PVAR position		2026-05-22	source-build position preserved from candidate genotype map
rs7192946	16	GRCh37	31769624	Ensembl REST variation endpoint	https://grch37.rest.ensembl.org/variation/homo_sapiens	2026-05-22	unique autosomal SNP mapping in both GRCh37 and GRCh38
rs7192946	16	GRCh38	31758303	Ensembl REST variation endpoint	https://rest.ensembl.org/variation/homo_sapiens	2026-05-22	unique autosomal SNP mapping in both GRCh37 and GRCh38
rs9930213	16	GRCh36	33704396	candidate BIM/PVAR position		2026-05-22	source-build position preserved from candidate genotype map
rs9930213	16	GRCh37	33796895	Ensembl REST variation endpoint	https://grch37.rest.ensembl.org/variation/homo_sapiens	2026-05-22	unique autosomal SNP mapping in both GRCh37 and GRCh38
rs9930213	16	GRCh38	33994428	Ensembl REST variation endpoint	https://rest.ensembl.org/variation/homo_sapiens	2026-05-22	unique autosomal SNP mapping in both GRCh37 and GRCh38
rs237984	16	GRCh36	34536908	candidate BIM/PVAR position		2026-05-22	source-build position preserved from candidate genotype map
rs237984	16	GRCh37	34679407	Ensembl REST variation endpoint	https://grch37.rest.ensembl.org/variation/homo_sapiens	2026-05-22	unique autosomal SNP mapping in both GRCh37 and GRCh38
rs237984	16	GRCh38	35445036	Ensembl REST variation endpoint	https://rest.ensembl.org/variation/homo_sapiens	2026-05-22	unique autosomal SNP mapping in both GRCh37 and GRCh38
rs605357	16	GRCh36	32786914	candidate BIM/PVAR position		2026-05-22	source-build position preserved from candidate genotype map
rs605357	16	GRCh37	32879413	Ensembl REST variation endpoint	https://grch37.rest.ensembl.org/variation/homo_sapiens	2026-05-22	unique autosomal SNP mapping in both GRCh37 and GRCh38
rs605357	16	GRCh38	32868092	Ensembl REST variation endpoint	https://rest.ensembl.org/variation/homo_sapiens	2026-05-22	unique autosomal SNP mapping in both GRCh37 and GRCh38
rs12923667	16	GRCh36	45149509	candidate BIM/PVAR position		2026-05-22	source-build position preserved from candidate genotype map
rs12923667	16	GRCh37	46592008	Ensembl REST variation endpoint	https://grch37.rest.ensembl.org/variation/homo_sapiens	2026-05-22	unique autosomal SNP mapping in both GRCh37 and GRCh38
rs12923667	16	GRCh38	46558096	Ensembl REST variation endpoint	https://rest.ensembl.org/variation/homo_sapiens	2026-05-22	unique autosomal SNP mapping in both GRCh37 and GRCh38
rs12926621	16	GRCh36	46157327	candidate BIM/PVAR position		2026-05-22	source-build position preserved from candidate genotype map
rs12926621	16	GRCh37	47599826	Ensembl REST variation endpoint	https://grch37.rest.ensembl.org/variation/homo_sapiens	2026-05-22	unique autosomal SNP mapping in both GRCh37 and GRCh38
rs12926621	16	GRCh38	47565915	Ensembl REST variation endpoint	https://rest.ensembl.org/variation/homo_sapiens	2026-05-22	unique autosomal SNP mapping in both GRCh37 and GRCh38
rs9923385	16	GRCh36	47185581	candidate BIM/PVAR position		2026-05-22	source-build position preserved from candidate genotype map
rs9923385	16	GRCh37	48628080	Ensembl REST variation endpoint	https://grch37.rest.ensembl.org/variation/homo_sapiens	2026-05-22	unique autosomal SNP mapping in both GRCh37 and GRCh38
rs9923385	16	GRCh38	48594169	Ensembl REST variation endpoint	https://rest.ensembl.org/variation/homo_sapiens	2026-05-22	unique autosomal SNP mapping in both GRCh37 and GRCh38
rs2080501	16	GRCh36	48201067	candidate BIM/PVAR position		2026-05-22	source-build position preserved from candidate genotype map
rs2080501	16	GRCh37	49643566	Ensembl REST variation endpoint	https://grch37.rest.ensembl.org/variation/homo_sapiens	2026-05-22	unique autosomal SNP mapping in both GRCh37 and GRCh38
rs2080501	16	GRCh38	49609655	Ensembl REST variation endpoint	https://rest.ensembl.org/variation/homo_sapiens	2026-05-22	unique autosomal SNP mapping in both GRCh37 and GRCh38
rs16948672	16	GRCh36	49206686	candidate BIM/PVAR position		2026-05-22	source-build position preserved from candidate genotype map
rs16948672	16	GRCh37	50649185	Ensembl REST variation endpoint	https://grch37.rest.ensembl.org/variation/homo_sapiens	2026-05-22	unique autosomal SNP mapping in both GRCh37 and GRCh38
rs16948672	16	GRCh38	50615274	Ensembl REST variation endpoint	https://rest.ensembl.org/variation/homo_sapiens	2026-05-22	unique autosomal SNP mapping in both GRCh37 and GRCh38
rs41440845	16	GRCh36	50423352	candidate BIM/PVAR position		2026-05-22	source-build position preserved from candidate genotype map
rs41440845	16	GRCh37	51865851	Ensembl REST variation endpoint	https://grch37.rest.ensembl.org/variation/homo_sapiens	2026-05-22	unique autosomal SNP mapping in both GRCh37 and GRCh38
rs41440845	16	GRCh38	51831940	Ensembl REST variation endpoint	https://rest.ensembl.org/variation/homo_sapiens	2026-05-22	unique autosomal SNP mapping in both GRCh37 and GRCh38
rs4002283	16	GRCh36	51629620	candidate BIM/PVAR position		2026-05-22	source-build position preserved from candidate genotype map
rs4002283	16	GRCh37	53072119	Ensembl REST variation endpoint	https://grch37.rest.ensembl.org/variation/homo_sapiens	2026-05-22	unique autosomal SNP mapping in both GRCh37 and GRCh38
rs4002283	16	GRCh38	53038207	Ensembl REST variation endpoint	https://rest.ensembl.org/variation/homo_sapiens	2026-05-22	unique autosomal SNP mapping in both GRCh37 and GRCh38
rs16953264	16	GRCh36	52841737	candidate BIM/PVAR position		2026-05-22	source-build position preserved from candidate genotype map
rs16953264	16	GRCh37	54284236	Ensembl REST variation endpoint	https://grch37.rest.ensembl.org/variation/homo_sapiens	2026-05-22	unique autosomal SNP mapping in both GRCh37 and GRCh38
rs16953264	16	GRCh38	54250324	Ensembl REST variation endpoint	https://rest.ensembl.org/variation/homo_sapiens	2026-05-22	unique autosomal SNP mapping in both GRCh37 and GRCh38
rs9924912	16	GRCh36	54046417	candidate BIM/PVAR position		2026-05-22	source-build position preserved from candidate genotype map
rs9924912	16	GRCh37	55488916	Ensembl REST variation endpoint	https://grch37.rest.ensembl.org/variation/homo_sapiens	2026-05-22	unique autosomal SNP mapping in both GRCh37 and GRCh38
rs9924912	16	GRCh38	55455004	Ensembl REST variation endpoint	https://rest.ensembl.org/variation/homo_sapiens	2026-05-22	unique autosomal SNP mapping in both GRCh37 and GRCh38
rs11076162	16	GRCh36	55251731	candidate BIM/PVAR position		2026-05-22	source-build position preserved from candidate genotype map
rs11076162	16	GRCh37	56694230	Ensembl REST variation endpoint	https://grch37.rest.ensembl.org/variation/homo_sapiens	2026-05-22	unique autosomal SNP mapping in both GRCh37 and GRCh38
rs11076162	16	GRCh38	56660318	Ensembl REST variation endpoint	https://rest.ensembl.org/variation/homo_sapiens	2026-05-22	unique autosomal SNP mapping in both GRCh37 and GRCh38
rs10852556	16	GRCh36	56260605	candidate BIM/PVAR position		2026-05-22	source-build position preserved from candidate genotype map
rs10852556	16	GRCh37	57703104	Ensembl REST variation endpoint	https://grch37.rest.ensembl.org/variation/homo_sapiens	2026-05-22	unique autosomal SNP mapping in both GRCh37 and GRCh38
rs10852556	16	GRCh38	57669192	Ensembl REST variation endpoint	https://rest.ensembl.org/variation/homo_sapiens	2026-05-22	unique autosomal SNP mapping in both GRCh37 and GRCh38
rs11646347	16	GRCh36	57471351	candidate BIM/PVAR position		2026-05-22	source-build position preserved from candidate genotype map
rs11646347	16	GRCh37	58913850	Ensembl REST variation endpoint	https://grch37.rest.ensembl.org/variation/homo_sapiens	2026-05-22	unique autosomal SNP mapping in both GRCh37 and GRCh38
rs11646347	16	GRCh38	58879946	Ensembl REST variation endpoint	https://rest.ensembl.org/variation/homo_sapiens	2026-05-22	unique autosomal SNP mapping in both GRCh37 and GRCh38
rs2582597	16	GRCh36	58683286	candidate BIM/PVAR position		2026-05-22	source-build position preserved from candidate genotype map
rs2582597	16	GRCh37	60125785	Ensembl REST variation endpoint	https://grch37.rest.ensembl.org/variation/homo_sapiens	2026-05-22	unique autosomal SNP mapping in both GRCh37 and GRCh38
rs2582597	16	GRCh38	60091881	Ensembl REST variation endpoint	https://rest.ensembl.org/variation/homo_sapiens	2026-05-22	unique autosomal SNP mapping in both GRCh37 and GRCh38
rs7190871	16	GRCh36	59904640	candidate BIM/PVAR position		2026-05-22	source-build position preserved from candidate genotype map
rs7190871	16	GRCh37	61347139	Ensembl REST variation endpoint	https://grch37.rest.ensembl.org/variation/homo_sapiens	2026-05-22	unique autosomal SNP mapping in both GRCh37 and GRCh38
rs7190871	16	GRCh38	61313235	Ensembl REST variation endpoint	https://rest.ensembl.org/variation/homo_sapiens	2026-05-22	unique autosomal SNP mapping in both GRCh37 and GRCh38
rs198024	16	GRCh36	61719745	candidate BIM/PVAR position		2026-05-22	source-build position preserved from candidate genotype map
rs198024	16	GRCh37	63162244	Ensembl REST variation endpoint	https://grch37.rest.ensembl.org/variation/homo_sapiens	2026-05-22	unique autosomal SNP mapping in both GRCh37 and GRCh38
rs198024	16	GRCh38	63128340	Ensembl REST variation endpoint	https://rest.ensembl.org/variation/homo_sapiens	2026-05-22	unique autosomal SNP mapping in both GRCh37 and GRCh38
rs231088	16	GRCh36	63334779	candidate BIM/PVAR position		2026-05-22	source-build position preserved from candidate genotype map
rs231088	16	GRCh37	64777278	Ensembl REST variation endpoint	https://grch37.rest.ensembl.org/variation/homo_sapiens	2026-05-22	unique autosomal SNP mapping in both GRCh37 and GRCh38
rs231088	16	GRCh38	64743375	Ensembl REST variation endpoint	https://rest.ensembl.org/variation/homo_sapiens	2026-05-22	unique autosomal SNP mapping in both GRCh37 and GRCh38
rs3785087	16	GRCh36	65147341	candidate BIM/PVAR position		2026-05-22	source-build position preserved from candidate genotype map
rs3785087	16	GRCh37	66589840	Ensembl REST variation endpoint	https://grch37.rest.ensembl.org/variation/homo_sapiens	2026-05-22	unique autosomal SNP mapping in both GRCh37 and GRCh38
rs3785087	16	GRCh38	66555937	Ensembl REST variation endpoint	https://rest.ensembl.org/variation/homo_sapiens	2026-05-22	unique autosomal SNP mapping in both GRCh37 and GRCh38
rs4783624	16	GRCh36	66967448	candidate BIM/PVAR position		2026-05-22	source-build position preserved from candidate genotype map
rs4783624	16	GRCh37	68409947	Ensembl REST variation endpoint	https://grch37.rest.ensembl.org/variation/homo_sapiens	2026-05-22	unique autosomal SNP mapping in both GRCh37 and GRCh38
rs4783624	16	GRCh38	68376044	Ensembl REST variation endpoint	https://rest.ensembl.org/variation/homo_sapiens	2026-05-22	unique autosomal SNP mapping in both GRCh37 and GRCh38
rs3874589	16	GRCh36	68589459	candidate BIM/PVAR position		2026-05-22	source-build position preserved from candidate genotype map
rs3874589	16	GRCh37	70031958	Ensembl REST variation endpoint	https://grch37.rest.ensembl.org/variation/homo_sapiens	2026-05-22	unique autosomal SNP mapping in both GRCh37 and GRCh38
rs3874589	16	GRCh38	69998055	Ensembl REST variation endpoint	https://rest.ensembl.org/variation/homo_sapiens	2026-05-22	unique autosomal SNP mapping in both GRCh37 and GRCh38
rs6499544	16	GRCh36	70441522	candidate BIM/PVAR position		2026-05-22	source-build position preserved from candidate genotype map
rs6499544	16	GRCh37	71884021	Ensembl REST variation endpoint	https://grch37.rest.ensembl.org/variation/homo_sapiens	2026-05-22	unique autosomal SNP mapping in both GRCh37 and GRCh38
rs6499544	16	GRCh38	71850118	Ensembl REST variation endpoint	https://rest.ensembl.org/variation/homo_sapiens	2026-05-22	unique autosomal SNP mapping in both GRCh37 and GRCh38
rs1871689	16	GRCh36	72275635	candidate BIM/PVAR position		2026-05-22	source-build position preserved from candidate genotype map
rs1871689	16	GRCh37	73718134	Ensembl REST variation endpoint	https://grch37.rest.ensembl.org/variation/homo_sapiens	2026-05-22	unique autosomal SNP mapping in both GRCh37 and GRCh38
rs1871689	16	GRCh38	73684235	Ensembl REST variation endpoint	https://rest.ensembl.org/variation/homo_sapiens	2026-05-22	unique autosomal SNP mapping in both GRCh37 and GRCh38
rs3743607	16	GRCh36	73896356	candidate BIM/PVAR position		2026-05-22	source-build position preserved from candidate genotype map
rs3743607	16	GRCh37	75338855	Ensembl REST variation endpoint	https://grch37.rest.ensembl.org/variation/homo_sapiens	2026-05-22	unique autosomal SNP mapping in both GRCh37 and GRCh38
rs3743607	16	GRCh38	75304957	Ensembl REST variation endpoint	https://rest.ensembl.org/variation/homo_sapiens	2026-05-22	unique autosomal SNP mapping in both GRCh37 and GRCh38
rs12446878	16	GRCh36	75714273	candidate BIM/PVAR position		2026-05-22	source-build position preserved from candidate genotype map
rs12446878	16	GRCh37	77156772	Ensembl REST variation endpoint	https://grch37.rest.ensembl.org/variation/homo_sapiens	2026-05-22	unique autosomal SNP mapping in both GRCh37 and GRCh38
rs12446878	16	GRCh38	77122875	Ensembl REST variation endpoint	https://rest.ensembl.org/variation/homo_sapiens	2026-05-22	unique autosomal SNP mapping in both GRCh37 and GRCh38
rs982784	16	GRCh36	77521269	candidate BIM/PVAR position		2026-05-22	source-build position preserved from candidate genotype map
rs982784	16	GRCh37	78963768	Ensembl REST variation endpoint	https://grch37.rest.ensembl.org/variation/homo_sapiens	2026-05-22	unique autosomal SNP mapping in both GRCh37 and GRCh38
rs982784	16	GRCh38	78929871	Ensembl REST variation endpoint	https://rest.ensembl.org/variation/homo_sapiens	2026-05-22	unique autosomal SNP mapping in both GRCh37 and GRCh38
rs11150295	16	GRCh36	79130465	candidate BIM/PVAR position		2026-05-22	source-build position preserved from candidate genotype map
rs11150295	16	GRCh37	80572964	Ensembl REST variation endpoint	https://grch37.rest.ensembl.org/variation/homo_sapiens	2026-05-22	unique autosomal SNP mapping in both GRCh37 and GRCh38
rs11150295	16	GRCh38	80539067	Ensembl REST variation endpoint	https://rest.ensembl.org/variation/homo_sapiens	2026-05-22	unique autosomal SNP mapping in both GRCh37 and GRCh38
rs10514536	16	GRCh36	80951778	candidate BIM/PVAR position		2026-05-22	source-build position preserved from candidate genotype map
rs10514536	16	GRCh37	82394277	Ensembl REST variation endpoint	https://grch37.rest.ensembl.org/variation/homo_sapiens	2026-05-22	unique autosomal SNP mapping in both GRCh37 and GRCh38
rs10514536	16	GRCh38	82360672	Ensembl REST variation endpoint	https://rest.ensembl.org/variation/homo_sapiens	2026-05-22	unique autosomal SNP mapping in both GRCh37 and GRCh38
rs4782898	16	GRCh36	82760075	candidate BIM/PVAR position		2026-05-22	source-build position preserved from candidate genotype map
rs4782898	16	GRCh37	84202574	Ensembl REST variation endpoint	https://grch37.rest.ensembl.org/variation/homo_sapiens	2026-05-22	unique autosomal SNP mapping in both GRCh37 and GRCh38
rs4782898	16	GRCh38	84168968	Ensembl REST variation endpoint	https://rest.ensembl.org/variation/homo_sapiens	2026-05-22	unique autosomal SNP mapping in both GRCh37 and GRCh38
rs908989	16	GRCh36	84570480	candidate BIM/PVAR position		2026-05-22	source-build position preserved from candidate genotype map
rs908989	16	GRCh37	86012979	Ensembl REST variation endpoint	https://grch37.rest.ensembl.org/variation/homo_sapiens	2026-05-22	unique autosomal SNP mapping in both GRCh37 and GRCh38
rs908989	16	GRCh38	85979373	Ensembl REST variation endpoint	https://rest.ensembl.org/variation/homo_sapiens	2026-05-22	unique autosomal SNP mapping in both GRCh37 and GRCh38
rs6540063	16	GRCh36	86183716	candidate BIM/PVAR position		2026-05-22	source-build position preserved from candidate genotype map
rs6540063	16	GRCh37	87626215	Ensembl REST variation endpoint	https://grch37.rest.ensembl.org/variation/homo_sapiens	2026-05-22	unique autosomal SNP mapping in both GRCh37 and GRCh38
rs6540063	16	GRCh38	87592609	Ensembl REST variation endpoint	https://rest.ensembl.org/variation/homo_sapiens	2026-05-22	unique autosomal SNP mapping in both GRCh37 and GRCh38
rs8079281	17	GRCh36	2030155	candidate BIM/PVAR position		2026-05-22	source-build position preserved from candidate genotype map
rs8079281	17	GRCh37	2083405	Ensembl REST variation endpoint	https://grch37.rest.ensembl.org/variation/homo_sapiens	2026-05-22	unique autosomal SNP mapping in both GRCh37 and GRCh38
rs8079281	17	GRCh38	2180111	Ensembl REST variation endpoint	https://rest.ensembl.org/variation/homo_sapiens	2026-05-22	unique autosomal SNP mapping in both GRCh37 and GRCh38
rs2891	17	GRCh36	3652275	candidate BIM/PVAR position		2026-05-22	source-build position preserved from candidate genotype map
rs2891	17	GRCh37	3705526	Ensembl REST variation endpoint	https://grch37.rest.ensembl.org/variation/homo_sapiens	2026-05-22	unique autosomal SNP mapping in both GRCh37 and GRCh38
rs2891	17	GRCh38	3802232	Ensembl REST variation endpoint	https://rest.ensembl.org/variation/homo_sapiens	2026-05-22	unique autosomal SNP mapping in both GRCh37 and GRCh38
rs9303192	17	GRCh36	5265560	candidate BIM/PVAR position		2026-05-22	source-build position preserved from candidate genotype map
rs9303192	17	GRCh37	5324836	Ensembl REST variation endpoint	https://grch37.rest.ensembl.org/variation/homo_sapiens	2026-05-22	unique autosomal SNP mapping in both GRCh37 and GRCh38
rs9303192	17	GRCh38	5421516	Ensembl REST variation endpoint	https://rest.ensembl.org/variation/homo_sapiens	2026-05-22	unique autosomal SNP mapping in both GRCh37 and GRCh38
rs4151121	17	GRCh36	7283018	candidate BIM/PVAR position		2026-05-22	source-build position preserved from candidate genotype map
rs4151121	17	GRCh37	7342294	Ensembl REST variation endpoint	https://grch37.rest.ensembl.org/variation/homo_sapiens	2026-05-22	unique autosomal SNP mapping in both GRCh37 and GRCh38
rs4151121	17	GRCh38	7438975	Ensembl REST variation endpoint	https://rest.ensembl.org/variation/homo_sapiens	2026-05-22	unique autosomal SNP mapping in both GRCh37 and GRCh38
rs4063993	17	GRCh36	8900405	candidate BIM/PVAR position		2026-05-22	source-build position preserved from candidate genotype map
rs4063993	17	GRCh37	8959680	Ensembl REST variation endpoint	https://grch37.rest.ensembl.org/variation/homo_sapiens	2026-05-22	unique autosomal SNP mapping in both GRCh37 and GRCh38
rs4063993	17	GRCh38	9056363	Ensembl REST variation endpoint	https://rest.ensembl.org/variation/homo_sapiens	2026-05-22	unique autosomal SNP mapping in both GRCh37 and GRCh38
rs1029665	17	GRCh36	10304916	candidate BIM/PVAR position		2026-05-22	source-build position preserved from candidate genotype map
rs1029665	17	GRCh37	10364191	Ensembl REST variation endpoint	https://grch37.rest.ensembl.org/variation/homo_sapiens	2026-05-22	unique autosomal SNP mapping in both GRCh37 and GRCh38
rs1029665	17	GRCh38	10460874	Ensembl REST variation endpoint	https://rest.ensembl.org/variation/homo_sapiens	2026-05-22	unique autosomal SNP mapping in both GRCh37 and GRCh38
rs2159140	17	GRCh36	11917225	candidate BIM/PVAR position		2026-05-22	source-build position preserved from candidate genotype map
rs2159140	17	GRCh37	11976500	Ensembl REST variation endpoint	https://grch37.rest.ensembl.org/variation/homo_sapiens	2026-05-22	unique autosomal SNP mapping in both GRCh37 and GRCh38
rs2159140	17	GRCh38	12073183	Ensembl REST variation endpoint	https://rest.ensembl.org/variation/homo_sapiens	2026-05-22	unique autosomal SNP mapping in both GRCh37 and GRCh38
rs2108702	17	GRCh36	13533330	candidate BIM/PVAR position		2026-05-22	source-build position preserved from candidate genotype map
rs2108702	17	GRCh37	13592605	Ensembl REST variation endpoint	https://grch37.rest.ensembl.org/variation/homo_sapiens	2026-05-22	unique autosomal SNP mapping in both GRCh37 and GRCh38
rs2108702	17	GRCh38	13689288	Ensembl REST variation endpoint	https://rest.ensembl.org/variation/homo_sapiens	2026-05-22	unique autosomal SNP mapping in both GRCh37 and GRCh38
rs9910893	17	GRCh36	15140632	candidate BIM/PVAR position		2026-05-22	source-build position preserved from candidate genotype map
rs9910893	17	GRCh37	15199907	Ensembl REST variation endpoint	https://grch37.rest.ensembl.org/variation/homo_sapiens	2026-05-22	unique autosomal SNP mapping in both GRCh37 and GRCh38
rs9910893	17	GRCh38	15296590	Ensembl REST variation endpoint	https://rest.ensembl.org/variation/homo_sapiens	2026-05-22	unique autosomal SNP mapping in both GRCh37 and GRCh38
rs2621596	17	GRCh36	16557911	candidate BIM/PVAR position		2026-05-22	source-build position preserved from candidate genotype map
rs2621596	17	GRCh37	16617186	Ensembl REST variation endpoint	https://grch37.rest.ensembl.org/variation/homo_sapiens	2026-05-22	unique autosomal SNP mapping in both GRCh37 and GRCh38
rs2621596	17	GRCh38	16713872	Ensembl REST variation endpoint	https://rest.ensembl.org/variation/homo_sapiens	2026-05-22	unique autosomal SNP mapping in both GRCh37 and GRCh38
rs12939757	17	GRCh36	18171385	candidate BIM/PVAR position		2026-05-22	source-build position preserved from candidate genotype map
rs12939757	17	GRCh37	18230660	Ensembl REST variation endpoint	https://grch37.rest.ensembl.org/variation/homo_sapiens	2026-05-22	unique autosomal SNP mapping in both GRCh37 and GRCh38
rs12939757	17	GRCh38	18327346	Ensembl REST variation endpoint	https://rest.ensembl.org/variation/homo_sapiens	2026-05-22	unique autosomal SNP mapping in both GRCh37 and GRCh38
rs281351	17	GRCh36	19690247	candidate BIM/PVAR position		2026-05-22	source-build position preserved from candidate genotype map
rs281351	17	GRCh37	19749655	Ensembl REST variation endpoint	https://grch37.rest.ensembl.org/variation/homo_sapiens	2026-05-22	unique autosomal SNP mapping in both GRCh37 and GRCh38
rs281351	17	GRCh38	19846342	Ensembl REST variation endpoint	https://rest.ensembl.org/variation/homo_sapiens	2026-05-22	unique autosomal SNP mapping in both GRCh37 and GRCh38
rs7405918	17	GRCh36	21360720	candidate BIM/PVAR position		2026-05-22	source-build position preserved from candidate genotype map
rs7405918	17	GRCh37	21420127	Ensembl REST variation endpoint	https://grch37.rest.ensembl.org/variation/homo_sapiens	2026-05-22	unique autosomal SNP mapping in both GRCh37 and GRCh38
rs7405918	17	GRCh38	21516867	Ensembl REST variation endpoint	https://rest.ensembl.org/variation/homo_sapiens	2026-05-22	unique autosomal SNP mapping in both GRCh37 and GRCh38
rs940013	17	GRCh36	22909558	candidate BIM/PVAR position		2026-05-22	source-build position preserved from candidate genotype map
rs940013	17	GRCh37	25885431	Ensembl REST variation endpoint	https://grch37.rest.ensembl.org/variation/homo_sapiens	2026-05-22	unique autosomal SNP mapping in both GRCh37 and GRCh38
rs940013	17	GRCh38	27558405	Ensembl REST variation endpoint	https://rest.ensembl.org/variation/homo_sapiens	2026-05-22	unique autosomal SNP mapping in both GRCh37 and GRCh38
rs618791	17	GRCh36	23923629	candidate BIM/PVAR position		2026-05-22	source-build position preserved from candidate genotype map
rs618791	17	GRCh37	26899502	Ensembl REST variation endpoint	https://grch37.rest.ensembl.org/variation/homo_sapiens	2026-05-22	unique autosomal SNP mapping in both GRCh37 and GRCh38
rs618791	17	GRCh38	28572484	Ensembl REST variation endpoint	https://rest.ensembl.org/variation/homo_sapiens	2026-05-22	unique autosomal SNP mapping in both GRCh37 and GRCh38
rs3115096	17	GRCh36	24931612	candidate BIM/PVAR position		2026-05-22	source-build position preserved from candidate genotype map
rs3115096	17	GRCh37	27907486	Ensembl REST variation endpoint	https://grch37.rest.ensembl.org/variation/homo_sapiens	2026-05-22	unique autosomal SNP mapping in both GRCh37 and GRCh38
rs3115096	17	GRCh38	29580468	Ensembl REST variation endpoint	https://rest.ensembl.org/variation/homo_sapiens	2026-05-22	unique autosomal SNP mapping in both GRCh37 and GRCh38
rs9890961	17	GRCh36	25952308	candidate BIM/PVAR position		2026-05-22	source-build position preserved from candidate genotype map
rs9890961	17	GRCh37	28928182	Ensembl REST variation endpoint	https://grch37.rest.ensembl.org/variation/homo_sapiens	2026-05-22	unique autosomal SNP mapping in both GRCh37 and GRCh38
rs9890961	17	GRCh38	30601164	Ensembl REST variation endpoint	https://rest.ensembl.org/variation/homo_sapiens	2026-05-22	unique autosomal SNP mapping in both GRCh37 and GRCh38
rs191144	17	GRCh36	26983810	candidate BIM/PVAR position		2026-05-22	source-build position preserved from candidate genotype map
rs191144	17	GRCh37	29959697	Ensembl REST variation endpoint	https://grch37.rest.ensembl.org/variation/homo_sapiens	2026-05-22	unique autosomal SNP mapping in both GRCh37 and GRCh38
rs191144	17	GRCh38	31632678	Ensembl REST variation endpoint	https://rest.ensembl.org/variation/homo_sapiens	2026-05-22	unique autosomal SNP mapping in both GRCh37 and GRCh38
rs2080739	17	GRCh36	28002453	candidate BIM/PVAR position		2026-05-22	source-build position preserved from candidate genotype map
rs2080739	17	GRCh37	30978340	Ensembl REST variation endpoint	https://grch37.rest.ensembl.org/variation/homo_sapiens	2026-05-22	unique autosomal SNP mapping in both GRCh37 and GRCh38
rs2080739	17	GRCh38	32651322	Ensembl REST variation endpoint	https://rest.ensembl.org/variation/homo_sapiens	2026-05-22	unique autosomal SNP mapping in both GRCh37 and GRCh38
rs280038	17	GRCh36	29013009	candidate BIM/PVAR position		2026-05-22	source-build position preserved from candidate genotype map
rs280038	17	GRCh37	31988896	Ensembl REST variation endpoint	https://grch37.rest.ensembl.org/variation/homo_sapiens	2026-05-22	unique autosomal SNP mapping in both GRCh37 and GRCh38
rs280038	17	GRCh38	33661877	Ensembl REST variation endpoint	https://rest.ensembl.org/variation/homo_sapiens	2026-05-22	unique autosomal SNP mapping in both GRCh37 and GRCh38
rs11080311	17	GRCh36	30221065	candidate BIM/PVAR position		2026-05-22	source-build position preserved from candidate genotype map
rs11080311	17	GRCh37	33196952	Ensembl REST variation endpoint	https://grch37.rest.ensembl.org/variation/homo_sapiens	2026-05-22	unique autosomal SNP mapping in both GRCh37 and GRCh38
rs11080311	17	GRCh38	34869933	Ensembl REST variation endpoint	https://rest.ensembl.org/variation/homo_sapiens	2026-05-22	unique autosomal SNP mapping in both GRCh37 and GRCh38
rs9909050	17	GRCh36	31238246	candidate BIM/PVAR position		2026-05-22	source-build position preserved from candidate genotype map
rs9909050	17	GRCh37	34214133	Ensembl REST variation endpoint	https://grch37.rest.ensembl.org/variation/homo_sapiens	2026-05-22	unique autosomal SNP mapping in both GRCh37 and GRCh38
rs9909050	17	GRCh38	35887129	Ensembl REST variation endpoint	https://rest.ensembl.org/variation/homo_sapiens	2026-05-22	unique autosomal SNP mapping in both GRCh37 and GRCh38
rs7207026	17	GRCh36	32696027	candidate BIM/PVAR position		2026-05-22	source-build position preserved from candidate genotype map
rs7207026	17	GRCh37	35621914	Ensembl REST variation endpoint	https://grch37.rest.ensembl.org/variation/homo_sapiens	2026-05-22	unique autosomal SNP mapping in both GRCh37 and GRCh38
rs7207026	17	GRCh38	37265011	Ensembl REST variation endpoint	https://rest.ensembl.org/variation/homo_sapiens	2026-05-22	unique autosomal SNP mapping in both GRCh37 and GRCh38
rs1239185	17	GRCh36	34266945	candidate BIM/PVAR position		2026-05-22	source-build position preserved from candidate genotype map
rs1239185	17	GRCh37	37013419	Ensembl REST variation endpoint	https://grch37.rest.ensembl.org/variation/homo_sapiens	2026-05-22	unique autosomal SNP mapping in both GRCh37 and GRCh38
rs1239185	17	GRCh38	38857166	Ensembl REST variation endpoint	https://rest.ensembl.org/variation/homo_sapiens	2026-05-22	unique autosomal SNP mapping in both GRCh37 and GRCh38
rs16966376	17	GRCh36	36289099	candidate BIM/PVAR position		2026-05-22	source-build position preserved from candidate genotype map
rs16966376	17	GRCh37	39035573	Ensembl REST variation endpoint	https://grch37.rest.ensembl.org/variation/homo_sapiens	2026-05-22	unique autosomal SNP mapping in both GRCh37 and GRCh38
rs16966376	17	GRCh38	40879321	Ensembl REST variation endpoint	https://rest.ensembl.org/variation/homo_sapiens	2026-05-22	unique autosomal SNP mapping in both GRCh37 and GRCh38
rs4479304	17	GRCh36	37923701	candidate BIM/PVAR position		2026-05-22	source-build position preserved from candidate genotype map
rs4479304	17	GRCh37	40670175	Ensembl REST variation endpoint	https://grch37.rest.ensembl.org/variation/homo_sapiens	2026-05-22	unique autosomal SNP mapping in both GRCh37 and GRCh38
rs4479304	17	GRCh38	42518157	Ensembl REST variation endpoint	https://rest.ensembl.org/variation/homo_sapiens	2026-05-22	unique autosomal SNP mapping in both GRCh37 and GRCh38
rs425038	17	GRCh36	39537554	candidate BIM/PVAR position		2026-05-22	source-build position preserved from candidate genotype map
rs425038	17	GRCh37	42182028	Ensembl REST variation endpoint	https://grch37.rest.ensembl.org/variation/homo_sapiens	2026-05-22	unique autosomal SNP mapping in both GRCh37 and GRCh38
rs425038	17	GRCh38	44104660	Ensembl REST variation endpoint	https://rest.ensembl.org/variation/homo_sapiens	2026-05-22	unique autosomal SNP mapping in both GRCh37 and GRCh38
rs9898857	17	GRCh36	41013704	candidate BIM/PVAR position		2026-05-22	source-build position preserved from candidate genotype map
rs9898857	17	GRCh37	43657921	Ensembl REST variation endpoint	https://grch37.rest.ensembl.org/variation/homo_sapiens	2026-05-22	unique autosomal SNP mapping in both GRCh37 and GRCh38
rs9898857	17	GRCh38	45580555	Ensembl REST variation endpoint	https://rest.ensembl.org/variation/homo_sapiens	2026-05-22	unique autosomal SNP mapping in both GRCh37 and GRCh38
rs2678693	17	GRCh36	42548360	candidate BIM/PVAR position		2026-05-22	source-build position preserved from candidate genotype map
rs2678693	17	GRCh37	45193361	Ensembl REST variation endpoint	https://grch37.rest.ensembl.org/variation/homo_sapiens	2026-05-22	unique autosomal SNP mapping in both GRCh37 and GRCh38
rs2678693	17	GRCh38	47115995	Ensembl REST variation endpoint	https://rest.ensembl.org/variation/homo_sapiens	2026-05-22	unique autosomal SNP mapping in both GRCh37 and GRCh38
rs4793980	17	GRCh36	44168530	candidate BIM/PVAR position		2026-05-22	source-build position preserved from candidate genotype map
rs4793980	17	GRCh37	46813531	Ensembl REST variation endpoint	https://grch37.rest.ensembl.org/variation/homo_sapiens	2026-05-22	unique autosomal SNP mapping in both GRCh37 and GRCh38
rs4793980	17	GRCh38	48736169	Ensembl REST variation endpoint	https://rest.ensembl.org/variation/homo_sapiens	2026-05-22	unique autosomal SNP mapping in both GRCh37 and GRCh38
rs886568	17	GRCh36	45788080	candidate BIM/PVAR position		2026-05-22	source-build position preserved from candidate genotype map
rs886568	17	GRCh37	48433081	Ensembl REST variation endpoint	https://grch37.rest.ensembl.org/variation/homo_sapiens	2026-05-22	unique autosomal SNP mapping in both GRCh37 and GRCh38
rs886568	17	GRCh38	50355720	Ensembl REST variation endpoint	https://rest.ensembl.org/variation/homo_sapiens	2026-05-22	unique autosomal SNP mapping in both GRCh37 and GRCh38
rs886076	17	GRCh36	47194892	candidate BIM/PVAR position		2026-05-22	source-build position preserved from candidate genotype map
rs886076	17	GRCh37	49839893	Ensembl REST variation endpoint	https://grch37.rest.ensembl.org/variation/homo_sapiens	2026-05-22	unique autosomal SNP mapping in both GRCh37 and GRCh38
rs886076	17	GRCh38	51762533	Ensembl REST variation endpoint	https://rest.ensembl.org/variation/homo_sapiens	2026-05-22	unique autosomal SNP mapping in both GRCh37 and GRCh38
rs1502506	17	GRCh36	48805563	candidate BIM/PVAR position		2026-05-22	source-build position preserved from candidate genotype map
rs1502506	17	GRCh37	51450564	Ensembl REST variation endpoint	https://grch37.rest.ensembl.org/variation/homo_sapiens	2026-05-22	unique autosomal SNP mapping in both GRCh37 and GRCh38
rs1502506	17	GRCh38	53373203	Ensembl REST variation endpoint	https://rest.ensembl.org/variation/homo_sapiens	2026-05-22	unique autosomal SNP mapping in both GRCh37 and GRCh38
rs1156287	17	GRCh36	50431798	candidate BIM/PVAR position		2026-05-22	source-build position preserved from candidate genotype map
rs1156287	17	GRCh37	53076799	Ensembl REST variation endpoint	https://grch37.rest.ensembl.org/variation/homo_sapiens	2026-05-22	unique autosomal SNP mapping in both GRCh37 and GRCh38
rs1156287	17	GRCh38	54999438	Ensembl REST variation endpoint	https://rest.ensembl.org/variation/homo_sapiens	2026-05-22	unique autosomal SNP mapping in both GRCh37 and GRCh38
rs9916001	17	GRCh36	52050508	candidate BIM/PVAR position		2026-05-22	source-build position preserved from candidate genotype map
rs9916001	17	GRCh37	54695509	Ensembl REST variation endpoint	https://grch37.rest.ensembl.org/variation/homo_sapiens	2026-05-22	unique autosomal SNP mapping in both GRCh37 and GRCh38
rs9916001	17	GRCh38	56618148	Ensembl REST variation endpoint	https://rest.ensembl.org/variation/homo_sapiens	2026-05-22	unique autosomal SNP mapping in both GRCh37 and GRCh38
rs7212100	17	GRCh36	53465656	candidate BIM/PVAR position		2026-05-22	source-build position preserved from candidate genotype map
rs7212100	17	GRCh37	56110657	Ensembl REST variation endpoint	https://grch37.rest.ensembl.org/variation/homo_sapiens	2026-05-22	unique autosomal SNP mapping in both GRCh37 and GRCh38
rs7212100	17	GRCh38	58033296	Ensembl REST variation endpoint	https://rest.ensembl.org/variation/homo_sapiens	2026-05-22	unique autosomal SNP mapping in both GRCh37 and GRCh38
rs3744375	17	GRCh36	55504527	candidate BIM/PVAR position		2026-05-22	source-build position preserved from candidate genotype map
rs3744375	17	GRCh37	58149745	Ensembl REST variation endpoint	https://grch37.rest.ensembl.org/variation/homo_sapiens	2026-05-22	unique autosomal SNP mapping in both GRCh37 and GRCh38
rs3744375	17	GRCh38	60072384	Ensembl REST variation endpoint	https://rest.ensembl.org/variation/homo_sapiens	2026-05-22	unique autosomal SNP mapping in both GRCh37 and GRCh38
rs7213430	17	GRCh36	57114956	candidate BIM/PVAR position		2026-05-22	source-build position preserved from candidate genotype map
rs7213430	17	GRCh37	59760174	Ensembl REST variation endpoint	https://grch37.rest.ensembl.org/variation/homo_sapiens	2026-05-22	unique autosomal SNP mapping in both GRCh37 and GRCh38
rs7213430	17	GRCh38	61682813	Ensembl REST variation endpoint	https://rest.ensembl.org/variation/homo_sapiens	2026-05-22	unique autosomal SNP mapping in both GRCh37 and GRCh38
rs2907465	17	GRCh36	58738171	candidate BIM/PVAR position		2026-05-22	source-build position preserved from candidate genotype map
rs2907465	17	GRCh37	61384439	Ensembl REST variation endpoint	https://grch37.rest.ensembl.org/variation/homo_sapiens	2026-05-22	unique autosomal SNP mapping in both GRCh37 and GRCh38
rs2907465	17	GRCh38	63307078	Ensembl REST variation endpoint	https://rest.ensembl.org/variation/homo_sapiens	2026-05-22	unique autosomal SNP mapping in both GRCh37 and GRCh38
rs3914098	17	GRCh36	60349633	candidate BIM/PVAR position		2026-05-22	source-build position preserved from candidate genotype map
rs3914098	17	GRCh37	62919171	Ensembl REST variation endpoint	https://grch37.rest.ensembl.org/variation/homo_sapiens	2026-05-22	unique autosomal SNP mapping in both GRCh37 and GRCh38
rs3914098	17	GRCh38	64923053	Ensembl REST variation endpoint	https://rest.ensembl.org/variation/homo_sapiens	2026-05-22	unique autosomal SNP mapping in both GRCh37 and GRCh38
rs9635753	17	GRCh36	61759659	candidate BIM/PVAR position		2026-05-22	source-build position preserved from candidate genotype map
rs9635753	17	GRCh37	64329197	Ensembl REST variation endpoint	https://grch37.rest.ensembl.org/variation/homo_sapiens	2026-05-22	unique autosomal SNP mapping in both GRCh37 and GRCh38
rs9635753	17	GRCh38	66333079	Ensembl REST variation endpoint	https://rest.ensembl.org/variation/homo_sapiens	2026-05-22	unique autosomal SNP mapping in both GRCh37 and GRCh38
rs10445361	17	GRCh36	63392700	candidate BIM/PVAR position		2026-05-22	source-build position preserved from candidate genotype map
rs10445361	17	GRCh37	65962238	Ensembl REST variation endpoint	https://grch37.rest.ensembl.org/variation/homo_sapiens	2026-05-22	unique autosomal SNP mapping in both GRCh37 and GRCh38
rs10445361	17	GRCh38	67966122	Ensembl REST variation endpoint	https://rest.ensembl.org/variation/homo_sapiens	2026-05-22	unique autosomal SNP mapping in both GRCh37 and GRCh38
rs2251160	17	GRCh36	65031137	candidate BIM/PVAR position		2026-05-22	source-build position preserved from candidate genotype map
rs2251160	17	GRCh37	67519542	Ensembl REST variation endpoint	https://grch37.rest.ensembl.org/variation/homo_sapiens	2026-05-22	unique autosomal SNP mapping in both GRCh37 and GRCh38
rs2251160	17	GRCh38	69523401	Ensembl REST variation endpoint	https://rest.ensembl.org/variation/homo_sapiens	2026-05-22	unique autosomal SNP mapping in both GRCh37 and GRCh38
rs10512556	17	GRCh36	66449189	candidate BIM/PVAR position		2026-05-22	source-build position preserved from candidate genotype map
rs10512556	17	GRCh37	68937594	Ensembl REST variation endpoint	https://grch37.rest.ensembl.org/variation/homo_sapiens	2026-05-22	unique autosomal SNP mapping in both GRCh37 and GRCh38
rs10512556	17	GRCh38	70941453	Ensembl REST variation endpoint	https://rest.ensembl.org/variation/homo_sapiens	2026-05-22	unique autosomal SNP mapping in both GRCh37 and GRCh38
rs4793456	17	GRCh36	68069433	candidate BIM/PVAR position		2026-05-22	source-build position preserved from candidate genotype map
rs4793456	17	GRCh37	70557838	Ensembl REST variation endpoint	https://grch37.rest.ensembl.org/variation/homo_sapiens	2026-05-22	unique autosomal SNP mapping in both GRCh37 and GRCh38
rs4793456	17	GRCh38	72561699	Ensembl REST variation endpoint	https://rest.ensembl.org/variation/homo_sapiens	2026-05-22	unique autosomal SNP mapping in both GRCh37 and GRCh38
rs1870998	17	GRCh36	69680709	candidate BIM/PVAR position		2026-05-22	source-build position preserved from candidate genotype map
rs1870998	17	GRCh37	72169114	Ensembl REST variation endpoint	https://grch37.rest.ensembl.org/variation/homo_sapiens	2026-05-22	unique autosomal SNP mapping in both GRCh37 and GRCh38
rs1870998	17	GRCh38	74172975	Ensembl REST variation endpoint	https://rest.ensembl.org/variation/homo_sapiens	2026-05-22	unique autosomal SNP mapping in both GRCh37 and GRCh38
rs12602521	17	GRCh36	71695965	candidate BIM/PVAR position		2026-05-22	source-build position preserved from candidate genotype map
rs12602521	17	GRCh37	74184370	Ensembl REST variation endpoint	https://grch37.rest.ensembl.org/variation/homo_sapiens	2026-05-22	unique autosomal SNP mapping in both GRCh37 and GRCh38
rs12602521	17	GRCh38	76188289	Ensembl REST variation endpoint	https://rest.ensembl.org/variation/homo_sapiens	2026-05-22	unique autosomal SNP mapping in both GRCh37 and GRCh38
rs4986071	17	GRCh36	73302795	candidate BIM/PVAR position		2026-05-22	source-build position preserved from candidate genotype map
rs4986071	17	GRCh37	75791200	Ensembl REST variation endpoint	https://grch37.rest.ensembl.org/variation/homo_sapiens	2026-05-22	unique autosomal SNP mapping in both GRCh37 and GRCh38
rs4986071	17	GRCh38	77795118	Ensembl REST variation endpoint	https://rest.ensembl.org/variation/homo_sapiens	2026-05-22	unique autosomal SNP mapping in both GRCh37 and GRCh38
rs1106221	17	GRCh36	74915219	candidate BIM/PVAR position		2026-05-22	source-build position preserved from candidate genotype map
rs1106221	17	GRCh37	77403624	Ensembl REST variation endpoint	https://grch37.rest.ensembl.org/variation/homo_sapiens	2026-05-22	unique autosomal SNP mapping in both GRCh37 and GRCh38
rs1106221	17	GRCh38	79407542	Ensembl REST variation endpoint	https://rest.ensembl.org/variation/homo_sapiens	2026-05-22	unique autosomal SNP mapping in both GRCh37 and GRCh38
rs7219745	17	GRCh36	76431503	candidate BIM/PVAR position		2026-05-22	source-build position preserved from candidate genotype map
rs7219745	17	GRCh37	78816908	Ensembl REST variation endpoint	https://grch37.rest.ensembl.org/variation/homo_sapiens	2026-05-22	unique autosomal SNP mapping in both GRCh37 and GRCh38
rs7219745	17	GRCh38	80843108	Ensembl REST variation endpoint	https://rest.ensembl.org/variation/homo_sapiens	2026-05-22	unique autosomal SNP mapping in both GRCh37 and GRCh38
rs4439862	18	GRCh36	18214353	candidate BIM/PVAR position		2026-05-22	source-build position preserved from candidate genotype map
rs4439862	18	GRCh37	19960355	Ensembl REST variation endpoint	https://grch37.rest.ensembl.org/variation/homo_sapiens	2026-05-22	unique autosomal SNP mapping in both GRCh37 and GRCh38
rs4439862	18	GRCh38	22380392	Ensembl REST variation endpoint	https://rest.ensembl.org/variation/homo_sapiens	2026-05-22	unique autosomal SNP mapping in both GRCh37 and GRCh38
rs10502437	18	GRCh36	19224704	candidate BIM/PVAR position		2026-05-22	source-build position preserved from candidate genotype map
rs10502437	18	GRCh37	20970706	Ensembl REST variation endpoint	https://grch37.rest.ensembl.org/variation/homo_sapiens	2026-05-22	unique autosomal SNP mapping in both GRCh37 and GRCh38
rs10502437	18	GRCh38	23390742	Ensembl REST variation endpoint	https://rest.ensembl.org/variation/homo_sapiens	2026-05-22	unique autosomal SNP mapping in both GRCh37 and GRCh38
rs17797879	18	GRCh36	20227868	candidate BIM/PVAR position		2026-05-22	source-build position preserved from candidate genotype map
rs17797879	18	GRCh37	21973870	Ensembl REST variation endpoint	https://grch37.rest.ensembl.org/variation/homo_sapiens	2026-05-22	unique autosomal SNP mapping in both GRCh37 and GRCh38
rs17797879	18	GRCh38	24393906	Ensembl REST variation endpoint	https://rest.ensembl.org/variation/homo_sapiens	2026-05-22	unique autosomal SNP mapping in both GRCh37 and GRCh38
rs7231684	18	GRCh36	21238434	candidate BIM/PVAR position		2026-05-22	source-build position preserved from candidate genotype map
rs7231684	18	GRCh37	22984436	Ensembl REST variation endpoint	https://grch37.rest.ensembl.org/variation/homo_sapiens	2026-05-22	unique autosomal SNP mapping in both GRCh37 and GRCh38
rs7231684	18	GRCh38	25404472	Ensembl REST variation endpoint	https://rest.ensembl.org/variation/homo_sapiens	2026-05-22	unique autosomal SNP mapping in both GRCh37 and GRCh38
rs17612687	18	GRCh36	22654056	candidate BIM/PVAR position		2026-05-22	source-build position preserved from candidate genotype map
rs17612687	18	GRCh37	24400058	Ensembl REST variation endpoint	https://grch37.rest.ensembl.org/variation/homo_sapiens	2026-05-22	unique autosomal SNP mapping in both GRCh37 and GRCh38
rs17612687	18	GRCh38	26820094	Ensembl REST variation endpoint	https://rest.ensembl.org/variation/homo_sapiens	2026-05-22	unique autosomal SNP mapping in both GRCh37 and GRCh38
rs9959491	18	GRCh36	23660853	candidate BIM/PVAR position		2026-05-22	source-build position preserved from candidate genotype map
rs9959491	18	GRCh37	25406855	Ensembl REST variation endpoint	https://grch37.rest.ensembl.org/variation/homo_sapiens	2026-05-22	unique autosomal SNP mapping in both GRCh37 and GRCh38
rs9959491	18	GRCh38	27826891	Ensembl REST variation endpoint	https://rest.ensembl.org/variation/homo_sapiens	2026-05-22	unique autosomal SNP mapping in both GRCh37 and GRCh38
rs6508564	18	GRCh36	24667271	candidate BIM/PVAR position		2026-05-22	source-build position preserved from candidate genotype map
rs6508564	18	GRCh37	26413273	Ensembl REST variation endpoint	https://grch37.rest.ensembl.org/variation/homo_sapiens	2026-05-22	unique autosomal SNP mapping in both GRCh37 and GRCh38
rs6508564	18	GRCh38	28833308	Ensembl REST variation endpoint	https://rest.ensembl.org/variation/homo_sapiens	2026-05-22	unique autosomal SNP mapping in both GRCh37 and GRCh38
rs10502546	18	GRCh36	26279543	candidate BIM/PVAR position		2026-05-22	source-build position preserved from candidate genotype map
rs10502546	18	GRCh37	28025545	Ensembl REST variation endpoint	https://grch37.rest.ensembl.org/variation/homo_sapiens	2026-05-22	unique autosomal SNP mapping in both GRCh37 and GRCh38
rs10502546	18	GRCh38	30445579	Ensembl REST variation endpoint	https://rest.ensembl.org/variation/homo_sapiens	2026-05-22	unique autosomal SNP mapping in both GRCh37 and GRCh38
rs16961975	18	GRCh36	27300604	candidate BIM/PVAR position		2026-05-22	source-build position preserved from candidate genotype map
rs16961975	18	GRCh37	29046606	Ensembl REST variation endpoint	https://grch37.rest.ensembl.org/variation/homo_sapiens	2026-05-22	unique autosomal SNP mapping in both GRCh37 and GRCh38
rs16961975	18	GRCh38	31466643	Ensembl REST variation endpoint	https://rest.ensembl.org/variation/homo_sapiens	2026-05-22	unique autosomal SNP mapping in both GRCh37 and GRCh38
rs8091086	18	GRCh36	28722617	candidate BIM/PVAR position		2026-05-22	source-build position preserved from candidate genotype map
rs8091086	18	GRCh37	30468619	Ensembl REST variation endpoint	https://grch37.rest.ensembl.org/variation/homo_sapiens	2026-05-22	unique autosomal SNP mapping in both GRCh37 and GRCh38
rs8091086	18	GRCh38	32888655	Ensembl REST variation endpoint	https://rest.ensembl.org/variation/homo_sapiens	2026-05-22	unique autosomal SNP mapping in both GRCh37 and GRCh38
rs1377189	18	GRCh36	29732364	candidate BIM/PVAR position		2026-05-22	source-build position preserved from candidate genotype map
rs1377189	18	GRCh37	31478366	Ensembl REST variation endpoint	https://grch37.rest.ensembl.org/variation/homo_sapiens	2026-05-22	unique autosomal SNP mapping in both GRCh37 and GRCh38
rs1377189	18	GRCh38	33898402	Ensembl REST variation endpoint	https://rest.ensembl.org/variation/homo_sapiens	2026-05-22	unique autosomal SNP mapping in both GRCh37 and GRCh38
rs2212684	18	GRCh36	30737189	candidate BIM/PVAR position		2026-05-22	source-build position preserved from candidate genotype map
rs2212684	18	GRCh37	32483191	Ensembl REST variation endpoint	https://grch37.rest.ensembl.org/variation/homo_sapiens	2026-05-22	unique autosomal SNP mapping in both GRCh37 and GRCh38
rs2212684	18	GRCh38	34903227	Ensembl REST variation endpoint	https://rest.ensembl.org/variation/homo_sapiens	2026-05-22	unique autosomal SNP mapping in both GRCh37 and GRCh38
rs9960370	18	GRCh36	31748634	candidate BIM/PVAR position		2026-05-22	source-build position preserved from candidate genotype map
rs9960370	18	GRCh37	33494636	Ensembl REST variation endpoint	https://grch37.rest.ensembl.org/variation/homo_sapiens	2026-05-22	unique autosomal SNP mapping in both GRCh37 and GRCh38
rs9960370	18	GRCh38	35914673	Ensembl REST variation endpoint	https://rest.ensembl.org/variation/homo_sapiens	2026-05-22	unique autosomal SNP mapping in both GRCh37 and GRCh38
rs10502669	18	GRCh36	32758505	candidate BIM/PVAR position		2026-05-22	source-build position preserved from candidate genotype map
rs10502669	18	GRCh37	34504507	Ensembl REST variation endpoint	https://grch37.rest.ensembl.org/variation/homo_sapiens	2026-05-22	unique autosomal SNP mapping in both GRCh37 and GRCh38
rs10502669	18	GRCh38	36924544	Ensembl REST variation endpoint	https://rest.ensembl.org/variation/homo_sapiens	2026-05-22	unique autosomal SNP mapping in both GRCh37 and GRCh38
rs7242702	18	GRCh36	34170274	candidate BIM/PVAR position		2026-05-22	source-build position preserved from candidate genotype map
rs7242702	18	GRCh37	35916276	Ensembl REST variation endpoint	https://grch37.rest.ensembl.org/variation/homo_sapiens	2026-05-22	unique autosomal SNP mapping in both GRCh37 and GRCh38
rs7242702	18	GRCh38	38336312	Ensembl REST variation endpoint	https://rest.ensembl.org/variation/homo_sapiens	2026-05-22	unique autosomal SNP mapping in both GRCh37 and GRCh38
rs1367837	18	GRCh36	35184184	candidate BIM/PVAR position		2026-05-22	source-build position preserved from candidate genotype map
rs1367837	18	GRCh37	36930186	Ensembl REST variation endpoint	https://grch37.rest.ensembl.org/variation/homo_sapiens	2026-05-22	unique autosomal SNP mapping in both GRCh37 and GRCh38
rs1367837	18	GRCh38	39350222	Ensembl REST variation endpoint	https://rest.ensembl.org/variation/homo_sapiens	2026-05-22	unique autosomal SNP mapping in both GRCh37 and GRCh38
rs16973165	18	GRCh36	36193506	candidate BIM/PVAR position		2026-05-22	source-build position preserved from candidate genotype map
rs16973165	18	GRCh37	37939508	Ensembl REST variation endpoint	https://grch37.rest.ensembl.org/variation/homo_sapiens	2026-05-22	unique autosomal SNP mapping in both GRCh37 and GRCh38
rs16973165	18	GRCh38	40359544	Ensembl REST variation endpoint	https://rest.ensembl.org/variation/homo_sapiens	2026-05-22	unique autosomal SNP mapping in both GRCh37 and GRCh38
rs625896	18	GRCh36	37817528	candidate BIM/PVAR position		2026-05-22	source-build position preserved from candidate genotype map
rs625896	18	GRCh37	39563530	Ensembl REST variation endpoint	https://grch37.rest.ensembl.org/variation/homo_sapiens	2026-05-22	unique autosomal SNP mapping in both GRCh37 and GRCh38
rs625896	18	GRCh38	41983566	Ensembl REST variation endpoint	https://rest.ensembl.org/variation/homo_sapiens	2026-05-22	unique autosomal SNP mapping in both GRCh37 and GRCh38
rs7407708	18	GRCh36	38819903	candidate BIM/PVAR position		2026-05-22	source-build position preserved from candidate genotype map
rs7407708	18	GRCh37	40565905	Ensembl REST variation endpoint	https://grch37.rest.ensembl.org/variation/homo_sapiens	2026-05-22	unique autosomal SNP mapping in both GRCh37 and GRCh38
rs7407708	18	GRCh38	42985940	Ensembl REST variation endpoint	https://rest.ensembl.org/variation/homo_sapiens	2026-05-22	unique autosomal SNP mapping in both GRCh37 and GRCh38
rs2588803	18	GRCh36	39831982	candidate BIM/PVAR position		2026-05-22	source-build position preserved from candidate genotype map
rs2588803	18	GRCh37	41577984	Ensembl REST variation endpoint	https://grch37.rest.ensembl.org/variation/homo_sapiens	2026-05-22	unique autosomal SNP mapping in both GRCh37 and GRCh38
rs2588803	18	GRCh38	43998019	Ensembl REST variation endpoint	https://rest.ensembl.org/variation/homo_sapiens	2026-05-22	unique autosomal SNP mapping in both GRCh37 and GRCh38
rs11082420	18	GRCh36	40847792	candidate BIM/PVAR position		2026-05-22	source-build position preserved from candidate genotype map
rs11082420	18	GRCh37	42593794	Ensembl REST variation endpoint	https://grch37.rest.ensembl.org/variation/homo_sapiens	2026-05-22	unique autosomal SNP mapping in both GRCh37 and GRCh38
rs11082420	18	GRCh38	45013829	Ensembl REST variation endpoint	https://rest.ensembl.org/variation/homo_sapiens	2026-05-22	unique autosomal SNP mapping in both GRCh37 and GRCh38
rs9958239	18	GRCh36	42265432	candidate BIM/PVAR position		2026-05-22	source-build position preserved from candidate genotype map
rs9958239	18	GRCh37	44011434	Ensembl REST variation endpoint	https://grch37.rest.ensembl.org/variation/homo_sapiens	2026-05-22	unique autosomal SNP mapping in both GRCh37 and GRCh38
rs9958239	18	GRCh38	46431471	Ensembl REST variation endpoint	https://rest.ensembl.org/variation/homo_sapiens	2026-05-22	unique autosomal SNP mapping in both GRCh37 and GRCh38
rs8092238	18	GRCh36	43282511	candidate BIM/PVAR position		2026-05-22	source-build position preserved from candidate genotype map
rs8092238	18	GRCh37	45028513	Ensembl REST variation endpoint	https://grch37.rest.ensembl.org/variation/homo_sapiens	2026-05-22	unique autosomal SNP mapping in both GRCh37 and GRCh38
rs8092238	18	GRCh38	47502142	Ensembl REST variation endpoint	https://rest.ensembl.org/variation/homo_sapiens	2026-05-22	unique autosomal SNP mapping in both GRCh37 and GRCh38
rs8083162	18	GRCh36	44289023	candidate BIM/PVAR position		2026-05-22	source-build position preserved from candidate genotype map
rs8083162	18	GRCh37	46035025	Ensembl REST variation endpoint	https://grch37.rest.ensembl.org/variation/homo_sapiens	2026-05-22	unique autosomal SNP mapping in both GRCh37 and GRCh38
rs8083162	18	GRCh38	48508654	Ensembl REST variation endpoint	https://rest.ensembl.org/variation/homo_sapiens	2026-05-22	unique autosomal SNP mapping in both GRCh37 and GRCh38
rs12968141	18	GRCh36	45304542	candidate BIM/PVAR position		2026-05-22	source-build position preserved from candidate genotype map
rs12968141	18	GRCh37	47050544	Ensembl REST variation endpoint	https://grch37.rest.ensembl.org/variation/homo_sapiens	2026-05-22	unique autosomal SNP mapping in both GRCh37 and GRCh38
rs12968141	18	GRCh38	49524174	Ensembl REST variation endpoint	https://rest.ensembl.org/variation/homo_sapiens	2026-05-22	unique autosomal SNP mapping in both GRCh37 and GRCh38
rs9949574	18	GRCh36	46920624	candidate BIM/PVAR position		2026-05-22	source-build position preserved from candidate genotype map
rs9949574	18	GRCh37	48666626	Ensembl REST variation endpoint	https://grch37.rest.ensembl.org/variation/homo_sapiens	2026-05-22	unique autosomal SNP mapping in both GRCh37 and GRCh38
rs9949574	18	GRCh38	51140256	Ensembl REST variation endpoint	https://rest.ensembl.org/variation/homo_sapiens	2026-05-22	unique autosomal SNP mapping in both GRCh37 and GRCh38
rs8092948	18	GRCh36	48336148	candidate BIM/PVAR position		2026-05-22	source-build position preserved from candidate genotype map
rs8092948	18	GRCh37	50082150	Ensembl REST variation endpoint	https://grch37.rest.ensembl.org/variation/homo_sapiens	2026-05-22	unique autosomal SNP mapping in both GRCh37 and GRCh38
rs8092948	18	GRCh38	52555780	Ensembl REST variation endpoint	https://rest.ensembl.org/variation/homo_sapiens	2026-05-22	unique autosomal SNP mapping in both GRCh37 and GRCh38
rs1025854	18	GRCh36	49347390	candidate BIM/PVAR position		2026-05-22	source-build position preserved from candidate genotype map
rs1025854	18	GRCh37	51093392	Ensembl REST variation endpoint	https://grch37.rest.ensembl.org/variation/homo_sapiens	2026-05-22	unique autosomal SNP mapping in both GRCh37 and GRCh38
rs1025854	18	GRCh38	53567022	Ensembl REST variation endpoint	https://rest.ensembl.org/variation/homo_sapiens	2026-05-22	unique autosomal SNP mapping in both GRCh37 and GRCh38
rs4239466	18	GRCh36	50763776	candidate BIM/PVAR position		2026-05-22	source-build position preserved from candidate genotype map
rs4239466	18	GRCh37	52612778	Ensembl REST variation endpoint	https://grch37.rest.ensembl.org/variation/homo_sapiens	2026-05-22	unique autosomal SNP mapping in both GRCh37 and GRCh38
rs4239466	18	GRCh38	54945547	Ensembl REST variation endpoint	https://rest.ensembl.org/variation/homo_sapiens	2026-05-22	unique autosomal SNP mapping in both GRCh37 and GRCh38
rs4801010	18	GRCh36	51779825	candidate BIM/PVAR position		2026-05-22	source-build position preserved from candidate genotype map
rs4801010	18	GRCh37	53628827	Ensembl REST variation endpoint	https://grch37.rest.ensembl.org/variation/homo_sapiens	2026-05-22	unique autosomal SNP mapping in both GRCh37 and GRCh38
rs4801010	18	GRCh38	55961596	Ensembl REST variation endpoint	https://rest.ensembl.org/variation/homo_sapiens	2026-05-22	unique autosomal SNP mapping in both GRCh37 and GRCh38
rs9956596	18	GRCh36	52796680	candidate BIM/PVAR position		2026-05-22	source-build position preserved from candidate genotype map
rs9956596	18	GRCh37	54645682	Ensembl REST variation endpoint	https://grch37.rest.ensembl.org/variation/homo_sapiens	2026-05-22	unique autosomal SNP mapping in both GRCh37 and GRCh38
rs9956596	18	GRCh38	56978451	Ensembl REST variation endpoint	https://rest.ensembl.org/variation/homo_sapiens	2026-05-22	unique autosomal SNP mapping in both GRCh37 and GRCh38
rs7240489	18	GRCh36	53801038	candidate BIM/PVAR position		2026-05-22	source-build position preserved from candidate genotype map
rs7240489	18	GRCh37	55650040	Ensembl REST variation endpoint	https://grch37.rest.ensembl.org/variation/homo_sapiens	2026-05-22	unique autosomal SNP mapping in both GRCh37 and GRCh38
rs7240489	18	GRCh38	57982808	Ensembl REST variation endpoint	https://rest.ensembl.org/variation/homo_sapiens	2026-05-22	unique autosomal SNP mapping in both GRCh37 and GRCh38
rs17695084	18	GRCh36	54806930	candidate BIM/PVAR position		2026-05-22	source-build position preserved from candidate genotype map
rs17695084	18	GRCh37	56655950	Ensembl REST variation endpoint	https://grch37.rest.ensembl.org/variation/homo_sapiens	2026-05-22	unique autosomal SNP mapping in both GRCh37 and GRCh38
rs17695084	18	GRCh38	58988718	Ensembl REST variation endpoint	https://rest.ensembl.org/variation/homo_sapiens	2026-05-22	unique autosomal SNP mapping in both GRCh37 and GRCh38
rs11875625	18	GRCh36	55813386	candidate BIM/PVAR position		2026-05-22	source-build position preserved from candidate genotype map
rs11875625	18	GRCh37	57662406	Ensembl REST variation endpoint	https://grch37.rest.ensembl.org/variation/homo_sapiens	2026-05-22	unique autosomal SNP mapping in both GRCh37 and GRCh38
rs11875625	18	GRCh38	59995174	Ensembl REST variation endpoint	https://rest.ensembl.org/variation/homo_sapiens	2026-05-22	unique autosomal SNP mapping in both GRCh37 and GRCh38
rs986423	18	GRCh36	56826758	candidate BIM/PVAR position		2026-05-22	source-build position preserved from candidate genotype map
rs986423	18	GRCh37	58675778	Ensembl REST variation endpoint	https://grch37.rest.ensembl.org/variation/homo_sapiens	2026-05-22	unique autosomal SNP mapping in both GRCh37 and GRCh38
rs986423	18	GRCh38	61008545	Ensembl REST variation endpoint	https://rest.ensembl.org/variation/homo_sapiens	2026-05-22	unique autosomal SNP mapping in both GRCh37 and GRCh38
rs435439	18	GRCh36	58441519	candidate BIM/PVAR position		2026-05-22	source-build position preserved from candidate genotype map
rs435439	18	GRCh37	60290539	Ensembl REST variation endpoint	https://grch37.rest.ensembl.org/variation/homo_sapiens	2026-05-22	unique autosomal SNP mapping in both GRCh37 and GRCh38
rs435439	18	GRCh38	62623306	Ensembl REST variation endpoint	https://rest.ensembl.org/variation/homo_sapiens	2026-05-22	unique autosomal SNP mapping in both GRCh37 and GRCh38
rs645623	18	GRCh36	59445916	candidate BIM/PVAR position		2026-05-22	source-build position preserved from candidate genotype map
rs645623	18	GRCh37	61294936	Ensembl REST variation endpoint	https://grch37.rest.ensembl.org/variation/homo_sapiens	2026-05-22	unique autosomal SNP mapping in both GRCh37 and GRCh38
rs645623	18	GRCh38	63627702	Ensembl REST variation endpoint	https://rest.ensembl.org/variation/homo_sapiens	2026-05-22	unique autosomal SNP mapping in both GRCh37 and GRCh38
rs12954548	18	GRCh36	60456385	candidate BIM/PVAR position		2026-05-22	source-build position preserved from candidate genotype map
rs12954548	18	GRCh37	62305405	Ensembl REST variation endpoint	https://grch37.rest.ensembl.org/variation/homo_sapiens	2026-05-22	unique autosomal SNP mapping in both GRCh37 and GRCh38
rs12954548	18	GRCh38	64638170	Ensembl REST variation endpoint	https://rest.ensembl.org/variation/homo_sapiens	2026-05-22	unique autosomal SNP mapping in both GRCh37 and GRCh38
rs2715304	18	GRCh36	61864894	candidate BIM/PVAR position		2026-05-22	source-build position preserved from candidate genotype map
rs2715304	18	GRCh37	63713914	Ensembl REST variation endpoint	https://grch37.rest.ensembl.org/variation/homo_sapiens	2026-05-22	unique autosomal SNP mapping in both GRCh37 and GRCh38
rs2715304	18	GRCh38	66046678	Ensembl REST variation endpoint	https://rest.ensembl.org/variation/homo_sapiens	2026-05-22	unique autosomal SNP mapping in both GRCh37 and GRCh38
rs8097935	18	GRCh36	62872374	candidate BIM/PVAR position		2026-05-22	source-build position preserved from candidate genotype map
rs8097935	18	GRCh37	64721394	Ensembl REST variation endpoint	https://grch37.rest.ensembl.org/variation/homo_sapiens	2026-05-22	unique autosomal SNP mapping in both GRCh37 and GRCh38
rs8097935	18	GRCh38	67054157	Ensembl REST variation endpoint	https://rest.ensembl.org/variation/homo_sapiens	2026-05-22	unique autosomal SNP mapping in both GRCh37 and GRCh38
rs11875488	18	GRCh36	63877129	candidate BIM/PVAR position		2026-05-22	source-build position preserved from candidate genotype map
rs11875488	18	GRCh37	65726149	Ensembl REST variation endpoint	https://grch37.rest.ensembl.org/variation/homo_sapiens	2026-05-22	unique autosomal SNP mapping in both GRCh37 and GRCh38
rs11875488	18	GRCh38	68058912	Ensembl REST variation endpoint	https://rest.ensembl.org/variation/homo_sapiens	2026-05-22	unique autosomal SNP mapping in both GRCh37 and GRCh38
rs4310968	18	GRCh36	64886115	candidate BIM/PVAR position		2026-05-22	source-build position preserved from candidate genotype map
rs4310968	18	GRCh37	66735135	Ensembl REST variation endpoint	https://grch37.rest.ensembl.org/variation/homo_sapiens	2026-05-22	unique autosomal SNP mapping in both GRCh37 and GRCh38
rs4310968	18	GRCh38	69067898	Ensembl REST variation endpoint	https://rest.ensembl.org/variation/homo_sapiens	2026-05-22	unique autosomal SNP mapping in both GRCh37 and GRCh38
rs17082988	18	GRCh36	66504964	candidate BIM/PVAR position		2026-05-22	source-build position preserved from candidate genotype map
rs17082988	18	GRCh37	68353984	Ensembl REST variation endpoint	https://grch37.rest.ensembl.org/variation/homo_sapiens	2026-05-22	unique autosomal SNP mapping in both GRCh37 and GRCh38
rs17082988	18	GRCh38	70686748	Ensembl REST variation endpoint	https://rest.ensembl.org/variation/homo_sapiens	2026-05-22	unique autosomal SNP mapping in both GRCh37 and GRCh38
rs9319825	18	GRCh36	67524503	candidate BIM/PVAR position		2026-05-22	source-build position preserved from candidate genotype map
rs9319825	18	GRCh37	69373523	Ensembl REST variation endpoint	https://grch37.rest.ensembl.org/variation/homo_sapiens	2026-05-22	unique autosomal SNP mapping in both GRCh37 and GRCh38
rs9319825	18	GRCh38	71706287	Ensembl REST variation endpoint	https://rest.ensembl.org/variation/homo_sapiens	2026-05-22	unique autosomal SNP mapping in both GRCh37 and GRCh38
rs2340615	18	GRCh36	68534238	candidate BIM/PVAR position		2026-05-22	source-build position preserved from candidate genotype map
rs2340615	18	GRCh37	70383258	Ensembl REST variation endpoint	https://grch37.rest.ensembl.org/variation/homo_sapiens	2026-05-22	unique autosomal SNP mapping in both GRCh37 and GRCh38
rs2340615	18	GRCh38	72716023	Ensembl REST variation endpoint	https://rest.ensembl.org/variation/homo_sapiens	2026-05-22	unique autosomal SNP mapping in both GRCh37 and GRCh38
rs8094769	18	GRCh36	69943664	candidate BIM/PVAR position		2026-05-22	source-build position preserved from candidate genotype map
rs8094769	18	GRCh37	71792684	Ensembl REST variation endpoint	https://grch37.rest.ensembl.org/variation/homo_sapiens	2026-05-22	unique autosomal SNP mapping in both GRCh37 and GRCh38
rs8094769	18	GRCh38	74125449	Ensembl REST variation endpoint	https://rest.ensembl.org/variation/homo_sapiens	2026-05-22	unique autosomal SNP mapping in both GRCh37 and GRCh38
rs9965745	18	GRCh36	71558151	candidate BIM/PVAR position		2026-05-22	source-build position preserved from candidate genotype map
rs9965745	18	GRCh37	73429163	Ensembl REST variation endpoint	https://grch37.rest.ensembl.org/variation/homo_sapiens	2026-05-22	unique autosomal SNP mapping in both GRCh37 and GRCh38
rs9965745	18	GRCh38	75717208	Ensembl REST variation endpoint	https://rest.ensembl.org/variation/homo_sapiens	2026-05-22	unique autosomal SNP mapping in both GRCh37 and GRCh38
rs4393659	18	GRCh36	72561380	candidate BIM/PVAR position		2026-05-22	source-build position preserved from candidate genotype map
rs4393659	18	GRCh37	74432392	Ensembl REST variation endpoint	https://grch37.rest.ensembl.org/variation/homo_sapiens	2026-05-22	unique autosomal SNP mapping in both GRCh37 and GRCh38
rs4393659	18	GRCh38	76720436	Ensembl REST variation endpoint	https://rest.ensembl.org/variation/homo_sapiens	2026-05-22	unique autosomal SNP mapping in both GRCh37 and GRCh38
rs354900	18	GRCh36	73571416	candidate BIM/PVAR position		2026-05-22	source-build position preserved from candidate genotype map
rs354900	18	GRCh37	75442428	Ensembl REST variation endpoint	https://grch37.rest.ensembl.org/variation/homo_sapiens	2026-05-22	unique autosomal SNP mapping in both GRCh37 and GRCh38
rs354900	18	GRCh38	77730472	Ensembl REST variation endpoint	https://rest.ensembl.org/variation/homo_sapiens	2026-05-22	unique autosomal SNP mapping in both GRCh37 and GRCh38
rs508315	18	GRCh36	74982786	candidate BIM/PVAR position		2026-05-22	source-build position preserved from candidate genotype map
rs508315	18	GRCh37	76881798	Ensembl REST variation endpoint	https://grch37.rest.ensembl.org/variation/homo_sapiens	2026-05-22	unique autosomal SNP mapping in both GRCh37 and GRCh38
rs508315	18	GRCh38	79121798	Ensembl REST variation endpoint	https://rest.ensembl.org/variation/homo_sapiens	2026-05-22	unique autosomal SNP mapping in both GRCh37 and GRCh38
rs12610448	19	GRCh36	8438219	candidate BIM/PVAR position		2026-05-22	source-build position preserved from candidate genotype map
rs12610448	19	GRCh37	8532219	Ensembl REST variation endpoint	https://grch37.rest.ensembl.org/variation/homo_sapiens	2026-05-22	unique autosomal SNP mapping in both GRCh37 and GRCh38
rs12610448	19	GRCh38	8467335	Ensembl REST variation endpoint	https://rest.ensembl.org/variation/homo_sapiens	2026-05-22	unique autosomal SNP mapping in both GRCh37 and GRCh38
rs9967634	19	GRCh36	9457834	candidate BIM/PVAR position		2026-05-22	source-build position preserved from candidate genotype map
rs9967634	19	GRCh37	9596834	Ensembl REST variation endpoint	https://grch37.rest.ensembl.org/variation/homo_sapiens	2026-05-22	unique autosomal SNP mapping in both GRCh37 and GRCh38
rs9967634	19	GRCh38	9486158	Ensembl REST variation endpoint	https://rest.ensembl.org/variation/homo_sapiens	2026-05-22	unique autosomal SNP mapping in both GRCh37 and GRCh38
rs8271	19	GRCh36	10661268	candidate BIM/PVAR position		2026-05-22	source-build position preserved from candidate genotype map
rs8271	19	GRCh37	10800268	Ensembl REST variation endpoint	https://grch37.rest.ensembl.org/variation/homo_sapiens	2026-05-22	unique autosomal SNP mapping in both GRCh37 and GRCh38
rs8271	19	GRCh38	10689592	Ensembl REST variation endpoint	https://rest.ensembl.org/variation/homo_sapiens	2026-05-22	unique autosomal SNP mapping in both GRCh37 and GRCh38
rs279205	19	GRCh36	11875274	candidate BIM/PVAR position		2026-05-22	source-build position preserved from candidate genotype map
rs279205	19	GRCh37	12014274	Ensembl REST variation endpoint	https://grch37.rest.ensembl.org/variation/homo_sapiens	2026-05-22	unique autosomal SNP mapping in both GRCh37 and GRCh38
rs279205	19	GRCh38	11903459	Ensembl REST variation endpoint	https://rest.ensembl.org/variation/homo_sapiens	2026-05-22	unique autosomal SNP mapping in both GRCh37 and GRCh38
rs8111717	19	GRCh36	13090501	candidate BIM/PVAR position		2026-05-22	source-build position preserved from candidate genotype map
rs8111717	19	GRCh37	13229501	Ensembl REST variation endpoint	https://grch37.rest.ensembl.org/variation/homo_sapiens	2026-05-22	unique autosomal SNP mapping in both GRCh37 and GRCh38
rs8111717	19	GRCh38	13118687	Ensembl REST variation endpoint	https://rest.ensembl.org/variation/homo_sapiens	2026-05-22	unique autosomal SNP mapping in both GRCh37 and GRCh38
rs7246175	19	GRCh36	14099102	candidate BIM/PVAR position		2026-05-22	source-build position preserved from candidate genotype map
rs7246175	19	GRCh37	14238102	Ensembl REST variation endpoint	https://grch37.rest.ensembl.org/variation/homo_sapiens	2026-05-22	unique autosomal SNP mapping in both GRCh37 and GRCh38
rs7246175	19	GRCh38	14127290	Ensembl REST variation endpoint	https://rest.ensembl.org/variation/homo_sapiens	2026-05-22	unique autosomal SNP mapping in both GRCh37 and GRCh38
rs10420080	19	GRCh36	15317209	candidate BIM/PVAR position		2026-05-22	source-build position preserved from candidate genotype map
rs10420080	19	GRCh37	15456209	Ensembl REST variation endpoint	https://grch37.rest.ensembl.org/variation/homo_sapiens	2026-05-22	unique autosomal SNP mapping in both GRCh37 and GRCh38
rs10420080	19	GRCh38	15345398	Ensembl REST variation endpoint	https://rest.ensembl.org/variation/homo_sapiens	2026-05-22	unique autosomal SNP mapping in both GRCh37 and GRCh38
rs11667601	19	GRCh36	16531660	candidate BIM/PVAR position		2026-05-22	source-build position preserved from candidate genotype map
rs11667601	19	GRCh37	16670660	Ensembl REST variation endpoint	https://grch37.rest.ensembl.org/variation/homo_sapiens	2026-05-22	unique autosomal SNP mapping in both GRCh37 and GRCh38
rs11667601	19	GRCh38	16559849	Ensembl REST variation endpoint	https://rest.ensembl.org/variation/homo_sapiens	2026-05-22	unique autosomal SNP mapping in both GRCh37 and GRCh38
rs2287855	19	GRCh36	17746880	candidate BIM/PVAR position		2026-05-22	source-build position preserved from candidate genotype map
rs2287855	19	GRCh37	17885880	Ensembl REST variation endpoint	https://grch37.rest.ensembl.org/variation/homo_sapiens	2026-05-22	unique autosomal SNP mapping in both GRCh37 and GRCh38
rs2287855	19	GRCh38	17775071	Ensembl REST variation endpoint	https://rest.ensembl.org/variation/homo_sapiens	2026-05-22	unique autosomal SNP mapping in both GRCh37 and GRCh38
rs3761081	19	GRCh36	19162186	candidate BIM/PVAR position		2026-05-22	source-build position preserved from candidate genotype map
rs3761081	19	GRCh37	19301186	Ensembl REST variation endpoint	https://grch37.rest.ensembl.org/variation/homo_sapiens	2026-05-22	unique autosomal SNP mapping in both GRCh37 and GRCh38
rs3761081	19	GRCh38	19190377	Ensembl REST variation endpoint	https://rest.ensembl.org/variation/homo_sapiens	2026-05-22	unique autosomal SNP mapping in both GRCh37 and GRCh38
rs2701308	19	GRCh36	20383552	candidate BIM/PVAR position		2026-05-22	source-build position preserved from candidate genotype map
rs2701308	19	GRCh37	20519721	Ensembl REST variation endpoint	https://grch37.rest.ensembl.org/variation/homo_sapiens	2026-05-22	unique autosomal SNP mapping in both GRCh37 and GRCh38
rs2701308	19	GRCh38	20408912	Ensembl REST variation endpoint	https://rest.ensembl.org/variation/homo_sapiens	2026-05-22	unique autosomal SNP mapping in both GRCh37 and GRCh38
rs9973270	19	GRCh36	21606759	candidate BIM/PVAR position		2026-05-22	source-build position preserved from candidate genotype map
rs9973270	19	GRCh37	21814919	Ensembl REST variation endpoint	https://grch37.rest.ensembl.org/variation/homo_sapiens	2026-05-22	unique autosomal SNP mapping in both GRCh37 and GRCh38
rs9973270	19	GRCh38	21632117	Ensembl REST variation endpoint	https://rest.ensembl.org/variation/homo_sapiens	2026-05-22	unique autosomal SNP mapping in both GRCh37 and GRCh38
rs12983761	19	GRCh36	22632437	candidate BIM/PVAR position		2026-05-22	source-build position preserved from candidate genotype map
rs12983761	19	GRCh37	22840597	Ensembl REST variation endpoint	https://grch37.rest.ensembl.org/variation/homo_sapiens	2026-05-22	unique autosomal SNP mapping in both GRCh37 and GRCh38
rs12983761	19	GRCh38	22657795	Ensembl REST variation endpoint	https://rest.ensembl.org/variation/homo_sapiens	2026-05-22	unique autosomal SNP mapping in both GRCh37 and GRCh38
rs4633857	19	GRCh36	23651828	candidate BIM/PVAR position		2026-05-22	source-build position preserved from candidate genotype map
rs4633857	19	GRCh37	23859988	Ensembl REST variation endpoint	https://grch37.rest.ensembl.org/variation/homo_sapiens	2026-05-22	unique autosomal SNP mapping in both GRCh37 and GRCh38
rs4633857	19	GRCh38	23677186	Ensembl REST variation endpoint	https://rest.ensembl.org/variation/homo_sapiens	2026-05-22	unique autosomal SNP mapping in both GRCh37 and GRCh38
rs2198978	19	GRCh36	32520504	candidate BIM/PVAR position		2026-05-22	source-build position preserved from candidate genotype map
rs2198978	19	GRCh37	27828664	Ensembl REST variation endpoint	https://grch37.rest.ensembl.org/variation/homo_sapiens	2026-05-22	unique autosomal SNP mapping in both GRCh37 and GRCh38
rs2198978	19	GRCh38	27337756	Ensembl REST variation endpoint	https://rest.ensembl.org/variation/homo_sapiens	2026-05-22	unique autosomal SNP mapping in both GRCh37 and GRCh38
rs10401181	19	GRCh36	33536970	candidate BIM/PVAR position		2026-05-22	source-build position preserved from candidate genotype map
rs10401181	19	GRCh37	28845130	Ensembl REST variation endpoint	https://grch37.rest.ensembl.org/variation/homo_sapiens	2026-05-22	unique autosomal SNP mapping in both GRCh37 and GRCh38
rs10401181	19	GRCh38	28354223	Ensembl REST variation endpoint	https://rest.ensembl.org/variation/homo_sapiens	2026-05-22	unique autosomal SNP mapping in both GRCh37 and GRCh38
rs4805371	19	GRCh36	34545136	candidate BIM/PVAR position		2026-05-22	source-build position preserved from candidate genotype map
rs4805371	19	GRCh37	29853296	Ensembl REST variation endpoint	https://grch37.rest.ensembl.org/variation/homo_sapiens	2026-05-22	unique autosomal SNP mapping in both GRCh37 and GRCh38
rs4805371	19	GRCh38	29362389	Ensembl REST variation endpoint	https://rest.ensembl.org/variation/homo_sapiens	2026-05-22	unique autosomal SNP mapping in both GRCh37 and GRCh38
rs3810304	19	GRCh36	35553523	candidate BIM/PVAR position		2026-05-22	source-build position preserved from candidate genotype map
rs3810304	19	GRCh37	30861683	Ensembl REST variation endpoint	https://grch37.rest.ensembl.org/variation/homo_sapiens	2026-05-22	unique autosomal SNP mapping in both GRCh37 and GRCh38
rs3810304	19	GRCh38	30370776	Ensembl REST variation endpoint	https://rest.ensembl.org/variation/homo_sapiens	2026-05-22	unique autosomal SNP mapping in both GRCh37 and GRCh38
rs1496631	19	GRCh36	36576886	candidate BIM/PVAR position		2026-05-22	source-build position preserved from candidate genotype map
rs1496631	19	GRCh37	31885046	Ensembl REST variation endpoint	https://grch37.rest.ensembl.org/variation/homo_sapiens	2026-05-22	unique autosomal SNP mapping in both GRCh37 and GRCh38
rs1496631	19	GRCh38	31394140	Ensembl REST variation endpoint	https://rest.ensembl.org/variation/homo_sapiens	2026-05-22	unique autosomal SNP mapping in both GRCh37 and GRCh38
rs4804994	19	GRCh36	37585455	candidate BIM/PVAR position		2026-05-22	source-build position preserved from candidate genotype map
rs4804994	19	GRCh37	32893615	Ensembl REST variation endpoint	https://grch37.rest.ensembl.org/variation/homo_sapiens	2026-05-22	unique autosomal SNP mapping in both GRCh37 and GRCh38
rs4804994	19	GRCh38	32402709	Ensembl REST variation endpoint	https://rest.ensembl.org/variation/homo_sapiens	2026-05-22	unique autosomal SNP mapping in both GRCh37 and GRCh38
rs8109973	19	GRCh36	38803123	candidate BIM/PVAR position		2026-05-22	source-build position preserved from candidate genotype map
rs8109973	19	GRCh37	34111283	Ensembl REST variation endpoint	https://grch37.rest.ensembl.org/variation/homo_sapiens	2026-05-22	unique autosomal SNP mapping in both GRCh37 and GRCh38
rs8109973	19	GRCh38	33620377	Ensembl REST variation endpoint	https://rest.ensembl.org/variation/homo_sapiens	2026-05-22	unique autosomal SNP mapping in both GRCh37 and GRCh38
rs11879929	19	GRCh36	39817559	candidate BIM/PVAR position		2026-05-22	source-build position preserved from candidate genotype map
rs11879929	19	GRCh37	35125719	Ensembl REST variation endpoint	https://grch37.rest.ensembl.org/variation/homo_sapiens	2026-05-22	unique autosomal SNP mapping in both GRCh37 and GRCh38
rs11879929	19	GRCh38	34634814	Ensembl REST variation endpoint	https://rest.ensembl.org/variation/homo_sapiens	2026-05-22	unique autosomal SNP mapping in both GRCh37 and GRCh38
rs392702	19	GRCh36	41030903	candidate BIM/PVAR position		2026-05-22	source-build position preserved from candidate genotype map
rs392702	19	GRCh37	36339063	Ensembl REST variation endpoint	https://grch37.rest.ensembl.org/variation/homo_sapiens	2026-05-22	unique autosomal SNP mapping in both GRCh37 and GRCh38
rs392702	19	GRCh38	35848161	Ensembl REST variation endpoint	https://rest.ensembl.org/variation/homo_sapiens	2026-05-22	unique autosomal SNP mapping in both GRCh37 and GRCh38
rs12327654	19	GRCh36	42248513	candidate BIM/PVAR position		2026-05-22	source-build position preserved from candidate genotype map
rs12327654	19	GRCh37	37556673	Ensembl REST variation endpoint	https://grch37.rest.ensembl.org/variation/homo_sapiens	2026-05-22	unique autosomal SNP mapping in both GRCh37 and GRCh38
rs12327654	19	GRCh38	37065771	Ensembl REST variation endpoint	https://rest.ensembl.org/variation/homo_sapiens	2026-05-22	unique autosomal SNP mapping in both GRCh37 and GRCh38
rs8101725	19	GRCh36	43456912	candidate BIM/PVAR position		2026-05-22	source-build position preserved from candidate genotype map
rs8101725	19	GRCh37	38765072	Ensembl REST variation endpoint	https://grch37.rest.ensembl.org/variation/homo_sapiens	2026-05-22	unique autosomal SNP mapping in both GRCh37 and GRCh38
rs8101725	19	GRCh38	38274432	Ensembl REST variation endpoint	https://rest.ensembl.org/variation/homo_sapiens	2026-05-22	unique autosomal SNP mapping in both GRCh37 and GRCh38
rs6508902	19	GRCh36	44874435	candidate BIM/PVAR position		2026-05-22	source-build position preserved from candidate genotype map
rs6508902	19	GRCh37	40182595	Ensembl REST variation endpoint	https://grch37.rest.ensembl.org/variation/homo_sapiens	2026-05-22	unique autosomal SNP mapping in both GRCh37 and GRCh38
rs6508902	19	GRCh38	39691955	Ensembl REST variation endpoint	https://rest.ensembl.org/variation/homo_sapiens	2026-05-22	unique autosomal SNP mapping in both GRCh37 and GRCh38
rs4803400	19	GRCh36	46097802	candidate BIM/PVAR position		2026-05-22	source-build position preserved from candidate genotype map
rs4803400	19	GRCh37	41405962	Ensembl REST variation endpoint	https://grch37.rest.ensembl.org/variation/homo_sapiens	2026-05-22	unique autosomal SNP mapping in both GRCh37 and GRCh38
rs4803400	19	GRCh38	40900057	Ensembl REST variation endpoint	https://rest.ensembl.org/variation/homo_sapiens	2026-05-22	unique autosomal SNP mapping in both GRCh37 and GRCh38
rs1308081	19	GRCh36	47326823	candidate BIM/PVAR position		2026-05-22	source-build position preserved from candidate genotype map
rs1308081	19	GRCh37	42634983	Ensembl REST variation endpoint	https://grch37.rest.ensembl.org/variation/homo_sapiens	2026-05-22	unique autosomal SNP mapping in both GRCh37 and GRCh38
rs1308081	19	GRCh38	42130831	Ensembl REST variation endpoint	https://rest.ensembl.org/variation/homo_sapiens	2026-05-22	unique autosomal SNP mapping in both GRCh37 and GRCh38
rs8109124	19	GRCh36	48593671	candidate BIM/PVAR position		2026-05-22	source-build position preserved from candidate genotype map
rs8109124	19	GRCh37	43901831	Ensembl REST variation endpoint	https://grch37.rest.ensembl.org/variation/homo_sapiens	2026-05-22	unique autosomal SNP mapping in both GRCh37 and GRCh38
rs8109124	19	GRCh38	43397679	Ensembl REST variation endpoint	https://rest.ensembl.org/variation/homo_sapiens	2026-05-22	unique autosomal SNP mapping in both GRCh37 and GRCh38
rs846893	19	GRCh36	49811496	candidate BIM/PVAR position		2026-05-22	source-build position preserved from candidate genotype map
rs846893	19	GRCh37	45119656	Ensembl REST variation endpoint	https://grch37.rest.ensembl.org/variation/homo_sapiens	2026-05-22	unique autosomal SNP mapping in both GRCh37 and GRCh38
rs846893	19	GRCh38	44616346	Ensembl REST variation endpoint	https://rest.ensembl.org/variation/homo_sapiens	2026-05-22	unique autosomal SNP mapping in both GRCh37 and GRCh38
rs3826893	19	GRCh36	51023982	candidate BIM/PVAR position		2026-05-22	source-build position preserved from candidate genotype map
rs3826893	19	GRCh37	46332142	Ensembl REST variation endpoint	https://grch37.rest.ensembl.org/variation/homo_sapiens	2026-05-22	unique autosomal SNP mapping in both GRCh37 and GRCh38
rs3826893	19	GRCh38	45828884	Ensembl REST variation endpoint	https://rest.ensembl.org/variation/homo_sapiens	2026-05-22	unique autosomal SNP mapping in both GRCh37 and GRCh38
rs312187	19	GRCh36	52034079	candidate BIM/PVAR position		2026-05-22	source-build position preserved from candidate genotype map
rs312187	19	GRCh37	47342239	Ensembl REST variation endpoint	https://grch37.rest.ensembl.org/variation/homo_sapiens	2026-05-22	unique autosomal SNP mapping in both GRCh37 and GRCh38
rs312187	19	GRCh38	46838982	Ensembl REST variation endpoint	https://rest.ensembl.org/variation/homo_sapiens	2026-05-22	unique autosomal SNP mapping in both GRCh37 and GRCh38
rs3786776	19	GRCh36	53242659	candidate BIM/PVAR position		2026-05-22	source-build position preserved from candidate genotype map
rs3786776	19	GRCh37	48550847	Ensembl REST variation endpoint	https://grch37.rest.ensembl.org/variation/homo_sapiens	2026-05-22	unique autosomal SNP mapping in both GRCh37 and GRCh38
rs3786776	19	GRCh38	48047590	Ensembl REST variation endpoint	https://rest.ensembl.org/variation/homo_sapiens	2026-05-22	unique autosomal SNP mapping in both GRCh37 and GRCh38
rs1654322	19	GRCh36	54453607	candidate BIM/PVAR position		2026-05-22	source-build position preserved from candidate genotype map
rs1654322	19	GRCh37	49761795	Ensembl REST variation endpoint	https://grch37.rest.ensembl.org/variation/homo_sapiens	2026-05-22	unique autosomal SNP mapping in both GRCh37 and GRCh38
rs1654322	19	GRCh38	49258538	Ensembl REST variation endpoint	https://rest.ensembl.org/variation/homo_sapiens	2026-05-22	unique autosomal SNP mapping in both GRCh37 and GRCh38
rs1274598	19	GRCh36	55664887	candidate BIM/PVAR position		2026-05-22	source-build position preserved from candidate genotype map
rs1274598	19	GRCh37	50973075	Ensembl REST variation endpoint	https://grch37.rest.ensembl.org/variation/homo_sapiens	2026-05-22	unique autosomal SNP mapping in both GRCh37 and GRCh38
rs1274598	19	GRCh38	50469818	Ensembl REST variation endpoint	https://rest.ensembl.org/variation/homo_sapiens	2026-05-22	unique autosomal SNP mapping in both GRCh37 and GRCh38
rs41475550	19	GRCh36	56671620	candidate BIM/PVAR position		2026-05-22	source-build position preserved from candidate genotype map
rs41475550	19	GRCh37	51979808	Ensembl REST variation endpoint	https://grch37.rest.ensembl.org/variation/homo_sapiens	2026-05-22	unique autosomal SNP mapping in both GRCh37 and GRCh38
rs41475550	19	GRCh38	51476554	Ensembl REST variation endpoint	https://rest.ensembl.org/variation/homo_sapiens	2026-05-22	unique autosomal SNP mapping in both GRCh37 and GRCh38
rs11882311	19	GRCh36	57886156	candidate BIM/PVAR position		2026-05-22	source-build position preserved from candidate genotype map
rs11882311	19	GRCh37	53194344	Ensembl REST variation endpoint	https://grch37.rest.ensembl.org/variation/homo_sapiens	2026-05-22	unique autosomal SNP mapping in both GRCh37 and GRCh38
rs11882311	19	GRCh38	52691091	Ensembl REST variation endpoint	https://rest.ensembl.org/variation/homo_sapiens	2026-05-22	unique autosomal SNP mapping in both GRCh37 and GRCh38
rs34616316	19	GRCh36	59099766	candidate BIM/PVAR position		2026-05-22	source-build position preserved from candidate genotype map
rs34616316	19	GRCh37	54407954	Ensembl REST variation endpoint	https://grch37.rest.ensembl.org/variation/homo_sapiens	2026-05-22	unique autosomal SNP mapping in both GRCh37 and GRCh38
rs34616316	19	GRCh38	53904700	Ensembl REST variation endpoint	https://rest.ensembl.org/variation/homo_sapiens	2026-05-22	unique autosomal SNP mapping in both GRCh37 and GRCh38
rs8109370	19	GRCh36	60305539	candidate BIM/PVAR position		2026-05-22	source-build position preserved from candidate genotype map
rs8109370	19	GRCh37	55613727	Ensembl REST variation endpoint	https://grch37.rest.ensembl.org/variation/homo_sapiens	2026-05-22	unique autosomal SNP mapping in both GRCh37 and GRCh38
rs8109370	19	GRCh38	55102359	Ensembl REST variation endpoint	https://rest.ensembl.org/variation/homo_sapiens	2026-05-22	unique autosomal SNP mapping in both GRCh37 and GRCh38
rs16987296	19	GRCh36	61718208	candidate BIM/PVAR position		2026-05-22	source-build position preserved from candidate genotype map
rs16987296	19	GRCh37	57026396	Ensembl REST variation endpoint	https://grch37.rest.ensembl.org/variation/homo_sapiens	2026-05-22	unique autosomal SNP mapping in both GRCh37 and GRCh38
rs16987296	19	GRCh38	56515027	Ensembl REST variation endpoint	https://rest.ensembl.org/variation/homo_sapiens	2026-05-22	unique autosomal SNP mapping in both GRCh37 and GRCh38
rs10425895	19	GRCh36	62931721	candidate BIM/PVAR position		2026-05-22	source-build position preserved from candidate genotype map
rs10425895	19	GRCh37	58239909	Ensembl REST variation endpoint	https://grch37.rest.ensembl.org/variation/homo_sapiens	2026-05-22	unique autosomal SNP mapping in both GRCh37 and GRCh38
rs10425895	19	GRCh38	57728541	Ensembl REST variation endpoint	https://rest.ensembl.org/variation/homo_sapiens	2026-05-22	unique autosomal SNP mapping in both GRCh37 and GRCh38
rs1438101	20	GRCh36	1629609	candidate BIM/PVAR position		2026-05-22	source-build position preserved from candidate genotype map
rs1438101	20	GRCh37	1681609	Ensembl REST variation endpoint	https://grch37.rest.ensembl.org/variation/homo_sapiens	2026-05-22	unique autosomal SNP mapping in both GRCh37 and GRCh38
rs1438101	20	GRCh38	1700963	Ensembl REST variation endpoint	https://rest.ensembl.org/variation/homo_sapiens	2026-05-22	unique autosomal SNP mapping in both GRCh37 and GRCh38
rs6138948	20	GRCh36	2845420	candidate BIM/PVAR position		2026-05-22	source-build position preserved from candidate genotype map
rs6138948	20	GRCh37	2897420	Ensembl REST variation endpoint	https://grch37.rest.ensembl.org/variation/homo_sapiens	2026-05-22	unique autosomal SNP mapping in both GRCh37 and GRCh38
rs6138948	20	GRCh38	2916774	Ensembl REST variation endpoint	https://rest.ensembl.org/variation/homo_sapiens	2026-05-22	unique autosomal SNP mapping in both GRCh37 and GRCh38
rs1741283	20	GRCh36	4061515	candidate BIM/PVAR position		2026-05-22	source-build position preserved from candidate genotype map
rs1741283	20	GRCh37	4113515	Ensembl REST variation endpoint	https://grch37.rest.ensembl.org/variation/homo_sapiens	2026-05-22	unique autosomal SNP mapping in both GRCh37 and GRCh38
rs1741283	20	GRCh38	4132868	Ensembl REST variation endpoint	https://rest.ensembl.org/variation/homo_sapiens	2026-05-22	unique autosomal SNP mapping in both GRCh37 and GRCh38
rs6139696	20	GRCh36	5273798	candidate BIM/PVAR position		2026-05-22	source-build position preserved from candidate genotype map
rs6139696	20	GRCh37	5325798	Ensembl REST variation endpoint	https://grch37.rest.ensembl.org/variation/homo_sapiens	2026-05-22	unique autosomal SNP mapping in both GRCh37 and GRCh38
rs6139696	20	GRCh38	5345152	Ensembl REST variation endpoint	https://rest.ensembl.org/variation/homo_sapiens	2026-05-22	unique autosomal SNP mapping in both GRCh37 and GRCh38
rs235711	20	GRCh36	6688089	candidate BIM/PVAR position		2026-05-22	source-build position preserved from candidate genotype map
rs235711	20	GRCh37	6740089	Ensembl REST variation endpoint	https://grch37.rest.ensembl.org/variation/homo_sapiens	2026-05-22	unique autosomal SNP mapping in both GRCh37 and GRCh38
rs235711	20	GRCh38	6759442	Ensembl REST variation endpoint	https://rest.ensembl.org/variation/homo_sapiens	2026-05-22	unique autosomal SNP mapping in both GRCh37 and GRCh38
rs7270019	20	GRCh36	7903347	candidate BIM/PVAR position		2026-05-22	source-build position preserved from candidate genotype map
rs7270019	20	GRCh37	7955347	Ensembl REST variation endpoint	https://grch37.rest.ensembl.org/variation/homo_sapiens	2026-05-22	unique autosomal SNP mapping in both GRCh37 and GRCh38
rs7270019	20	GRCh38	7974700	Ensembl REST variation endpoint	https://rest.ensembl.org/variation/homo_sapiens	2026-05-22	unique autosomal SNP mapping in both GRCh37 and GRCh38
rs2208297	20	GRCh36	9109185	candidate BIM/PVAR position		2026-05-22	source-build position preserved from candidate genotype map
rs2208297	20	GRCh37	9161185	Ensembl REST variation endpoint	https://grch37.rest.ensembl.org/variation/homo_sapiens	2026-05-22	unique autosomal SNP mapping in both GRCh37 and GRCh38
rs2208297	20	GRCh38	9180538	Ensembl REST variation endpoint	https://rest.ensembl.org/variation/homo_sapiens	2026-05-22	unique autosomal SNP mapping in both GRCh37 and GRCh38
rs6039901	20	GRCh36	10315409	candidate BIM/PVAR position		2026-05-22	source-build position preserved from candidate genotype map
rs6039901	20	GRCh37	10367409	Ensembl REST variation endpoint	https://grch37.rest.ensembl.org/variation/homo_sapiens	2026-05-22	unique autosomal SNP mapping in both GRCh37 and GRCh38
rs6039901	20	GRCh38	10386761	Ensembl REST variation endpoint	https://rest.ensembl.org/variation/homo_sapiens	2026-05-22	unique autosomal SNP mapping in both GRCh37 and GRCh38
rs6040781	20	GRCh36	11528336	candidate BIM/PVAR position		2026-05-22	source-build position preserved from candidate genotype map
rs6040781	20	GRCh37	11580336	Ensembl REST variation endpoint	https://grch37.rest.ensembl.org/variation/homo_sapiens	2026-05-22	unique autosomal SNP mapping in both GRCh37 and GRCh38
rs6040781	20	GRCh38	11599688	Ensembl REST variation endpoint	https://rest.ensembl.org/variation/homo_sapiens	2026-05-22	unique autosomal SNP mapping in both GRCh37 and GRCh38
rs845607	20	GRCh36	12738022	candidate BIM/PVAR position		2026-05-22	source-build position preserved from candidate genotype map
rs845607	20	GRCh37	12790022	Ensembl REST variation endpoint	https://grch37.rest.ensembl.org/variation/homo_sapiens	2026-05-22	unique autosomal SNP mapping in both GRCh37 and GRCh38
rs845607	20	GRCh38	12809374	Ensembl REST variation endpoint	https://rest.ensembl.org/variation/homo_sapiens	2026-05-22	unique autosomal SNP mapping in both GRCh37 and GRCh38
rs6110140	20	GRCh36	13958489	candidate BIM/PVAR position		2026-05-22	source-build position preserved from candidate genotype map
rs6110140	20	GRCh37	14010489	Ensembl REST variation endpoint	https://grch37.rest.ensembl.org/variation/homo_sapiens	2026-05-22	unique autosomal SNP mapping in both GRCh37 and GRCh38
rs6110140	20	GRCh38	14029843	Ensembl REST variation endpoint	https://rest.ensembl.org/variation/homo_sapiens	2026-05-22	unique autosomal SNP mapping in both GRCh37 and GRCh38
rs175302	20	GRCh36	15167033	candidate BIM/PVAR position		2026-05-22	source-build position preserved from candidate genotype map
rs175302	20	GRCh37	15219033	Ensembl REST variation endpoint	https://grch37.rest.ensembl.org/variation/homo_sapiens	2026-05-22	unique autosomal SNP mapping in both GRCh37 and GRCh38
rs175302	20	GRCh38	15238387	Ensembl REST variation endpoint	https://rest.ensembl.org/variation/homo_sapiens	2026-05-22	unique autosomal SNP mapping in both GRCh37 and GRCh38
rs2184501	20	GRCh36	16574691	candidate BIM/PVAR position		2026-05-22	source-build position preserved from candidate genotype map
rs2184501	20	GRCh37	16626691	Ensembl REST variation endpoint	https://grch37.rest.ensembl.org/variation/homo_sapiens	2026-05-22	unique autosomal SNP mapping in both GRCh37 and GRCh38
rs2184501	20	GRCh38	16646046	Ensembl REST variation endpoint	https://rest.ensembl.org/variation/homo_sapiens	2026-05-22	unique autosomal SNP mapping in both GRCh37 and GRCh38
rs2618582	20	GRCh36	17782953	candidate BIM/PVAR position		2026-05-22	source-build position preserved from candidate genotype map
rs2618582	20	GRCh37	17834953	Ensembl REST variation endpoint	https://grch37.rest.ensembl.org/variation/homo_sapiens	2026-05-22	unique autosomal SNP mapping in both GRCh37 and GRCh38
rs2618582	20	GRCh38	17854309	Ensembl REST variation endpoint	https://rest.ensembl.org/variation/homo_sapiens	2026-05-22	unique autosomal SNP mapping in both GRCh37 and GRCh38
rs6132156	20	GRCh36	19018152	candidate BIM/PVAR position		2026-05-22	source-build position preserved from candidate genotype map
rs6132156	20	GRCh37	19070152	Ensembl REST variation endpoint	https://grch37.rest.ensembl.org/variation/homo_sapiens	2026-05-22	unique autosomal SNP mapping in both GRCh37 and GRCh38
rs6132156	20	GRCh38	19089508	Ensembl REST variation endpoint	https://rest.ensembl.org/variation/homo_sapiens	2026-05-22	unique autosomal SNP mapping in both GRCh37 and GRCh38
rs6081951	20	GRCh36	20223237	candidate BIM/PVAR position		2026-05-22	source-build position preserved from candidate genotype map
rs6081951	20	GRCh37	20275237	Ensembl REST variation endpoint	https://grch37.rest.ensembl.org/variation/homo_sapiens	2026-05-22	unique autosomal SNP mapping in both GRCh37 and GRCh38
rs6081951	20	GRCh38	20294593	Ensembl REST variation endpoint	https://rest.ensembl.org/variation/homo_sapiens	2026-05-22	unique autosomal SNP mapping in both GRCh37 and GRCh38
rs6137371	20	GRCh36	21433247	candidate BIM/PVAR position		2026-05-22	source-build position preserved from candidate genotype map
rs6137371	20	GRCh37	21485247	Ensembl REST variation endpoint	https://grch37.rest.ensembl.org/variation/homo_sapiens	2026-05-22	unique autosomal SNP mapping in both GRCh37 and GRCh38
rs6137371	20	GRCh38	21504609	Ensembl REST variation endpoint	https://rest.ensembl.org/variation/homo_sapiens	2026-05-22	unique autosomal SNP mapping in both GRCh37 and GRCh38
rs10485635	20	GRCh36	22645162	candidate BIM/PVAR position		2026-05-22	source-build position preserved from candidate genotype map
rs10485635	20	GRCh37	22697162	Ensembl REST variation endpoint	https://grch37.rest.ensembl.org/variation/homo_sapiens	2026-05-22	unique autosomal SNP mapping in both GRCh37 and GRCh38
rs10485635	20	GRCh38	22716524	Ensembl REST variation endpoint	https://rest.ensembl.org/variation/homo_sapiens	2026-05-22	unique autosomal SNP mapping in both GRCh37 and GRCh38
rs1741632	20	GRCh36	23853650	candidate BIM/PVAR position		2026-05-22	source-build position preserved from candidate genotype map
rs1741632	20	GRCh37	23905650	Ensembl REST variation endpoint	https://grch37.rest.ensembl.org/variation/homo_sapiens	2026-05-22	unique autosomal SNP mapping in both GRCh37 and GRCh38
rs1741632	20	GRCh38	23925013	Ensembl REST variation endpoint	https://rest.ensembl.org/variation/homo_sapiens	2026-05-22	unique autosomal SNP mapping in both GRCh37 and GRCh38
rs6138506	20	GRCh36	25063636	candidate BIM/PVAR position		2026-05-22	source-build position preserved from candidate genotype map
rs6138506	20	GRCh37	25115636	Ensembl REST variation endpoint	https://grch37.rest.ensembl.org/variation/homo_sapiens	2026-05-22	unique autosomal SNP mapping in both GRCh37 and GRCh38
rs6138506	20	GRCh38	25135000	Ensembl REST variation endpoint	https://rest.ensembl.org/variation/homo_sapiens	2026-05-22	unique autosomal SNP mapping in both GRCh37 and GRCh38
rs6115546	20	GRCh36	26074348	candidate BIM/PVAR position		2026-05-22	source-build position preserved from candidate genotype map
rs6115546	20	GRCh37	26126348	Ensembl REST variation endpoint	https://grch37.rest.ensembl.org/variation/homo_sapiens	2026-05-22	unique autosomal SNP mapping in both GRCh37 and GRCh38
rs6115546	20	GRCh38	26145712	Ensembl REST variation endpoint	https://rest.ensembl.org/variation/homo_sapiens	2026-05-22	unique autosomal SNP mapping in both GRCh37 and GRCh38
rs2078168	20	GRCh36	28051629	candidate BIM/PVAR position		2026-05-22	source-build position preserved from candidate genotype map
rs2078168	20	GRCh37	29437968	Ensembl REST variation endpoint	https://grch37.rest.ensembl.org/variation/homo_sapiens	2026-05-22	unique autosomal SNP mapping in both GRCh37 and GRCh38
rs2078168	20	GRCh38	30203292	Ensembl REST variation endpoint	https://rest.ensembl.org/variation/homo_sapiens	2026-05-22	unique autosomal SNP mapping in both GRCh37 and GRCh38
rs6059724	20	GRCh36	29297270	candidate BIM/PVAR position		2026-05-22	source-build position preserved from candidate genotype map
rs6059724	20	GRCh37	29833609	Ensembl REST variation endpoint	https://grch37.rest.ensembl.org/variation/homo_sapiens	2026-05-22	unique autosomal SNP mapping in both GRCh37 and GRCh38
rs6059724	20	GRCh38	31245806	Ensembl REST variation endpoint	https://rest.ensembl.org/variation/homo_sapiens	2026-05-22	unique autosomal SNP mapping in both GRCh37 and GRCh38
rs4911087	20	GRCh36	30308197	candidate BIM/PVAR position		2026-05-22	source-build position preserved from candidate genotype map
rs4911087	20	GRCh37	30844536	Ensembl REST variation endpoint	https://grch37.rest.ensembl.org/variation/homo_sapiens	2026-05-22	unique autosomal SNP mapping in both GRCh37 and GRCh38
rs4911087	20	GRCh38	32256733	Ensembl REST variation endpoint	https://rest.ensembl.org/variation/homo_sapiens	2026-05-22	unique autosomal SNP mapping in both GRCh37 and GRCh38
rs982562	20	GRCh36	31320989	candidate BIM/PVAR position		2026-05-22	source-build position preserved from candidate genotype map
rs982562	20	GRCh37	31857328	Ensembl REST variation endpoint	https://grch37.rest.ensembl.org/variation/homo_sapiens	2026-05-22	unique autosomal SNP mapping in both GRCh37 and GRCh38
rs982562	20	GRCh38	33269522	Ensembl REST variation endpoint	https://rest.ensembl.org/variation/homo_sapiens	2026-05-22	unique autosomal SNP mapping in both GRCh37 and GRCh38
rs6059864	20	GRCh36	32534064	candidate BIM/PVAR position		2026-05-22	source-build position preserved from candidate genotype map
rs6059864	20	GRCh37	33070403	Ensembl REST variation endpoint	https://grch37.rest.ensembl.org/variation/homo_sapiens	2026-05-22	unique autosomal SNP mapping in both GRCh37 and GRCh38
rs6059864	20	GRCh38	34482598	Ensembl REST variation endpoint	https://rest.ensembl.org/variation/homo_sapiens	2026-05-22	unique autosomal SNP mapping in both GRCh37 and GRCh38
rs28618332	20	GRCh36	33755977	candidate BIM/PVAR position		2026-05-22	source-build position preserved from candidate genotype map
rs28618332	20	GRCh37	34292563	Ensembl REST variation endpoint	https://grch37.rest.ensembl.org/variation/homo_sapiens	2026-05-22	unique autosomal SNP mapping in both GRCh37 and GRCh38
rs28618332	20	GRCh38	35704641	Ensembl REST variation endpoint	https://rest.ensembl.org/variation/homo_sapiens	2026-05-22	unique autosomal SNP mapping in both GRCh37 and GRCh38
rs6030188	20	GRCh36	34987036	candidate BIM/PVAR position		2026-05-22	source-build position preserved from candidate genotype map
rs6030188	20	GRCh37	35553622	Ensembl REST variation endpoint	https://grch37.rest.ensembl.org/variation/homo_sapiens	2026-05-22	unique autosomal SNP mapping in both GRCh37 and GRCh38
rs6030188	20	GRCh38	36925219	Ensembl REST variation endpoint	https://rest.ensembl.org/variation/homo_sapiens	2026-05-22	unique autosomal SNP mapping in both GRCh37 and GRCh38
rs34046288	20	GRCh36	36199015	candidate BIM/PVAR position		2026-05-22	source-build position preserved from candidate genotype map
rs34046288	20	GRCh37	36765601	Ensembl REST variation endpoint	https://grch37.rest.ensembl.org/variation/homo_sapiens	2026-05-22	unique autosomal SNP mapping in both GRCh37 and GRCh38
rs34046288	20	GRCh38	38137199	Ensembl REST variation endpoint	https://rest.ensembl.org/variation/homo_sapiens	2026-05-22	unique autosomal SNP mapping in both GRCh37 and GRCh38
rs6101600	20	GRCh36	37604600	candidate BIM/PVAR position		2026-05-22	source-build position preserved from candidate genotype map
rs6101600	20	GRCh37	38171186	Ensembl REST variation endpoint	https://grch37.rest.ensembl.org/variation/homo_sapiens	2026-05-22	unique autosomal SNP mapping in both GRCh37 and GRCh38
rs6101600	20	GRCh38	39542543	Ensembl REST variation endpoint	https://rest.ensembl.org/variation/homo_sapiens	2026-05-22	unique autosomal SNP mapping in both GRCh37 and GRCh38
rs10485676	20	GRCh36	38824462	candidate BIM/PVAR position		2026-05-22	source-build position preserved from candidate genotype map
rs10485676	20	GRCh37	39391048	Ensembl REST variation endpoint	https://grch37.rest.ensembl.org/variation/homo_sapiens	2026-05-22	unique autosomal SNP mapping in both GRCh37 and GRCh38
rs10485676	20	GRCh38	40762408	Ensembl REST variation endpoint	https://rest.ensembl.org/variation/homo_sapiens	2026-05-22	unique autosomal SNP mapping in both GRCh37 and GRCh38
rs6029899	20	GRCh36	40032564	candidate BIM/PVAR position		2026-05-22	source-build position preserved from candidate genotype map
rs6029899	20	GRCh37	40599150	Ensembl REST variation endpoint	https://grch37.rest.ensembl.org/variation/homo_sapiens	2026-05-22	unique autosomal SNP mapping in both GRCh37 and GRCh38
rs6029899	20	GRCh38	41970510	Ensembl REST variation endpoint	https://rest.ensembl.org/variation/homo_sapiens	2026-05-22	unique autosomal SNP mapping in both GRCh37 and GRCh38
rs2425614	20	GRCh36	41240275	candidate BIM/PVAR position		2026-05-22	source-build position preserved from candidate genotype map
rs2425614	20	GRCh37	41806861	Ensembl REST variation endpoint	https://grch37.rest.ensembl.org/variation/homo_sapiens	2026-05-22	unique autosomal SNP mapping in both GRCh37 and GRCh38
rs2425614	20	GRCh38	43178221	Ensembl REST variation endpoint	https://rest.ensembl.org/variation/homo_sapiens	2026-05-22	unique autosomal SNP mapping in both GRCh37 and GRCh38
rs6017335	20	GRCh36	42444239	candidate BIM/PVAR position		2026-05-22	source-build position preserved from candidate genotype map
rs6017335	20	GRCh37	43010825	Ensembl REST variation endpoint	https://grch37.rest.ensembl.org/variation/homo_sapiens	2026-05-22	unique autosomal SNP mapping in both GRCh37 and GRCh38
rs6017335	20	GRCh38	44382185	Ensembl REST variation endpoint	https://rest.ensembl.org/variation/homo_sapiens	2026-05-22	unique autosomal SNP mapping in both GRCh37 and GRCh38
rs2425707	20	GRCh36	43658392	candidate BIM/PVAR position		2026-05-22	source-build position preserved from candidate genotype map
rs2425707	20	GRCh37	44224978	Ensembl REST variation endpoint	https://grch37.rest.ensembl.org/variation/homo_sapiens	2026-05-22	unique autosomal SNP mapping in both GRCh37 and GRCh38
rs2425707	20	GRCh38	45596339	Ensembl REST variation endpoint	https://rest.ensembl.org/variation/homo_sapiens	2026-05-22	unique autosomal SNP mapping in both GRCh37 and GRCh38
rs3092327	20	GRCh36	44869400	candidate BIM/PVAR position		2026-05-22	source-build position preserved from candidate genotype map
rs3092327	20	GRCh37	45435993	Ensembl REST variation endpoint	https://grch37.rest.ensembl.org/variation/homo_sapiens	2026-05-22	unique autosomal SNP mapping in both GRCh37 and GRCh38
rs3092327	20	GRCh38	46807354	Ensembl REST variation endpoint	https://rest.ensembl.org/variation/homo_sapiens	2026-05-22	unique autosomal SNP mapping in both GRCh37 and GRCh38
rs16993186	20	GRCh36	46084129	candidate BIM/PVAR position		2026-05-22	source-build position preserved from candidate genotype map
rs16993186	20	GRCh37	46650722	Ensembl REST variation endpoint	https://grch37.rest.ensembl.org/variation/homo_sapiens	2026-05-22	unique autosomal SNP mapping in both GRCh37 and GRCh38
rs16993186	20	GRCh38	48021978	Ensembl REST variation endpoint	https://rest.ensembl.org/variation/homo_sapiens	2026-05-22	unique autosomal SNP mapping in both GRCh37 and GRCh38
rs237478	20	GRCh36	47499266	candidate BIM/PVAR position		2026-05-22	source-build position preserved from candidate genotype map
rs237478	20	GRCh37	48065859	Ensembl REST variation endpoint	https://grch37.rest.ensembl.org/variation/homo_sapiens	2026-05-22	unique autosomal SNP mapping in both GRCh37 and GRCh38
rs237478	20	GRCh38	49449322	Ensembl REST variation endpoint	https://rest.ensembl.org/variation/homo_sapiens	2026-05-22	unique autosomal SNP mapping in both GRCh37 and GRCh38
rs4809802	20	GRCh36	48713149	candidate BIM/PVAR position		2026-05-22	source-build position preserved from candidate genotype map
rs4809802	20	GRCh37	49279742	Ensembl REST variation endpoint	https://grch37.rest.ensembl.org/variation/homo_sapiens	2026-05-22	unique autosomal SNP mapping in both GRCh37 and GRCh38
rs4809802	20	GRCh38	50663205	Ensembl REST variation endpoint	https://rest.ensembl.org/variation/homo_sapiens	2026-05-22	unique autosomal SNP mapping in both GRCh37 and GRCh38
rs4811253	20	GRCh36	49921745	candidate BIM/PVAR position		2026-05-22	source-build position preserved from candidate genotype map
rs4811253	20	GRCh37	50488338	Ensembl REST variation endpoint	https://grch37.rest.ensembl.org/variation/homo_sapiens	2026-05-22	unique autosomal SNP mapping in both GRCh37 and GRCh38
rs4811253	20	GRCh38	51871799	Ensembl REST variation endpoint	https://rest.ensembl.org/variation/homo_sapiens	2026-05-22	unique autosomal SNP mapping in both GRCh37 and GRCh38
rs910382	20	GRCh36	51132596	candidate BIM/PVAR position		2026-05-22	source-build position preserved from candidate genotype map
rs910382	20	GRCh37	51699189	Ensembl REST variation endpoint	https://grch37.rest.ensembl.org/variation/homo_sapiens	2026-05-22	unique autosomal SNP mapping in both GRCh37 and GRCh38
rs910382	20	GRCh38	53082650	Ensembl REST variation endpoint	https://rest.ensembl.org/variation/homo_sapiens	2026-05-22	unique autosomal SNP mapping in both GRCh37 and GRCh38
rs2870320	20	GRCh36	52349569	candidate BIM/PVAR position		2026-05-22	source-build position preserved from candidate genotype map
rs2870320	20	GRCh37	52916162	Ensembl REST variation endpoint	https://grch37.rest.ensembl.org/variation/homo_sapiens	2026-05-22	unique autosomal SNP mapping in both GRCh37 and GRCh38
rs2870320	20	GRCh38	54299623	Ensembl REST variation endpoint	https://rest.ensembl.org/variation/homo_sapiens	2026-05-22	unique autosomal SNP mapping in both GRCh37 and GRCh38
rs6014415	20	GRCh36	53564062	candidate BIM/PVAR position		2026-05-22	source-build position preserved from candidate genotype map
rs6014415	20	GRCh37	54130655	Ensembl REST variation endpoint	https://grch37.rest.ensembl.org/variation/homo_sapiens	2026-05-22	unique autosomal SNP mapping in both GRCh37 and GRCh38
rs6014415	20	GRCh38	55555597	Ensembl REST variation endpoint	https://rest.ensembl.org/variation/homo_sapiens	2026-05-22	unique autosomal SNP mapping in both GRCh37 and GRCh38
rs6025144	20	GRCh36	54767357	candidate BIM/PVAR position		2026-05-22	source-build position preserved from candidate genotype map
rs6025144	20	GRCh37	55333950	Ensembl REST variation endpoint	https://grch37.rest.ensembl.org/variation/homo_sapiens	2026-05-22	unique autosomal SNP mapping in both GRCh37 and GRCh38
rs6025144	20	GRCh38	56758894	Ensembl REST variation endpoint	https://rest.ensembl.org/variation/homo_sapiens	2026-05-22	unique autosomal SNP mapping in both GRCh37 and GRCh38
rs377881	20	GRCh36	55971536	candidate BIM/PVAR position		2026-05-22	source-build position preserved from candidate genotype map
rs377881	20	GRCh37	56538130	Ensembl REST variation endpoint	https://grch37.rest.ensembl.org/variation/homo_sapiens	2026-05-22	unique autosomal SNP mapping in both GRCh37 and GRCh38
rs377881	20	GRCh38	57963074	Ensembl REST variation endpoint	https://rest.ensembl.org/variation/homo_sapiens	2026-05-22	unique autosomal SNP mapping in both GRCh37 and GRCh38
rs3026499	20	GRCh36	57382168	candidate BIM/PVAR position		2026-05-22	source-build position preserved from candidate genotype map
rs3026499	20	GRCh37	57948773	Ensembl REST variation endpoint	https://grch37.rest.ensembl.org/variation/homo_sapiens	2026-05-22	unique autosomal SNP mapping in both GRCh37 and GRCh38
rs3026499	20	GRCh38	59373718	Ensembl REST variation endpoint	https://rest.ensembl.org/variation/homo_sapiens	2026-05-22	unique autosomal SNP mapping in both GRCh37 and GRCh38
rs846193	20	GRCh36	58598349	candidate BIM/PVAR position		2026-05-22	source-build position preserved from candidate genotype map
rs846193	20	GRCh37	59164954	Ensembl REST variation endpoint	https://grch37.rest.ensembl.org/variation/homo_sapiens	2026-05-22	unique autosomal SNP mapping in both GRCh37 and GRCh38
rs846193	20	GRCh38	60589896	Ensembl REST variation endpoint	https://rest.ensembl.org/variation/homo_sapiens	2026-05-22	unique autosomal SNP mapping in both GRCh37 and GRCh38
rs13040477	20	GRCh36	59807059	candidate BIM/PVAR position		2026-05-22	source-build position preserved from candidate genotype map
rs13040477	20	GRCh37	60373664	Ensembl REST variation endpoint	https://grch37.rest.ensembl.org/variation/homo_sapiens	2026-05-22	unique autosomal SNP mapping in both GRCh37 and GRCh38
rs13040477	20	GRCh38	61798608	Ensembl REST variation endpoint	https://rest.ensembl.org/variation/homo_sapiens	2026-05-22	unique autosomal SNP mapping in both GRCh37 and GRCh38
rs13040088	20	GRCh36	61019647	candidate BIM/PVAR position		2026-05-22	source-build position preserved from candidate genotype map
rs13040088	20	GRCh37	61549202	Ensembl REST variation endpoint	https://grch37.rest.ensembl.org/variation/homo_sapiens	2026-05-22	unique autosomal SNP mapping in both GRCh37 and GRCh38
rs13040088	20	GRCh38	62917850	Ensembl REST variation endpoint	https://rest.ensembl.org/variation/homo_sapiens	2026-05-22	unique autosomal SNP mapping in both GRCh37 and GRCh38
rs157816	20	GRCh36	424285	candidate BIM/PVAR position		2026-05-22	source-build position preserved from candidate genotype map
rs157816	20	GRCh37	476285	Ensembl REST variation endpoint	https://grch37.rest.ensembl.org/variation/homo_sapiens	2026-05-22	unique autosomal SNP mapping in both GRCh37 and GRCh38
rs157816	20	GRCh38	495641	Ensembl REST variation endpoint	https://rest.ensembl.org/variation/homo_sapiens	2026-05-22	unique autosomal SNP mapping in both GRCh37 and GRCh38
rs28783163	21	GRCh36	9780176	candidate BIM/PVAR position		2026-05-22	source-build position preserved from candidate genotype map
rs28783163	21	GRCh37	10758305	Ensembl REST variation endpoint	https://grch37.rest.ensembl.org/variation/homo_sapiens	2026-05-22	unique autosomal SNP mapping in both GRCh37 and GRCh38
rs28783163	21	GRCh38	10754152	Ensembl REST variation endpoint	https://rest.ensembl.org/variation/homo_sapiens	2026-05-22	unique autosomal SNP mapping in both GRCh37 and GRCh38
rs4293623	21	GRCh36	13291078	candidate BIM/PVAR position		2026-05-22	source-build position preserved from candidate genotype map
rs4293623	21	GRCh37	14369207	Ensembl REST variation endpoint	https://grch37.rest.ensembl.org/variation/homo_sapiens	2026-05-22	unique autosomal SNP mapping in both GRCh37 and GRCh38
rs4293623	21	GRCh38	12996886	Ensembl REST variation endpoint	https://rest.ensembl.org/variation/homo_sapiens	2026-05-22	unique autosomal SNP mapping in both GRCh37 and GRCh38
rs2822391	21	GRCh36	14334270	candidate BIM/PVAR position		2026-05-22	source-build position preserved from candidate genotype map
rs2822391	21	GRCh37	15412399	Ensembl REST variation endpoint	https://grch37.rest.ensembl.org/variation/homo_sapiens	2026-05-22	unique autosomal SNP mapping in both GRCh37 and GRCh38
rs2822391	21	GRCh38	14040078	Ensembl REST variation endpoint	https://rest.ensembl.org/variation/homo_sapiens	2026-05-22	unique autosomal SNP mapping in both GRCh37 and GRCh38
rs2823019	21	GRCh36	15337175	candidate BIM/PVAR position		2026-05-22	source-build position preserved from candidate genotype map
rs2823019	21	GRCh37	16415304	Ensembl REST variation endpoint	https://grch37.rest.ensembl.org/variation/homo_sapiens	2026-05-22	unique autosomal SNP mapping in both GRCh37 and GRCh38
rs2823019	21	GRCh38	15042983	Ensembl REST variation endpoint	https://rest.ensembl.org/variation/homo_sapiens	2026-05-22	unique autosomal SNP mapping in both GRCh37 and GRCh38
rs2823587	21	GRCh36	16348049	candidate BIM/PVAR position		2026-05-22	source-build position preserved from candidate genotype map
rs2823587	21	GRCh37	17426178	Ensembl REST variation endpoint	https://grch37.rest.ensembl.org/variation/homo_sapiens	2026-05-22	unique autosomal SNP mapping in both GRCh37 and GRCh38
rs2823587	21	GRCh38	16053858	Ensembl REST variation endpoint	https://rest.ensembl.org/variation/homo_sapiens	2026-05-22	unique autosomal SNP mapping in both GRCh37 and GRCh38
rs2824215	21	GRCh36	17357277	candidate BIM/PVAR position		2026-05-22	source-build position preserved from candidate genotype map
rs2824215	21	GRCh37	18435406	Ensembl REST variation endpoint	https://grch37.rest.ensembl.org/variation/homo_sapiens	2026-05-22	unique autosomal SNP mapping in both GRCh37 and GRCh38
rs2824215	21	GRCh38	17063088	Ensembl REST variation endpoint	https://rest.ensembl.org/variation/homo_sapiens	2026-05-22	unique autosomal SNP mapping in both GRCh37 and GRCh38
rs158020	21	GRCh36	18366045	candidate BIM/PVAR position		2026-05-22	source-build position preserved from candidate genotype map
rs158020	21	GRCh37	19444174	Ensembl REST variation endpoint	https://grch37.rest.ensembl.org/variation/homo_sapiens	2026-05-22	unique autosomal SNP mapping in both GRCh37 and GRCh38
rs158020	21	GRCh38	18071856	Ensembl REST variation endpoint	https://rest.ensembl.org/variation/homo_sapiens	2026-05-22	unique autosomal SNP mapping in both GRCh37 and GRCh38
rs764064	21	GRCh36	19377036	candidate BIM/PVAR position		2026-05-22	source-build position preserved from candidate genotype map
rs764064	21	GRCh37	20455165	Ensembl REST variation endpoint	https://grch37.rest.ensembl.org/variation/homo_sapiens	2026-05-22	unique autosomal SNP mapping in both GRCh37 and GRCh38
rs764064	21	GRCh38	19082847	Ensembl REST variation endpoint	https://rest.ensembl.org/variation/homo_sapiens	2026-05-22	unique autosomal SNP mapping in both GRCh37 and GRCh38
rs2826009	21	GRCh36	20383700	candidate BIM/PVAR position		2026-05-22	source-build position preserved from candidate genotype map
rs2826009	21	GRCh37	21461829	Ensembl REST variation endpoint	https://grch37.rest.ensembl.org/variation/homo_sapiens	2026-05-22	unique autosomal SNP mapping in both GRCh37 and GRCh38
rs2826009	21	GRCh38	20089516	Ensembl REST variation endpoint	https://rest.ensembl.org/variation/homo_sapiens	2026-05-22	unique autosomal SNP mapping in both GRCh37 and GRCh38
rs7509909	21	GRCh36	21388284	candidate BIM/PVAR position		2026-05-22	source-build position preserved from candidate genotype map
rs7509909	21	GRCh37	22466413	Ensembl REST variation endpoint	https://grch37.rest.ensembl.org/variation/homo_sapiens	2026-05-22	unique autosomal SNP mapping in both GRCh37 and GRCh38
rs7509909	21	GRCh38	21094095	Ensembl REST variation endpoint	https://rest.ensembl.org/variation/homo_sapiens	2026-05-22	unique autosomal SNP mapping in both GRCh37 and GRCh38
rs2827239	21	GRCh36	22392569	candidate BIM/PVAR position		2026-05-22	source-build position preserved from candidate genotype map
rs2827239	21	GRCh37	23470698	Ensembl REST variation endpoint	https://grch37.rest.ensembl.org/variation/homo_sapiens	2026-05-22	unique autosomal SNP mapping in both GRCh37 and GRCh38
rs2827239	21	GRCh38	22098379	Ensembl REST variation endpoint	https://rest.ensembl.org/variation/homo_sapiens	2026-05-22	unique autosomal SNP mapping in both GRCh37 and GRCh38
rs2032205	21	GRCh36	23415399	candidate BIM/PVAR position		2026-05-22	source-build position preserved from candidate genotype map
rs2032205	21	GRCh37	24493528	Ensembl REST variation endpoint	https://grch37.rest.ensembl.org/variation/homo_sapiens	2026-05-22	unique autosomal SNP mapping in both GRCh37 and GRCh38
rs2032205	21	GRCh38	23121206	Ensembl REST variation endpoint	https://rest.ensembl.org/variation/homo_sapiens	2026-05-22	unique autosomal SNP mapping in both GRCh37 and GRCh38
rs1699691	21	GRCh36	24424204	candidate BIM/PVAR position		2026-05-22	source-build position preserved from candidate genotype map
rs1699691	21	GRCh37	25502333	Ensembl REST variation endpoint	https://grch37.rest.ensembl.org/variation/homo_sapiens	2026-05-22	unique autosomal SNP mapping in both GRCh37 and GRCh38
rs1699691	21	GRCh38	24130019	Ensembl REST variation endpoint	https://rest.ensembl.org/variation/homo_sapiens	2026-05-22	unique autosomal SNP mapping in both GRCh37 and GRCh38
rs2829558	21	GRCh36	25436468	candidate BIM/PVAR position		2026-05-22	source-build position preserved from candidate genotype map
rs2829558	21	GRCh37	26514597	Ensembl REST variation endpoint	https://grch37.rest.ensembl.org/variation/homo_sapiens	2026-05-22	unique autosomal SNP mapping in both GRCh37 and GRCh38
rs2829558	21	GRCh38	25142283	Ensembl REST variation endpoint	https://rest.ensembl.org/variation/homo_sapiens	2026-05-22	unique autosomal SNP mapping in both GRCh37 and GRCh38
rs9982587	21	GRCh36	26457802	candidate BIM/PVAR position		2026-05-22	source-build position preserved from candidate genotype map
rs9982587	21	GRCh37	27535931	Ensembl REST variation endpoint	https://grch37.rest.ensembl.org/variation/homo_sapiens	2026-05-22	unique autosomal SNP mapping in both GRCh37 and GRCh38
rs9982587	21	GRCh38	26163613	Ensembl REST variation endpoint	https://rest.ensembl.org/variation/homo_sapiens	2026-05-22	unique autosomal SNP mapping in both GRCh37 and GRCh38
rs992499	21	GRCh36	27463501	candidate BIM/PVAR position		2026-05-22	source-build position preserved from candidate genotype map
rs992499	21	GRCh37	28541630	Ensembl REST variation endpoint	https://grch37.rest.ensembl.org/variation/homo_sapiens	2026-05-22	unique autosomal SNP mapping in both GRCh37 and GRCh38
rs992499	21	GRCh38	27169311	Ensembl REST variation endpoint	https://rest.ensembl.org/variation/homo_sapiens	2026-05-22	unique autosomal SNP mapping in both GRCh37 and GRCh38
rs2831612	21	GRCh36	28473432	candidate BIM/PVAR position		2026-05-22	source-build position preserved from candidate genotype map
rs2831612	21	GRCh37	29551561	Ensembl REST variation endpoint	https://grch37.rest.ensembl.org/variation/homo_sapiens	2026-05-22	unique autosomal SNP mapping in both GRCh37 and GRCh38
rs2831612	21	GRCh38	28179242	Ensembl REST variation endpoint	https://rest.ensembl.org/variation/homo_sapiens	2026-05-22	unique autosomal SNP mapping in both GRCh37 and GRCh38
rs2832246	21	GRCh36	29478110	candidate BIM/PVAR position		2026-05-22	source-build position preserved from candidate genotype map
rs2832246	21	GRCh37	30556239	Ensembl REST variation endpoint	https://grch37.rest.ensembl.org/variation/homo_sapiens	2026-05-22	unique autosomal SNP mapping in both GRCh37 and GRCh38
rs2832246	21	GRCh38	29183918	Ensembl REST variation endpoint	https://rest.ensembl.org/variation/homo_sapiens	2026-05-22	unique autosomal SNP mapping in both GRCh37 and GRCh38
rs9980912	21	GRCh36	30692091	candidate BIM/PVAR position		2026-05-22	source-build position preserved from candidate genotype map
rs9980912	21	GRCh37	31770220	Ensembl REST variation endpoint	https://grch37.rest.ensembl.org/variation/homo_sapiens	2026-05-22	unique autosomal SNP mapping in both GRCh37 and GRCh38
rs9980912	21	GRCh38	30397902	Ensembl REST variation endpoint	https://rest.ensembl.org/variation/homo_sapiens	2026-05-22	unique autosomal SNP mapping in both GRCh37 and GRCh38
rs16988225	21	GRCh36	31701230	candidate BIM/PVAR position		2026-05-22	source-build position preserved from candidate genotype map
rs16988225	21	GRCh37	32779359	Ensembl REST variation endpoint	https://grch37.rest.ensembl.org/variation/homo_sapiens	2026-05-22	unique autosomal SNP mapping in both GRCh37 and GRCh38
rs16988225	21	GRCh38	31407046	Ensembl REST variation endpoint	https://rest.ensembl.org/variation/homo_sapiens	2026-05-22	unique autosomal SNP mapping in both GRCh37 and GRCh38
rs845015	21	GRCh36	32919898	candidate BIM/PVAR position		2026-05-22	source-build position preserved from candidate genotype map
rs845015	21	GRCh37	33998027	Ensembl REST variation endpoint	https://grch37.rest.ensembl.org/variation/homo_sapiens	2026-05-22	unique autosomal SNP mapping in both GRCh37 and GRCh38
rs845015	21	GRCh38	32625717	Ensembl REST variation endpoint	https://rest.ensembl.org/variation/homo_sapiens	2026-05-22	unique autosomal SNP mapping in both GRCh37 and GRCh38
rs13640	21	GRCh36	34132122	candidate BIM/PVAR position		2026-05-22	source-build position preserved from candidate genotype map
rs13640	21	GRCh37	35210252	Ensembl REST variation endpoint	https://grch37.rest.ensembl.org/variation/homo_sapiens	2026-05-22	unique autosomal SNP mapping in both GRCh37 and GRCh38
rs13640	21	GRCh38	33837948	Ensembl REST variation endpoint	https://rest.ensembl.org/variation/homo_sapiens	2026-05-22	unique autosomal SNP mapping in both GRCh37 and GRCh38
rs2284612	21	GRCh36	35135749	candidate BIM/PVAR position		2026-05-22	source-build position preserved from candidate genotype map
rs2284612	21	GRCh37	36213879	Ensembl REST variation endpoint	https://grch37.rest.ensembl.org/variation/homo_sapiens	2026-05-22	unique autosomal SNP mapping in both GRCh37 and GRCh38
rs2284612	21	GRCh38	34841582	Ensembl REST variation endpoint	https://rest.ensembl.org/variation/homo_sapiens	2026-05-22	unique autosomal SNP mapping in both GRCh37 and GRCh38
rs2835249	21	GRCh36	36340908	candidate BIM/PVAR position		2026-05-22	source-build position preserved from candidate genotype map
rs2835249	21	GRCh37	37419038	Ensembl REST variation endpoint	https://grch37.rest.ensembl.org/variation/homo_sapiens	2026-05-22	unique autosomal SNP mapping in both GRCh37 and GRCh38
rs2835249	21	GRCh38	36046740	Ensembl REST variation endpoint	https://rest.ensembl.org/variation/homo_sapiens	2026-05-22	unique autosomal SNP mapping in both GRCh37 and GRCh38
rs764156	21	GRCh36	37552730	candidate BIM/PVAR position		2026-05-22	source-build position preserved from candidate genotype map
rs764156	21	GRCh37	38630860	Ensembl REST variation endpoint	https://grch37.rest.ensembl.org/variation/homo_sapiens	2026-05-22	unique autosomal SNP mapping in both GRCh37 and GRCh38
rs764156	21	GRCh38	37258559	Ensembl REST variation endpoint	https://rest.ensembl.org/variation/homo_sapiens	2026-05-22	unique autosomal SNP mapping in both GRCh37 and GRCh38
rs2836265	21	GRCh36	38564674	candidate BIM/PVAR position		2026-05-22	source-build position preserved from candidate genotype map
rs2836265	21	GRCh37	39642804	Ensembl REST variation endpoint	https://grch37.rest.ensembl.org/variation/homo_sapiens	2026-05-22	unique autosomal SNP mapping in both GRCh37 and GRCh38
rs2836265	21	GRCh38	38270882	Ensembl REST variation endpoint	https://rest.ensembl.org/variation/homo_sapiens	2026-05-22	unique autosomal SNP mapping in both GRCh37 and GRCh38
rs874221	21	GRCh36	39768881	candidate BIM/PVAR position		2026-05-22	source-build position preserved from candidate genotype map
rs874221	21	GRCh37	40847011	Ensembl REST variation endpoint	https://grch37.rest.ensembl.org/variation/homo_sapiens	2026-05-22	unique autosomal SNP mapping in both GRCh37 and GRCh38
rs874221	21	GRCh38	39475085	Ensembl REST variation endpoint	https://rest.ensembl.org/variation/homo_sapiens	2026-05-22	unique autosomal SNP mapping in both GRCh37 and GRCh38
rs2837648	21	GRCh36	40771348	candidate BIM/PVAR position		2026-05-22	source-build position preserved from candidate genotype map
rs2837648	21	GRCh37	41849478	Ensembl REST variation endpoint	https://grch37.rest.ensembl.org/variation/homo_sapiens	2026-05-22	unique autosomal SNP mapping in both GRCh37 and GRCh38
rs2837648	21	GRCh38	40477551	Ensembl REST variation endpoint	https://rest.ensembl.org/variation/homo_sapiens	2026-05-22	unique autosomal SNP mapping in both GRCh37 and GRCh38
rs2776365	21	GRCh36	41974475	candidate BIM/PVAR position		2026-05-22	source-build position preserved from candidate genotype map
rs2776365	21	GRCh37	43101406	Ensembl REST variation endpoint	https://grch37.rest.ensembl.org/variation/homo_sapiens	2026-05-22	unique autosomal SNP mapping in both GRCh37 and GRCh38
rs2776365	21	GRCh38	41681246	Ensembl REST variation endpoint	https://rest.ensembl.org/variation/homo_sapiens	2026-05-22	unique autosomal SNP mapping in both GRCh37 and GRCh38
rs11702318	21	GRCh36	42985435	candidate BIM/PVAR position		2026-05-22	source-build position preserved from candidate genotype map
rs11702318	21	GRCh37	44112366	Ensembl REST variation endpoint	https://grch37.rest.ensembl.org/variation/homo_sapiens	2026-05-22	unique autosomal SNP mapping in both GRCh37 and GRCh38
rs11702318	21	GRCh38	42692256	Ensembl REST variation endpoint	https://rest.ensembl.org/variation/homo_sapiens	2026-05-22	unique autosomal SNP mapping in both GRCh37 and GRCh38
rs915876	21	GRCh36	44200635	candidate BIM/PVAR position		2026-05-22	source-build position preserved from candidate genotype map
rs915876	21	GRCh37	45376207	Ensembl REST variation endpoint	https://grch37.rest.ensembl.org/variation/homo_sapiens	2026-05-22	unique autosomal SNP mapping in both GRCh37 and GRCh38
rs915876	21	GRCh38	43956326	Ensembl REST variation endpoint	https://rest.ensembl.org/variation/homo_sapiens	2026-05-22	unique autosomal SNP mapping in both GRCh37 and GRCh38
rs3788169	21	GRCh36	45405207	candidate BIM/PVAR position		2026-05-22	source-build position preserved from candidate genotype map
rs3788169	21	GRCh37	46580779	Ensembl REST variation endpoint	https://grch37.rest.ensembl.org/variation/homo_sapiens	2026-05-22	unique autosomal SNP mapping in both GRCh37 and GRCh38
rs3788169	21	GRCh38	45160864	Ensembl REST variation endpoint	https://rest.ensembl.org/variation/homo_sapiens	2026-05-22	unique autosomal SNP mapping in both GRCh37 and GRCh38
rs12329865	21	GRCh36	46407934	candidate BIM/PVAR position		2026-05-22	source-build position preserved from candidate genotype map
rs12329865	21	GRCh37	47583506	Ensembl REST variation endpoint	https://grch37.rest.ensembl.org/variation/homo_sapiens	2026-05-22	unique autosomal SNP mapping in both GRCh37 and GRCh38
rs12329865	21	GRCh38	46163592	Ensembl REST variation endpoint	https://rest.ensembl.org/variation/homo_sapiens	2026-05-22	unique autosomal SNP mapping in both GRCh37 and GRCh38
rs131538	22	GRCh36	15251137	candidate BIM/PVAR position		2026-05-22	source-build position preserved from candidate genotype map
rs131538	22	GRCh37	16871137	Ensembl REST variation endpoint	https://grch37.rest.ensembl.org/variation/homo_sapiens	2026-05-22	unique autosomal SNP mapping in both GRCh37 and GRCh38
rs131538	22	GRCh38	16390411	Ensembl REST variation endpoint	https://rest.ensembl.org/variation/homo_sapiens	2026-05-22	unique autosomal SNP mapping in both GRCh37 and GRCh38
rs737916	22	GRCh36	16260070	candidate BIM/PVAR position		2026-05-22	source-build position preserved from candidate genotype map
rs737916	22	GRCh37	17880070	Ensembl REST variation endpoint	https://grch37.rest.ensembl.org/variation/homo_sapiens	2026-05-22	unique autosomal SNP mapping in both GRCh37 and GRCh38
rs737916	22	GRCh38	17400180	Ensembl REST variation endpoint	https://rest.ensembl.org/variation/homo_sapiens	2026-05-22	unique autosomal SNP mapping in both GRCh37 and GRCh38
rs9618430	22	GRCh36	17326597	candidate BIM/PVAR position		2026-05-22	source-build position preserved from candidate genotype map
rs9618430	22	GRCh37	18946597	Ensembl REST variation endpoint	https://grch37.rest.ensembl.org/variation/homo_sapiens	2026-05-22	unique autosomal SNP mapping in both GRCh37 and GRCh38
rs9618430	22	GRCh38	18959084	Ensembl REST variation endpoint	https://rest.ensembl.org/variation/homo_sapiens	2026-05-22	unique autosomal SNP mapping in both GRCh37 and GRCh38
rs4646316	22	GRCh36	18332132	candidate BIM/PVAR position		2026-05-22	source-build position preserved from candidate genotype map
rs4646316	22	GRCh37	19952132	Ensembl REST variation endpoint	https://grch37.rest.ensembl.org/variation/homo_sapiens	2026-05-22	unique autosomal SNP mapping in both GRCh37 and GRCh38
rs4646316	22	GRCh38	19964609	Ensembl REST variation endpoint	https://rest.ensembl.org/variation/homo_sapiens	2026-05-22	unique autosomal SNP mapping in both GRCh37 and GRCh38
rs8137514	22	GRCh36	19663857	candidate BIM/PVAR position		2026-05-22	source-build position preserved from candidate genotype map
rs8137514	22	GRCh37	21333857	Ensembl REST variation endpoint	https://grch37.rest.ensembl.org/variation/homo_sapiens	2026-05-22	unique autosomal SNP mapping in both GRCh37 and GRCh38
rs8137514	22	GRCh38	20979568	Ensembl REST variation endpoint	https://rest.ensembl.org/variation/homo_sapiens	2026-05-22	unique autosomal SNP mapping in both GRCh37 and GRCh38
rs1076852	22	GRCh36	20743165	candidate BIM/PVAR position		2026-05-22	source-build position preserved from candidate genotype map
rs1076852	22	GRCh37	22413165	Ensembl REST variation endpoint	https://grch37.rest.ensembl.org/variation/homo_sapiens	2026-05-22	unique autosomal SNP mapping in both GRCh37 and GRCh38
rs1076852	22	GRCh38	22058753	Ensembl REST variation endpoint	https://rest.ensembl.org/variation/homo_sapiens	2026-05-22	unique autosomal SNP mapping in both GRCh37 and GRCh38
rs756631	22	GRCh36	21793183	candidate BIM/PVAR position		2026-05-22	source-build position preserved from candidate genotype map
rs756631	22	GRCh37	23463183	Ensembl REST variation endpoint	https://grch37.rest.ensembl.org/variation/homo_sapiens	2026-05-22	unique autosomal SNP mapping in both GRCh37 and GRCh38
rs756631	22	GRCh38	23120996	Ensembl REST variation endpoint	https://rest.ensembl.org/variation/homo_sapiens	2026-05-22	unique autosomal SNP mapping in both GRCh37 and GRCh38
rs1041748	22	GRCh36	23030854	candidate BIM/PVAR position		2026-05-22	source-build position preserved from candidate genotype map
rs1041748	22	GRCh37	24700854	Ensembl REST variation endpoint	https://grch37.rest.ensembl.org/variation/homo_sapiens	2026-05-22	unique autosomal SNP mapping in both GRCh37 and GRCh38
rs1041748	22	GRCh38	24304886	Ensembl REST variation endpoint	https://rest.ensembl.org/variation/homo_sapiens	2026-05-22	unique autosomal SNP mapping in both GRCh37 and GRCh38
rs8139965	22	GRCh36	24037472	candidate BIM/PVAR position		2026-05-22	source-build position preserved from candidate genotype map
rs8139965	22	GRCh37	25707472	Ensembl REST variation endpoint	https://grch37.rest.ensembl.org/variation/homo_sapiens	2026-05-22	unique autosomal SNP mapping in both GRCh37 and GRCh38
rs8139965	22	GRCh38	25311505	Ensembl REST variation endpoint	https://rest.ensembl.org/variation/homo_sapiens	2026-05-22	unique autosomal SNP mapping in both GRCh37 and GRCh38
rs134157	22	GRCh36	25246722	candidate BIM/PVAR position		2026-05-22	source-build position preserved from candidate genotype map
rs134157	22	GRCh37	26916722	Ensembl REST variation endpoint	https://grch37.rest.ensembl.org/variation/homo_sapiens	2026-05-22	unique autosomal SNP mapping in both GRCh37 and GRCh38
rs134157	22	GRCh38	26520756	Ensembl REST variation endpoint	https://rest.ensembl.org/variation/homo_sapiens	2026-05-22	unique autosomal SNP mapping in both GRCh37 and GRCh38
rs16984937	22	GRCh36	26254906	candidate BIM/PVAR position		2026-05-22	source-build position preserved from candidate genotype map
rs16984937	22	GRCh37	27924906	Ensembl REST variation endpoint	https://grch37.rest.ensembl.org/variation/homo_sapiens	2026-05-22	unique autosomal SNP mapping in both GRCh37 and GRCh38
rs16984937	22	GRCh38	27528945	Ensembl REST variation endpoint	https://rest.ensembl.org/variation/homo_sapiens	2026-05-22	unique autosomal SNP mapping in both GRCh37 and GRCh38
rs16986509	22	GRCh36	27273477	candidate BIM/PVAR position		2026-05-22	source-build position preserved from candidate genotype map
rs16986509	22	GRCh37	28943477	Ensembl REST variation endpoint	https://grch37.rest.ensembl.org/variation/homo_sapiens	2026-05-22	unique autosomal SNP mapping in both GRCh37 and GRCh38
rs16986509	22	GRCh38	28547489	Ensembl REST variation endpoint	https://rest.ensembl.org/variation/homo_sapiens	2026-05-22	unique autosomal SNP mapping in both GRCh37 and GRCh38
rs131285	22	GRCh36	28487940	candidate BIM/PVAR position		2026-05-22	source-build position preserved from candidate genotype map
rs131285	22	GRCh37	30157940	Ensembl REST variation endpoint	https://grch37.rest.ensembl.org/variation/homo_sapiens	2026-05-22	unique autosomal SNP mapping in both GRCh37 and GRCh38
rs131285	22	GRCh38	29761951	Ensembl REST variation endpoint	https://rest.ensembl.org/variation/homo_sapiens	2026-05-22	unique autosomal SNP mapping in both GRCh37 and GRCh38
rs9609089	22	GRCh36	29497705	candidate BIM/PVAR position		2026-05-22	source-build position preserved from candidate genotype map
rs9609089	22	GRCh37	31167705	Ensembl REST variation endpoint	https://grch37.rest.ensembl.org/variation/homo_sapiens	2026-05-22	unique autosomal SNP mapping in both GRCh37 and GRCh38
rs9609089	22	GRCh38	30771718	Ensembl REST variation endpoint	https://rest.ensembl.org/variation/homo_sapiens	2026-05-22	unique autosomal SNP mapping in both GRCh37 and GRCh38
rs8141214	22	GRCh36	30526181	candidate BIM/PVAR position		2026-05-22	source-build position preserved from candidate genotype map
rs8141214	22	GRCh37	32196181	Ensembl REST variation endpoint	https://grch37.rest.ensembl.org/variation/homo_sapiens	2026-05-22	unique autosomal SNP mapping in both GRCh37 and GRCh38
rs8141214	22	GRCh38	31800195	Ensembl REST variation endpoint	https://rest.ensembl.org/variation/homo_sapiens	2026-05-22	unique autosomal SNP mapping in both GRCh37 and GRCh38
rs135025	22	GRCh36	31532478	candidate BIM/PVAR position		2026-05-22	source-build position preserved from candidate genotype map
rs135025	22	GRCh37	33202478	Ensembl REST variation endpoint	https://grch37.rest.ensembl.org/variation/homo_sapiens	2026-05-22	unique autosomal SNP mapping in both GRCh37 and GRCh38
rs135025	22	GRCh38	32806492	Ensembl REST variation endpoint	https://rest.ensembl.org/variation/homo_sapiens	2026-05-22	unique autosomal SNP mapping in both GRCh37 and GRCh38
rs5999111	22	GRCh36	32538570	candidate BIM/PVAR position		2026-05-22	source-build position preserved from candidate genotype map
rs5999111	22	GRCh37	34208570	Ensembl REST variation endpoint	https://grch37.rest.ensembl.org/variation/homo_sapiens	2026-05-22	unique autosomal SNP mapping in both GRCh37 and GRCh38
rs5999111	22	GRCh38	33812583	Ensembl REST variation endpoint	https://rest.ensembl.org/variation/homo_sapiens	2026-05-22	unique autosomal SNP mapping in both GRCh37 and GRCh38
rs1546873	22	GRCh36	33549530	candidate BIM/PVAR position		2026-05-22	source-build position preserved from candidate genotype map
rs1546873	22	GRCh37	35219530	Ensembl REST variation endpoint	https://grch37.rest.ensembl.org/variation/homo_sapiens	2026-05-22	unique autosomal SNP mapping in both GRCh37 and GRCh38
rs1546873	22	GRCh38	34823539	Ensembl REST variation endpoint	https://rest.ensembl.org/variation/homo_sapiens	2026-05-22	unique autosomal SNP mapping in both GRCh37 and GRCh38
rs5755960	22	GRCh36	34563707	candidate BIM/PVAR position		2026-05-22	source-build position preserved from candidate genotype map
rs5755960	22	GRCh37	36233761	Ensembl REST variation endpoint	https://grch37.rest.ensembl.org/variation/homo_sapiens	2026-05-22	unique autosomal SNP mapping in both GRCh37 and GRCh38
rs5755960	22	GRCh38	35837714	Ensembl REST variation endpoint	https://rest.ensembl.org/variation/homo_sapiens	2026-05-22	unique autosomal SNP mapping in both GRCh37 and GRCh38
rs16997390	22	GRCh36	35574395	candidate BIM/PVAR position		2026-05-22	source-build position preserved from candidate genotype map
rs16997390	22	GRCh37	37244449	Ensembl REST variation endpoint	https://grch37.rest.ensembl.org/variation/homo_sapiens	2026-05-22	unique autosomal SNP mapping in both GRCh37 and GRCh38
rs16997390	22	GRCh38	36848407	Ensembl REST variation endpoint	https://rest.ensembl.org/variation/homo_sapiens	2026-05-22	unique autosomal SNP mapping in both GRCh37 and GRCh38
rs738443	22	GRCh36	36788627	candidate BIM/PVAR position		2026-05-22	source-build position preserved from candidate genotype map
rs738443	22	GRCh37	38458681	Ensembl REST variation endpoint	https://grch37.rest.ensembl.org/variation/homo_sapiens	2026-05-22	unique autosomal SNP mapping in both GRCh37 and GRCh38
rs738443	22	GRCh38	38062674	Ensembl REST variation endpoint	https://rest.ensembl.org/variation/homo_sapiens	2026-05-22	unique autosomal SNP mapping in both GRCh37 and GRCh38
rs12160242	22	GRCh36	37803793	candidate BIM/PVAR position		2026-05-22	source-build position preserved from candidate genotype map
rs12160242	22	GRCh37	39473847	Ensembl REST variation endpoint	https://grch37.rest.ensembl.org/variation/homo_sapiens	2026-05-22	unique autosomal SNP mapping in both GRCh37 and GRCh38
rs12160242	22	GRCh38	39077842	Ensembl REST variation endpoint	https://rest.ensembl.org/variation/homo_sapiens	2026-05-22	unique autosomal SNP mapping in both GRCh37 and GRCh38
rs6001754	22	GRCh36	38817272	candidate BIM/PVAR position		2026-05-22	source-build position preserved from candidate genotype map
rs6001754	22	GRCh37	40487326	Ensembl REST variation endpoint	https://grch37.rest.ensembl.org/variation/homo_sapiens	2026-05-22	unique autosomal SNP mapping in both GRCh37 and GRCh38
rs6001754	22	GRCh38	40091322	Ensembl REST variation endpoint	https://rest.ensembl.org/variation/homo_sapiens	2026-05-22	unique autosomal SNP mapping in both GRCh37 and GRCh38
rs2024566	22	GRCh36	40027284	candidate BIM/PVAR position		2026-05-22	source-build position preserved from candidate genotype map
rs2024566	22	GRCh37	41697338	Ensembl REST variation endpoint	https://grch37.rest.ensembl.org/variation/homo_sapiens	2026-05-22	unique autosomal SNP mapping in both GRCh37 and GRCh38
rs2024566	22	GRCh38	41301334	Ensembl REST variation endpoint	https://rest.ensembl.org/variation/homo_sapiens	2026-05-22	unique autosomal SNP mapping in both GRCh37 and GRCh38
rs2227113	22	GRCh36	41052462	candidate BIM/PVAR position		2026-05-22	source-build position preserved from candidate genotype map
rs2227113	22	GRCh37	42722518	Ensembl REST variation endpoint	https://grch37.rest.ensembl.org/variation/homo_sapiens	2026-05-22	unique autosomal SNP mapping in both GRCh37 and GRCh38
rs2227113	22	GRCh38	42326512	Ensembl REST variation endpoint	https://rest.ensembl.org/variation/homo_sapiens	2026-05-22	unique autosomal SNP mapping in both GRCh37 and GRCh38
rs13053545	22	GRCh36	42064210	candidate BIM/PVAR position		2026-05-22	source-build position preserved from candidate genotype map
rs13053545	22	GRCh37	43734266	Ensembl REST variation endpoint	https://grch37.rest.ensembl.org/variation/homo_sapiens	2026-05-22	unique autosomal SNP mapping in both GRCh37 and GRCh38
rs13053545	22	GRCh38	43338260	Ensembl REST variation endpoint	https://rest.ensembl.org/variation/homo_sapiens	2026-05-22	unique autosomal SNP mapping in both GRCh37 and GRCh38
rs6519876	22	GRCh36	43114011	candidate BIM/PVAR position		2026-05-22	source-build position preserved from candidate genotype map
rs6519876	22	GRCh37	44735347	Ensembl REST variation endpoint	https://grch37.rest.ensembl.org/variation/homo_sapiens	2026-05-22	unique autosomal SNP mapping in both GRCh37 and GRCh38
rs6519876	22	GRCh38	44339467	Ensembl REST variation endpoint	https://rest.ensembl.org/variation/homo_sapiens	2026-05-22	unique autosomal SNP mapping in both GRCh37 and GRCh38
rs5765281	22	GRCh36	44133222	candidate BIM/PVAR position		2026-05-22	source-build position preserved from candidate genotype map
rs5765281	22	GRCh37	45754558	Ensembl REST variation endpoint	https://grch37.rest.ensembl.org/variation/homo_sapiens	2026-05-22	unique autosomal SNP mapping in both GRCh37 and GRCh38
rs5765281	22	GRCh38	45358678	Ensembl REST variation endpoint	https://rest.ensembl.org/variation/homo_sapiens	2026-05-22	unique autosomal SNP mapping in both GRCh37 and GRCh38
rs7285515	22	GRCh36	45142335	candidate BIM/PVAR position		2026-05-22	source-build position preserved from candidate genotype map
rs7285515	22	GRCh37	46763671	Ensembl REST variation endpoint	https://grch37.rest.ensembl.org/variation/homo_sapiens	2026-05-22	unique autosomal SNP mapping in both GRCh37 and GRCh38
rs7285515	22	GRCh38	46367774	Ensembl REST variation endpoint	https://rest.ensembl.org/variation/homo_sapiens	2026-05-22	unique autosomal SNP mapping in both GRCh37 and GRCh38
rs9615513	22	GRCh36	46149964	candidate BIM/PVAR position		2026-05-22	source-build position preserved from candidate genotype map
rs9615513	22	GRCh37	47771300	Ensembl REST variation endpoint	https://grch37.rest.ensembl.org/variation/homo_sapiens	2026-05-22	unique autosomal SNP mapping in both GRCh37 and GRCh38
rs9615513	22	GRCh38	47375550	Ensembl REST variation endpoint	https://rest.ensembl.org/variation/homo_sapiens	2026-05-22	unique autosomal SNP mapping in both GRCh37 and GRCh38
rs130775	22	GRCh36	47162822	candidate BIM/PVAR position		2026-05-22	source-build position preserved from candidate genotype map
rs130775	22	GRCh37	48784158	Ensembl REST variation endpoint	https://grch37.rest.ensembl.org/variation/homo_sapiens	2026-05-22	unique autosomal SNP mapping in both GRCh37 and GRCh38
rs130775	22	GRCh38	48388346	Ensembl REST variation endpoint	https://rest.ensembl.org/variation/homo_sapiens	2026-05-22	unique autosomal SNP mapping in both GRCh37 and GRCh38
rs762923	22	GRCh36	48183625	candidate BIM/PVAR position		2026-05-22	source-build position preserved from candidate genotype map
rs762923	22	GRCh37	49797621	Ensembl REST variation endpoint	https://grch37.rest.ensembl.org/variation/homo_sapiens	2026-05-22	unique autosomal SNP mapping in both GRCh37 and GRCh38
rs762923	22	GRCh38	49403972	Ensembl REST variation endpoint	https://rest.ensembl.org/variation/homo_sapiens	2026-05-22	unique autosomal SNP mapping in both GRCh37 and GRCh38
rs12167579	22	GRCh36	49191852	candidate BIM/PVAR position		2026-05-22	source-build position preserved from candidate genotype map
rs12167579	22	GRCh37	50844986	Ensembl REST variation endpoint	https://grch37.rest.ensembl.org/variation/homo_sapiens	2026-05-22	unique autosomal SNP mapping in both GRCh37 and GRCh38
rs12167579	22	GRCh38	50406557	Ensembl REST variation endpoint	https://rest.ensembl.org/variation/homo_sapiens	2026-05-22	unique autosomal SNP mapping in both GRCh37 and GRCh38
