variant_id	chrom	grch37_pos	grch38_pos	delta_bp	selected	reason
rs7553178	1	2204755	2273316	68561	False	selected_candidate
rs34770924	1	3996075	3936016	60059	False	selected_candidate
rs10796400	1	5580192	5520132	60060	False	selected_candidate
rs4908600	1	7196659	7136599	60060	True	selected_candidate
rs12024032	1	8808185	8748126	60059	False	selected_candidate
rs7546368	1	10418826	10358768	60058	False	selected_candidate
rs1540923	1	12032030	11971973	60057	True	selected_candidate
rs3013066	1	13737240	13410783	326457	False	selected_candidate
rs869712	1	15344403	15017907	326496	False	selected_candidate
rs1977269	1	17004850	16678355	326495	True	selected_candidate
rs223160	1	18623324	18296830	326494	False	selected_candidate
rs17401735	1	20236731	19910238	326493	False	selected_candidate
rs12145027	1	21847548	21521055	326493	True	selected_candidate
rs7519050	1	23462929	23136436	326493	False	selected_candidate
rs6604978	1	25090446	24763955	326491	False	selected_candidate
rs6598962	1	26704330	26377839	326491	True	selected_candidate
rs12140070	1	28335581	28009070	326511	False	selected_candidate
rs12058382	1	30252104	29779257	472847	False	selected_candidate
rs12145450	1	31862949	31390102	472847	True	selected_candidate
rs11799675	1	33485137	33019536	465601	False	selected_candidate
rs7548924	1	35095368	34629767	465601	False	selected_candidate
rs11810624	1	36719959	36254358	465601	True	selected_candidate
rs17805826	1	38340640	37874968	465672	False	selected_candidate
rs710915	1	39952745	39487073	465672	False	selected_candidate
rs3766321	1	41565854	41100182	465672	True	selected_candidate
rs11811635	1	43178307	42712636	465671	False	selected_candidate
rs11210983	1	44799599	44333927	465672	False	selected_candidate
rs9804007	1	46416348	45950676	465672	True	selected_candidate
rs2457050	1	48041606	47575934	465672	False	selected_candidate
rs11591141	1	49664304	49198632	465672	False	selected_candidate
rs11585934	1	51307606	50841934	465672	True	selected_candidate
rs17107235	1	52932917	52467245	465672	False	selected_candidate
rs590041	1	54742471	54276798	465673	False	selected_candidate
rs17113071	1	56353786	55888113	465673	True	selected_candidate
rs17115910	1	57973322	57507650	465672	False	selected_candidate
rs10789075	1	59582548	59116876	465672	True	selected_candidate
rs6661743	1	61212569	60746897	465672	False	selected_candidate
rs17380875	1	62829076	62363405	465671	False	selected_candidate
rs17097108	1	64445636	63979964	465672	True	selected_candidate
rs3828034	1	66062325	65596642	465683	False	selected_candidate
rs7517847	1	67681669	67215986	465683	False	selected_candidate
rs9988609	1	69315228	68849545	465683	True	selected_candidate
rs10493474	1	70948788	70483105	465683	False	selected_candidate
rs1486091	1	72571364	72105681	465683	False	selected_candidate
rs7518173	1	74235396	73769713	465683	True	selected_candidate
rs17096806	1	75860137	75394452	465685	False	selected_candidate
rs6603933	1	77471731	77006046	465685	False	selected_candidate
rs987495	1	79095581	78629896	465685	True	selected_candidate
rs1687840	1	80709903	80244218	465685	False	selected_candidate
rs1976208	1	82322706	81857021	465685	False	selected_candidate
rs17127846	1	83944228	83478545	465683	True	selected_candidate
rs12757160	1	85759668	85293985	465683	False	selected_candidate
rs1407131	1	87378627	86912944	465683	False	selected_candidate
rs1999572	1	88992775	88527092	465683	True	selected_candidate
rs12145344	1	90612804	90147246	465558	False	selected_candidate
rs284185	1	92233820	91768263	465557	False	selected_candidate
rs1323626	1	93863897	93398340	465557	True	selected_candidate
rs12137333	1	95478126	95012570	465556	False	selected_candidate
rs1325756	1	97106961	96641405	465556	False	selected_candidate
rs2031244	1	98725017	98259461	465556	True	selected_candidate
rs3736295	1	100342227	99876671	465556	False	selected_candidate
rs12116862	1	101953743	101488187	465556	False	selected_candidate
rs1572521	1	103562868	103097312	465556	True	selected_candidate
rs12042477	1	105274065	104731443	542622	False	selected_candidate
rs12565323	1	106906072	106363450	542622	False	selected_candidate
rs2336645	1	108524174	107981552	542622	True	selected_candidate
rs7544426	1	110175980	109633358	542622	False	selected_candidate
rs12082033	1	111798711	111256089	542622	False	selected_candidate
rs9429495	1	113412089	112869467	542622	True	selected_candidate
rs7520209	1	115019710	114477088	542622	False	selected_candidate
rs12066167	1	116638675	116096054	542621	False	selected_candidate
rs2002747	1	118255058	117712436	542622	True	selected_candidate
rs1409056	1	119864586	119321963	542623	False	selected_candidate
rs2319971	1	121226982	121485184	258202	True	selected_candidate
rs827361	1	120918861	121104422	185561	False	selected_candidate
rs4649801	1	120687115	120144552	542563	True	selected_candidate
rs6688004	1	120474507	119931884	542623	False	selected_candidate
rs523395	1	120272477	119729854	542623	False	selected_candidate
rs1885001	1	120072082	119529459	542623	False	selected_candidate
rs11590295	1	142655973			False	missing_unique_autosomal_snp_mapping
rs4115868	1				False	missing_unique_autosomal_snp_mapping
rs7417130	1	143543382			False	missing_unique_autosomal_snp_mapping
rs7548928	1	143978807	145030292	1051485	True	selected_candidate
rs2660543	1		120359704		False	missing_unique_autosomal_snp_mapping
rs2798861	1	144841150	149043294	4202144	False	selected_candidate
rs1778761	1	145066917	148817470	3750553	False	selected_candidate
rs12048269	1	145273487	146164708	891221	True	selected_candidate
rs833943	1	145479219	145955867	476648	False	selected_candidate
rs11240130	1	147283701	147811587	527886	True	selected_candidate
rs6673776	1	149060682	143566021	5494661	True	selected_candidate
rs16827772	1	150852054	150879578	27524	True	selected_candidate
rs1199170	1	152469086	152496610	27524	False	selected_candidate
rs6664278	1	154091730	154119254	27524	False	selected_candidate
rs2274787	1	155701143	155731352	30209	True	selected_candidate
rs7542301	1	157318525	157348735	30210	False	selected_candidate
rs1633292	1	158941219	158971429	30210	False	selected_candidate
rs7543788	1	160559549	160589759	30210	True	selected_candidate
rs10919021	1	162235390	162265600	30210	False	selected_candidate
rs11577916	1	163850104	163880867	30763	False	selected_candidate
rs184043	1	165464051	165494814	30763	True	selected_candidate
rs7412201	1	167089388	167120151	30763	False	selected_candidate
rs3950134	1	168720250	168751012	30762	False	selected_candidate
rs1113231	1	170343289	170374148	30859	True	selected_candidate
rs12406353	1	171972317	172003177	30860	False	selected_candidate
rs6425259	1	173795952	173826814	30862	False	selected_candidate
rs10912983	1	175421100	175451964	30864	True	selected_candidate
rs12741354	1	177042531	177073395	30864	False	selected_candidate
rs2988261	1	178662559	178693424	30865	False	selected_candidate
rs12089448	1	180288820	180319685	30865	True	selected_candidate
rs12135968	1	181903508	181934373	30865	False	selected_candidate
rs2702180	1	183517971	183548836	30865	False	selected_candidate
rs7548237	1	185128250	185159118	30868	True	selected_candidate
rs6660635	1	186749233	186780101	30868	False	selected_candidate
rs10127524	1	188363324	188394193	30869	False	selected_candidate
rs4845214	1	189990412	190021282	30870	True	selected_candidate
rs2814580	1	191610760	191641630	30870	False	selected_candidate
rs472512	1	193227537	193258407	30870	False	selected_candidate
rs339560	1	194846662	194877532	30870	True	selected_candidate
rs1339952	1	196483941	196514811	30870	False	selected_candidate
rs12080620	1	198111706	198142576	30870	False	selected_candidate
rs2502118	1	199731770	199762642	30872	True	selected_candidate
rs511201	1	201549296	201580168	30872	False	selected_candidate
rs7541061	1	203163367	203194239	30872	True	selected_candidate
rs4951124	1	204782547	204813419	30872	False	selected_candidate
rs3118997	1	206551682	206378327	173355	False	selected_candidate
rs586030	1	208170487	207997142	173345	True	selected_candidate
rs10489339	1	209781828	209608483	173345	False	selected_candidate
rs3120787	1	211389643	211216301	173342	False	selected_candidate
rs2884675	1	213002088	212828746	173342	True	selected_candidate
rs10494976	1	214620793	214447450	173343	False	selected_candidate
rs700024	1	216443214	216269872	173342	False	selected_candidate
rs872171	1	218058946	217885604	173342	True	selected_candidate
rs1538742	1	219668252	219494910	173342	False	selected_candidate
rs12125058	1	221277508	221104166	173342	False	selected_candidate
rs17163450	1	222894848	222721506	173342	True	selected_candidate
rs16846649	1	224513972	224326270	187702	False	selected_candidate
rs6700642	1	226134471	225946771	187700	False	selected_candidate
rs12745552	1	227749587	227561886	187701	True	selected_candidate
rs2941063	1	229390144	229254397	135747	False	selected_candidate
rs3811499	1	231005504	230869758	135746	False	selected_candidate
rs16857330	1	232611306	232475560	135746	True	selected_candidate
rs9435557	1	234217852	234082106	135746	False	selected_candidate
rs12058499	1	235846471	235683171	163300	False	selected_candidate
rs2010032	1	237658638	237495338	163300	True	selected_candidate
rs4659902	1	239271778	239108478	163300	False	selected_candidate
rs7525472	1	240886381	240723081	163300	False	selected_candidate
rs10926688	1	242500228	242336926	163302	True	selected_candidate
rs500202	1	244121341	243958039	163302	False	selected_candidate
rs7556045	1	245739589	245576287	163302	False	selected_candidate
rs7546908	1	247363833	247200531	163302	False	selected_candidate
rs6758583	2	1634566	1630794	3772	False	selected_candidate
rs2602744	2	3262514	3258743	3771	False	selected_candidate
rs17020090	2	4888210	4840620	47590	False	selected_candidate
rs10495536	2	6580745	6440613	140132	True	selected_candidate
rs11899688	2	8201971	8061841	140130	False	selected_candidate
rs2049431	2	9819812	9679683	140129	False	selected_candidate
rs7563468	2	11431275	11291149	140126	True	selected_candidate
rs645490	2	12841445	12701319	140126	False	selected_candidate
rs1515930	2	14463162	14323038	140124	False	selected_candidate
rs10929400	2	16077765	15937643	140122	True	selected_candidate
rs1033297	2	17768612	17587345	181267	False	selected_candidate
rs2028173	2	19387106	19187345	199761	False	selected_candidate
rs4971527	2	21009487	20809727	199760	True	selected_candidate
rs1509384	2	22644836	22421964	222872	False	selected_candidate
rs12053347	2	24264389	24041519	222870	False	selected_candidate
rs6720442	2	25885213	25662344	222869	True	selected_candidate
rs10191996	2	27503750	27280882	222868	False	selected_candidate
rs4577244	2	29120733	28897867	222866	False	selected_candidate
rs9808079	2	30734415	30511549	222866	True	selected_candidate
rs11678119	2	32376303	32151234	225069	False	selected_candidate
rs17013391	2	33798742	33573675	225067	False	selected_candidate
rs1439845	2	35411425	35186359	225066	True	selected_candidate
rs17019813	2	37021612	36794469	227143	False	selected_candidate
rs10191584	2	38643303	38416161	227142	True	selected_candidate
rs11903990	2	40270303	40043163	227140	False	selected_candidate
rs17607399	2	41884212	41657072	227140	False	selected_candidate
rs7561670	2	43506259	43279120	227139	True	selected_candidate
rs17041592	2	45122342	44895203	227139	False	selected_candidate
rs4953396	2	46736794	46509655	227139	False	selected_candidate
rs4953550	2	48356453	48129314	227139	True	selected_candidate
rs2139156	2	49972394	49745256	227138	False	selected_candidate
rs6545212	2	51584418	51357280	227138	False	selected_candidate
rs1876934	2	53206305	52979167	227138	True	selected_candidate
rs7584223	2	54818895	54591758	227137	False	selected_candidate
rs4672097	2	56430903	56203768	227135	False	selected_candidate
rs12185644	2	58051769	57824634	227135	True	selected_candidate
rs10490056	2	59663906	59436771	227135	False	selected_candidate
rs17037338	2	61286251	61059116	227135	False	selected_candidate
rs6706698	2	62706695	62479560	227135	True	selected_candidate
rs10496105	2	64320746	64093612	227134	False	selected_candidate
rs2193461	2	65941778	65714644	227134	False	selected_candidate
rs4671792	2	67554283	67327151	227132	True	selected_candidate
rs2312072	2	69169279	68942147	227132	False	selected_candidate
rs4852650	2	70775085	70547953	227132	False	selected_candidate
rs41416	2	72405008	72177879	227129	True	selected_candidate
rs13399480	2	74042489	73815362	227127	False	selected_candidate
rs6546997	2	75658780	75431654	227126	False	selected_candidate
rs1838878	2	77276201	77049075	227126	True	selected_candidate
rs6716040	2	78900269	78673143	227126	False	selected_candidate
rs11898728	2	80508378	80281253	227125	False	selected_candidate
rs6547397	2	82133326	81906202	227124	True	selected_candidate
rs13015327	2	83762070	83534946	227124	False	selected_candidate
rs17711242	2	85374161	85147038	227123	True	selected_candidate
rs34283985	2	86980418	86753295	227123	False	selected_candidate
rs17838451	2	88617171	88317652	299519	False	selected_candidate
rs13392566	2	90173461	90134611	38850	True	selected_candidate
rs6705875	2	92027937	91839911	188026	False	selected_candidate
rs1852300	2	95341388	94675663	665725	False	selected_candidate
rs13424824	2	95553691	94887946	665745	True	selected_candidate
rs10195177	2	97012092	96346354	665738	False	selected_candidate
rs6705251	2	98714445	98097982	616463	False	selected_candidate
rs1376444	2	100141028	99524566	616462	True	selected_candidate
rs4851407	2	101759182	101142720	616462	False	selected_candidate
rs2732838	2	103375056	102758597	616459	False	selected_candidate
rs6726560	2	105002405	104385947	616458	True	selected_candidate
rs1901464	2	106626688	106010232	616456	False	selected_candidate
rs12469710	2	108308255	107691799	616456	False	selected_candidate
rs17197427	2	109765475	109149019	616456	True	selected_candidate
rs35061433	2	110465111	109707534	757577	False	selected_candidate
rs10194496	2	112820462	112062885	757577	False	selected_candidate
rs4849236	2	114262012	113504435	757577	True	selected_candidate
rs7579207	2	115881852	115124275	757577	False	selected_candidate
rs17732765	2	117507383	116749807	757576	False	selected_candidate
rs10189327	2	119134384	118376808	757576	True	selected_candidate
rs1470482	2	120756588	119999012	757576	False	selected_candidate
rs6541789	2	122370810	121613234	757576	False	selected_candidate
rs1519294	2	123993396	123235820	757576	True	selected_candidate
rs7561882	2	125605170	124847593	757577	False	selected_candidate
rs13415962	2	127222846	126465269	757577	False	selected_candidate
rs12617108	2	128838634	128081060	757574	True	selected_candidate
rs6751607	2	130455575	129698002	757573	False	selected_candidate
rs34052165	2	132057166	131299593	757573	False	selected_candidate
rs1370602	2	133688972	132931399	757573	True	selected_candidate
rs11889965	2	135299531	134541960	757571	False	selected_candidate
rs4954394	2	136917330	136159760	757570	False	selected_candidate
rs3919758	2	138328342	137570772	757570	True	selected_candidate
rs2118269	2	139954090	139196520	757570	False	selected_candidate
rs3828265	2	141570937	140813368	757569	False	selected_candidate
rs4499369	2	143185676	142428107	757569	True	selected_candidate
rs4662364	2	144803246	144045679	757567	False	selected_candidate
rs2381757	2	146422643	145665075	757568	False	selected_candidate
rs1522664	2	148055505	147297937	757568	True	selected_candidate
rs11885388	2	149673362	148915793	757569	False	selected_candidate
rs16828191	2	151307285	150450771	856514	False	selected_candidate
rs11902858	2	152916682	152060168	856514	True	selected_candidate
rs2881873	2	154524124	153667611	856513	False	selected_candidate
rs6750642	2	156146278	155289766	856512	True	selected_candidate
rs7594035	2	157773099	156916587	856512	False	selected_candidate
rs16843012	2	159390585	158534073	856512	False	selected_candidate
rs1457233	2	160996969	160140458	856511	True	selected_candidate
rs13022437	2	162622285	161765775	856510	False	selected_candidate
rs16848118	2	164038636	163182126	856510	False	selected_candidate
rs1993292	2	165672567	164816057	856510	True	selected_candidate
rs2091544	2	167301423	166444913	856510	False	selected_candidate
rs12479070	2	168912084	168055574	856510	False	selected_candidate
rs7421737	2	170538419	169681909	856510	True	selected_candidate
rs7564482	2	172160433	171303923	856510	False	selected_candidate
rs3769265	2	173777163	172912435	864728	False	selected_candidate
rs13407318	2	175393104	174528376	864728	True	selected_candidate
rs4972504	2	177018726	176153998	864728	False	selected_candidate
rs3754996	2	178627664	177762936	864728	False	selected_candidate
rs13011836	2	180240770	179376043	864727	True	selected_candidate
rs4508560	2	181867185	181002458	864727	False	selected_candidate
rs17265559	2	183488214	182623487	864727	False	selected_candidate
rs7582282	2	184930727	184066000	864727	True	selected_candidate
rs10803992	2	186566024	185701297	864727	False	selected_candidate
rs870882	2	188182799	187318072	864727	False	selected_candidate
rs7609210	2	189812267	188947541	864726	True	selected_candidate
rs6745652	2	191423897	190559171	864726	False	selected_candidate
rs12693642	2	193042710	192177984	864726	False	selected_candidate
rs13418354	2	194675382	193810658	864724	True	selected_candidate
rs4505549	2	196288136	195423412	864724	False	selected_candidate
rs9653321	2	197901758	197037034	864724	False	selected_candidate
rs7592562	2	199522842	198658118	864724	True	selected_candidate
rs1835720	2	201145974	200281251	864723	False	selected_candidate
rs16838426	2	202771029	201906306	864723	False	selected_candidate
rs4675332	2	204190907	203326184	864723	True	selected_candidate
rs13394306	2	205812878	204948155	864723	False	selected_candidate
rs1013475	2	207427673	206562949	864724	False	selected_candidate
rs7589531	2	209033557	208168833	864724	True	selected_candidate
rs13013318	2	210651894	209787170	864724	False	selected_candidate
rs10176936	2	212275502	211410777	864725	False	selected_candidate
rs10932459	2	213897308	213032584	864724	True	selected_candidate
rs7580899	2	215510079	214645355	864724	False	selected_candidate
rs16855795	2	217124377	216259654	864723	True	selected_candidate
rs13407109	2	218736908	217872185	864723	False	selected_candidate
rs4674406	2	220360683	219495961	864722	False	selected_candidate
rs7564113	2	221968989	221104269	864720	True	selected_candidate
rs7562188	2	223588587	222723868	864719	False	selected_candidate
rs11886905	2	225217476	224352759	864717	False	selected_candidate
rs2037286	2	226835324	225970608	864716	True	selected_candidate
rs7581631	2	228458944	227594228	864716	False	selected_candidate
rs6752022	2	230089958	229225242	864716	False	selected_candidate
rs4072493	2	231513826	230649111	864715	True	selected_candidate
rs11693645	2	233138587	232273877	864710	False	selected_candidate
rs2361515	2	234791098	233882452	908646	False	selected_candidate
rs11685009	2	236399413	235490769	908644	True	selected_candidate
rs10194845	2	238017470	237108827	908643	False	selected_candidate
rs6431621	2	239636422	238727781	908641	False	selected_candidate
rs7602820	2	241268106	240328689	939417	False	selected_candidate
rs7626838	3	1467675	1425991	41684	False	selected_candidate
rs41500847	3	2677248	2635564	41684	False	selected_candidate
rs1385465	3	4087787	4046103	41684	False	selected_candidate
rs17042126	3	5294938	5253253	41685	True	selected_candidate
rs17045564	3	6706703	6665016	41687	False	selected_candidate
rs9838153	3	7912645	7870958	41687	False	selected_candidate
rs17050210	3	9318416	9276732	41684	True	selected_candidate
rs1318099	3	10532032	10490348	41684	False	selected_candidate
rs13064676	3	11950921	11909447	41474	False	selected_candidate
rs11128635	3	13168301	13126801	41500	True	selected_candidate
rs17039777	3	14598680	14557173	41507	False	selected_candidate
rs6789076	3	15807725	15766218	41507	False	selected_candidate
rs1463221	3	17221017	17179525	41492	True	selected_candidate
rs9284843	3	18439595	18398103	41492	False	selected_candidate
rs269373	3	19857703	19816211	41492	False	selected_candidate
rs12487277	3	21272223	21230731	41492	True	selected_candidate
rs7611770	3	22491634	22450143	41491	False	selected_candidate
rs11717238	3	23722206	23680715	41491	False	selected_candidate
rs13072262	3	25131570	25090079	41491	True	selected_candidate
rs1847156	3	26547966	26506475	41491	False	selected_candidate
rs6805832	3	27753688	27712197	41491	True	selected_candidate
rs6788002	3	29162760	29121269	41491	False	selected_candidate
rs11918888	3	30371233	30329741	41492	False	selected_candidate
rs4374563	3	31776980	31735488	41492	True	selected_candidate
rs7428479	3	32985486	32943994	41492	False	selected_candidate
rs13099840	3	34401451	34359959	41492	False	selected_candidate
rs4618174	3	35626699	35585207	41492	True	selected_candidate
rs4234259	3	37048633	37007142	41491	False	selected_candidate
rs34730563	3	38263716	38222225	41491	False	selected_candidate
rs4494863	3	39678712	39637221	41491	True	selected_candidate
rs7650433	3	40899164	40857673	41491	False	selected_candidate
rs4683160	3	42319904	42278412	41492	False	selected_candidate
rs1975997	3	43527252	43485760	41492	True	selected_candidate
rs13326552	3	44948480	44906988	41492	False	selected_candidate
rs6794475	3	46160178	46118686	41492	False	selected_candidate
rs11130137	3	47578838	47537348	41490	True	selected_candidate
rs3774628	3	48801840	48764407	37433	False	selected_candidate
rs13067082	3	50221715	50184282	37433	False	selected_candidate
rs4687569	3	51432895	51395464	37431	True	selected_candidate
rs9858074	3	52843613	52809597	34016	False	selected_candidate
rs9830760	3	54264197	54230170	34027	False	selected_candidate
rs865235	3	55472156	55438128	34028	True	selected_candidate
rs13314686	3	56885076	56851048	34028	False	selected_candidate
rs2177153	3	58092346	58106619	14273	False	selected_candidate
rs9852412	3	59513870	59528144	14274	True	selected_candidate
rs1735478	3	60721778	60736045	14267	False	selected_candidate
rs4440115	3	62131691	62146017	14326	True	selected_candidate
rs6764956	3	63344986	63359310	14324	False	selected_candidate
rs6797091	3	64753828	64768152	14324	False	selected_candidate
rs17074202	3	65960926	65975251	14325	True	selected_candidate
rs6548418	3	67300242	67249818	50424	False	selected_candidate
rs2872367	3	68521182	68472031	49151	False	selected_candidate
rs17006578	3	69934331	69885180	49151	True	selected_candidate
rs2037533	3	71158284	71109133	49151	False	selected_candidate
rs4677179	3	72571732	72522581	49151	False	selected_candidate
rs4676946	3	73778404	73729253	49151	True	selected_candidate
rs13094233	3	75198904	75149753	49151	False	selected_candidate
rs10514733	3	76483391	76434240	49151	False	selected_candidate
rs11127606	3	77904963	77855812	49151	True	selected_candidate
rs6548612	3	79123470	79074320	49150	False	selected_candidate
rs1515003	3	80544383	80495233	49150	False	selected_candidate
rs6795133	3	81756267	81707116	49151	True	selected_candidate
rs1356628	3	83173619	83124468	49151	False	selected_candidate
rs12490442	3	84399102	84349951	49151	False	selected_candidate
rs1375567	3	85636711	85587561	49150	True	selected_candidate
rs1583551	3	87058639	87009489	49150	False	selected_candidate
rs6783531	3	88277279	88228129	49150	False	selected_candidate
rs7613017	3	89697760	89648610	49150	True	selected_candidate
rs9757258	3	90308223	90259073	49150	False	selected_candidate
rs12714734	3	90107488	90058338	49150	False	selected_candidate
rs9835601	3	93518529	93799685	281156	True	selected_candidate
rs35937148	3	93721520	94002676	281156	False	selected_candidate
rs4552351	3	94938622	95219778	281156	False	selected_candidate
rs9842685	3	96167389	96448545	281156	True	selected_candidate
rs2279898	3	97593380	97874536	281156	False	selected_candidate
rs2966552	3	98832860	99114016	281156	False	selected_candidate
rs6441308	3	100242358	100523514	281156	True	selected_candidate
rs2466369	3	101457391	101738547	281156	False	selected_candidate
rs7645987	3	102879694	103160850	281156	False	selected_candidate
rs9813792	3	104089767	104370923	281156	True	selected_candidate
rs6780432	3	105502496	105783652	281156	False	selected_candidate
rs1709969	3	106716721	106997874	281153	False	selected_candidate
rs17537587	3	108122068	108403221	281153	True	selected_candidate
rs1729616	3	109332243	109613396	281153	False	selected_candidate
rs1477854	3	110750176	111031329	281153	False	selected_candidate
rs13089316	3	111962774	112243927	281153	True	selected_candidate
rs9813630	3	113377361	113658514	281153	False	selected_candidate
rs587321	3	114590028	114871181	281153	False	selected_candidate
rs7645165	3	116003240	116284393	281153	True	selected_candidate
rs4301042	3	117420673	117701826	281153	False	selected_candidate
rs2866317	3	118640733	118921886	281153	False	selected_candidate
rs6438575	3	120049117	120330270	281153	True	selected_candidate
rs510709	3	121285493	121566646	281153	False	selected_candidate
rs4234209	3	122693800	122974953	281153	False	selected_candidate
rs1950091	3	123900317	124181470	281153	True	selected_candidate
rs754545	3	125306274	125587430	281156	False	selected_candidate
rs9878234	3	126529563	126810720	281157	False	selected_candidate
rs9873786	3	127942379	128223536	281157	True	selected_candidate
rs6786195	3	129171184	129452341	281157	False	selected_candidate
rs1606490	3	130588475	130869631	281156	False	selected_candidate
rs7651640	3	131803852	132085008	281156	True	selected_candidate
rs6439416	3	133219779	133500935	281156	False	selected_candidate
rs6784382	3	134428128	134709286	281158	False	selected_candidate
rs6781817	3	135842507	136123665	281158	True	selected_candidate
rs4678310	3	137063782	137344940	281158	False	selected_candidate
rs361071	3	138487683	138768841	281158	True	selected_candidate
rs12491613	3	139699712	139980870	281158	False	selected_candidate
rs2871960	3	141121814	141402972	281158	False	selected_candidate
rs4413348	3	142333025	142614183	281158	True	selected_candidate
rs16854851	3	143755704	144036862	281158	False	selected_candidate
rs9826769	3	144962597	145244810	282213	False	selected_candidate
rs7644114	3	146381657	146663870	282213	True	selected_candidate
rs11710622	3	147607344	147889557	282213	False	selected_candidate
rs12487547	3	149022622	149304835	282213	False	selected_candidate
rs9289815	3	150229958	150512171	282213	True	selected_candidate
rs4679954	3	151653029	151935241	282212	False	selected_candidate
rs894802	3	152878719	153160930	282211	False	selected_candidate
rs7614327	3	154291478	154573689	282211	True	selected_candidate
rs7642920	3	155498311	155780522	282211	False	selected_candidate
rs6793336	3	156907744	157189955	282211	False	selected_candidate
rs4875	3	158320597	158602808	282211	True	selected_candidate
rs13066560	3	159532411	159814622	282211	False	selected_candidate
rs12490149	3	160939120	161221332	282212	False	selected_candidate
rs4266210	3	162150159	162432371	282212	True	selected_candidate
rs6774142	3	163434440	163716652	282212	False	selected_candidate
rs9830324	3	164862915	165145127	282212	False	selected_candidate
rs6768086	3	166074779	166356991	282212	True	selected_candidate
rs1473511	3	167500763	167782975	282212	False	selected_candidate
rs16852972	3	168715259	168997471	282212	False	selected_candidate
rs6782252	3	170133639	170415851	282212	True	selected_candidate
rs7634685	3	171350748	171632958	282210	False	selected_candidate
rs9851618	3	172762316	173044526	282210	False	selected_candidate
rs691887	3	173970665	174252875	282210	True	selected_candidate
rs16826106	3	175390100	175672312	282212	False	selected_candidate
rs1201284	3	176807314	177089526	282212	True	selected_candidate
rs2863124	3	178018134	178300346	282212	False	selected_candidate
rs4854950	3	179428456	179710668	282212	False	selected_candidate
rs534630	3	180638648	180920860	282212	True	selected_candidate
rs7624385	3	182055057	182337269	282212	False	selected_candidate
rs9846646	3	183272005	183554217	282212	False	selected_candidate
rs4273352	3	184692047	184974259	282212	True	selected_candidate
rs13087397	3	185905876	186188087	282211	False	selected_candidate
rs1376974	3	187311533	187593745	282212	False	selected_candidate
rs3856919	3	188520252	188802464	282212	True	selected_candidate
rs1523270	3	189932145	190214356	282211	False	selected_candidate
rs9868965	3	191139587	191421798	282211	False	selected_candidate
rs9291033	3	192555298	192837509	282211	True	selected_candidate
rs6778204	3	193967428	194249639	282211	False	selected_candidate
rs2029707	3	195175612	195454883	279271	False	selected_candidate
rs9862217	3	196407281	196680410	273129	False	selected_candidate
rs3817604	4	1291337	1297549	6212	False	selected_candidate
rs7664669	4	2525849	2524122	1727	False	selected_candidate
rs3889790	4	3923728	3922001	1727	False	selected_candidate
rs2968671	4	4974670	4972943	1727	True	selected_candidate
rs16838698	4	6386039	6384312	1727	False	selected_candidate
rs9291138	4	7604846	7603119	1727	False	selected_candidate
rs6835865	4	9370814	9369088	1726	True	selected_candidate
rs1004325	4	10597569	10595945	1624	False	selected_candidate
rs12501047	4	11813605	11811981	1624	True	selected_candidate
rs1904788	4	13024451	13022827	1624	False	selected_candidate
rs16890480	4	14447638	14446014	1624	False	selected_candidate
rs4698408	4	15659048	15657425	1623	True	selected_candidate
rs4698512	4	16867007	16865384	1623	False	selected_candidate
rs1563749	4	18072500	18070877	1623	False	selected_candidate
rs4525972	4	19492256	19490633	1623	True	selected_candidate
rs10032537	4	20698104	20696481	1623	False	selected_candidate
rs16872074	4	21902750	21901127	1623	False	selected_candidate
rs9995368	4	23119308	23117685	1623	True	selected_candidate
rs3828558	4	24534687	24533064	1623	False	selected_candidate
rs11735719	4	25748784	25747162	1622	False	selected_candidate
rs10939144	4	26966906	26965284	1622	True	selected_candidate
rs12642383	4	28194516	28192894	1622	False	selected_candidate
rs7688471	4	29618562	29616940	1622	False	selected_candidate
rs11724608	4	30830285	30828663	1622	True	selected_candidate
rs6813819	4	32052675	32051053	1622	False	selected_candidate
rs11724725	4	33256613	33254991	1622	False	selected_candidate
rs10019000	4	34488990	34487368	1622	True	selected_candidate
rs2375563	4	35698696	35697074	1622	False	selected_candidate
rs10433872	4	37107441	37105819	1622	False	selected_candidate
rs4833034	4	38318354	38316733	1621	True	selected_candidate
rs4453941	4	39528976	39527356	1620	False	selected_candidate
rs3922617	4	40926385	40924368	2017	False	selected_candidate
rs7664565	4	42135019	42133002	2017	True	selected_candidate
rs10938271	4	43349898	43347881	2017	False	selected_candidate
rs11945750	4	44557111	44555094	2017	False	selected_candidate
rs12498629	4	45786807	45784790	2017	True	selected_candidate
rs1023775	4	47195708	47193691	2017	False	selected_candidate
rs6823580	4	48405643	48403626	2017	False	selected_candidate
rs2944903	4	49497903	49495886	2017	False	selected_candidate
rs10440239	4	49245882	49243865	2017	True	selected_candidate
rs1910739	4	52683607	51817441	866166	False	selected_candidate
rs10017784	4	53494816	52628649	866167	True	selected_candidate
rs1014932	4	54714753	53848586	866167	False	selected_candidate
rs6825958	4	55929176	55063009	866167	False	selected_candidate
rs6818446	4	57347226	56481060	866166	True	selected_candidate
rs1425309	4	58550290	57684124	866166	False	selected_candidate
rs7685795	4	59799035	58933368	865667	False	selected_candidate
rs10049506	4	61008776	60143058	865718	True	selected_candidate
rs2132074	4	62416499	61550781	865718	False	selected_candidate
rs4286556	4	63628599	62762881	865718	False	selected_candidate
rs1530730	4	64844503	63978785	865718	True	selected_candidate
rs7671694	4	66063670	65197952	865718	False	selected_candidate
rs11936928	4	67489994	66624276	865718	False	selected_candidate
rs6834437	4	68713911	67848193	865718	True	selected_candidate
rs17602249	4	69650860	68785142	865718	False	selected_candidate
rs776821	4	70860858	69995141	865717	False	selected_candidate
rs7676147	4	71903053	71037336	865717	True	selected_candidate
rs1554017	4	73117353	72251636	865717	False	selected_candidate
rs1247577	4	74522951	73657234	865717	False	selected_candidate
rs984991	4	75736541	74811331	925210	True	selected_candidate
rs10014837	4	76941818	76020665	921153	False	selected_candidate
rs11097744	4	78153905	77232752	921153	False	selected_candidate
rs6533835	4	79560958	78639804	921154	True	selected_candidate
rs4690123	4	80788782	79867628	921154	False	selected_candidate
rs17005048	4	82004241	81083087	921154	False	selected_candidate
rs6822283	4	83218230	82297077	921153	True	selected_candidate
rs7680936	4	84635924	83714771	921153	False	selected_candidate
rs9684737	4	85851965	84930812	921153	False	selected_candidate
rs4334746	4	87072464	86151311	921153	True	selected_candidate
rs6849846	4	88293745	87372593	921152	False	selected_candidate
rs9991328	4	89713121	88791970	921151	False	selected_candidate
rs11728457	4	90938575	90017424	921151	True	selected_candidate
rs4693272	4	92152678	91231527	921151	False	selected_candidate
rs7668752	4	93368860	92447709	921151	False	selected_candidate
rs7669474	4	94582184	93661033	921151	True	selected_candidate
rs1158793	4	96004341	95083190	921151	False	selected_candidate
rs4699497	4	97212074	96290923	921151	True	selected_candidate
rs17026736	4	98429786	97508635	921151	False	selected_candidate
rs2037797	4	99643178	98722027	921151	False	selected_candidate
rs11097688	4	101057346	100136189	921157	True	selected_candidate
rs2850329	4	102275264	101354107	921157	False	selected_candidate
rs1598861	4	103486697	102565540	921157	False	selected_candidate
rs7656744	4	104701818	103780661	921157	True	selected_candidate
rs9637601	4	106125715	105204558	921157	False	selected_candidate
rs3018056	4	107329974	106408817	921157	False	selected_candidate
rs4956111	4	108547865	107626709	921156	True	selected_candidate
rs11098004	4	109766290	108845134	921156	False	selected_candidate
rs6837007	4	111182292	110261136	921156	False	selected_candidate
rs3112843	4	112386887	111465731	921156	True	selected_candidate
rs4488992	4	113606422	112685266	921156	False	selected_candidate
rs17046568	4	114817990	113896834	921156	False	selected_candidate
rs2389072	4	116232348	115311192	921156	True	selected_candidate
rs1549443	4	117447194	116526038	921156	False	selected_candidate
rs1870481	4	118663020	117741865	921155	False	selected_candidate
rs1387981	4	119875492	118954337	921155	True	selected_candidate
rs28589398	4	121290614	120369459	921155	False	selected_candidate
rs11944371	4	122498375	121577220	921155	False	selected_candidate
rs13138349	4	123710297	122789142	921155	True	selected_candidate
rs960925	4	125120257	124199102	921155	False	selected_candidate
rs17009618	4	126336703	125415548	921155	False	selected_candidate
rs313130	4	127544908	126623753	921155	True	selected_candidate
rs4000710	4	128759806	127838651	921155	False	selected_candidate
rs7671508	4	129977667	129056512	921155	False	selected_candidate
rs10020348	4	131390997	130469842	921155	True	selected_candidate
rs2202039	4	132602303	131681148	921155	False	selected_candidate
rs12641896	4	133862954	132941799	921155	True	selected_candidate
rs17033036	4	135071831	134150676	921155	False	selected_candidate
rs4864269	4	136302270	135381115	921155	False	selected_candidate
rs7686560	4	137710655	136789500	921155	True	selected_candidate
rs11727283	4	138924434	138003280	921154	False	selected_candidate
rs6820313	4	140134659	139213505	921154	False	selected_candidate
rs1560440	4	141543997	140622843	921154	True	selected_candidate
rs2099884	4	142763570	141842417	921153	False	selected_candidate
rs4234884	4	143981240	143060087	921153	False	selected_candidate
rs13146588	4	145210834	144289681	921153	True	selected_candidate
rs2068991	4	146423515	145502363	921152	False	selected_candidate
rs13122121	4	147834758	146913606	921152	False	selected_candidate
rs11099678	4	149052850	148131699	921151	True	selected_candidate
rs10016192	4	150275005	149353853	921152	False	selected_candidate
rs1504784	4	151487145	150565993	921152	False	selected_candidate
rs360927	4	152906845	151985693	921152	True	selected_candidate
rs7693442	4	154116055	153194903	921152	False	selected_candidate
rs6851087	4	155333714	154412562	921152	False	selected_candidate
rs11100006	4	156553789	155632637	921152	True	selected_candidate
rs7688285	4	157968618	157047466	921152	False	selected_candidate
rs13114625	4	159172577	158251425	921152	False	selected_candidate
rs7689344	4	160386481	159465329	921152	True	selected_candidate
rs6843805	4	161617009	160695857	921152	False	selected_candidate
rs1492465	4	163028973	162107821	921152	False	selected_candidate
rs10033119	4	164245854	163324702	921152	True	selected_candidate
rs4440178	4	165454599	164533447	921152	False	selected_candidate
rs2714820	4	166671043	165749891	921152	False	selected_candidate
rs1079310	4	168076695	167155544	921151	True	selected_candidate
rs13110927	4	169299528	168378377	921151	False	selected_candidate
rs7670271	4	170501954	169580803	921151	False	selected_candidate
rs12647730	4	171741934	170820783	921151	True	selected_candidate
rs17057944	4	172955043	172033892	921151	False	selected_candidate
rs13109367	4	174375331	173454180	921151	True	selected_candidate
rs7686453	4	175585803	174664652	921151	False	selected_candidate
rs1826763	4	176804052	175882901	921151	False	selected_candidate
rs6854706	4	178015196	177094042	921154	True	selected_candidate
rs2715501	4	179447785	178526631	921154	False	selected_candidate
rs17802511	4	180653927	179732774	921153	False	selected_candidate
rs11132030	4	181863626	180942473	921153	True	selected_candidate
rs7681106	4	183072277	182151124	921153	False	selected_candidate
rs7694722	4	184487521	183566368	921153	False	selected_candidate
rs7691972	4	185694697	184773543	921154	True	selected_candidate
rs7681323	4	186915297	185994143	921154	False	selected_candidate
rs7674650	4	188127832	187206678	921154	False	selected_candidate
rs456469	4	189544807	188623653	921154	False	selected_candidate
rs2736114	5	1265204	1265089	115	False	selected_candidate
rs10475153	5	2478502	2478388	114	False	selected_candidate
rs12521166	5	3686190	3686076	114	False	selected_candidate
rs590199	5	4900062	4899949	113	True	selected_candidate
rs301782	5	6107249	6107136	113	False	selected_candidate
rs16878364	5	7113974	7113861	113	False	selected_candidate
rs17210921	5	8321995	8321882	113	True	selected_candidate
rs462057	5	9528021	9527909	112	False	selected_candidate
rs60701	5	10733776	10733664	112	False	selected_candidate
rs4701928	5	11944898	11944786	112	True	selected_candidate
rs2107208	5	13169504	13169392	112	False	selected_candidate
rs10866506	5	14377919	14377810	109	False	selected_candidate
rs7706439	5	15586293	15586184	109	True	selected_candidate
rs1872004	5	16807786	16807677	109	False	selected_candidate
rs13186768	5	18048683	18048574	109	False	selected_candidate
rs4490578	5	19266101	19265992	109	True	selected_candidate
rs10941683	5	20274641	20274532	109	False	selected_candidate
rs10069668	5	21516194	21516085	109	False	selected_candidate
rs11740186	5	22722716	22722607	109	True	selected_candidate
rs7714895	5	23937492	23937383	109	False	selected_candidate
rs452473	5	25162109	25162000	109	False	selected_candidate
rs2036009	5	26389125	26389016	109	True	selected_candidate
rs12054895	5	27611431	27611324	107	False	selected_candidate
rs10520944	5	28839100	28838993	107	True	selected_candidate
rs7712093	5	29850762	29850655	107	False	selected_candidate
rs6872040	5	31075755	31075648	107	False	selected_candidate
rs3935489	5	32293735	32293629	106	True	selected_candidate
rs4867522	5	33518227	33518122	105	False	selected_candidate
rs162914	5	34742531	34742426	105	False	selected_candidate
rs700165	5	35954143	35954041	102	True	selected_candidate
rs16903525	5	37164606	37164504	102	False	selected_candidate
rs7734100	5	38376793	38376691	102	False	selected_candidate
rs4957483	5	39587710	39587608	102	True	selected_candidate
rs10473203	5	40606294	40606192	102	False	selected_candidate
rs13168035	5	41818682	41818580	102	False	selected_candidate
rs9292862	5	43028221	43028119	102	True	selected_candidate
rs17309061	5	44249820	44249718	102	False	selected_candidate
rs10043815	5	45477535	45477433	102	False	selected_candidate
rs9717195	5	46302781	46302679	102	True	selected_candidate
rs8188289	5	49462228	50166394	704166	False	selected_candidate
rs10042504	5	49682163	50386329	704166	True	selected_candidate
rs10461655	5	50307167	51011333	704166	False	selected_candidate
rs7445696	5	51522424	52226590	704166	False	selected_candidate
rs4569832	5	52738487	53442657	704170	True	selected_candidate
rs17342535	5	53744849	54449019	704170	False	selected_candidate
rs1374047	5	54968821	55672993	704172	False	selected_candidate
rs832581	5	56174452	56878625	704173	True	selected_candidate
rs1472034	5	57378468	58082641	704173	False	selected_candidate
rs28044	5	58588269	59292443	704174	False	selected_candidate
rs35386	5	59802783	60506956	704173	True	selected_candidate
rs12521924	5	61010938	61715111	704173	False	selected_candidate
rs6889397	5	62221201	62925374	704173	False	selected_candidate
rs356587	5	63430225	64134398	704173	True	selected_candidate
rs6878202	5	64643101	65347274	704173	False	selected_candidate
rs12519638	5	65853368	66557540	704172	False	selected_candidate
rs3886050	5	67065204	67769376	704172	True	selected_candidate
rs4293870	5	68278875	68983048	704173	False	selected_candidate
rs299085	5	68685447	69389620	704173	False	selected_candidate
rs7702814	5	70649421	71353594	704173	True	selected_candidate
rs7701300	5	71860727	72564900	704173	False	selected_candidate
rs16870608	5	72868322	73572497	704175	False	selected_candidate
rs15694	5	74073542	74777717	704175	True	selected_candidate
rs7379261	5	75285009	75989184	704175	False	selected_candidate
rs2928161	5	76493408	77197583	704175	False	selected_candidate
rs4143069	5	77704848	78409024	704176	True	selected_candidate
rs2404463	5	78923723	79627900	704177	False	selected_candidate
rs184967	5	80149981	80854162	704181	False	selected_candidate
rs16899359	5	81367320	82071501	704181	True	selected_candidate
rs16876496	5	82580065	83284246	704181	False	selected_candidate
rs10051444	5	83789736	84493918	704182	False	selected_candidate
rs4920828	5	85012273	85716455	704182	True	selected_candidate
rs7728262	5	86017032	86721215	704183	False	selected_candidate
rs41354651	5	87235271	87939454	704183	False	selected_candidate
rs765178	5	88453376	89157559	704183	True	selected_candidate
rs656679	5	89879259	90583442	704183	False	selected_candidate
rs1505851	5	90893954	91598137	704183	False	selected_candidate
rs154808	5	92116068	92780361	664293	True	selected_candidate
rs2345361	5	93333128	93997423	664295	False	selected_candidate
rs10066762	5	94544770	95209066	664296	False	selected_candidate
rs6231	5	95757592	96421888	664296	True	selected_candidate
rs11953205	5	96971513	97635809	664296	False	selected_candidate
rs2547958	5	97993953	98658249	664296	False	selected_candidate
rs1901953	5	99206118	99870414	664296	True	selected_candidate
rs509059	5	100429871	101094167	664296	False	selected_candidate
rs7712206	5	101641550	102305846	664296	True	selected_candidate
rs294084	5	102851624	103515923	664299	False	selected_candidate
rs161785	5	104064942	104729241	664299	False	selected_candidate
rs6882287	5	105280136	105944435	664299	True	selected_candidate
rs10043242	5	106493350	107157649	664299	False	selected_candidate
rs6881879	5	107707108	108371407	664299	False	selected_candidate
rs724719	5	108747530	109411829	664299	True	selected_candidate
rs7709527	5	109965952	110630251	664299	False	selected_candidate
rs11952607	5	111182198	111846501	664303	False	selected_candidate
rs4705766	5	112395844	113060147	664303	True	selected_candidate
rs4426906	5	113603676	114267979	664303	False	selected_candidate
rs2052502	5	114817617	115481920	664303	False	selected_candidate
rs2933599	5	116028002	116692306	664304	True	selected_candidate
rs7720835	5	117241490	117905795	664305	False	selected_candidate
rs6880622	5	118464075	119128380	664305	False	selected_candidate
rs11950688	5	119675762	120340067	664305	True	selected_candidate
rs3900188	5	120683069	121347374	664305	False	selected_candidate
rs6888130	5	121896721	122561026	664305	False	selected_candidate
rs3905509	5	123106981	123771287	664306	True	selected_candidate
rs11741252	5	124312952	124977259	664307	False	selected_candidate
rs7730830	5	125528830	126193137	664307	False	selected_candidate
rs17165090	5	126740316	127404624	664308	True	selected_candidate
rs11241967	5	127949918	128614225	664307	False	selected_candidate
rs17686636	5	129168372	129832679	664307	False	selected_candidate
rs3981334	5	130390644	131054951	664307	True	selected_candidate
rs162904	5	131595784	132260091	664307	False	selected_candidate
rs755038	5	132804112	133468420	664308	False	selected_candidate
rs246341	5	134033777	134698087	664310	True	selected_candidate
rs17168961	5	135049349	135713660	664311	False	selected_candidate
rs258564	5	136269079	136933390	664311	False	selected_candidate
rs17171767	5	137493528	138157839	664311	True	selected_candidate
rs6886922	5	138717709	139382020	664311	False	selected_candidate
rs2163786	5	139986490	140606905	620415	False	selected_candidate
rs4912778	5	141198969	141819404	620435	True	selected_candidate
rs11956857	5	142409865	143030300	620435	False	selected_candidate
rs10055013	5	143618839	144239276	620437	False	selected_candidate
rs4913029	5	144828854	145449291	620437	True	selected_candidate
rs11743333	5	145838440	146458877	620437	False	selected_candidate
rs2288830	5	147062322	147682759	620437	False	selected_candidate
rs9325126	5	148278235	148898672	620437	True	selected_candidate
rs6874642	5	149492296	150112733	620437	False	selected_candidate
rs382178	5	150699327	151319766	620439	True	selected_candidate
rs4958556	5	151907086	152527525	620439	False	selected_candidate
rs4273649	5	153120048	153740488	620440	False	selected_candidate
rs13156669	5	154345987	154966427	620440	True	selected_candidate
rs1835919	5	155613491	156186481	572990	False	selected_candidate
rs1895311	5	156828010	157401002	572992	False	selected_candidate
rs7708926	5	157837767	158410759	572992	True	selected_candidate
rs9313814	5	159056250	159629243	572993	False	selected_candidate
rs17058343	5	160271059	160844052	572993	False	selected_candidate
rs209336	5	161479553	162052547	572994	True	selected_candidate
rs300185	5	162688282	163261276	572994	False	selected_candidate
rs10046071	5	163912039	164485033	572994	False	selected_candidate
rs262743	5	165131825	165704820	572995	True	selected_candidate
rs9313354	5	166347767	166920762	572995	False	selected_candidate
rs6862925	5	167552029	168125024	572995	False	selected_candidate
rs7706761	5	168768950	169341946	572996	True	selected_candidate
rs906362	5	169776833	170349829	572996	False	selected_candidate
rs717496	5	170982331	171555327	572996	False	selected_candidate
rs322353	5	172192868	172765865	572997	True	selected_candidate
rs1905655	5	173406806	173979803	572997	False	selected_candidate
rs10054405	5	174614015	175187012	572997	False	selected_candidate
rs11743481	5	175863887	176436886	572999	True	selected_candidate
rs2133716	5	177095517	177668516	572999	False	selected_candidate
rs11747390	5	178155304	178728303	572999	False	selected_candidate
rs248327	5	179377650	179950650	573000	False	selected_candidate
rs11961687	6	1366111	1365876	235	False	selected_candidate
rs9503165	6	2379022	2378788	234	False	selected_candidate
rs11242866	6	3593956	3593722	234	False	selected_candidate
rs3812185	6	4607117	4606883	234	True	selected_candidate
rs9504530	6	5820735	5820502	233	False	selected_candidate
rs9502510	6	6824153	6823920	233	False	selected_candidate
rs2815136	6	8031623	8031390	233	True	selected_candidate
rs35626468	6				False	missing_unique_autosomal_snp_mapping
rs1999564	6	10159814	10159581	233	False	selected_candidate
rs7741863	6	11371615	11371382	233	True	selected_candidate
rs6458229	6	12376259	12376027	232	False	selected_candidate
rs2804916	6	13581844	13581612	232	False	selected_candidate
rs7756127	6	14590753	14590522	231	True	selected_candidate
rs378646	6	15805034	15804803	231	False	selected_candidate
rs9396734	6	17011330	17011099	231	False	selected_candidate
rs17771861	6	18018743	18018512	231	True	selected_candidate
rs9465307	6	19234773	19234542	231	False	selected_candidate
rs754344	6	20243096	20242865	231	False	selected_candidate
rs4132639	6	21449280	21449049	231	True	selected_candidate
rs9393325	6	22659197	22658968	229	False	selected_candidate
rs563595	6	23670742	23670514	228	False	selected_candidate
rs6930916	6	24881498	24881270	228	True	selected_candidate
rs504576	6	25885181	25884953	228	False	selected_candidate
rs4636015	6	27097316	27129537	32221	True	selected_candidate
rs9295769	6	28304569	28336792	32223	False	selected_candidate
rs9257755	6	29315897	29348120	32223	False	selected_candidate
rs2074505	6	30521137	30553360	32223	True	selected_candidate
rs6929796	6	31522669	31554892	32223	False	selected_candidate
rs2071550	6	32730940	32763163	32223	False	selected_candidate
rs9469655	6	33935903	33968126	32223	True	selected_candidate
rs2293242	6	34949607	34981830	32223	False	selected_candidate
rs9470228	6	36163941	36196164	32223	False	selected_candidate
rs2776797	6	37173085	37205309	32224	True	selected_candidate
rs2745384	6	38389698	38421922	32224	False	selected_candidate
rs10498743	6	39601188	39633412	32224	False	selected_candidate
rs10223449	6	40606516	40638777	32261	True	selected_candidate
rs11759515	6	41822103	41854365	32262	False	selected_candidate
rs9471938	6	42845691	42877953	32262	False	selected_candidate
rs4714739	6	44064064	44096327	32263	True	selected_candidate
rs1324532	6	45075795	45108058	32263	False	selected_candidate
rs1372570	6	46293601	46325864	32263	False	selected_candidate
rs9473064	6	47304901	47337165	32264	True	selected_candidate
rs12202739	6	48523652	48555916	32264	False	selected_candidate
rs1366927	6	49737680	49769967	32287	False	selected_candidate
rs2744498	6	50754851	50787138	32287	True	selected_candidate
rs17639219	6	51962889	52098091	135202	False	selected_candidate
rs2064240	6	52967229	53102431	135202	False	selected_candidate
rs9370286	6	54178287	54313489	135202	True	selected_candidate
rs9357866	6	55399744	55534946	135202	False	selected_candidate
rs7761281	6	56410142	56545344	135202	False	selected_candidate
rs4131418	6	57656540	60688793	3032253	True	selected_candidate
rs1517224	6	58678665	58352387	326278	False	selected_candidate
rs1224813	6	58477271	58150993	326278	True	selected_candidate
rs4317451	6	61891638	61345562	546076	False	selected_candidate
rs9500761	6	62093291	61144423	948868	False	selected_candidate
rs1413783	6	63306749	62596844	709905	False	selected_candidate
rs2881842	6	64323654	63613749	709905	True	selected_candidate
rs9360084	6	65538168	64828275	709893	False	selected_candidate
rs13200955	6	66742205	66032312	709893	False	selected_candidate
rs6915607	6	67748836	67038943	709893	True	selected_candidate
rs1415550	6	68967560	68257668	709892	False	selected_candidate
rs11965487	6	69983212	69273320	709892	False	selected_candidate
rs2273210	6	71190577	70480874	709703	True	selected_candidate
rs543827	6	72197919	71488216	709703	False	selected_candidate
rs6453597	6	73412888	72703164	709724	False	selected_candidate
rs12203585	6	74633440	73923724	709716	True	selected_candidate
rs2485448	6	75640192	74930476	709716	False	selected_candidate
rs1416471	6	76854848	76145131	709717	False	selected_candidate
rs9343576	6	77869445	77159728	709717	True	selected_candidate
rs1452536	6	79073784	78364067	709717	False	selected_candidate
rs2655663	6	80296734	79587017	709717	False	selected_candidate
rs9449095	6	81313076	80603359	709717	True	selected_candidate
rs2016762	6	82525799	81816082	709717	False	selected_candidate
rs2057026	6	83539461	82829742	709719	False	selected_candidate
rs9362026	6	84759647	84049928	709719	True	selected_candidate
rs7765284	6	85777822	85068104	709718	False	selected_candidate
rs2798539	6	86995753	86286035	709718	False	selected_candidate
rs242263	6	88018313	87308595	709718	True	selected_candidate
rs6933582	6	89228369	88518650	709719	False	selected_candidate
rs17294425	6	90442119	89732400	709719	False	selected_candidate
rs1310542	6	91449963	90740244	709719	True	selected_candidate
rs1493555	6	92678332	91968614	709718	False	selected_candidate
rs7753108	6	93685793	92976075	709718	False	selected_candidate
rs1750603	6	94901399	94191681	709718	True	selected_candidate
rs13205436	6	96034050	95586174	447876	False	selected_candidate
rs211185	6	97047637	96599761	447876	True	selected_candidate
rs1338555	6	98253424	97805548	447876	False	selected_candidate
rs1883306	6	99279449	98831573	447876	False	selected_candidate
rs9399393	6	100484972	100037096	447876	True	selected_candidate
rs11155845	6	101507345	101059469	447876	False	selected_candidate
rs12173739	6	102728121	102280246	447875	False	selected_candidate
rs4946965	6	103765670	103317795	447875	True	selected_candidate
rs17461397	6	104974231	104526356	447875	False	selected_candidate
rs9480594	6	106183999	105736124	447875	False	selected_candidate
rs1022630	6	107189647	106741772	447875	True	selected_candidate
rs7449720	6	108402430	108081226	321204	False	selected_candidate
rs10046283	6	109419070	109097867	321203	False	selected_candidate
rs41382644	6	110627919	110306716	321203	True	selected_candidate
rs9481161	6	111839466	111518263	321203	False	selected_candidate
rs1276540	6	112844751	112523549	321202	False	selected_candidate
rs13208937	6	114069916	113748714	321202	True	selected_candidate
rs7450804	6	115079218	114758054	321164	False	selected_candidate
rs3798228	6	116321156	115999993	321163	False	selected_candidate
rs471290	6	117331028	117009865	321163	True	selected_candidate
rs9398485	6	118543515	118222352	321163	False	selected_candidate
rs17081303	6	119828404	119507239	321165	True	selected_candidate
rs7748628	6	120848904	120527758	321146	False	selected_candidate
rs9385214	6	122073750	121752604	321146	False	selected_candidate
rs1485649	6	123089365	122768220	321145	True	selected_candidate
rs9320967	6	124298718	123977573	321145	False	selected_candidate
rs6941072	6	125305851	124984705	321146	False	selected_candidate
rs9491587	6	126522821	126201675	321146	True	selected_candidate
rs4321843	6	127583408	127262263	321145	False	selected_candidate
rs1341598	6	128794068	128472923	321145	False	selected_candidate
rs2571587	6	129805233	129484088	321145	True	selected_candidate
rs9483167	6	131030583	130709438	321145	False	selected_candidate
rs9375851	6	132243683	131922543	321140	False	selected_candidate
rs271133	6	133249352	132928213	321139	True	selected_candidate
rs6911836	6	134459989	134138851	321138	False	selected_candidate
rs9483794	6	135465268	135144130	321138	False	selected_candidate
rs9389383	6	136681673	136360535	321138	True	selected_candidate
rs603183	6	137893893	137572756	321137	False	selected_candidate
rs4576272	6	138905857	138584720	321137	False	selected_candidate
rs4464819	6	140120377	139799240	321137	True	selected_candidate
rs582203	6	141133003	140811866	321137	False	selected_candidate
rs6570491	6	142359188	142038051	321137	False	selected_candidate
rs7750571	6	143369130	143047993	321137	True	selected_candidate
rs17073557	6	144581543	144260407	321136	False	selected_candidate
rs502817	6	145599379	145278243	321136	False	selected_candidate
rs4896869	6	146823438	146502302	321136	True	selected_candidate
rs3861410	6	148032848	147711712	321136	False	selected_candidate
rs7356870	6	149038080	148716944	321136	False	selected_candidate
rs5024811	6	150246034	149924898	321136	True	selected_candidate
rs2073189	6	151258110	150936974	321136	False	selected_candidate
rs2813485	6	152466422	152145287	321135	False	selected_candidate
rs11969504	6	153672328	153351193	321135	True	selected_candidate
rs13218854	6	154675308	154354174	321134	False	selected_candidate
rs6938724	6	155894844	155573710	321134	False	selected_candidate
rs2817469	6	156901347	156580213	321134	True	selected_candidate
rs16900468	6	158261358	157840326	421032	False	selected_candidate
rs6912068	6	159269931	158848899	421032	False	selected_candidate
rs8191855	6	160485060	160064028	421032	True	selected_candidate
rs374255	6	161702270	161281238	421032	False	selected_candidate
rs9458499	6	162713427	162292395	421032	True	selected_candidate
rs7761088	6	163927784	163506752	421032	False	selected_candidate
rs7341221	6	164937512	164516479	421033	False	selected_candidate
rs10455806	6	166146245	165732757	413488	True	selected_candidate
rs3777721	6	167352075	166938587	413488	False	selected_candidate
rs9364404	6	168539740	168139060	400680	False	selected_candidate
rs1028295	6	169756330	169356235	400095	False	selected_candidate
rs2690262	7	1316239	1276603	39636	False	selected_candidate
rs4721548	7	2330496	2290861	39635	False	selected_candidate
rs10256447	7	3338689	3299057	39632	False	selected_candidate
rs2107834	7	4349949	4310318	39631	True	selected_candidate
rs10278799	7	5366935	5327304	39631	False	selected_candidate
rs3729790	7	6426954	6387323	39631	False	selected_candidate
rs11975449	7	7456335	7416704	39631	True	selected_candidate
rs4455737	7	8667090	8627460	39630	False	selected_candidate
rs2202475	7	9675061	9635431	39630	False	selected_candidate
rs10248324	7	10676067	10636440	39627	True	selected_candidate
rs17165002	7	11686246	11646619	39627	False	selected_candidate
rs10247152	7	12705331	12665706	39625	False	selected_candidate
rs118020	7	13916243	13876618	39625	True	selected_candidate
rs10276674	7	14922007	14882382	39625	False	selected_candidate
rs38242	7	15937814	15898189	39625	False	selected_candidate
rs7796587	7	16946225	16906601	39624	True	selected_candidate
rs7802343	7	17964952	17925329	39623	False	selected_candidate
rs7790848	7	19170289	19130666	39623	False	selected_candidate
rs2241056	7	20178865	20139242	39623	True	selected_candidate
rs10441051	7	21188469	21148850	39619	False	selected_candidate
rs1981597	7	22194759	22155141	39618	False	selected_candidate
rs11770879	7	23208043	23168424	39619	True	selected_candidate
rs2028071	7	24423742	24384123	39619	False	selected_candidate
rs4722463	7	25432157	25392538	39619	True	selected_candidate
rs1013688	7	26439331	26399711	39620	False	selected_candidate
rs11767145	7	27453637	27414018	39619	False	selected_candidate
rs42733	7	28462344	28422725	39619	True	selected_candidate
rs850014	7	29667778	29628162	39616	False	selected_candidate
rs2240401	7	30673345	30633729	39616	False	selected_candidate
rs27327	7	31685909	31646295	39614	True	selected_candidate
rs7777552	7	32690094	32650482	39612	False	selected_candidate
rs12113128	7	33707925	33668313	39612	False	selected_candidate
rs7805675	7	34917263	34877651	39612	True	selected_candidate
rs2727855	7	35930815	35891205	39610	False	selected_candidate
rs4723592	7	36941421	36901816	39605	False	selected_candidate
rs1132553	7	37951726	37912124	39602	True	selected_candidate
rs10255290	7	38959266	38919666	39600	False	selected_candidate
rs7784684	7	40167762	40128163	39599	False	selected_candidate
rs28880	7	41185851	41146253	39598	True	selected_candidate
rs846373	7	42190272	42150673	39599	False	selected_candidate
rs12112386	7	43210211	43170612	39599	False	selected_candidate
rs3757840	7	44231216	44191617	39599	True	selected_candidate
rs1294892	7	45241408	45201809	39599	False	selected_candidate
rs10277890	7	46287628	46248030	39598	False	selected_candidate
rs7778450	7	47494033	47454435	39598	True	selected_candidate
rs4917141	7	48495720	48456123	39597	False	selected_candidate
rs17133342	7	49512907	49473311	39596	False	selected_candidate
rs11575575	7	50524208	50456510	67698	True	selected_candidate
rs12538436	7	51535054	51467357	67697	False	selected_candidate
rs6973042	7	52752010	52684315	67695	False	selected_candidate
rs17704433	7	53757804	53690111	67693	True	selected_candidate
rs1569255	7	54767521	54699828	67693	False	selected_candidate
rs3110938	7	55790604	55722911	67693	False	selected_candidate
rs12538805	7	56807732	56740039	67693	True	selected_candidate
rs4062114	7	57861682	57801976	59706	False	selected_candidate
rs7801211	7	57639830	57580124	59706	False	selected_candidate
rs9314244	7	61074194	61091469	17275	True	selected_candidate
rs11976105	7	61301861	61319136	17275	False	selected_candidate
rs2948196	7	62531632	63071254	539622	True	selected_candidate
rs1347879	7	63514815	64054437	539622	False	selected_candidate
rs4236205	7	64541586	65081208	539622	False	selected_candidate
rs6961717	7	65587537	66122550	535013	True	selected_candidate
rs10215336	7	66599685	67134698	535013	False	selected_candidate
rs10263849	7	67623869	68158882	535013	False	selected_candidate
rs1011630	7	68830924	69365938	535014	True	selected_candidate
rs12698902	7	69837319	70372333	535014	False	selected_candidate
rs4719119	7	70847554	71382568	535014	False	selected_candidate
rs2944811	7	71853391	72388406	535015	True	selected_candidate
rs6970465	7	72920360	73506030	585670	False	selected_candidate
rs9638190	7	73934634	74520304	585670	True	selected_candidate
rs35862547	7				False	missing_unique_autosomal_snp_mapping
rs11772114	7	75853723	76224405	370682	False	selected_candidate
rs3108442	7	76901907	77272590	370683	False	selected_candidate
rs798332	7	77908928	78279611	370683	True	selected_candidate
rs4388396	7	79115715	79486399	370684	False	selected_candidate
rs10216027	7	80130531	80501215	370684	False	selected_candidate
rs7785977	7	81146540	81517224	370684	True	selected_candidate
rs6971119	7	82153240	82523924	370684	False	selected_candidate
rs7810691	7	83167328	83538012	370684	False	selected_candidate
rs4128623	7	84386060	84756744	370684	True	selected_candidate
rs2055756	7	85410549	85781233	370684	False	selected_candidate
rs11772755	7	86420217	86790901	370684	False	selected_candidate
rs12533477	7	87426853	87797538	370685	True	selected_candidate
rs2888562	7	88441564	88812250	370686	False	selected_candidate
rs2023739	7	89460928	89831614	370686	False	selected_candidate
rs3779581	7	90675195	91045880	370685	True	selected_candidate
rs1859114	7	91682848	92053534	370686	False	selected_candidate
rs13231494	7	92712201	93082888	370687	False	selected_candidate
rs7798449	7	93718783	94089471	370688	True	selected_candidate
rs2374992	7	94733521	95104209	370688	False	selected_candidate
rs12669236	7	95939585	96310273	370688	True	selected_candidate
rs11770839	7	96950914	97321602	370688	False	selected_candidate
rs7776638	7	97993506	98364194	370688	False	selected_candidate
rs917152	7	99004497	99406874	402377	True	selected_candidate
rs28490152	7	100020982	100423359	402377	False	selected_candidate
rs1476652	7	101097336	101454055	356719	False	selected_candidate
rs11760934	7	102334106	102693659	359553	True	selected_candidate
rs1858782	7	103343827	103703380	359553	False	selected_candidate
rs3934669	7	104351961	104711514	359553	False	selected_candidate
rs601781	7	105356399	105715953	359554	True	selected_candidate
rs2107910	7	106369026	106728580	359554	False	selected_candidate
rs7782475	7	107386251	107745806	359555	False	selected_candidate
rs848317	7	108592224	108952167	359943	True	selected_candidate
rs2711378	7	109600924	109960867	359943	False	selected_candidate
rs17528429	7	110617845	110977789	359944	False	selected_candidate
rs6951506	7	111627007	111986952	359945	True	selected_candidate
rs7799289	7	112643695	113003640	359945	False	selected_candidate
rs13222524	7	113664061	114024006	359945	False	selected_candidate
rs4730670	7	114892328	115252274	359946	True	selected_candidate
rs1918911	7	115906748	116266694	359946	False	selected_candidate
rs916725	7	116920970	117280916	359946	False	selected_candidate
rs17141216	7	117938233	118298179	359946	True	selected_candidate
rs308103	7	118969611	119329557	359946	False	selected_candidate
rs2191736	7	119983631	120343577	359946	False	selected_candidate
rs12706359	7	121210025	121569971	359946	True	selected_candidate
rs10266303	7	122219899	122579845	359946	False	selected_candidate
rs1090539	7	123226985	123586931	359946	False	selected_candidate
rs1524759	7	124238174	124598120	359946	True	selected_candidate
rs10954078	7	125265983	125625929	359946	False	selected_candidate
rs728600	7	126278808	126638754	359946	False	selected_candidate
rs4473953	7	127502007	127861954	359947	True	selected_candidate
rs7808717	7	128512535	128872481	359946	False	selected_candidate
rs2693747	7	129526314	129886474	360160	False	selected_candidate
rs11982104	7	130671388	130986629	315241	True	selected_candidate
rs4296988	7	131676482	131991723	315241	False	selected_candidate
rs7799152	7	132884725	133199967	315242	True	selected_candidate
rs17167639	7	133898100	134213348	315248	False	selected_candidate
rs292619	7	134908351	135223599	315248	False	selected_candidate
rs2067624	7	135915023	136230275	315252	True	selected_candidate
rs17133397	7	136934529	137249782	315253	False	selected_candidate
rs13231375	7	138143811	138459066	315255	False	selected_candidate
rs10244255	7	139154637	139469891	315254	True	selected_candidate
rs4424177	7	140167511	140467711	300200	False	selected_candidate
rs10808015	7	141171360	141471560	300200	False	selected_candidate
rs1882723	7	142177451	142454513	277062	True	selected_candidate
rs7811904	7	143425361	143728268	302907	False	selected_candidate
rs7798810	7	144275924	144578831	302907	False	selected_candidate
rs11972915	7	145488260	145791167	302907	True	selected_candidate
rs10267652	7	146513334	146816242	302908	False	selected_candidate
rs10245920	7	147521641	147824549	302908	False	selected_candidate
rs7785022	7	148533384	148836292	302908	True	selected_candidate
rs17172936	7	149546703	149849614	302911	False	selected_candidate
rs758895	7	150574923	150877835	302912	False	selected_candidate
rs10244165	7	151784939	152087854	302915	True	selected_candidate
rs12537862	7	152798318	153101233	302915	False	selected_candidate
rs3115192	7	153811655	154114570	302915	False	selected_candidate
rs11760608	7	154815796	155024086	208290	True	selected_candidate
rs1531284	7	155770280	155977586	207306	False	selected_candidate
rs7802642	7	156981672	157188978	207306	False	selected_candidate
rs6942903	7	158001252	158208560	207308	False	selected_candidate
rs7842241	8	1068910	1118910	50000	False	selected_candidate
rs2280902	8	2077072	2129084	52012	False	selected_candidate
rs12550628	8	2896524	3039002	142478	False	selected_candidate
rs12548766	8	3906162	4048640	142478	True	selected_candidate
rs12545005	8	4914170	5056648	142478	False	selected_candidate
rs4875695	8	5920480	6062958	142478	False	selected_candidate
rs11137090	8	6933590	7076068	142478	True	selected_candidate
rs2979546	8	7694784	7837262	142478	False	selected_candidate
rs4496971	8	8775663	8918153	142490	False	selected_candidate
rs10503396	8	9780861	9923351	142490	True	selected_candidate
rs1139843	8	10582097	10724587	142490	False	selected_candidate
rs12541318	8	11594970	11737461	142491	False	selected_candidate
rs10102786	8	12656883	12799374	142491	True	selected_candidate
rs9325661	8	13462286	13604777	142491	False	selected_candidate
rs1510447	8	14468121	14610612	142491	False	selected_candidate
rs1429081	8	15476383	15618874	142491	True	selected_candidate
rs6586747	8	16482909	16625400	142491	False	selected_candidate
rs2237845	8	17491134	17633625	142491	True	selected_candidate
rs6998418	8	18302631	18445121	142490	False	selected_candidate
rs7835461	8	19307051	19449540	142489	False	selected_candidate
rs12543189	8	20315389	20457878	142489	True	selected_candidate
rs7833137	8	21324759	21467248	142489	False	selected_candidate
rs7837713	8	22319198	22461685	142487	False	selected_candidate
rs11778746	8	23120358	23262845	142487	True	selected_candidate
rs6557726	8	24129413	24271900	142487	False	selected_candidate
rs2709625	8	25143222	25285706	142484	False	selected_candidate
rs2046225	8	26151802	26294286	142484	True	selected_candidate
rs4132004	8	27160970	27303453	142483	False	selected_candidate
rs7841992	8	27966635	28109118	142483	False	selected_candidate
rs6420165	8	28971502	29113985	142483	True	selected_candidate
rs9656755	8	29918902	30061386	142484	False	selected_candidate
rs2725385	8	30928146	31070630	142484	False	selected_candidate
rs1381874	8	31942557	32085041	142484	True	selected_candidate
rs4557662	8	32748779	32891261	142482	False	selected_candidate
rs11997175	8	33770070	33912552	142482	False	selected_candidate
rs10100033	8	34788322	34930804	142482	True	selected_candidate
rs6992146	8	35798387	35940869	142482	False	selected_candidate
rs16885334	8	36611968	36754450	142482	False	selected_candidate
rs3819034	8	37619975	37762457	142482	True	selected_candidate
rs10958810	8	38628758	38771240	142482	False	selected_candidate
rs4634692	8	39591316	39733797	142481	False	selected_candidate
rs4073158	8	40601023	40743504	142481	True	selected_candidate
rs560359	8	41607692	41750174	142482	False	selected_candidate
rs4737045	8	42409447	42554304	144857	False	selected_candidate
rs7463498	8	43447235	43592092	144857	True	selected_candidate
rs8175522	8	43655230	43800087	144857	False	selected_candidate
rs2353200	8	46924211	46012589	911622	True	selected_candidate
rs11992794	8	47132347	46220725	911622	False	selected_candidate
rs7293734	8	47338235	46426613	911622	False	selected_candidate
rs10095466	8	48150346	47237754	912592	False	selected_candidate
rs4347021	8	49171144	48258584	912560	False	selected_candidate
rs10096150	8	50189361	49276802	912559	True	selected_candidate
rs1450135	8	51202085	50289525	912560	False	selected_candidate
rs7015273	8	52018493	51105933	912560	True	selected_candidate
rs11993020	8	53024791	52112231	912560	False	selected_candidate
rs193334	8	54031984	53119424	912560	False	selected_candidate
rs7842911	8	55043802	54131242	912560	True	selected_candidate
rs7812409	8	56049488	55136928	912560	False	selected_candidate
rs16922459	8	56854172	55941613	912559	False	selected_candidate
rs13271029	8	57887848	56975289	912559	True	selected_candidate
rs13280976	8	58904865	57992306	912559	False	selected_candidate
rs10098381	8	59909747	58997188	912559	False	selected_candidate
rs10092060	8	60711404	59798845	912559	True	selected_candidate
rs6988835	8	61722552	60809993	912559	False	selected_candidate
rs10096647	8	62733267	61820708	912559	False	selected_candidate
rs6983229	8	63747613	62835054	912559	True	selected_candidate
rs7826723	8	64763945	63851388	912557	False	selected_candidate
rs9298088	8	65580990	64668433	912557	False	selected_candidate
rs13281090	8	66590479	65678244	912235	True	selected_candidate
rs2291893	8	67598071	66685836	912235	False	selected_candidate
rs1481827	8	68623738	67711503	912235	False	selected_candidate
rs4415295	8	69430368	68518133	912235	True	selected_candidate
rs1583886	8	70435058	69522823	912235	False	selected_candidate
rs10101215	8	71439320	70527085	912235	False	selected_candidate
rs10957555	8	72452288	71540053	912235	True	selected_candidate
rs12541900	8	73466412	72554177	912235	False	selected_candidate
rs2383902	8	74268575	73356340	912235	False	selected_candidate
rs6995700	8	75274727	74362492	912235	True	selected_candidate
rs7842940	8	76287412	75375177	912235	False	selected_candidate
rs2383971	8	77302352	76390117	912235	True	selected_candidate
rs16919474	8	78308456	77396220	912236	False	selected_candidate
rs10095615	8	79113700	78201465	912235	False	selected_candidate
rs12114236	8	80123162	79210927	912235	True	selected_candidate
rs7832840	8	81136286	80224051	912235	False	selected_candidate
rs1559905	8	82146585	81234350	912235	False	selected_candidate
rs1876381	8	82958323	82046088	912235	True	selected_candidate
rs2034473	8	83966359	83054124	912235	False	selected_candidate
rs16922863	8	84987529	84075294	912235	False	selected_candidate
rs11777847	8	86016249	85104014	912235	True	selected_candidate
rs7007217	8	87041021	86028792	1012229	False	selected_candidate
rs7012736	8	88047753	87035525	1012228	False	selected_candidate
rs10955429	8	88878078	87865850	1012228	True	selected_candidate
rs10091936	8	89894046	88881817	1012229	False	selected_candidate
rs2735376	8	90902053	89889825	1012228	False	selected_candidate
rs1003996	8	91931256	90919028	1012228	True	selected_candidate
rs4734840	8	92745726	91733498	1012228	False	selected_candidate
rs35777397	8	93753324	92741096	1012228	False	selected_candidate
rs11994625	8	94772377	93760149	1012228	True	selected_candidate
rs6992217	8	95789620	94777392	1012228	False	selected_candidate
rs3104966	8	96594034	95581806	1012228	False	selected_candidate
rs2704261	8	97602833	96590605	1012228	True	selected_candidate
rs9694091	8	98621340	97609112	1012228	False	selected_candidate
rs6990647	8	99638986	98626758	1012228	False	selected_candidate
rs12541910	8	100648118	99635890	1012228	True	selected_candidate
rs10088717	8	101450242	100438014	1012228	False	selected_candidate
rs979891	8	102457286	101445058	1012228	False	selected_candidate
rs13266079	8	103465594	102453366	1012228	True	selected_candidate
rs12676448	8	104479217	103466989	1012228	False	selected_candidate
rs12164192	8	105306931	104294703	1012228	False	selected_candidate
rs6468997	8	106317057	105304829	1012228	True	selected_candidate
rs10089853	8	107325847	106313619	1012228	False	selected_candidate
rs4451284	8	108335514	107323286	1012228	True	selected_candidate
rs11991851	8	109345967	108333738	1012229	False	selected_candidate
rs10111012	8	110153393	109141164	1012229	False	selected_candidate
rs7836619	8	111167608	110155379	1012229	True	selected_candidate
rs1427181	8	112191432	111179203	1012229	False	selected_candidate
rs10955616	8	113213815	112201586	1012229	False	selected_candidate
rs10505199	8	114021484	113009255	1012229	True	selected_candidate
rs4607652	8	115038540	114026311	1012229	False	selected_candidate
rs10464853	8	116053820	115041591	1012229	False	selected_candidate
rs6997637	8	117068939	116056714	1012225	True	selected_candidate
rs16889042	8	117879001	116866762	1012239	False	selected_candidate
rs12543508	8	118897663	117885424	1012239	False	selected_candidate
rs6469778	8	119906530	118894291	1012239	True	selected_candidate
rs12679478	8	120916234	119903994	1012240	False	selected_candidate
rs7014354	8	121728673	120716433	1012240	False	selected_candidate
rs10106208	8	122745330	121733090	1012240	True	selected_candidate
rs6987897	8	123753350	122741111	1012239	False	selected_candidate
rs10088262	8	124765702	123753462	1012240	False	selected_candidate
rs4870926	8	125769156	124756914	1012242	True	selected_candidate
rs4871617	8	126576712	125564468	1012244	False	selected_candidate
rs7012323	8	127581827	126569582	1012245	False	selected_candidate
rs7465658	8	128583597	127571352	1012245	True	selected_candidate
rs16903111	8	129586776	128574530	1012246	False	selected_candidate
rs7000372	8	130590017	129577771	1012246	False	selected_candidate
rs6994477	8	131404053	130391807	1012246	True	selected_candidate
rs1346820	8	132408509	131396262	1012247	False	selected_candidate
rs17659499	8	133423607	132411360	1012247	True	selected_candidate
rs4736452	8	134431684	133419441	1012243	False	selected_candidate
rs7012497	8	135437151	134424908	1012243	False	selected_candidate
rs2199922	8	136244326	135232083	1012243	True	selected_candidate
rs2131408	8	137251080	136238837	1012243	False	selected_candidate
rs4565491	8	138266862	137254619	1012243	False	selected_candidate
rs4909414	8	139274137	138261894	1012243	True	selected_candidate
rs2319105	8	140276228	139263985	1012243	False	selected_candidate
rs7005952	8	141086326	140076228	1010098	False	selected_candidate
rs6990155	8	142098977	141088878	1010099	True	selected_candidate
rs1107535	8	143181029	142099668	1081361	False	selected_candidate
rs7814982	8	144113600	143032183	1081417	False	selected_candidate
rs35711940	8	145131057	144076154	1054903	False	selected_candidate
rs7869989	9	1050981	1050981	0	False	insufficient_position_delta_between_builds
rs17797828	9	1855513	1855513	0	False	insufficient_position_delta_between_builds
rs10968647	9	2862016	2862016	0	False	insufficient_position_delta_between_builds
rs7019616	9	3669956	3669956	0	False	insufficient_position_delta_between_builds
rs10974727	9	4680407	4680407	0	False	insufficient_position_delta_between_builds
rs16923368	9	5690079	5690079	0	False	insufficient_position_delta_between_builds
rs13285035	9	6491371	6491371	0	False	insufficient_position_delta_between_builds
rs17613015	9	7500600	7500600	0	False	insufficient_position_delta_between_builds
rs3843579	9	8309450	8309450	0	False	insufficient_position_delta_between_builds
rs1333123	9	9320563	9320563	0	False	insufficient_position_delta_between_builds
rs10809068	9	10329917	10329917	0	False	insufficient_position_delta_between_builds
rs4373616	9	11132057	11132057	0	False	insufficient_position_delta_between_builds
rs2166422	9	12146582	12146582	0	False	insufficient_position_delta_between_builds
rs10960864	9	12954161	12954162	1	False	insufficient_position_delta_between_builds
rs13290672	9	13959282	13959283	1	False	insufficient_position_delta_between_builds
rs1412723	9	14962799	14962801	2	False	insufficient_position_delta_between_builds
rs7019851	9	15769551	15769553	2	False	insufficient_position_delta_between_builds
rs10810621	9	16776500	16776502	2	False	insufficient_position_delta_between_builds
rs1028594	9	17583310	17583312	2	False	insufficient_position_delta_between_builds
rs776794	9	18592374	18592376	2	False	insufficient_position_delta_between_builds
rs2180940	9	19604078	19604080	2	False	insufficient_position_delta_between_builds
rs12685530	9	20417953	20417955	2	False	insufficient_position_delta_between_builds
rs10964990	9	21434678	21434679	1	False	insufficient_position_delta_between_builds
rs1679018	9	22244280	22244281	1	False	insufficient_position_delta_between_builds
rs7848673	9	23259295	23259297	2	False	insufficient_position_delta_between_builds
rs10812022	9	24072205	24072207	2	False	insufficient_position_delta_between_builds
rs10966718	9	25082731	25082733	2	False	insufficient_position_delta_between_builds
rs9919028	9	26092746	26092748	2	False	insufficient_position_delta_between_builds
rs16910873	9	26904699	26904701	2	False	insufficient_position_delta_between_builds
rs16911966	9	27907621	27907623	2	False	insufficient_position_delta_between_builds
rs1347791	9	28710492	28710494	2	False	insufficient_position_delta_between_builds
rs6476151	9	29730581	29730583	2	False	insufficient_position_delta_between_builds
rs7851044	9	30737773	30737775	2	False	insufficient_position_delta_between_builds
rs6476293	9	31540596	31540598	2	False	insufficient_position_delta_between_builds
rs628425	9	32549602	32549604	2	False	insufficient_position_delta_between_builds
rs10971482	9	33360125	33360127	2	False	insufficient_position_delta_between_builds
rs10758257	9	34387524	34387526	2	False	insufficient_position_delta_between_builds
rs11531752	9	35192366	35192369	3	False	insufficient_position_delta_between_builds
rs4879960	9	36203718	36203721	3	False	insufficient_position_delta_between_builds
rs7041839	9	37218231	37218234	3	False	insufficient_position_delta_between_builds
rs2890783	9	38024458	38024461	3	False	insufficient_position_delta_between_builds
rs1758313	9	39038319	39038322	3	False	insufficient_position_delta_between_builds
rs445659	9				False	missing_unique_autosomal_snp_mapping
rs2476831	9	40714011	66978830	26264819	True	selected_candidate
rs28810126	9				False	missing_unique_autosomal_snp_mapping
rs35955418	9				False	missing_unique_autosomal_snp_mapping
rs28482105	9	43790296	42024093	1766203	False	selected_candidate
rs12006135	9	44730540	61522702	16792162	False	selected_candidate
rs28599673	9	45448083	41365060	4083023	True	selected_candidate
rs9412368	9				False	missing_unique_autosomal_snp_mapping
rs10217124	9	46936811	62625510	15688699	True	selected_candidate
rs2772909	9	45867247			False	missing_unique_autosomal_snp_mapping
rs2117654	9				False	missing_unique_autosomal_snp_mapping
rs10909782	9	44401981	42569138	1832843	True	selected_candidate
rs28407960	9	44188472	42782647	1405825	False	selected_candidate
rs7036021	9	43544853	42269536	1275317	False	selected_candidate
rs10123921	9	43127335	66146757	23019422	False	selected_candidate
rs28533023	9	65491435	61208211	4283224	True	selected_candidate
rs2507414	9	66287341	43031224	23256117	False	selected_candidate
rs12352638	9	66709291	40756263	25953028	False	selected_candidate
rs637218	9	67747964	67680518	67446	False	selected_candidate
rs4582671	9	68151440	63555706	4595734	False	selected_candidate
rs17842170	9	68413676	63817942	4595734	True	selected_candidate
rs2810204	9	68769120			False	missing_unique_autosomal_snp_mapping
rs9413978	9	69119835	41046606	28073229	False	selected_candidate
rs4086749	9	43113080	66132502	23019422	False	selected_candidate
rs28820375	9				False	missing_unique_autosomal_snp_mapping
rs7467421	9	70502904	65663141	4839763	True	selected_candidate
rs4266712	9	70874718	68259802	2614916	True	selected_candidate
rs7855134	9	71074851	68459935	2614916	False	selected_candidate
rs10869192	9	71280103	68665187	2614916	False	selected_candidate
rs17392931	9	71480296	68865380	2614916	False	selected_candidate
rs2498432	9	71684369	69069453	2614916	False	selected_candidate
rs10283841	9	71884536	69269620	2614916	True	selected_candidate
rs11138830	9	72085456	69470540	2614916	False	selected_candidate
rs888601	9	72286253	69671337	2614916	False	selected_candidate
rs10119160	9	72486500	69871584	2614916	False	selected_candidate
rs10511982	9	73091849	70476933	2614916	True	selected_candidate
rs11142845	9	74096528	71481612	2614916	True	selected_candidate
rs7040392	9	75112780	72497864	2614916	True	selected_candidate
rs17655458	9	75917123	73302207	2614916	False	selected_candidate
rs4493972	9	76931523	74316607	2614916	True	selected_candidate
rs7855951	9	77739769	75124853	2614916	False	selected_candidate
rs6560506	9	78757167	76142251	2614916	True	selected_candidate
rs12345013	9	79761711	77146795	2614916	True	selected_candidate
rs11145633	9	80573318	77958402	2614916	False	selected_candidate
rs1438795	9	81582105	78967189	2614916	True	selected_candidate
rs6559500	9	82387265	79772350	2614915	False	selected_candidate
rs7866547	9	83391430	80776515	2614915	True	selected_candidate
rs564171	9	84402241	81787326	2614915	True	selected_candidate
rs11139650	9	85219296	82604381	2614915	False	selected_candidate
rs2780980	9	86234596	83619681	2614915	True	selected_candidate
rs10868165	9	87042408	84427493	2614915	False	selected_candidate
rs3849871	9	88054587	85439672	2614915	True	selected_candidate
rs11141317	9	88865698	86250783	2614915	False	selected_candidate
rs12348439	9	89869968	87255053	2614915	True	selected_candidate
rs1887387	9	90879921	88265006	2614915	True	selected_candidate
rs4877049	9	91698576	89083661	2614915	False	selected_candidate
rs10739922	9	92881865	90119583	2762282	True	selected_candidate
rs2774249	9	93686823	90924541	2762282	False	selected_candidate
rs7032998	9	94692480	91930198	2762282	True	selected_candidate
rs10992444	9	95507901	92745619	2762282	False	selected_candidate
rs2243742	9	96526402	93764120	2762282	True	selected_candidate
rs356148	9	97541577	94779295	2762282	True	selected_candidate
rs7040739	9	98348885	95586603	2762282	False	selected_candidate
rs12347074	9	99353217	96590935	2762282	True	selected_candidate
rs7853581	9	100188129	97425847	2762282	False	selected_candidate
rs12352195	9	101200751	98438469	2762282	True	selected_candidate
rs12002203	9	102004164	99241882	2762282	False	selected_candidate
rs2485745	9	103033418	100271136	2762282	True	selected_candidate
rs1339422	9	103848006	101085724	2762282	False	selected_candidate
rs320273	9	104853721	102091439	2762282	True	selected_candidate
rs16922538	9	105863064	103100782	2762282	True	selected_candidate
rs10125915	9	106669604	103907323	2762281	False	selected_candidate
rs10991415	9	107686354	104924073	2762281	True	selected_candidate
rs2175121	9	108497519	105735238	2762281	False	selected_candidate
rs6477541	9	109506168	106743887	2762281	True	selected_candidate
rs4978566	9	110511936	107749655	2762281	True	selected_candidate
rs7020966	9	111314359	108552079	2762280	False	selected_candidate
rs7029732	9	112331980	109569700	2762280	True	selected_candidate
rs10119435	9	113135263	110372983	2762280	False	selected_candidate
rs4978993	9	114141314	111379034	2762280	True	selected_candidate
rs2418206	9	115144581	112382301	2762280	True	selected_candidate
rs10817454	9	115946500	113184220	2762280	False	selected_candidate
rs4360357	9	116954442	114192162	2762280	True	selected_candidate
rs10739430	9	117764088	115001808	2762280	False	selected_candidate
rs10983046	9	118773688	116011409	2762279	True	selected_candidate
rs1334090	9	119782371	117020092	2762279	True	selected_candidate
rs10759949	9	120592191	117829913	2762278	False	selected_candidate
rs10984257	9	121607349	118845071	2762278	True	selected_candidate
rs7850300	9	122416904	119654626	2762278	False	selected_candidate
rs1867254	9	123429078	120666800	2762278	True	selected_candidate
rs7047340	9	124441404	121679125	2762279	True	selected_candidate
rs12001979	9	125248733	122486454	2762279	False	selected_candidate
rs2808399	9	126262232	123499953	2762279	True	selected_candidate
rs10760349	9	127066277	124303998	2762279	False	selected_candidate
rs10986698	9	128076290	125314011	2762279	False	selected_candidate
rs2417004	9	128885064	126122785	2762279	True	selected_candidate
rs1538502	9	129903182	127140903	2762279	True	selected_candidate
rs12003928	9	130912193	128149914	2762279	False	selected_candidate
rs17452372	9	131717893	128955614	2762279	False	selected_candidate
rs10760651	9	132739564	129977285	2762279	True	selected_candidate
rs2791734	9	133627890	130752503	2875387	False	selected_candidate
rs2987410	9	134634566	131759179	2875387	True	selected_candidate
rs17149294	9	135441627	132566240	2875387	False	selected_candidate
rs28666751	9	136454105	133588983	2865122	True	selected_candidate
rs6537998	9	137292505	134400659	2891846	False	selected_candidate
rs12006325	9	138100852	135209006	2891846	True	selected_candidate
rs10114171	9	139114308	136222462	2891846	False	selected_candidate
rs7861020	9	139947473	137053021	2894452	False	selected_candidate
rs10508208	10	910983	865043	45940	False	selected_candidate
rs11250870	10	1918480	1876286	42194	False	selected_candidate
rs12359239	10	2721782	2679590	42192	False	selected_candidate
rs12412703	10	3724611	3682419	42192	True	selected_candidate
rs10795173	10	4526700	4484508	42192	False	selected_candidate
rs9423638	10	5531392	5489429	41963	False	selected_candidate
rs12246508	10	6286455	6244492	41963	True	selected_candidate
rs2762580	10	7293894	7251932	41962	False	selected_candidate
rs1399180	10	8098719	8056756	41963	False	selected_candidate
rs10508370	10	8902014	8860051	41963	True	selected_candidate
rs10795749	10	9917445	9875482	41963	False	selected_candidate
rs1359888	10	10722658	10680695	41963	False	selected_candidate
rs10905994	10	11730910	11688911	41999	True	selected_candidate
rs12248414	10	12537089	12495090	41999	False	selected_candidate
rs7906371	10	13547964	13505964	42000	True	selected_candidate
rs1218407	10	14349809	14307810	41999	False	selected_candidate
rs17358966	10	15355555	15313556	41999	False	selected_candidate
rs2994301	10	16166692	16124693	41999	True	selected_candidate
rs1687716	10	16968845	16926846	41999	False	selected_candidate
rs35787596	10				False	missing_unique_autosomal_snp_mapping
rs4748488	10	18862728	18573799	288929	True	selected_candidate
rs10763974	10	19678286	19389357	288929	False	selected_candidate
rs10508623	10	20698518	20409589	288929	False	selected_candidate
rs7900067	10	21502882	21213953	288929	True	selected_candidate
rs12255951	10	22333063	22044134	288929	False	selected_candidate
rs4237359	10	23342159	23053230	288929	False	selected_candidate
rs17353305	10	24153310	23864381	288929	True	selected_candidate
rs6482450	10	25168120	24879191	288929	False	selected_candidate
rs11014676	10	25976552	25687623	288929	False	selected_candidate
rs10829053	10	26992105	26703176	288929	True	selected_candidate
rs12356076	10	27799309	27510380	288929	False	selected_candidate
rs786394	10	28609141	28320212	288929	False	selected_candidate
rs2256713	10	29615837	29326908	288929	True	selected_candidate
rs1418323	10	30424666	30135737	288929	False	selected_candidate
rs10826902	10	31431349	31142420	288929	False	selected_candidate
rs7095322	10	32248491	31959563	288928	True	selected_candidate
rs1775114	10	33255172	32966244	288928	False	selected_candidate
rs12244296	10	34069208	33780280	288928	False	selected_candidate
rs1359281	10	34876830	34587902	288928	True	selected_candidate
rs642499	10	35901679	35612751	288928	False	selected_candidate
rs2796775	10	36708507	36419579	288928	False	selected_candidate
rs2475203	10	37721073	37432145	288928	True	selected_candidate
rs2800485	10	38542588	38253660	288928	False	selected_candidate
rs7920340	10	38912721	38619590	293131	True	selected_candidate
rs28972592	10	42357974	41882235	475739	False	selected_candidate
rs3957042	10	42385308	41854901	530407	False	selected_candidate
rs2505838	10	42827951	42332503	495448	True	selected_candidate
rs11238450	10	43638630	43143182	495448	False	selected_candidate
rs4082374	10	44651619	44156171	495448	False	selected_candidate
rs12773699	10	45455227	44959779	495448	True	selected_candidate
rs9421903	10	46508694			False	missing_unique_autosomal_snp_mapping
rs28872025	10	47072825	47908032	835207	True	selected_candidate
rs2805173	10	47909954			False	missing_unique_autosomal_snp_mapping
rs35578984	10				False	missing_unique_autosomal_snp_mapping
rs2377354	10	49696844	48488801	1208043	False	selected_candidate
rs12356287	10	50498227	49290182	1208045	False	selected_candidate
rs4043647	10	51465469	46130353	5335116	False	selected_candidate
rs7909486	10	52379270	50619510	1759760	True	selected_candidate
rs2067533	10	53192664	51432904	1759760	False	selected_candidate
rs10160070	10	54201572	52441812	1759760	True	selected_candidate
rs10740544	10	55013346	53253586	1759760	False	selected_candidate
rs11004025	10	55818438	54058678	1759760	False	selected_candidate
rs2250775	10	56840255	55080495	1759760	True	selected_candidate
rs12782563	10	57659338	55899578	1759760	False	selected_candidate
rs2818834	10	58667718	56907958	1759760	False	selected_candidate
rs9416609	10	59472580	57712820	1759760	True	selected_candidate
rs1649031	10	60279742	58519982	1759760	False	selected_candidate
rs11006554	10	61286904	59527146	1759758	False	selected_candidate
rs1380459	10	62097331	60337573	1759758	True	selected_candidate
rs10821884	10	63107481	61347723	1759758	False	selected_candidate
rs10821962	10	63912835	62153076	1759759	False	selected_candidate
rs4399230	10	64922520	63162760	1759760	True	selected_candidate
rs2666532	10	65726535	63966775	1759760	False	selected_candidate
rs16920360	10	66536501	64776744	1759757	False	selected_candidate
rs1670160	10	67545060	65785302	1759758	True	selected_candidate
rs1158119	10	68355966	66596208	1759758	False	selected_candidate
rs3750863	10	69366602	67606844	1759758	False	selected_candidate
rs2273904	10	70182268	68422511	1759757	True	selected_candidate
rs10823372	10	71190499	69430743	1759756	False	selected_candidate
rs10823499	10	72000578	70240822	1759756	False	selected_candidate
rs12269687	10	72812653	71052896	1759757	True	selected_candidate
rs3824621	10	73819046	72059288	1759758	False	selected_candidate
rs7894141	10	74632656	72872898	1759758	True	selected_candidate
rs2227578	10	75678715	73918957	1759758	False	selected_candidate
rs2488091	10	76487521	74727763	1759758	False	selected_candidate
rs4746305	10	77294236	75534478	1759758	True	selected_candidate
rs1907309	10	78299597	76539839	1759758	False	selected_candidate
rs207676	10	79107134	77347376	1759758	False	selected_candidate
rs2559535	10	80120016	78360259	1759757	True	selected_candidate
rs7913964	10	80929992	79170235	1759757	False	selected_candidate
rs11510154	10	81562037	79802281	1759756	False	selected_candidate
rs11186273	10	82371312	80611556	1759756	True	selected_candidate
rs12242159	10	83385229	81625473	1759756	False	selected_candidate
rs7094481	10	84198947	82439191	1759756	False	selected_candidate
rs955952	10	85007453	83247697	1759756	True	selected_candidate
rs11200947	10	86020637	84260881	1759756	False	selected_candidate
rs7893154	10	86829001	85069245	1759756	False	selected_candidate
rs9420381	10	87834930	86075173	1759757	True	selected_candidate
rs7922846	10	88641501	86881744	1759757	False	selected_candidate
rs12267955	10	89492753	87732996	1759757	False	selected_candidate
rs17112377	10	90502043	88742286	1759757	True	selected_candidate
rs12415606	10	91303980	89544223	1759757	False	selected_candidate
rs1938467	10	92317504	90557747	1759757	False	selected_candidate
rs12264143	10	93127873	91368116	1759757	True	selected_candidate
rs3858287	10	94142587	92382830	1759757	False	selected_candidate
rs12778014	10	94950273	93190516	1759757	False	selected_candidate
rs3814689	10	95754732	93994975	1759757	True	selected_candidate
rs2860975	10	96766934	95007177	1759757	False	selected_candidate
rs7093453	10	97571575	95811818	1759757	False	selected_candidate
rs2185294	10	98584805	96825048	1759757	True	selected_candidate
rs10786360	10	99391286	97631529	1759757	False	selected_candidate
rs693656	10	100401745	98641988	1759757	False	selected_candidate
rs2494655	10	101209006	99449249	1759757	True	selected_candidate
rs663123	10	102014506	100254749	1759757	False	selected_candidate
rs11190892	10	103030046	101270289	1759757	False	selected_candidate
rs12776515	10	103840987	102081230	1759757	True	selected_candidate
rs3736922	10	104850632	103090875	1759757	False	selected_candidate
rs1980653	10	105654164	103894406	1759758	True	selected_candidate
rs10509779	10	106668148	104908390	1759758	False	selected_candidate
rs11597835	10	107473746	105713988	1759758	False	selected_candidate
rs7084933	10	108284495	106524737	1759758	True	selected_candidate
rs7901414	10	109298724	107538966	1759758	False	selected_candidate
rs1467709	10	110108458	108348700	1759758	False	selected_candidate
rs11194587	10	111119302	109359544	1759758	True	selected_candidate
rs4244276	10	111935178	110175420	1759758	False	selected_candidate
rs10885107	10	112941780	111182022	1759758	False	selected_candidate
rs12354545	10	113751347	111991589	1759758	True	selected_candidate
rs941827	10	114558887	112799128	1759759	False	selected_candidate
rs7896812	10	115575038	113815279	1759759	False	selected_candidate
rs11814078	10	116380703	114620944	1759759	True	selected_candidate
rs11197361	10	117393184	115633674	1759510	False	selected_candidate
rs1529614	10	118205912	116446400	1759512	False	selected_candidate
rs2283138	10	119018679	117259168	1759511	True	selected_candidate
rs11198338	10	120025435	118265923	1759512	False	selected_candidate
rs1397616	10	120832872	119073360	1759512	False	selected_candidate
rs10736280	10	121837427	120077915	1759512	True	selected_candidate
rs4372362	10	122644992	120885480	1759512	False	selected_candidate
rs10510101	10	123658129	121898614	1759515	False	selected_candidate
rs12266077	10	124462596	122703080	1759516	True	selected_candidate
rs11248561	10	125269855	123510339	1759516	False	selected_candidate
rs897302	10	126329037	124640468	1688569	True	selected_candidate
rs3886847	10	127136511	125447942	1688569	False	selected_candidate
rs7082278	10	128148941	126460372	1688569	False	selected_candidate
rs11813620	10	129053856	127255592	1798264	True	selected_candidate
rs10764742	10	129858897	128060633	1798264	False	selected_candidate
rs10764843	10	130872867	129074603	1798264	False	selected_candidate
rs7916096	10	131679192	129880928	1798264	True	selected_candidate
rs892326	10	132689538	130891275	1798263	False	selected_candidate
rs9419624	10	133534822	131702486	1832336	False	selected_candidate
rs12219119	10	134543331	132729827	1813504	False	selected_candidate
rs11246374	11	996486	996486	0	False	insufficient_position_delta_between_builds
rs4930001	11	2043867	2022637	21230	False	selected_candidate
rs7108037	11	2875163	2853933	21230	False	selected_candidate
rs276907	11	3756686	3735456	21230	False	selected_candidate
rs7129059	11	4587940	4566710	21230	True	selected_candidate
rs2341431	11	5594093	5572863	21230	False	selected_candidate
rs11601088	11	6415392	6394162	21230	False	selected_candidate
rs11041241	11	7227687	7206456	21231	True	selected_candidate
rs7109806	11	8242629	8221082	21547	False	selected_candidate
rs932287	11	9044767	9023220	21547	False	selected_candidate
rs16907407	11	10056305	10034758	21547	True	selected_candidate
rs2644720	11	10859439	10837892	21547	False	selected_candidate
rs7951773	11	11868549	11847002	21547	False	selected_candidate
rs10765984	11	12672669	12651122	21547	True	selected_candidate
rs2593579	11	13478839	13457292	21547	False	selected_candidate
rs2597203	11	14484590	14463044	21546	False	selected_candidate
rs4291658	11	15294201	15272655	21546	True	selected_candidate
rs1156725	11	16307700	16286154	21546	False	selected_candidate
rs16933829	11	17115676	17094129	21547	False	selected_candidate
rs550460	11	17923676	17902129	21547	True	selected_candidate
rs1817503	11	18933049	18911502	21547	False	selected_candidate
rs2278132	11	19735987	19714441	21546	True	selected_candidate
rs1715263	11	20743963	20722417	21546	False	selected_candidate
rs6483779	11	21552786	21531240	21546	False	selected_candidate
rs2665689	11	22357327	22335781	21546	True	selected_candidate
rs11027159	11	23362010	23340464	21546	False	selected_candidate
rs2957768	11	24166616	24145070	21546	False	selected_candidate
rs7115116	11	25173713	25152167	21546	True	selected_candidate
rs10767478	11	25989302	25967755	21547	False	selected_candidate
rs4506601	11	26794368	26772821	21547	False	selected_candidate
rs11607128	11	27804725	27783178	21547	True	selected_candidate
rs4429045	11	28621394	28599847	21547	False	selected_candidate
rs11820928	11	29630116	29608569	21547	False	selected_candidate
rs553951	11	30432176	30410629	21547	True	selected_candidate
rs1929022	11	31253994	31232447	21547	False	selected_candidate
rs1115704	11	32262858	32241312	21546	False	selected_candidate
rs1998156	11	33069964	33048418	21546	True	selected_candidate
rs3858466	11	34080311	34058764	21547	False	selected_candidate
rs2956079	11	34881376	34859829	21547	False	selected_candidate
rs7103188	11	35697846	35676298	21548	True	selected_candidate
rs12418749	11	36706549	36684999	21550	False	selected_candidate
rs7927659	11	37511945	37490395	21550	False	selected_candidate
rs2169486	11	38323118	38301568	21550	True	selected_candidate
rs6485078	11	39345092	39323542	21550	False	selected_candidate
rs10837346	11	40150122	40128572	21550	False	selected_candidate
rs10837579	11	41154796	41133246	21550	True	selected_candidate
rs4489731	11	41956646	41935096	21550	False	selected_candidate
rs7945748	11	42762837	42741287	21550	False	selected_candidate
rs7928992	11	43779518	43757968	21550	True	selected_candidate
rs934178	11	44585933	44564383	21550	False	selected_candidate
rs17195752	11	45590328	45568778	21550	False	selected_candidate
rs34406563	11	46398916	46377366	21550	True	selected_candidate
rs4567413	11	47232184	47210633	21551	False	selected_candidate
rs1875697	11	48238019	48216467	21552	False	selected_candidate
rs10839217	11	49068145	49046593	21552	True	selected_candidate
rs7928714	11	49887622	49866070	21552	False	selected_candidate
rs11245868	11	50750724	50791553	40829	True	selected_candidate
rs12805992	11	51518519	54600761	3082242	True	selected_candidate
rs1603756	11	51314773	54804507	3489734	False	selected_candidate
rs34583166	11				False	missing_unique_autosomal_snp_mapping
rs2164125	11	54961532	55194056	232524	False	selected_candidate
rs984371	11	55577698	55810222	232524	False	selected_candidate
rs12418301	11	56387773	56620297	232524	True	selected_candidate
rs4477456	11	57197781	57430308	232527	False	selected_candidate
rs10792168	11	58205540	58438067	232527	False	selected_candidate
rs6591515	11	59014108	59246635	232527	True	selected_candidate
rs6591559	11	60025565	60258092	232527	False	selected_candidate
rs175119	11	60829178	61061706	232528	False	selected_candidate
rs174626	11	61637057	61869585	232528	True	selected_candidate
rs7104190	11	62641999	62874527	232528	False	selected_candidate
rs7943876	11	63455139	63687667	232528	False	selected_candidate
rs534052	11	64463237	64695765	232528	True	selected_candidate
rs10896012	11	65278461	65510990	232529	False	selected_candidate
rs3741367	11	66083129	66315658	232529	True	selected_candidate
rs11603798	11	67116961	67349490	232529	False	selected_candidate
rs7126326	11	67947275	68179808	232533	False	selected_candidate
rs2846207	11	68757913	68990445	232532	True	selected_candidate
rs12284684	11	69842821	69996715	153894	False	selected_candidate
rs3019846	11	70652467	70806362	153895	False	selected_candidate
rs4944242	11	71667141	71956095	288954	True	selected_candidate
rs11235583	11	72473429	72762384	288955	False	selected_candidate
rs12276892	11	73283990	73572945	288955	False	selected_candidate
rs4417306	11	74298010	74586965	288955	True	selected_candidate
rs536516	11	75104704	75393660	288956	False	selected_candidate
rs12289955	11	76115699	76404655	288956	False	selected_candidate
rs4944151	11	76929273	77218228	288955	True	selected_candidate
rs10793269	11	77734775	78023729	288954	False	selected_candidate
rs1435468	11	78744472	79033427	288955	False	selected_candidate
rs681168	11	79556810	79845766	288956	True	selected_candidate
rs1945364	11	80363108	80652064	288956	False	selected_candidate
rs10897859	11	81373190	81662148	288958	False	selected_candidate
rs4944394	11	82194001	82482959	288958	True	selected_candidate
rs1864775	11	83199166	83488123	288957	False	selected_candidate
rs17147160	11	84005324	84294281	288957	False	selected_candidate
rs349079	11	84810131	85099087	288956	True	selected_candidate
rs34920413	11				False	missing_unique_autosomal_snp_mapping
rs4944640	11	86628005	86916963	288958	False	selected_candidate
rs650115	11	87635102	87924210	289108	True	selected_candidate
rs7109744	11	88484114	88750946	266832	False	selected_candidate
rs3019011	11	89296364	89563196	266832	False	selected_candidate
rs3897659	11	90238570	90505402	266832	True	selected_candidate
rs7942725	11	91246211	91513045	266834	False	selected_candidate
rs17596150	11	92052434	92319268	266834	True	selected_candidate
rs11020175	11	92863298	93130132	266834	False	selected_candidate
rs7925027	11	93869974	94136808	266834	False	selected_candidate
rs12225505	11	94672238	94939073	266835	True	selected_candidate
rs10741525	11	95680429	95947265	266836	False	selected_candidate
rs11215338	11	96640828	96769828	129000	False	selected_candidate
rs1477628	11	97446870	97575870	129000	True	selected_candidate
rs12795908	11	98460080	98589350	129270	False	selected_candidate
rs7122002	11	99270233	99399502	129269	False	selected_candidate
rs1939694	11	100079723	100208991	129268	True	selected_candidate
rs4121760	11	101090720	101219989	129269	False	selected_candidate
rs3133381	11	101892922	102022191	129269	False	selected_candidate
rs536107	11	102898793	103028064	129271	True	selected_candidate
rs11226034	11	103703939	103833211	129272	False	selected_candidate
rs2194997	11	104714656	104843929	129273	False	selected_candidate
rs12421796	11	105522961	105652234	129273	True	selected_candidate
rs7943420	11	106330810	106460083	129273	False	selected_candidate
rs609821	11	107339155	107468429	129274	False	selected_candidate
rs609261	11	108158134	108287407	129273	True	selected_candidate
rs1509733	11	108969343	109098616	129273	False	selected_candidate
rs17110740	11	109979036	110108311	129275	False	selected_candidate
rs12295702	11	110784513	110913789	129276	True	selected_candidate
rs10502152	11	111791695	111920971	129276	False	selected_candidate
rs11214334	11	112602924	112732201	129277	False	selected_candidate
rs17115672	11	113408401	113537679	129278	True	selected_candidate
rs683078	11	114414994	114544272	129278	False	selected_candidate
rs10488709	11	115222020	115351301	129281	False	selected_candidate
rs12792262	11	116230972	116360255	129283	True	selected_candidate
rs7122944	11	117034619	117163903	129284	False	selected_candidate
rs10892201	11	117848292	117977577	129285	False	selected_candidate
rs3737504	11	118869460	118998750	129290	True	selected_candidate
rs895648	11	119677072	119806363	129291	False	selected_candidate
rs7121527	11	120687320	120816611	129291	True	selected_candidate
rs17125563	11	121494399	121623690	129291	False	selected_candidate
rs10892841	11	122300665	122429957	129292	False	selected_candidate
rs1892968	11	123310380	123439672	129292	True	selected_candidate
rs17771860	11	124115001	124244251	129250	False	selected_candidate
rs12577901	11	125123425	125253529	130104	False	selected_candidate
rs525316	11	125942140	126072245	130105	True	selected_candidate
rs4937214	11	126749930	126880034	130104	False	selected_candidate
rs7927044	11	127761666	127891771	130105	False	selected_candidate
rs607670	11	128571080	128701185	130105	True	selected_candidate
rs690878	11	129590695	129720800	130105	False	selected_candidate
rs1612224	11	130398004	130528109	130105	False	selected_candidate
rs2513536	11	131202636	131332741	130105	True	selected_candidate
rs577640	11	132208428	132338534	130106	False	selected_candidate
rs754048	11	133015578	133145683	130105	False	selected_candidate
rs643447	11	134021477	134151582	130105	False	selected_candidate
rs1012729	12	987482	878316	109166	False	selected_candidate
rs2906893	12	1995699	1886533	109166	False	selected_candidate
rs7957163	12	2805632	2696466	109166	False	selected_candidate
rs17696856	12	3614555	3505389	109166	True	selected_candidate
rs12831479	12	4626131	4516965	109166	False	selected_candidate
rs7133563	12	5438620	5329454	109166	False	selected_candidate
rs12322731	12	6244157	6134991	109166	True	selected_candidate
rs3813728	12	7241570	7088974	152596	False	selected_candidate
rs11056401	12	8053576	7900980	152596	False	selected_candidate
rs11046900	12	8868677	8716081	152596	True	selected_candidate
rs10771901	12	9735686	9583090	152596	False	selected_candidate
rs7973255	12	10752344	10599745	152599	False	selected_candidate
rs12298679	12	11555011	11402077	152934	True	selected_candidate
rs12307111	12	12358524	12205590	152934	False	selected_candidate
rs3782562	12	13365566	13212632	152934	False	selected_candidate
rs10772724	12	14177113	14024179	152934	True	selected_candidate
rs3088190	12	14982352	14829418	152934	False	selected_candidate
rs16911328	12	16002622	15849688	152934	False	selected_candidate
rs2216209	12	16813878	16660944	152934	True	selected_candidate
rs1163895	12	17625605	17472671	152934	False	selected_candidate
rs1374670	12	18637162	18484228	152934	False	selected_candidate
rs7960486	12	19441082	19288148	152934	True	selected_candidate
rs7136376	12	20250344	20097410	152934	False	selected_candidate
rs10841750	12	21268913	21115979	152934	True	selected_candidate
rs11046234	12	22072257	21919323	152934	False	selected_candidate
rs11046565	12	22877582	22724648	152934	False	selected_candidate
rs11830195	12	23888824	23735890	152934	True	selected_candidate
rs12319785	12	24693114	24540180	152934	False	selected_candidate
rs7307747	12	25498629	25345695	152934	False	selected_candidate
rs11048479	12	26510424	26357491	152933	True	selected_candidate
rs841623	12	27315291	27162358	152933	False	selected_candidate
rs39635	12	28126245	27973312	152933	False	selected_candidate
rs11049976	12	29133967	28981034	152933	True	selected_candidate
rs302342	12	29939628	29786695	152933	False	selected_candidate
rs16906582	12	30749460	30596526	152934	False	selected_candidate
rs478620	12	31770670	31617736	152934	True	selected_candidate
rs883404	12	32584446	32431512	152934	False	selected_candidate
rs4244864	12	33399053	33246118	152935	False	selected_candidate
rs304313	12	34216898	34063963	152935	False	selected_candidate
rs10772188	12	34650128	34497193	152935	True	selected_candidate
rs3956186	12	37857751	37463949	393802	True	selected_candidate
rs7305352	12	38473800	38079998	393802	False	selected_candidate
rs1449841	12	39484055	39090253	393802	False	selected_candidate
rs17127239	12	40299972	39906170	393802	True	selected_candidate
rs11178017	12	41108703	40714901	393802	False	selected_candidate
rs2839775	12	42114085	41720283	393802	False	selected_candidate
rs2600930	12	42920717	42526915	393802	True	selected_candidate
rs12578390	12	43724546	43330743	393803	False	selected_candidate
rs840772	12	44734268	44340485	393783	True	selected_candidate
rs10467207	12	45547736	45153953	393783	False	selected_candidate
rs11183251	12	46356651	45962868	393783	False	selected_candidate
rs2522279	12	47367111	46973328	393783	True	selected_candidate
rs4760636	12	48173352	47779569	393783	False	selected_candidate
rs11835614	12	48986358	48592575	393783	False	selected_candidate
rs11169088	12	49999119	49605336	393783	True	selected_candidate
rs7295610	12	50814565	50420782	393783	False	selected_candidate
rs10783424	12	51621910	51228126	393784	False	selected_candidate
rs3809174	12	52625905	52232121	393784	True	selected_candidate
rs4919699	12	53430867	53037083	393784	False	selected_candidate
rs12315767	12	54243272	53849488	393784	False	selected_candidate
rs2168139	12	55251784	54858000	393784	True	selected_candidate
rs4759186	12	56064079	55670295	393784	False	selected_candidate
rs2638335	12	56880672	56486888	393784	False	selected_candidate
rs11172240	12	57894852	57501069	393783	True	selected_candidate
rs10877094	12	58697740	58303957	393783	False	selected_candidate
rs7952875	12	59507893	59114112	393781	False	selected_candidate
rs7132957	12	60514883	60121102	393781	True	selected_candidate
rs10877484	12	61320339	60926558	393781	False	selected_candidate
rs7487085	12	62126486	61732705	393781	False	selected_candidate
rs7308302	12	63136043	62742263	393780	True	selected_candidate
rs513203	12	63939740	63545960	393780	False	selected_candidate
rs7132482	12	64745313	64351533	393780	False	selected_candidate
rs1370938	12	65754242	65360462	393780	True	selected_candidate
rs1168742	12	66562814	66169034	393780	False	selected_candidate
rs2134831	12	67365791	66972011	393780	False	selected_candidate
rs1157716	12	68377183	67983403	393780	True	selected_candidate
rs11177375	12	69186904	68793124	393780	False	selected_candidate
rs727948	12	70000518	69606738	393780	False	selected_candidate
rs10506599	12	71022883	70629103	393780	True	selected_candidate
rs11178795	12	71832246	71438466	393780	False	selected_candidate
rs4073007	12	72648077	72254297	393780	False	selected_candidate
rs9668887	12	73459976	73066196	393780	True	selected_candidate
rs11179909	12	74480148	74086368	393780	False	selected_candidate
rs10506684	12	75289669	74895889	393780	False	selected_candidate
rs11180642	12	76095506	75701726	393780	True	selected_candidate
rs12309776	12	76921507	76527727	393780	False	selected_candidate
rs4485151	12	77726480	77332700	393780	False	selected_candidate
rs11833552	12	78528771	78134991	393780	True	selected_candidate
rs12582661	12	79533894	79140114	393780	False	selected_candidate
rs17006192	12	80343513	79949733	393780	False	selected_candidate
rs11114600	12	81149797	80756018	393779	True	selected_candidate
rs1987116	12	82156478	81762699	393779	False	selected_candidate
rs17009722	12	82966466	82572687	393779	False	selected_candidate
rs10778987	12	83772676	83378897	393779	True	selected_candidate
rs4761128	12	84790507	84396728	393779	False	selected_candidate
rs11116745	12	85600582	85206804	393778	False	selected_candidate
rs7313442	12	86405642	86011864	393778	True	selected_candidate
rs11104240	12	87420639	87026862	393777	False	selected_candidate
rs6538116	12	88234665	87840888	393777	False	selected_candidate
rs11104981	12	89046665	88652888	393777	True	selected_candidate
rs1353027	12	89871180	89477403	393777	False	selected_candidate
rs11105644	12	90879888	90486111	393777	False	selected_candidate
rs1797280	12	91688287	91294510	393777	True	selected_candidate
rs2279577	12	92501843	92108067	393776	False	selected_candidate
rs11830047	12	93523367	93129591	393776	False	selected_candidate
rs270870	12	94331698	93937922	393776	True	selected_candidate
rs17251396	12	95134005	94740229	393776	False	selected_candidate
rs7959413	12	96147836	95754058	393778	False	selected_candidate
rs10860055	12	96957561	96563783	393778	True	selected_candidate
rs10745793	12	97762070	97368292	393778	False	selected_candidate
rs7300810	12	98765481	98371703	393778	False	selected_candidate
rs12314891	12	99578434	99184656	393778	True	selected_candidate
rs7306416	12	100391088	99997310	393778	False	selected_candidate
rs618278	12	101394344	101000566	393778	False	selected_candidate
rs12319886	12	102207409	101813631	393778	True	selected_candidate
rs703556	12	103011894	102618116	393778	False	selected_candidate
rs1677979	12	104027585	103633807	393778	True	selected_candidate
rs11112058	12	104838060	104444282	393778	False	selected_candidate
rs2374448	12	105646109	105252331	393778	False	selected_candidate
rs12823591	12	106648588	106254810	393778	True	selected_candidate
rs11113179	12	107452785	107059007	393778	False	selected_candidate
rs10746096	12	108261731	107867954	393777	False	selected_candidate
rs10861973	12	109271928	108878152	393776	True	selected_candidate
rs4766619	12	110121111	109683306	437805	False	selected_candidate
rs11554380	12	110931012	110493207	437805	False	selected_candidate
rs6490162	12	111941120	111503316	437804	True	selected_candidate
rs10850027	12	112749836	112312032	437804	False	selected_candidate
rs1293810	12	113558872	113121067	437805	False	selected_candidate
rs10492330	12	114561680	114123875	437805	True	selected_candidate
rs7966651	12	115371958	114934153	437805	False	selected_candidate
rs933910	12	116178397	115740592	437805	False	selected_candidate
rs7300541	12	117185647	116747842	437805	True	selected_candidate
rs11068540	12	117997254	117559449	437805	False	selected_candidate
rs17440893	12	118800337	118362532	437805	False	selected_candidate
rs10774493	12	119810701	119372896	437805	True	selected_candidate
rs2269945	12	120614093	120176290	437803	False	selected_candidate
rs7979473	12	121420260	120982457	437803	False	selected_candidate
rs7296744	12	122428475	121990569	437906	True	selected_candidate
rs1798192	12	123200768	122716221	484547	False	selected_candidate
rs28647680	12	124008459	123523912	484547	False	selected_candidate
rs11057659	12	125016727	124532181	484546	True	selected_candidate
rs7134868	12	125825114	125340568	484546	False	selected_candidate
rs2302265	12	126637567	126153021	484546	False	selected_candidate
rs11059004	12	127644287	127159742	484545	True	selected_candidate
rs4761045	12	128448488	127963943	484545	False	selected_candidate
rs4630337	12	129253570	128769025	484545	False	selected_candidate
rs10847944	12	130258596	129774051	484545	True	selected_candidate
rs7958397	12	131060554	130576009	484545	False	selected_candidate
rs7971297	12	131872850	131388305	484545	False	selected_candidate
rs28688596	12	132937702	132361116	576586	False	selected_candidate
rs4769417	13	19707854	19133714	574140	False	selected_candidate
rs11618455	13	20309857	19735717	574140	False	selected_candidate
rs17080439	13	20912067	20337928	574139	False	selected_candidate
rs927911	13	21723281	21149142	574139	True	selected_candidate
rs723436	13	22331539	21757400	574139	False	selected_candidate
rs9506843	13	22941279	22367140	574139	False	selected_candidate
rs7329917	13	23547780	22973641	574139	True	selected_candidate
rs3829942	13	24152519	23578380	574139	False	selected_candidate
rs9551073	13	24755947	24181808	574139	False	selected_candidate
rs7983199	13	25392394	24818256	574138	True	selected_candidate
rs1924786	13	25997516	25423378	574138	False	selected_candidate
rs564034	13	26808533	26234396	574137	False	selected_candidate
rs1927508	13	27411091	26836954	574137	True	selected_candidate
rs7988222	13	28016521	27442384	574137	False	selected_candidate
rs9507983	13	28620036	28045899	574137	False	selected_candidate
rs9551515	13	29228569	28654432	574137	True	selected_candidate
rs11616416	13	29836251	29262114	574137	False	selected_candidate
rs538015	13	30638225	30064088	574137	True	selected_candidate
rs984989	13	31244780	30670643	574137	False	selected_candidate
rs9543234	13	31848383	31274246	574137	False	selected_candidate
rs351	13	32453155	31879018	574137	True	selected_candidate
rs7335609	13	33055431	32481294	574137	False	selected_candidate
rs9591501	13	33658270	33084133	574137	False	selected_candidate
rs7992382	13	34261160	33687023	574137	True	selected_candidate
rs9592510	13	35073750	34499613	574137	False	selected_candidate
rs17051858	13	35677705	35103568	574137	False	selected_candidate
rs9565499	13	36283320	35709183	574137	True	selected_candidate
rs7325682	13	36887739	36313602	574137	False	selected_candidate
rs9315454	13	37493054	36918917	574137	False	selected_candidate
rs9315498	13	38099921	37525784	574137	True	selected_candidate
rs17212836	13	38710260	38136123	574137	False	selected_candidate
rs9576652	13	39513666	38939529	574137	False	selected_candidate
rs4559795	13	40116573	39542436	574137	True	selected_candidate
rs17060959	13	40725267	40151130	574137	False	selected_candidate
rs9549281	13	41330171	40756035	574136	False	selected_candidate
rs9525479	13	41948151	41374015	574136	True	selected_candidate
rs7329533	13	42558003	41983867	574136	False	selected_candidate
rs7334187	13	43163641	42589505	574136	False	selected_candidate
rs12100385	13	43967287	43393151	574136	True	selected_candidate
rs4942264	13	44574282	44000146	574136	False	selected_candidate
rs9533925	13	45182917	44608781	574136	False	selected_candidate
rs12866440	13	45792868	45218733	574135	True	selected_candidate
rs2060505	13	46400734	45826599	574135	False	selected_candidate
rs4076385	13	47013292	46439157	574135	False	selected_candidate
rs17371258	13	47615309	47041174	574135	True	selected_candidate
rs4942705	13	48419019	47844884	574135	False	selected_candidate
rs198574	13	49026852	48452716	574136	False	selected_candidate
rs2994377	13	49639149	49065013	574136	True	selected_candidate
rs9535292	13	50244041	49669905	574136	False	selected_candidate
rs706604	13	50845239	50271103	574136	False	selected_candidate
rs7985661	13	51454896	50880760	574136	True	selected_candidate
rs9535690	13	52061411	51487275	574136	False	selected_candidate
rs9535862	13	52672834	52098698	574136	False	selected_candidate
rs64262	13	53353041	52778906	574135	True	selected_candidate
rs998148	13	54160079	53585944	574135	False	selected_candidate
rs584860	13	54770265	54196130	574135	True	selected_candidate
rs7338326	13	55375703	54801568	574135	False	selected_candidate
rs3105032	13	55982418	55408283	574135	False	selected_candidate
rs396318	13	56590135	56016001	574134	True	selected_candidate
rs6561894	13	57210950	56636816	574134	False	selected_candidate
rs9597542	13	57824156	57250022	574134	False	selected_candidate
rs9563548	13	58435059	57860925	574134	True	selected_candidate
rs9527855	13	59239659	58665525	574134	False	selected_candidate
rs17703668	13	59843059	59268925	574134	False	selected_candidate
rs6562060	13	60446333	59872199	574134	True	selected_candidate
rs9538719	13	61052747	60478613	574134	False	selected_candidate
rs9317158	13	61654302	61080168	574134	False	selected_candidate
rs4884392	13	62258153	61684020	574133	True	selected_candidate
rs1328331	13	62866593	62292460	574133	False	selected_candidate
rs12864793	13	63671076	63096943	574133	False	selected_candidate
rs7998991	13	64279132	63704999	574133	True	selected_candidate
rs11840383	13	64890026	64315894	574132	False	selected_candidate
rs9317455	13	65490826	64916694	574132	False	selected_candidate
rs9317514	13	66098090	65523958	574132	True	selected_candidate
rs17566918	13	66701023	66126891	574132	False	selected_candidate
rs9571695	13	67504844	66930712	574132	False	selected_candidate
rs9571805	13	68112720	67538588	574132	True	selected_candidate
rs11148761	13	68719988	68145856	574132	False	selected_candidate
rs9529428	13	69326724	68752592	574132	False	selected_candidate
rs1334825	13	69929181	69355049	574132	True	selected_candidate
rs9317849	13	70538044	69963912	574132	False	selected_candidate
rs9317951	13	71143063	70568931	574132	False	selected_candidate
rs9599842	13	71958120	71383988	574132	True	selected_candidate
rs2612843	13	72571212	71997074	574138	False	selected_candidate
rs7999032	13	73179350	72605212	574138	True	selected_candidate
rs9543274	13	73790487	73216350	574137	False	selected_candidate
rs9530247	13	74394414	73820277	574137	False	selected_candidate
rs1931957	13	75006579	74432442	574137	False	selected_candidate
rs11148979	13	75616274	75042137	574137	True	selected_candidate
rs7988966	13	76223413	75649277	574136	False	selected_candidate
rs2173366	13	77029851	76455715	574136	True	selected_candidate
rs2285386	13	77632470	77058335	574135	False	selected_candidate
rs2329244	13	78236736	77662601	574135	False	selected_candidate
rs9544760	13	78848773	78274638	574135	True	selected_candidate
rs4885585	13	79451837	78877702	574135	False	selected_candidate
rs17071513	13	80068006	79493871	574135	False	selected_candidate
rs4539481	13	80671344	80097209	574135	True	selected_candidate
rs4310745	13	81485364	80911229	574135	False	selected_candidate
rs7996608	13	82090958	81516823	574135	False	selected_candidate
rs1331583	13	82692849	82118714	574135	True	selected_candidate
rs9575154	13	83299617	82725482	574135	False	selected_candidate
rs4242983	13	83910216	83336081	574135	False	selected_candidate
rs1334861	13	84511939	83937804	574135	True	selected_candidate
rs9546755	13	85118302	84544167	574135	False	selected_candidate
rs4039113	13	85929971	85355836	574135	False	selected_candidate
rs9602899	13	86538071	85963936	574135	True	selected_candidate
rs9583696	13	87240293	86588038	652255	False	selected_candidate
rs12874394	13	87854478	87202223	652255	False	selected_candidate
rs1414169	13	88475866	87823611	652255	True	selected_candidate
rs1545583	13	89084646	88432391	652255	False	selected_candidate
rs9515516	13	89700173	89047919	652254	False	selected_candidate
rs967389	13	90306191	89653937	652254	True	selected_candidate
rs1929031	13	91115213	90462959	652254	False	selected_candidate
rs4773614	13	91723106	91070852	652254	False	selected_candidate
rs8000493	13	92327608	91675354	652254	True	selected_candidate
rs9516032	13	92930817	92278564	652253	False	selected_candidate
rs16947972	13	93534166	92881913	652253	False	selected_candidate
rs12586008	13	94136081	93483828	652253	True	selected_candidate
rs7990769	13	94745755	94093501	652254	False	selected_candidate
rs9590106	13	95551070	94898816	652254	True	selected_candidate
rs8000535	13	96156539	95504285	652254	False	selected_candidate
rs9590362	13	96776639	96124385	652254	False	selected_candidate
rs9556617	13	97382370	96730116	652254	True	selected_candidate
rs16952071	13	97986448	97334194	652254	False	selected_candidate
rs7995517	13	98597671	97945417	652254	False	selected_candidate
rs7993521	13	99199942	98547688	652254	True	selected_candidate
rs727263	13	100004108	99351854	652254	False	selected_candidate
rs4772258	13	100606135	99953881	652254	False	selected_candidate
rs11616731	13	101212300	100560046	652254	True	selected_candidate
rs2762148	13	101825888	101173537	652351	False	selected_candidate
rs9518538	13	102429665	101777315	652350	False	selected_candidate
rs9582577	13	103039410	102387060	652350	True	selected_candidate
rs11620512	13	103641253	102988903	652350	False	selected_candidate
rs16963536	13	104449140	103796790	652350	False	selected_candidate
rs881946	13	105056680	104404330	652350	True	selected_candidate
rs9300983	13	105659106	105006755	652351	False	selected_candidate
rs1766170	13	106261945	105609596	652349	False	selected_candidate
rs7981244	13	106865553	106213204	652349	True	selected_candidate
rs9587216	13	107468299	106815951	652348	False	selected_candidate
rs9301247	13	108273856	107621508	652348	False	selected_candidate
rs1473792	13	108877629	108225281	652348	True	selected_candidate
rs432905	13	109480556	108828208	652348	False	selected_candidate
rs1927675	13	110091360	109439013	652347	False	selected_candidate
rs9521585	13	110698261	110045914	652347	True	selected_candidate
rs410049	13	111299813	110647466	652347	False	selected_candidate
rs2182064	13	111904034	111251687	652347	False	selected_candidate
rs7337290	13	112505755	111851441	654314	True	selected_candidate
rs9604328	13	113111959	112457645	654314	False	selected_candidate
rs2297192	13	113720476	113066162	654314	False	selected_candidate
rs11838702	13	114324833	113670518	654315	False	selected_candidate
rs28470708	14	19707939	19279767	428172	False	selected_candidate
rs4983173	14	20203125	19734966	468159	False	selected_candidate
rs3093942	14	20826243	20358084	468159	False	selected_candidate
rs12431998	14	21432455	20964296	468159	True	selected_candidate
rs8009501	14	22037905	21569774	468131	False	selected_candidate
rs17197662	14	22442399	21974171	468228	False	selected_candidate
rs8005354	14	23050763	22581859	468904	True	selected_candidate
rs7141505	14	23653188	23183979	469209	False	selected_candidate
rs11624794	14	24260146	23790937	469209	False	selected_candidate
rs1951126	14	24869162	24399956	469206	True	selected_candidate
rs7153837	14	25472382	25003176	469206	False	selected_candidate
rs1956773	14	26081154	25611948	469206	False	selected_candidate
rs4547253	14	26685829	26216623	469206	True	selected_candidate
rs1951085	14	27290857	26821651	469206	False	selected_candidate
rs12895434	14	27701787	27232581	469206	False	selected_candidate
rs2022830	14	28305452	27836246	469206	True	selected_candidate
rs1957104	14	28909201	28439995	469206	False	selected_candidate
rs1957478	14	29523110	29053904	469206	False	selected_candidate
rs17115153	14	30124635	29655429	469206	True	selected_candidate
rs10483378	14	30735710	30266504	469206	False	selected_candidate
rs10431648	14	31351785	30882579	469206	False	selected_candidate
rs17097923	14	31954081	31484875	469206	True	selected_candidate
rs17098508	14	32558902	32089696	469206	False	selected_candidate
rs7161453	14	32964298	32495092	469206	False	selected_candidate
rs17538030	14	33570240	33101034	469206	True	selected_candidate
rs4128599	14	34170982	33701776	469206	False	selected_candidate
rs8009146	14	34773587	34304381	469206	False	selected_candidate
rs799690	14	35379923	34910717	469206	True	selected_candidate
rs10149970	14	35989443	35520237	469206	False	selected_candidate
rs12437348	14	36606550	36137344	469206	True	selected_candidate
rs1950356	14	37208256	36739051	469205	False	selected_candidate
rs10132727	14	37813135	37343930	469205	False	selected_candidate
rs12434817	14	38214324	37745119	469205	False	selected_candidate
rs980010	14	38822190	38352986	469204	True	selected_candidate
rs1015532	14	39425673	38956469	469204	False	selected_candidate
rs4902774	14	40032019	39562815	469204	True	selected_candidate
rs1950233	14	40636687	40167483	469204	False	selected_candidate
rs2029046	14	41249954	40780749	469205	False	selected_candidate
rs12431871	14	41870230	41401027	469203	True	selected_candidate
rs12893879	14	42474614	42005411	469203	False	selected_candidate
rs2813716	14	42882925	42413722	469203	False	selected_candidate
rs7159885	14	43490932	43021729	469203	True	selected_candidate
rs1953944	14	44092139	43622936	469203	False	selected_candidate
rs9323096	14	44697787	44228584	469203	False	selected_candidate
rs12146993	14	45302898	44833695	469203	True	selected_candidate
rs17730159	14	45907992	45438789	469203	False	selected_candidate
rs10130608	14	46519146	46049943	469203	False	selected_candidate
rs1381640	14	47128019	46658816	469203	True	selected_candidate
rs2148509	14	47736294	47267091	469203	False	selected_candidate
rs7154720	14	48137514	47668311	469203	False	selected_candidate
rs2900025	14	48743062	48273859	469203	True	selected_candidate
rs7158200	14	49347250	48878047	469203	False	selected_candidate
rs17700640	14	49957271	49490553	466718	False	selected_candidate
rs10129336	14	50560177	50093459	466718	True	selected_candidate
rs11849062	14	51175303	50708585	466718	False	selected_candidate
rs8004799	14	51783750	51317032	466718	False	selected_candidate
rs1262155	14	52396204	51929486	466718	True	selected_candidate
rs8016794	14	53000646	52533928	466718	False	selected_candidate
rs17093032	14	53402701	52935983	466718	False	selected_candidate
rs8014637	14	54012258	53545540	466718	True	selected_candidate
rs10150830	14	54624542	54157824	466718	False	selected_candidate
rs12893113	14	55231504	54764786	466718	False	selected_candidate
rs3825615	14	55839583	55372865	466718	True	selected_candidate
rs1203011	14	56443673	55976955	466718	False	selected_candidate
rs2275025	14	57046829	56580111	466718	True	selected_candidate
rs7141122	14	57654808	57188090	466718	False	selected_candidate
rs4898939	14	58066890	57600172	466718	False	selected_candidate
rs11628520	14	58669409	58202691	466718	False	selected_candidate
rs12435045	14	59271557	58804839	466718	True	selected_candidate
rs8012458	14	59884587	59417869	466718	False	selected_candidate
rs17834334	14	60498579	60031861	466718	True	selected_candidate
rs8007935	14	61103375	60636657	466718	False	selected_candidate
rs1954010	14	61711728	61245010	466718	False	selected_candidate
rs17256422	14	62321424	61854706	466718	True	selected_candidate
rs8012818	14	62924206	62457488	466718	False	selected_candidate
rs2002267	14	63326784	62860066	466718	False	selected_candidate
rs17101216	14	63934323	63467605	466718	True	selected_candidate
rs17101624	14	64548132	64081414	466718	False	selected_candidate
rs229679	14	65152963	64686245	466718	False	selected_candidate
rs1256533	14	65757748	65291030	466718	True	selected_candidate
rs10149908	14	66365844	65899126	466718	False	selected_candidate
rs1457424	14	66972716	66505998	466718	False	selected_candidate
rs10483794	14	67579291	67112574	466717	True	selected_candidate
rs12881114	14	68181086	67714369	466717	False	selected_candidate
rs372143	14	68587338	68120621	466717	False	selected_candidate
rs194782	14	69189940	68723223	466717	True	selected_candidate
rs12100668	14	69793475	69326758	466717	False	selected_candidate
rs17174862	14	70398728	69932011	466717	False	selected_candidate
rs6573971	14	71011469	70544752	466717	True	selected_candidate
rs10145208	14	71614805	71148088	466717	False	selected_candidate
rs1204974	14	72224472	71757755	466717	False	selected_candidate
rs2283386	14	72829058	72362350	466708	True	selected_candidate
rs2535897	14	73434222	72967514	466708	False	selected_candidate
rs8009393	14	73839580	73372872	466708	False	selected_candidate
rs17782328	14	74442857	73976154	466703	True	selected_candidate
rs12435481	14	75057809	74591106	466703	False	selected_candidate
rs8006587	14	75664939	75198236	466703	False	selected_candidate
rs999718	14	76272140	75805797	466343	True	selected_candidate
rs10135736	14	76875446	76409103	466343	False	selected_candidate
rs4903534	14	77481703	77015360	466343	True	selected_candidate
rs12881338	14	78088574	77622231	466343	False	selected_candidate
rs10150943	14	78689376	78223033	466343	False	selected_candidate
rs2887878	14	79295478	78829135	466343	True	selected_candidate
rs11849650	14	79696355	79230012	466343	False	selected_candidate
rs8003909	14	80300198	79833855	466343	False	selected_candidate
rs17600960	14	80929699	80463356	466343	True	selected_candidate
rs10151660	14	81537484	81071140	466344	False	selected_candidate
rs11159511	14	82146538	81680194	466344	False	selected_candidate
rs709908	14	82750541	82284197	466344	True	selected_candidate
rs6574729	14	83363440	82897096	466344	False	selected_candidate
rs162645	14	83771401	83305057	466344	False	selected_candidate
rs7143832	14	84376119	83909775	466344	True	selected_candidate
rs1961196	14	84985860	84519516	466344	False	selected_candidate
rs2888424	14	85590384	85124040	466344	False	selected_candidate
rs1956651	14	86192114	85725770	466344	True	selected_candidate
rs2149758	14	86799490	86333146	466344	False	selected_candidate
rs17202842	14	87409575	86943231	466344	False	selected_candidate
rs174510	14	88025907	87559563	466344	True	selected_candidate
rs8021613	14	88628106	88161762	466344	False	selected_candidate
rs2116445	14	89036519	88570175	466344	False	selected_candidate
rs722479	14	89641338	89174994	466344	True	selected_candidate
rs4904614	14	90244831	89778487	466344	False	selected_candidate
rs2110114	14	90854770	90388426	466344	False	selected_candidate
rs1286148	14	91466507	91000163	466344	True	selected_candidate
rs2665348	14	92073188	91606844	466344	False	selected_candidate
rs941806	14	92681383	92215039	466344	False	selected_candidate
rs12880298	14	93285962	92819617	466345	True	selected_candidate
rs1503961	14	93900947	93434601	466346	False	selected_candidate
rs8022283	14	94303110	93836764	466346	False	selected_candidate
rs3818257	14	94909630	94443293	466337	True	selected_candidate
rs8009967	14	95510787	95044450	466337	False	selected_candidate
rs17093104	14	96116133	95649796	466337	False	selected_candidate
rs7160391	14	96725765	96259428	466337	True	selected_candidate
rs10135704	14	97331618	96865281	466337	False	selected_candidate
rs4905596	14	97943341	97477004	466337	False	selected_candidate
rs2183623	14	98551256	98084919	466337	True	selected_candidate
rs17528796	14	99152992	98686655	466337	False	selected_candidate
rs10144320	14	99559026	99092689	466337	False	selected_candidate
rs12894973	14	100166652	99700315	466337	True	selected_candidate
rs8007427	14	100771572	100305235	466337	False	selected_candidate
rs12894212	14	101389678	100923341	466337	True	selected_candidate
rs7144715	14	101994867	101528530	466337	False	selected_candidate
rs1190592	14	102600769	102134432	466337	False	selected_candidate
rs12590361	14	103202717	102736380	466337	True	selected_candidate
rs8020483	14	103808472	103342135	466337	False	selected_candidate
rs3818085	14	104215985	103749648	466337	False	selected_candidate
rs8016941	14	104825299	104358962	466337	True	selected_candidate
rs736066	14	105435649	104969312	466337	False	selected_candidate
rs12435645	14	106037626	105571289	466337	False	selected_candidate
rs7156720	14	106785465	106329209	456256	False	selected_candidate
rs4931953	15	20506228	20300975	205253	False	selected_candidate
rs2665033	15		21465494		False	missing_unique_autosomal_snp_mapping
rs2605929	15	22299434	22011483	287951	True	selected_candidate
rs3751567	15	22954359	22918709	35650	False	selected_candidate
rs1830115	15	23648792	23403645	245147	True	selected_candidate
rs7180295	15	24050258	23805111	245147	False	selected_candidate
rs4778425	15	24457570	24212423	245147	False	selected_candidate
rs2201840	15	25145127	24899980	245147	True	selected_candidate
rs12906809	15	25547729	25302582	245147	False	selected_candidate
rs1877248	15	26154146	25908999	245147	False	selected_candidate
rs2928715	15	26759063	26513916	245147	True	selected_candidate
rs7170180	15	27153638	26908491	245147	False	selected_candidate
rs8031333	15	27667896	27422750	245146	False	selected_candidate
rs17652091	15	28271711	28026565	245146	True	selected_candidate
rs7163702	15	28705281	28460135	245146	False	selected_candidate
rs11854609	15	29211558	28919355	292203	False	selected_candidate
rs1584158	15	29612537	29320333	292204	False	selected_candidate
rs2140175	15	30213184	29920981	292203	True	selected_candidate
rs3893151	15				False	missing_unique_autosomal_snp_mapping
rs7177217	15	31316015	31023812	292203	False	selected_candidate
rs12324540	15	31930337	31638134	292203	True	selected_candidate
rs1606659	15	32332453	32040250	292203	False	selected_candidate
rs11634439	15	32922947	32630746	292201	False	selected_candidate
rs11072342	15	33524115	33231914	292201	True	selected_candidate
rs8033785	15	34127546	33835345	292201	False	selected_candidate
rs4238572	15	34538560	34246359	292201	False	selected_candidate
rs7170851	15	35145165	34852964	292201	True	selected_candidate
rs4923687	15	35748605	35456404	292201	False	selected_candidate
rs1566173	15	36151877	35859676	292201	True	selected_candidate
rs2444736	15	36757383	36465182	292201	False	selected_candidate
rs4496090	15	37362142	37069941	292201	False	selected_candidate
rs10162992	15	37763299	37471098	292201	True	selected_candidate
rs8034033	15	38367091	38074890	292201	False	selected_candidate
rs4924287	15	38972177	38679976	292201	False	selected_candidate
rs716980	15	39374094	39081893	292201	True	selected_candidate
rs8034520	15	39982927	39690726	292201	False	selected_candidate
rs2229690	15	40590134	40297933	292201	False	selected_candidate
rs2304579	15	40991153	40698955	292198	True	selected_candidate
rs2289299	15	41596400	41304202	292198	False	selected_candidate
rs890502	15	42204951	41912753	292198	False	selected_candidate
rs1678998	15	42613641	42321443	292198	True	selected_candidate
rs2412748	15	43227515	42935317	292198	False	selected_candidate
rs2255663	15	43829008	43536810	292198	False	selected_candidate
rs1077421	15	44236115	43943917	292198	True	selected_candidate
rs2303577	15	44847155	44554957	292198	False	selected_candidate
rs1706808	15	45451233	45159035	292198	False	selected_candidate
rs7170090	15	45854804	45562606	292198	True	selected_candidate
rs17562529	15	46466910	46174712	292198	False	selected_candidate
rs4775655	15	47070365	46778167	292198	False	selected_candidate
rs1817178	15	47482212	47190015	292197	True	selected_candidate
rs491256	15	48089935	47797738	292197	False	selected_candidate
rs16960886	15	48699486	48407289	292197	False	selected_candidate
rs2899422	15	49101491	48809294	292197	True	selected_candidate
rs6493369	15	49706467	49414270	292197	False	selected_candidate
rs16963246	15	50317150	50024953	292197	False	selected_candidate
rs16963721	15	50721617	50429420	292197	True	selected_candidate
rs12900916	15	51335363	51043166	292197	False	selected_candidate
rs2607111	15	51938037	51645840	292197	False	selected_candidate
rs4776027	15	52541543	52249346	292197	True	selected_candidate
rs8040787	15	52945210	52653013	292197	False	selected_candidate
rs571278	15	53548475	53256278	292197	False	selected_candidate
rs2711644	15	54152135	53859938	292197	True	selected_candidate
rs12917198	15	54556063	54263865	292198	False	selected_candidate
rs12148824	15	55157158	54864960	292198	True	selected_candidate
rs8043049	15	55777788	55485590	292198	False	selected_candidate
rs9972348	15	56185262	55893064	292198	False	selected_candidate
rs1715936	15	56793722	56501524	292198	True	selected_candidate
rs1020890	15	57400274	57108076	292198	False	selected_candidate
rs2131740	15	57802406	57510208	292198	False	selected_candidate
rs2704210	15	58407196	58114997	292199	True	selected_candidate
rs4238331	15	59012133	58719934	292199	False	selected_candidate
rs16941048	15	59416284	59124085	292199	False	selected_candidate
rs1020066	15	60025177	59732978	292199	True	selected_candidate
rs1551351	15	60629032	60336833	292199	False	selected_candidate
rs7168905	15	61034496	60742297	292199	False	selected_candidate
rs4517726	15	61642389	61350190	292199	True	selected_candidate
rs12899801	15	62246864	61954665	292199	False	selected_candidate
rs12911123	15	62652143	62359944	292199	False	selected_candidate
rs11631647	15	63256904	62964705	292199	True	selected_candidate
rs7178762	15	63871292	63579093	292199	False	selected_candidate
rs8040233	15	64279834	63987635	292199	False	selected_candidate
rs2733384	15	64884386	64592187	292199	True	selected_candidate
rs2679118	15	65490901	65198563	292338	False	selected_candidate
rs16948869	15	65895477	65603139	292338	False	selected_candidate
rs11639401	15	66499886	66207548	292338	True	selected_candidate
rs12595096	15	67111296	66818958	292338	False	selected_candidate
rs9806590	15	67516341	67224003	292338	False	selected_candidate
rs7183168	15	68121483	67829145	292338	True	selected_candidate
rs895135	15	68723712	68431373	292339	False	selected_candidate
rs311893	15	69325581	69033241	292340	False	selected_candidate
rs4776448	15	69732483	69440144	292339	True	selected_candidate
rs3743309	15	70340511	70048172	292339	False	selected_candidate
rs28607477	15	70947138	70654799	292339	False	selected_candidate
rs1713562	15	71351558	71059219	292339	True	selected_candidate
rs7180939	15	71953677	71661338	292339	False	selected_candidate
rs12909590	15	72564359	72272018	292341	False	selected_candidate
rs16957238	15	72972547	72680206	292341	True	selected_candidate
rs10438294	15	73576653	73284312	292341	False	selected_candidate
rs8029844	15	74193472	73901131	292341	False	selected_candidate
rs2930292	15	74603713	74311372	292341	True	selected_candidate
rs12909335	15	75214789	74922448	292341	False	selected_candidate
rs7163907	15	75845097	75552756	292341	True	selected_candidate
rs1499063	15	76274512	75982171	292341	False	selected_candidate
rs2404735	15	76883346	76591005	292341	False	selected_candidate
rs2469229	15	77286693	76994352	292341	False	selected_candidate
rs907396	15	77910202	77617860	292342	True	selected_candidate
rs4887019	15	78520204	78227862	292342	False	selected_candidate
rs950776	15	78926018	78633676	292342	True	selected_candidate
rs4147511	15	79537179	79244837	292342	False	selected_candidate
rs17284990	15	80144197	79851855	292342	False	selected_candidate
rs893219	15	80552023	80259681	292342	True	selected_candidate
rs11629703	15	81161080	80868739	292341	False	selected_candidate
rs9920599	15	81765314	81472973	292341	False	selected_candidate
rs10162699	15	82170051	81877710	292341	True	selected_candidate
rs803694	15	82828113	82543705	284408	False	selected_candidate
rs1267659	15	82829621	82545213	284408	False	selected_candidate
rs12440562	15	83832698	83163946	668752	False	selected_candidate
rs11259917	15	84442933	83774181	668752	True	selected_candidate
rs7180809	15	84920428	84251676	668752	False	selected_candidate
rs11073854	15	85513267	84970036	543231	True	selected_candidate
rs4842890	15	86117372	85574141	543231	False	selected_candidate
rs10520607	15	86521483	85978252	543231	False	selected_candidate
rs11634465	15	87124308	86581077	543231	True	selected_candidate
rs4887170	15	87725596	87182365	543231	False	selected_candidate
rs4499206	15	88128660	87585429	543231	False	selected_candidate
rs6496469	15	88735310	88192079	543231	True	selected_candidate
rs8028537	15	89345947	88802716	543231	False	selected_candidate
rs17802789	15	89751735	89208504	543231	False	selected_candidate
rs4932250	15	90361705	89818473	543232	True	selected_candidate
rs2601207	15	90963542	90420310	543232	False	selected_candidate
rs8041787	15	91365477	90822247	543230	False	selected_candidate
rs6496799	15	91968540	91425310	543230	True	selected_candidate
rs11074035	15	92580351	92037121	543230	False	selected_candidate
rs4777981	15	92981064	92437834	543230	False	selected_candidate
rs11074130	15	93583742	93040512	543230	True	selected_candidate
rs4392013	15	94192417	93649188	543229	False	selected_candidate
rs1564391	15	94599575	94056346	543229	False	selected_candidate
rs4310803	15	95201282	94658053	543229	True	selected_candidate
rs957703	15	95809130	95265901	543229	False	selected_candidate
rs7173883	15	96212333	95669104	543229	False	selected_candidate
rs2398161	15	96821034	96277805	543229	True	selected_candidate
rs1014422	15	97437162	96893932	543230	False	selected_candidate
rs12591032	15	97839527	97296297	543230	False	selected_candidate
rs8029032	15	98442532	97899302	543230	True	selected_candidate
rs12913020	15	99028246	98485017	543229	False	selected_candidate
rs4965211	15	99629577	99086348	543229	False	selected_candidate
rs11247101	15	100037649	99497444	540205	True	selected_candidate
rs8027044	15	100640355	100100150	540205	False	selected_candidate
rs1002941	15	101242690	100702485	540205	False	selected_candidate
rs4965786	15	101644728	101104523	540205	False	selected_candidate
rs13335061	16	685708	635708	50000	False	selected_candidate
rs3760123	16	1288712	1238711	50001	False	selected_candidate
rs7200137	16	1901211	1851210	50001	False	selected_candidate
rs28509233	16	2506306	2456305	50001	True	selected_candidate
rs7188234	16	3109032	3059031	50001	False	selected_candidate
rs1617722	16	3520806	3470806	50000	False	selected_candidate
rs409963	16	4132922	4082921	50001	True	selected_candidate
rs8057623	16	4744865	4694864	50001	False	selected_candidate
rs11647553	16	5361834	5311833	50001	False	selected_candidate
rs12446663	16	5966037	5916036	50001	True	selected_candidate
rs17540794	16	6569372	6519371	50001	False	selected_candidate
rs2169851	16	7175778	7125777	50001	False	selected_candidate
rs2347424	16	7781807	7731805	50002	True	selected_candidate
rs40257	16	8386583	8336581	50002	False	selected_candidate
rs11645254	16	8821979	8728122	93857	False	selected_candidate
rs1428808	16	9428626	9334769	93857	True	selected_candidate
rs4780721	16	10030406	9936549	93857	False	selected_candidate
rs2279868	16	10631912	10538055	93857	False	selected_candidate
rs1078328	16	11237184	11143327	93857	True	selected_candidate
rs4780402	16	11839809	11745953	93856	False	selected_candidate
rs8061507	16	12444139	12350282	93857	False	selected_candidate
rs4781357	16	13048150	12954293	93857	True	selected_candidate
rs2226993	16	13654498	13560641	93857	False	selected_candidate
rs12448844	16	14263799	14169942	93857	False	selected_candidate
rs7200272	16	14665479	14571622	93857	True	selected_candidate
rs2547851	16	16579400	16485543	93857	False	selected_candidate
rs12596325	16	15972141	15878284	93857	False	selected_candidate
rs9931639	16	16574838	16480981	93857	True	selected_candidate
rs12325203	16	17059612	16965755	93857	False	selected_candidate
rs8053012	16	17664240	17570383	93857	False	selected_candidate
rs7199186	16	18266347	18172490	93857	True	selected_candidate
rs7193523	16	18966063	18954741	11322	False	selected_candidate
rs17227921	16	19569611	19558289	11322	False	selected_candidate
rs11648621	16	19973008	19961686	11322	True	selected_candidate
rs8062776	16	20596558	20585236	11322	False	selected_candidate
rs9889185	16	21198496	21187175	11321	True	selected_candidate
rs2261294	16	29089717	29078396	11321	False	selected_candidate
rs9941010	16	22435811	22424490	11321	False	selected_candidate
rs880989	16	23037855	23026534	11321	True	selected_candidate
rs249954	16	23640467	23629146	11321	False	selected_candidate
rs198174	16	24247031	24235710	11321	False	selected_candidate
rs7195553	16	24853115	24841794	11321	True	selected_candidate
rs11642611	16	25255506	25244185	11321	False	selected_candidate
rs4130888	16	25858159	25846838	11321	False	selected_candidate
rs13333412	16	26465079	26453758	11321	True	selected_candidate
rs11865815	16	27071881	27060560	11321	False	selected_candidate
rs12920717	16	27680989	27669668	11321	False	selected_candidate
rs4635350	16	28289243	28277922	11321	True	selected_candidate
rs3874769	16				False	missing_unique_autosomal_snp_mapping
rs11644806	16	29420900	29409579	11321	False	selected_candidate
rs3814878	16	30041966	30030645	11321	True	selected_candidate
rs8050463	16	30554159	30542838	11321	False	selected_candidate
rs9921111	16	31162424	31151103	11321	False	selected_candidate
rs7192946	16	31769624	31758303	11321	True	selected_candidate
rs13330343	16	32489447	32478126	11321	False	selected_candidate
rs605357	16	32879413	32868092	11321	True	selected_candidate
rs3888437	16				False	missing_unique_autosomal_snp_mapping
rs12931636	16	34259805	35025434	765629	False	selected_candidate
rs1433753	16	34879951	35645580	765629	False	selected_candidate
rs12599426	16	35088131	35853760	765629	False	selected_candidate
rs237984	16	34679407	35445036	765629	True	selected_candidate
rs7404633	16	34475259	35240888	765629	False	selected_candidate
rs7187985	16	34004547	34202080	197533	False	selected_candidate
rs9930213	16	33796895	33994428	197533	True	selected_candidate
rs2098482	16	32257509	32246188	11321	False	selected_candidate
rs4640368	16				False	missing_unique_autosomal_snp_mapping
rs12923667	16	46592008	46558096	33912	True	selected_candidate
rs40355	16	46792881	46758969	33912	False	selected_candidate
rs1362406	16	46996557	46962645	33912	False	selected_candidate
rs13331589	16	47197978	47164067	33911	False	selected_candidate
rs16956093	16	47399460	47365549	33911	False	selected_candidate
rs12926621	16	47599826	47565915	33911	True	selected_candidate
rs7199371	16	47801090	47767179	33911	False	selected_candidate
rs7185342	16	48021835	47987924	33911	False	selected_candidate
rs12443685	16	48226479	48192568	33911	False	selected_candidate
rs34567511	16	48427432	48393521	33911	False	selected_candidate
rs9923385	16	48628080	48594169	33911	True	selected_candidate
rs1420702	16	48834325	48800414	33911	False	selected_candidate
rs1075875	16	49038220	49004309	33911	False	selected_candidate
rs11866376	16	49241775	49207864	33911	False	selected_candidate
rs11862457	16	49442841	49408930	33911	False	selected_candidate
rs2080501	16	49643566	49609655	33911	True	selected_candidate
rs11861291	16	50248019	50214108	33911	False	selected_candidate
rs16948672	16	50649185	50615274	33911	True	selected_candidate
rs6416796	16	51258826	51224915	33911	False	selected_candidate
rs41440845	16	51865851	51831940	33911	True	selected_candidate
rs9921439	16	52468893	52434981	33912	False	selected_candidate
rs4002283	16	53072119	53038207	33912	True	selected_candidate
rs16952410	16	53680195	53646283	33912	False	selected_candidate
rs16953264	16	54284236	54250324	33912	True	selected_candidate
rs7191841	16	54886833	54852921	33912	False	selected_candidate
rs9924912	16	55488916	55455004	33912	True	selected_candidate
rs6499819	16	56090709	56056797	33912	False	selected_candidate
rs11076162	16	56694230	56660318	33912	True	selected_candidate
rs12445552	16	57301112	57267200	33912	False	selected_candidate
rs10852556	16	57703104	57669192	33912	True	selected_candidate
rs1834018	16	58307242	58273338	33904	False	selected_candidate
rs11646347	16	58913850	58879946	33904	True	selected_candidate
rs1351575	16	59524602	59490698	33904	False	selected_candidate
rs2582597	16	60125785	60091881	33904	True	selected_candidate
rs6500140	16	60731531	60697627	33904	False	selected_candidate
rs7190871	16	61347139	61313235	33904	True	selected_candidate
rs1510156	16	61948885	61914981	33904	False	selected_candidate
rs367207	16	62553888	62519984	33904	False	selected_candidate
rs198024	16	63162244	63128340	33904	True	selected_candidate
rs7206664	16	63564079	63530175	33904	False	selected_candidate
rs9926529	16	64170152	64136248	33904	False	selected_candidate
rs231088	16	64777278	64743375	33903	True	selected_candidate
rs8057214	16	65379427	65345524	33903	False	selected_candidate
rs7186848	16	65987204	65953301	33903	False	selected_candidate
rs3785087	16	66589840	66555937	33903	True	selected_candidate
rs3181263	16	67194881	67160978	33903	False	selected_candidate
rs28580313	16	67806351	67772448	33903	False	selected_candidate
rs4783624	16	68409947	68376044	33903	True	selected_candidate
rs9673950	16	69017630	68983727	33903	False	selected_candidate
rs12922774	16	69424499	69390596	33903	False	selected_candidate
rs3874589	16	70031958	69998055	33903	True	selected_candidate
rs8061329	16	70662323	70628420	33903	False	selected_candidate
rs2042421	16	71278016	71244113	33903	False	selected_candidate
rs6499544	16	71884021	71850118	33903	True	selected_candidate
rs9630625	16	72496681	72462782	33899	False	selected_candidate
rs6416750	16	73113553	73079654	33899	False	selected_candidate
rs1871689	16	73718134	73684235	33899	True	selected_candidate
rs7501229	16	74130605	74096706	33899	False	selected_candidate
rs9932977	16	74735148	74701250	33898	False	selected_candidate
rs3743607	16	75338855	75304957	33898	True	selected_candidate
rs7184592	16	75947324	75913426	33898	False	selected_candidate
rs6564346	16	76550482	76516585	33897	False	selected_candidate
rs12446878	16	77156772	77122875	33897	True	selected_candidate
rs7194625	16	77758686	77724789	33897	False	selected_candidate
rs7192196	16	78360663	78326766	33897	False	selected_candidate
rs982784	16	78963768	78929871	33897	True	selected_candidate
rs1423818	16	79565165	79531268	33897	False	selected_candidate
rs6564738	16	80170093	80136196	33897	False	selected_candidate
rs11150295	16	80572964	80539067	33897	True	selected_candidate
rs7194509	16	81181180	81147575	33605	False	selected_candidate
rs4538006	16	81788404	81754799	33605	False	selected_candidate
rs10514536	16	82394277	82360672	33605	True	selected_candidate
rs11150527	16	82995567	82961962	33605	False	selected_candidate
rs4371139	16	83597100	83563495	33605	False	selected_candidate
rs4782898	16	84202574	84168968	33606	True	selected_candidate
rs244562	16	84807261	84773655	33606	False	selected_candidate
rs8056420	16	85411641	85378035	33606	False	selected_candidate
rs908989	16	86012979	85979373	33606	True	selected_candidate
rs4843173	16	86615269	86581663	33606	False	selected_candidate
rs12711472	16	87224132	87190526	33606	False	selected_candidate
rs6540063	16	87626215	87592609	33606	True	selected_candidate
rs12931856	16	88241380	88207774	33606	False	selected_candidate
rs3218726	16	88872836	88806428	66408	False	selected_candidate
rs2965935	16	89481274	89414866	66408	False	selected_candidate
rs2740345	17	667377	764137	96760	False	selected_candidate
rs11655015	17	1071624	1168330	96706	False	selected_candidate
rs4274474	17	1675127	1771833	96706	False	selected_candidate
rs8079281	17	2083405	2180111	96706	True	selected_candidate
rs1124040	17	2692321	2789027	96706	False	selected_candidate
rs17762680	17	3093878	3190584	96706	False	selected_candidate
rs2891	17	3705526	3802232	96706	True	selected_candidate
rs11658574	17	4309543	4406248	96705	False	selected_candidate
rs3786043	17	4712314	4809019	96705	False	selected_candidate
rs9303192	17	5324836	5421516	96680	True	selected_candidate
rs7219822	17	5725518	5822198	96680	False	selected_candidate
rs16955855	17	6334336	6431016	96680	False	selected_candidate
rs9909867	17	6736610	6833291	96681	False	selected_candidate
rs4151121	17	7342294	7438975	96681	True	selected_candidate
rs4247362	17	7944542	8041224	96682	False	selected_candidate
rs6503117	17	8351031	8447713	96682	False	selected_candidate
rs4063993	17	8959680	9056363	96683	True	selected_candidate
rs4791838	17	9361088	9457771	96683	False	selected_candidate
rs7216650	17	9963413	10060096	96683	False	selected_candidate
rs1029665	17	10364191	10460874	96683	True	selected_candidate
rs9907306	17	10969958	11066641	96683	False	selected_candidate
rs4791473	17	11574959	11671642	96683	False	selected_candidate
rs2159140	17	11976500	12073183	96683	True	selected_candidate
rs12150632	17	12580010	12676693	96683	False	selected_candidate
rs7214329	17	12984604	13081287	96683	False	selected_candidate
rs2108702	17	13592605	13689288	96683	True	selected_candidate
rs7214259	17	13993200	14089883	96683	False	selected_candidate
rs9910059	17	14595932	14692615	96683	False	selected_candidate
rs9910893	17	15199907	15296590	96683	True	selected_candidate
rs9897280	17	15602991	15699677	96686	False	selected_candidate
rs3112514	17	16212189	16308875	96686	False	selected_candidate
rs2621596	17	16617186	16713872	96686	True	selected_candidate
rs9905836	17	17223676	17320362	96686	False	selected_candidate
rs9912895	17	17826020	17922706	96686	False	selected_candidate
rs12939757	17	18230660	18327346	96686	True	selected_candidate
rs11489009	17	18674652	18771339	96687	False	selected_candidate
rs12937053	17	19348126	19444813	96687	False	selected_candidate
rs281351	17	19749655	19846342	96687	True	selected_candidate
rs1682297	17	20384920	20481607	96687	False	selected_candidate
rs16962541	17	20801739	20898426	96687	False	selected_candidate
rs7405918	17	21420127	21516867	96740	True	selected_candidate
rs3751916	17	21909270	22409941	500671	False	selected_candidate
rs3887857	17				False	missing_unique_autosomal_snp_mapping
rs940013	17	25885431	27558405	1672974	True	selected_candidate
rs7219736	17	26290644	27963618	1672974	False	selected_candidate
rs618791	17	26899502	28572484	1672982	True	selected_candidate
rs8075347	17	27304026	28977008	1672982	False	selected_candidate
rs3115096	17	27907486	29580468	1672982	True	selected_candidate
rs8081028	17	28523314	30196296	1672982	False	selected_candidate
rs9890961	17	28928182	30601164	1672982	True	selected_candidate
rs17886172	17	29555355	31228337	1672982	False	selected_candidate
rs191144	17	29959697	31632678	1672981	True	selected_candidate
rs12940215	17	30572847	32245828	1672981	False	selected_candidate
rs2080739	17	30978340	32651322	1672982	True	selected_candidate
rs880306	17	31587630	33260612	1672982	False	selected_candidate
rs280038	17	31988896	33661877	1672981	True	selected_candidate
rs3091315	17	32593665	34266646	1672981	False	selected_candidate
rs11080311	17	33196952	34869933	1672981	True	selected_candidate
rs4795069	17	33609247	35282228	1672981	False	selected_candidate
rs9909050	17	34214133	35887129	1672996	True	selected_candidate
rs8067765	17	34815551	36459737	1644186	False	selected_candidate
rs9899620	17	35217672	36860413	1642741	False	selected_candidate
rs7207026	17	35621914	37265011	1643097	True	selected_candidate
rs9907381	17	36228819	37869203	1640384	False	selected_candidate
rs7502216	17	36612948	38456704	1843756	False	selected_candidate
rs1239185	17	37013419	38857166	1843747	True	selected_candidate
rs35499078	17	37623528	39467275	1843747	False	selected_candidate
rs12150079	17	38025417	39869164	1843747	False	selected_candidate
rs9915191	17	38633329	40477077	1843748	False	selected_candidate
rs16966376	17	39035573	40879321	1843748	True	selected_candidate
rs743686	17	39637244	41480992	1843748	False	selected_candidate
rs2074159	17	40256498	42104480	1847982	False	selected_candidate
rs4479304	17	40670175	42518157	1847982	True	selected_candidate
rs8176080	17	41275802	43123785	1847983	False	selected_candidate
rs8079750	17	41578497	43501129	1922632	False	selected_candidate
rs425038	17	42182028	44104660	1922632	True	selected_candidate
rs35749343	17	42586480	44509112	1922632	False	selected_candidate
rs739454	17	43195205	45117838	1922633	False	selected_candidate
rs9898857	17	43657921	45580555	1922634	True	selected_candidate
rs2532234	17	44272266	46194900	1922634	False	selected_candidate
rs183211	17	44788310	46710944	1922634	False	selected_candidate
rs2678693	17	45193361	47115995	1922634	True	selected_candidate
rs9910408	17	45802874	47725508	1922634	False	selected_candidate
rs7225865	17	46209964	48132602	1922638	False	selected_candidate
rs4793980	17	46813531	48736169	1922638	True	selected_candidate
rs11652146	17	47422363	49345001	1922638	False	selected_candidate
rs878829	17	47826367	49749005	1922638	False	selected_candidate
rs886568	17	48433081	50355720	1922639	True	selected_candidate
rs17564062	17	48833681	50756320	1922639	False	selected_candidate
rs7213536	17	49438652	51361291	1922639	False	selected_candidate
rs886076	17	49839893	51762533	1922640	True	selected_candidate
rs8082288	17	50443115	52365755	1922640	False	selected_candidate
rs7224845	17	51046228	52968868	1922640	False	selected_candidate
rs1502506	17	51450564	53373203	1922639	True	selected_candidate
rs4794476	17	52062125	53984764	1922639	False	selected_candidate
rs8064812	17	52464995	54387634	1922639	False	selected_candidate
rs1156287	17	53076799	54999438	1922639	True	selected_candidate
rs7216054	17	53477038	55399677	1922639	False	selected_candidate
rs16956558	17	54086195	56008834	1922639	False	selected_candidate
rs9916001	17	54695509	56618148	1922639	True	selected_candidate
rs11079268	17	55100922	57023561	1922639	False	selected_candidate
rs3744089	17	55702257	57624896	1922639	False	selected_candidate
rs7212100	17	56110657	58033296	1922639	True	selected_candidate
rs385793	17	56730593	58653232	1922639	False	selected_candidate
rs2333410	17	57137129	59059768	1922639	False	selected_candidate
rs17580385	17	57743651	59666290	1922639	False	selected_candidate
rs3744375	17	58149745	60072384	1922639	True	selected_candidate
rs9898879	17	58754397	60677036	1922639	False	selected_candidate
rs4968547	17	59357590	61280229	1922639	False	selected_candidate
rs7213430	17	59760174	61682813	1922639	True	selected_candidate
rs7214948	17	60371513	62294152	1922639	False	selected_candidate
rs2429386	17	60776006	62698645	1922639	False	selected_candidate
rs2907465	17	61384439	63307078	1922639	True	selected_candidate
rs2665846	17	61988923	63911563	1922640	False	selected_candidate
rs1122800	17	62391365	64314005	1922640	False	selected_candidate
rs3914098	17	62919171	64923053	2003882	True	selected_candidate
rs2869832	17	63323581	65327463	2003882	False	selected_candidate
rs1420793	17	63926874	65930756	2003882	False	selected_candidate
rs9635753	17	64329197	66333079	2003882	True	selected_candidate
rs7214057	17	64931712	66935595	2003883	False	selected_candidate
rs2916133	17	65548540	67552424	2003884	False	selected_candidate
rs10445361	17	65962238	67966122	2003884	True	selected_candidate
rs758152	17	66311332	68315191	2003859	False	selected_candidate
rs16973430	17	66914389	68918248	2003859	False	selected_candidate
rs2251160	17	67519542	69523401	2003859	True	selected_candidate
rs9898445	17	67925382	69929241	2003859	False	selected_candidate
rs350603	17	68533650	70537509	2003859	False	selected_candidate
rs10512556	17	68937594	70941453	2003859	True	selected_candidate
rs9897758	17	69541721	71545580	2003859	False	selected_candidate
rs7215570	17	69952686	71956545	2003859	False	selected_candidate
rs4793456	17	70557838	72561699	2003861	True	selected_candidate
rs2236750	17	71162607	73166468	2003861	False	selected_candidate
rs6501654	17	71565918	73569779	2003861	False	selected_candidate
rs1870998	17	72169114	74172975	2003861	True	selected_candidate
rs1719474	17	72570546	74574407	2003861	False	selected_candidate
rs1471453	17	73177444	75181349	2003905	False	selected_candidate
rs9910321	17	73581599	75585518	2003919	False	selected_candidate
rs12602521	17	74184370	76188289	2003919	True	selected_candidate
rs672890	17	74788740	76792658	2003918	False	selected_candidate
rs17540424	17	75190112	77194030	2003918	False	selected_candidate
rs4986071	17	75791200	77795118	2003918	True	selected_candidate
rs8082252	17	76195302	78199221	2003919	False	selected_candidate
rs3088040	17	76799860	78803778	2003918	False	selected_candidate
rs1106221	17	77403624	79407542	2003918	True	selected_candidate
rs9747992	17	77804840	79831041	2026201	False	selected_candidate
rs6420487	17	78207690	80233891	2026201	False	selected_candidate
rs7219745	17	78816908	80843108	2026200	True	selected_candidate
rs2659007	17	79217478	81243678	2026200	False	selected_candidate
rs4303598	17	79861012	81903136	2042124	False	selected_candidate
rs11868932	17	80267626	82309750	2042124	False	selected_candidate
rs2846672	18	460565	460565	0	False	insufficient_position_delta_between_builds
rs1511692	18	1063447	1063446	1	False	insufficient_position_delta_between_builds
rs7239278	18	1464162	1464161	1	False	insufficient_position_delta_between_builds
rs1954825	18	2068872	2068871	1	False	insufficient_position_delta_between_builds
rs8089797	18	2475505	2475506	1	False	insufficient_position_delta_between_builds
rs7244954	18	3081210	3081212	2	False	insufficient_position_delta_between_builds
rs238142	18	3482786	3482788	2	False	insufficient_position_delta_between_builds
rs9646461	18	4085990	4085990	0	False	insufficient_position_delta_between_builds
rs1701493	18	4486630	4486630	0	False	insufficient_position_delta_between_builds
rs292290	18	5109748	5109749	1	False	insufficient_position_delta_between_builds
rs9955455	18	5513917	5513918	1	False	insufficient_position_delta_between_builds
rs8086072	18	6122082	6122083	1	False	insufficient_position_delta_between_builds
rs8086426	18	6523098	6523099	1	False	insufficient_position_delta_between_builds
rs1397335	18	7125204	7125205	1	False	insufficient_position_delta_between_builds
rs508232	18	7527485	7527487	2	False	insufficient_position_delta_between_builds
rs591062	18	8131181	8131183	2	False	insufficient_position_delta_between_builds
rs8083753	18	8531733	8531735	2	False	insufficient_position_delta_between_builds
rs28396233	18	9137088	9137090	2	False	insufficient_position_delta_between_builds
rs16955209	18	9538425	9538427	2	False	insufficient_position_delta_between_builds
rs9949713	18	10142323	10142326	3	False	insufficient_position_delta_between_builds
rs16974809	18	10543543	10543546	3	False	insufficient_position_delta_between_builds
rs7239435	18	11151518	11151519	1	False	insufficient_position_delta_between_builds
rs535529	18	11562631	11562632	1	False	insufficient_position_delta_between_builds
rs2851946	18	12177603	12177604	1	False	insufficient_position_delta_between_builds
rs11663958	18	12582552	12582553	1	False	insufficient_position_delta_between_builds
rs8093058	18	13184795	13184796	1	False	insufficient_position_delta_between_builds
rs4797788	18	13590752	13590753	1	False	insufficient_position_delta_between_builds
rs576952	18	14205995	14205996	1	False	insufficient_position_delta_between_builds
rs3875675	18	14620707	14620708	1	False	insufficient_position_delta_between_builds
rs4085410	18	15049329	15049330	1	False	insufficient_position_delta_between_builds
rs9958922	18	15250999	15251000	1	False	insufficient_position_delta_between_builds
rs7227099	18	18526383	20946422	2420039	False	selected_candidate
rs4800462	18	18741860	21161899	2420039	False	selected_candidate
rs1025895	18	18941899	21361938	2420039	False	selected_candidate
rs1893384	18	19351344	21771383	2420039	False	selected_candidate
rs4439862	18	19960355	22380392	2420037	True	selected_candidate
rs1597235	18	20367885	22787922	2420037	False	selected_candidate
rs10502437	18	20970706	23390742	2420036	True	selected_candidate
rs4800513	18	21371783	23791819	2420036	False	selected_candidate
rs17797879	18	21973870	24393906	2420036	True	selected_candidate
rs11083092	18	22377567	24797603	2420036	False	selected_candidate
rs7231684	18	22984436	25404472	2420036	True	selected_candidate
rs1785722	18	23386530	25806566	2420036	False	selected_candidate
rs1785581	18	23997267	26417303	2420036	False	selected_candidate
rs17612687	18	24400058	26820094	2420036	True	selected_candidate
rs2879447	18	25002778	27422814	2420036	False	selected_candidate
rs9959491	18	25406855	27826891	2420036	True	selected_candidate
rs11083282	18	26010927	28430963	2420036	False	selected_candidate
rs6508564	18	26413273	28833308	2420035	True	selected_candidate
rs7238644	18	27016796	29436831	2420035	False	selected_candidate
rs1371982	18	27418599	29838634	2420035	False	selected_candidate
rs10502546	18	28025545	30445579	2420034	True	selected_candidate
rs11873825	18	28434910	30854944	2420034	False	selected_candidate
rs16961975	18	29046606	31466643	2420037	True	selected_candidate
rs6506946	18	29457233	31877270	2420037	False	selected_candidate
rs16962974	18	29867091	32287128	2420037	False	selected_candidate
rs8091086	18	30468619	32888655	2420036	True	selected_candidate
rs7243667	18	30873685	33293721	2420036	False	selected_candidate
rs1377189	18	31478366	33898402	2420036	True	selected_candidate
rs4799752	18	31879994	34300030	2420036	False	selected_candidate
rs2212684	18	32483191	34903227	2420036	True	selected_candidate
rs9963614	18	32887933	35307969	2420036	False	selected_candidate
rs9960370	18	33494636	35914673	2420037	True	selected_candidate
rs16967744	18	33902391	36322428	2420037	False	selected_candidate
rs10502669	18	34504507	36924544	2420037	True	selected_candidate
rs17682165	18	34907013	37327050	2420037	False	selected_candidate
rs12969251	18	35515421	37935457	2420036	False	selected_candidate
rs7242702	18	35916276	38336312	2420036	True	selected_candidate
rs9962088	18	36526161	38946197	2420036	False	selected_candidate
rs1367837	18	36930186	39350222	2420036	True	selected_candidate
rs307090	18	37535064	39955100	2420036	False	selected_candidate
rs16973165	18	37939508	40359544	2420036	True	selected_candidate
rs635956	18	38548783	40968819	2420036	False	selected_candidate
rs16974511	18	38953296	41373332	2420036	False	selected_candidate
rs625896	18	39563530	41983566	2420036	True	selected_candidate
rs8093861	18	39964239	42384274	2420035	False	selected_candidate
rs7407708	18	40565905	42985940	2420035	True	selected_candidate
rs618662	18	40972892	43392927	2420035	False	selected_candidate
rs2588803	18	41577984	43998019	2420035	True	selected_candidate
rs9963592	18	41984948	44404983	2420035	False	selected_candidate
rs11082420	18	42593794	45013829	2420035	True	selected_candidate
rs2612566	18	42998172	45418207	2420035	False	selected_candidate
rs9966168	18	43609182	46029216	2420034	False	selected_candidate
rs9958239	18	44011434	46431471	2420037	True	selected_candidate
rs7230545	18	44622685	47096314	2473629	False	selected_candidate
rs8092238	18	45028513	47502142	2473629	True	selected_candidate
rs9947627	18	45631389	48105018	2473629	False	selected_candidate
rs8083162	18	46035025	48508654	2473629	True	selected_candidate
rs8096141	18	46645617	49119247	2473630	False	selected_candidate
rs12968141	18	47050544	49524174	2473630	True	selected_candidate
rs1705517	18	47658327	50131957	2473630	False	selected_candidate
rs11873822	18	48063885	50537515	2473630	False	selected_candidate
rs9949574	18	48666626	51140256	2473630	True	selected_candidate
rs4539703	18	49068745	51542375	2473630	False	selected_candidate
rs2953258	18	49477055	51950685	2473630	False	selected_candidate
rs8092948	18	50082150	52555780	2473630	True	selected_candidate
rs1893569	18	50484996	52958626	2473630	False	selected_candidate
rs1025854	18	51093392	53567022	2473630	True	selected_candidate
rs17535202	18	51497679	53971309	2473630	False	selected_candidate
rs28435158	18	52209375	54542143	2332768	False	selected_candidate
rs4239466	18	52612778	54945547	2332769	True	selected_candidate
rs584564	18	53227648	55560417	2332769	False	selected_candidate
rs4801010	18	53628827	55961596	2332769	True	selected_candidate
rs11659947	18	54241972	56574741	2332769	False	selected_candidate
rs9956596	18	54645682	56978451	2332769	True	selected_candidate
rs12957538	18	55248890	57581658	2332768	False	selected_candidate
rs7240489	18	55650040	57982808	2332768	True	selected_candidate
rs12956101	18	56252339	58585107	2332768	False	selected_candidate
rs17695084	18	56655950	58988718	2332768	True	selected_candidate
rs11874466	18	57260839	59593607	2332768	False	selected_candidate
rs11875625	18	57662406	59995174	2332768	True	selected_candidate
rs11152240	18	58272813	60605580	2332767	False	selected_candidate
rs986423	18	58675778	61008545	2332767	True	selected_candidate
rs9952336	18	59281636	61614403	2332767	False	selected_candidate
rs12604431	18	59683312	62016079	2332767	False	selected_candidate
rs435439	18	60290539	62623306	2332767	True	selected_candidate
rs509215	18	60693551	63026318	2332767	False	selected_candidate
rs645623	18	61294936	63627702	2332766	True	selected_candidate
rs1400569	18	61698291	64031057	2332766	False	selected_candidate
rs12954548	18	62305405	64638170	2332765	True	selected_candidate
rs11662184	18	62709255	65042019	2332764	False	selected_candidate
rs2156058	18	63312311	65645075	2332764	False	selected_candidate
rs2715304	18	63713914	66046678	2332764	True	selected_candidate
rs41511945	18	64319060	66651823	2332763	False	selected_candidate
rs8097935	18	64721394	67054157	2332763	True	selected_candidate
rs11661847	18	65323394	67656157	2332763	False	selected_candidate
rs11875488	18	65726149	68058912	2332763	True	selected_candidate
rs12607300	18	66331116	68663879	2332763	False	selected_candidate
rs4310968	18	66735135	69067898	2332763	True	selected_candidate
rs4891767	18	67340622	69673386	2332764	False	selected_candidate
rs4891806	18	67746124	70078888	2332764	False	selected_candidate
rs17082988	18	68353984	70686748	2332764	True	selected_candidate
rs1942181	18	68766060	71098824	2332764	False	selected_candidate
rs9319825	18	69373523	71706287	2332764	True	selected_candidate
rs17254076	18	69777856	72110621	2332765	False	selected_candidate
rs2340615	18	70383258	72716023	2332765	True	selected_candidate
rs1503025	18	70789002	73121767	2332765	False	selected_candidate
rs4892130	18	71389394	73722159	2332765	False	selected_candidate
rs8094769	18	71792684	74125449	2332765	True	selected_candidate
rs542329	18	72419722	74707766	2288044	False	selected_candidate
rs17056358	18	72821164	75109208	2288044	False	selected_candidate
rs9965745	18	73429163	75717208	2288045	True	selected_candidate
rs181698	18	73830728	76118773	2288045	False	selected_candidate
rs4393659	18	74432392	76720436	2288044	True	selected_candidate
rs1789079	18	74838659	77126703	2288044	False	selected_candidate
rs354900	18	75442428	77730472	2288044	True	selected_candidate
rs878108	18	75872384	78112384	2240000	False	selected_candidate
rs2175424	18	76477866	78717866	2240000	False	selected_candidate
rs508315	18	76881798	79121798	2240000	True	selected_candidate
rs503347	18	77491280	79731280	2240000	False	selected_candidate
rs4919852	19	562530	562530	0	False	insufficient_position_delta_between_builds
rs6510985	19	963695	963695	0	False	insufficient_position_delta_between_builds
rs17673260	19	1364306	1364307	1	False	insufficient_position_delta_between_builds
rs4807956	19	1770750	1770751	1	False	insufficient_position_delta_between_builds
rs12459350	19	2176586	2176587	1	False	insufficient_position_delta_between_builds
rs1736188	19	2782368	2782370	2	False	insufficient_position_delta_between_builds
rs562257	19	3184083	3184085	2	False	insufficient_position_delta_between_builds
rs8100350	19	3586471	3586473	2	False	insufficient_position_delta_between_builds
rs8100558	19	4005781	4005783	2	False	insufficient_position_delta_between_builds
rs8105764	19	4408937	4408940	3	False	insufficient_position_delta_between_builds
rs11672931	19	4811671	4811659	12	False	insufficient_position_delta_between_builds
rs2230611	19	5212482	5212471	11	False	insufficient_position_delta_between_builds
rs806710	19	5618444	5618433	11	False	insufficient_position_delta_between_builds
rs549785	19	6023162	6023151	11	False	insufficient_position_delta_between_builds
rs12984546	19	6426277	6426266	11	False	insufficient_position_delta_between_builds
rs11668094	19	6832880	6832869	11	False	insufficient_position_delta_between_builds
rs4804219	19	7265908	7265897	11	False	insufficient_position_delta_between_builds
rs2081075	19	7723461	7658575	64886	False	selected_candidate
rs3136657	19	8128591	8063707	64884	False	selected_candidate
rs12610448	19	8532219	8467335	64884	True	selected_candidate
rs10413384	19	9184606	9073930	110676	False	selected_candidate
rs9967634	19	9596834	9486158	110676	True	selected_candidate
rs1964291	19	9998361	9887685	110676	False	selected_candidate
rs2569693	19	10399904	10289228	110676	False	selected_candidate
rs8271	19	10800268	10689592	110676	True	selected_candidate
rs6511720	19	11202306	11091630	110676	False	selected_candidate
rs7508575	19	11607317	11496502	110815	False	selected_candidate
rs279205	19	12014274	11903459	110815	True	selected_candidate
rs2438521	19	12416594	12305779	110815	False	selected_candidate
rs6511835	19	12824853	12714039	110814	False	selected_candidate
rs8111717	19	13229501	13118687	110814	True	selected_candidate
rs8107819	19	13630647	13519833	110814	False	selected_candidate
rs7246175	19	14238102	14127290	110812	True	selected_candidate
rs11669213	19	14644804	14533992	110812	False	selected_candidate
rs7246361	19	15049717	14938905	110812	False	selected_candidate
rs10420080	19	15456209	15345398	110811	True	selected_candidate
rs1859355	19	15857958	15747148	110810	False	selected_candidate
rs285290	19	16259460	16148650	110810	False	selected_candidate
rs11667601	19	16670660	16559849	110811	True	selected_candidate
rs16981511	19	17079281	16968471	110810	False	selected_candidate
rs8102742	19	17484054	17373245	110809	False	selected_candidate
rs2287855	19	17885880	17775071	110809	True	selected_candidate
rs200375	19	18287543	18176733	110810	False	selected_candidate
rs10418187	19	18695384	18584574	110810	False	selected_candidate
rs3761081	19	19301186	19190377	110809	True	selected_candidate
rs12611058	19	19714804	19603995	110809	False	selected_candidate
rs2075090	19	20117685	20006876	110809	False	selected_candidate
rs2701308	19	20519721	20408912	110809	True	selected_candidate
rs587212	19	20997796	20814990	182806	False	selected_candidate
rs30111	19	21403188	21220386	182802	False	selected_candidate
rs9973270	19	21814919	21632117	182802	True	selected_candidate
rs2359828	19	22220287	22037485	182802	False	selected_candidate
rs2453888	19	22632145	22449343	182802	False	selected_candidate
rs11666189	19	23044268	22861466	182802	False	selected_candidate
rs16999938	19	23447299	23264497	182802	False	selected_candidate
rs4633857	19	23859988	23677186	182802	True	selected_candidate
rs7507208	19	24261686	24078884	182802	False	selected_candidate
rs2434834	19	24468847	24286045	182802	False	selected_candidate
rs6511671	19	24060563	23877761	182802	False	selected_candidate
rs13344468	19	23652839	23470037	182802	False	selected_candidate
rs16999774	19	23246400	23063598	182802	False	selected_candidate
rs12983761	19	22840597	22657795	182802	True	selected_candidate
rs10420558	19	22422430	22239628	182802	False	selected_candidate
rs2435048	19	22019697	21836895	182802	False	selected_candidate
rs2198978	19	27828664	27337756	490908	True	selected_candidate
rs3900417	19	28036744	27545836	490908	False	selected_candidate
rs1116194	19	28238570	27747662	490908	False	selected_candidate
rs11084764	19	28441568	27950660	490908	False	selected_candidate
rs1834974	19	28643089	28152182	490907	False	selected_candidate
rs10401181	19	28845130	28354223	490907	True	selected_candidate
rs8106164	19	29047134	28556227	490907	False	selected_candidate
rs221764	19	29247283	28756376	490907	False	selected_candidate
rs1368481	19	29449024	28958117	490907	False	selected_candidate
rs1990766	19	29653289	29162382	490907	False	selected_candidate
rs4805371	19	29853296	29362389	490907	True	selected_candidate
rs8106649	19	30056335	29565428	490907	False	selected_candidate
rs10853850	19	30256478	29765571	490907	False	selected_candidate
rs11671491	19	30456852	29965945	490907	False	selected_candidate
rs1006584	19	30658496	30167589	490907	False	selected_candidate
rs3810304	19	30861683	30370776	490907	True	selected_candidate
rs4805584	19	31063011	30572104	490907	False	selected_candidate
rs12980934	19	31268772	30777865	490907	False	selected_candidate
rs276765	19	31481183	30990277	490906	False	selected_candidate
rs1390760	19	31683291	31192385	490906	False	selected_candidate
rs1496631	19	31885046	31394140	490906	True	selected_candidate
rs7254276	19	32085700	31594794	490906	False	selected_candidate
rs11666070	19	32285718	31794812	490906	False	selected_candidate
rs7256209	19	32492731	32001825	490906	False	selected_candidate
rs4804994	19	32893615	32402709	490906	True	selected_candidate
rs2112918	19	33299179	32808273	490906	False	selected_candidate
rs12609177	19	33705455	33214549	490906	False	selected_candidate
rs8109973	19	34111283	33620377	490906	True	selected_candidate
rs7254953	19	34519994	34029089	490905	False	selected_candidate
rs11879929	19	35125719	34634814	490905	True	selected_candidate
rs4541179	19	35528224	35037320	490904	False	selected_candidate
rs10412382	19	35937037	35446135	490902	False	selected_candidate
rs392702	19	36339063	35848161	490902	True	selected_candidate
rs12327673	19	36741104	36250202	490902	False	selected_candidate
rs12460049	19	37150349	36659447	490902	False	selected_candidate
rs12327654	19	37556673	37065771	490902	True	selected_candidate
rs8106839	19	37958475	37467573	490902	False	selected_candidate
rs10426712	19	38362792	37872152	490640	False	selected_candidate
rs8101725	19	38765072	38274432	490640	True	selected_candidate
rs8103530	19	39172220	38681580	490640	False	selected_candidate
rs7257753	19	39575657	39085017	490640	False	selected_candidate
rs6508902	19	40182595	39691955	490640	True	selected_candidate
rs24136	19	40596207	40090300	505907	False	selected_candidate
rs11672523	19	41001101	40495194	505907	False	selected_candidate
rs4803400	19	41405962	40900057	505905	True	selected_candidate
rs8109627	19	41822986	41317081	505905	False	selected_candidate
rs7252828	19	42233840	41729920	503920	False	selected_candidate
rs1308081	19	42634983	42130831	504152	True	selected_candidate
rs6509018	19	43044329	42540177	504152	False	selected_candidate
rs4803560	19	43490622	42986470	504152	False	selected_candidate
rs8109124	19	43901831	43397679	504152	True	selected_candidate
rs8112656	19	44304640	43800488	504152	False	selected_candidate
rs2168989	19	44712684	44208531	504153	False	selected_candidate
rs846893	19	45119656	44616346	503310	True	selected_candidate
rs35912475	19	45522732	45019474	503258	False	selected_candidate
rs3212940	19	45926123	45422865	503258	False	selected_candidate
rs3826893	19	46332142	45828884	503258	True	selected_candidate
rs2286804	19	46734255	46230998	503257	False	selected_candidate
rs312187	19	47342239	46838982	503257	True	selected_candidate
rs4804031	19	47748959	47245702	503257	False	selected_candidate
rs11881963	19	48149912	47646655	503257	False	selected_candidate
rs3786776	19	48550847	48047590	503257	True	selected_candidate
rs1799273	19	48951879	48448622	503257	False	selected_candidate
rs8113324	19	49354522	48851265	503257	False	selected_candidate
rs1654322	19	49761795	49258538	503257	True	selected_candidate
rs10415576	19	50164390	49661133	503257	False	selected_candidate
rs12462384	19	50569560	50066303	503257	False	selected_candidate
rs1274598	19	50973075	50469818	503257	True	selected_candidate
rs10424878	19	51374967	50871711	503256	False	selected_candidate
rs41475550	19	51979808	51476554	503254	True	selected_candidate
rs12150982	19	52381862	51878609	503253	False	selected_candidate
rs2657932	19	52787453	52284200	503253	False	selected_candidate
rs11882311	19	53194344	52691091	503253	True	selected_candidate
rs6509724	19	53596169	53092916	503253	False	selected_candidate
rs11667148	19	54004939	53501685	503254	False	selected_candidate
rs34616316	19	54407954	53904700	503254	True	selected_candidate
rs4806741	19	54810370	54299761	510609	False	selected_candidate
rs1952015	19	55211155	54699375	511780	False	selected_candidate
rs8109370	19	55613727	55102359	511368	True	selected_candidate
rs8101393	19	56016263	55504896	511367	False	selected_candidate
rs10405239	19	56421193	55909827	511366	False	selected_candidate
rs16987296	19	57026396	56515027	511369	True	selected_candidate
rs8105449	19	57433871	56922503	511368	False	selected_candidate
rs4801216	19	57835252	57323884	511368	False	selected_candidate
rs10425895	19	58239909	57728541	511368	True	selected_candidate
rs281065	19	58645577	58134210	511367	False	selected_candidate
rs157816	20	476285	495641	19356	True	selected_candidate
rs714681	20	876578	895935	19357	False	selected_candidate
rs6078493	20	1277099	1296455	19356	False	selected_candidate
rs1438101	20	1681609	1700963	19354	True	selected_candidate
rs6132289	20	2085045	2104399	19354	False	selected_candidate
rs6114673	20	2488294	2507648	19354	False	selected_candidate
rs6138948	20	2897420	2916774	19354	True	selected_candidate
rs2236118	20	3302058	3321411	19353	False	selected_candidate
rs580502	20	3711864	3731217	19353	False	selected_candidate
rs1741283	20	4113515	4132868	19353	True	selected_candidate
rs7268029	20	4518594	4537948	19354	False	selected_candidate
rs7269939	20	4921130	4940484	19354	False	selected_candidate
rs6139696	20	5325798	5345152	19354	True	selected_candidate
rs236180	20	5926992	5946346	19354	False	selected_candidate
rs6076983	20	6331376	6350729	19353	False	selected_candidate
rs235711	20	6740089	6759442	19353	True	selected_candidate
rs719563	20	7142997	7162350	19353	False	selected_candidate
rs16993792	20	7549352	7568705	19353	False	selected_candidate
rs7270019	20	7955347	7974700	19353	True	selected_candidate
rs708925	20	8358004	8377357	19353	False	selected_candidate
rs6086590	20	8759738	8779091	19353	False	selected_candidate
rs2208297	20	9161185	9180538	19353	True	selected_candidate
rs6039512	20	9562922	9582275	19353	False	selected_candidate
rs195784	20	9965579	9984931	19352	False	selected_candidate
rs6039901	20	10367409	10386761	19352	True	selected_candidate
rs6104663	20	10773298	10792650	19352	False	selected_candidate
rs2207418	20	11174903	11194255	19352	False	selected_candidate
rs6040781	20	11580336	11599688	19352	True	selected_candidate
rs6041029	20	11982632	12001984	19352	False	selected_candidate
rs2104251	20	12384795	12404147	19352	False	selected_candidate
rs845607	20	12790022	12809374	19352	True	selected_candidate
rs16993845	20	13190365	13209718	19353	False	selected_candidate
rs6514424	20	13600351	13619704	19353	False	selected_candidate
rs6110140	20	14010489	14029843	19354	True	selected_candidate
rs41515148	20	14415228	14434582	19354	False	selected_candidate
rs1998086	20	14816289	14835643	19354	False	selected_candidate
rs175302	20	15219033	15238387	19354	True	selected_candidate
rs6034240	20	15622573	15641928	19355	False	selected_candidate
rs1541066	20	16224796	16244151	19355	False	selected_candidate
rs2184501	20	16626691	16646046	19355	True	selected_candidate
rs6080539	20	17029494	17048849	19355	False	selected_candidate
rs6111539	20	17431097	17450452	19355	False	selected_candidate
rs2618582	20	17834953	17854309	19356	True	selected_candidate
rs11698408	20	18236237	18255593	19356	False	selected_candidate
rs6132096	20	18643561	18662917	19356	False	selected_candidate
rs6132156	20	19070152	19089508	19356	True	selected_candidate
rs7267474	20	19473075	19492431	19356	False	selected_candidate
rs6106151	20	19873769	19893125	19356	False	selected_candidate
rs6081951	20	20275237	20294593	19356	True	selected_candidate
rs6082107	20	20675763	20695119	19356	False	selected_candidate
rs4141923	20	21080958	21100317	19359	False	selected_candidate
rs6137371	20	21485247	21504609	19362	True	selected_candidate
rs1884592	20	21890690	21910052	19362	False	selected_candidate
rs1429447	20	22294822	22314184	19362	False	selected_candidate
rs10485635	20	22697162	22716524	19362	True	selected_candidate
rs844867	20	23100202	23119565	19363	False	selected_candidate
rs6048855	20	23503299	23522662	19363	False	selected_candidate
rs1741632	20	23905650	23925013	19363	True	selected_candidate
rs6036739	20	24311342	24330706	19364	False	selected_candidate
rs6049925	20	24713823	24733187	19364	False	selected_candidate
rs6138506	20	25115636	25135000	19364	True	selected_candidate
rs6138599	20	25517425	25536789	19364	False	selected_candidate
rs6107104	20	25922993	25942357	19364	False	selected_candidate
rs6115546	20	26126348	26145712	19364	True	selected_candidate
rs8116474	20	25718481	25737845	19364	False	selected_candidate
rs2078168	20	29437968	30203292	765324	True	selected_candidate
rs6059724	20	29833609	31245806	1412197	True	selected_candidate
rs2273468	20	30037783	31449980	1412197	False	selected_candidate
rs6058274	20	30239046	31651243	1412197	False	selected_candidate
rs6060997	20	30439643	31851840	1412197	False	selected_candidate
rs11699670	20	30640425	32052622	1412197	False	selected_candidate
rs4911087	20	30844536	32256733	1412197	True	selected_candidate
rs1555133	20	31048382	32460579	1412197	False	selected_candidate
rs11167174	20	31248879	32661077	1412198	False	selected_candidate
rs6141834	20	31451351	32863545	1412194	False	selected_candidate
rs982562	20	31857328	33269522	1412194	True	selected_candidate
rs3213183	20	32262962	33675156	1412194	False	selected_candidate
rs2268089	20	32667298	34079492	1412194	False	selected_candidate
rs6059864	20	33070403	34482598	1412195	True	selected_candidate
rs2295097	20	33478221	34890418	1412197	False	selected_candidate
rs3764732	20	33891004	35303201	1412197	False	selected_candidate
rs28618332	20	34292563	35704641	1412078	True	selected_candidate
rs12479796	20	34698367	36110445	1412078	False	selected_candidate
rs6025059	20	35150178	36521775	1371597	False	selected_candidate
rs6030188	20	35553622	36925219	1371597	True	selected_candidate
rs6011959	20	35957835	37329432	1371597	False	selected_candidate
rs6067463	20	36362236	37733834	1371598	False	selected_candidate
rs34046288	20	36765601	38137199	1371598	True	selected_candidate
rs805540	20	37166358	38537715	1371357	False	selected_candidate
rs732486	20	37569402	38940759	1371357	False	selected_candidate
rs6101600	20	38171186	39542543	1371357	True	selected_candidate
rs6093263	20	38574581	39945939	1371358	False	selected_candidate
rs6016329	20	38985005	40356365	1371360	False	selected_candidate
rs10485676	20	39391048	40762408	1371360	True	selected_candidate
rs2076145	20	39792538	41163898	1371360	False	selected_candidate
rs12480036	20	40195829	41567190	1371361	False	selected_candidate
rs6029899	20	40599150	41970510	1371360	True	selected_candidate
rs6072708	20	41001548	42372908	1371360	False	selected_candidate
rs1885831	20	41402907	42774267	1371360	False	selected_candidate
rs2425614	20	41806861	43178221	1371360	True	selected_candidate
rs6103388	20	42209434	43580794	1371360	False	selected_candidate
rs6073269	20	42609557	43980917	1371360	False	selected_candidate
rs6017335	20	43010825	44382185	1371360	True	selected_candidate
rs2057242	20	43412497	44783856	1371359	False	selected_candidate
rs6104053	20	43818014	45189373	1371359	False	selected_candidate
rs2425707	20	44224978	45596339	1371361	True	selected_candidate
rs11696804	20	44628380	45999741	1371361	False	selected_candidate
rs6094302	20	45033537	46404898	1371361	False	selected_candidate
rs3092327	20	45435993	46807354	1371361	True	selected_candidate
rs6018344	20	45837470	47208825	1371355	False	selected_candidate
rs2284322	20	46246025	47617281	1371256	False	selected_candidate
rs16993186	20	46650722	48021978	1371256	True	selected_candidate
rs17430782	20	47052321	48423578	1371257	False	selected_candidate
rs6095325	20	47453602	48837065	1383463	False	selected_candidate
rs237478	20	48065859	49449322	1383463	True	selected_candidate
rs17786105	20	48466885	49850348	1383463	False	selected_candidate
rs6067378	20	48873178	50256641	1383463	False	selected_candidate
rs4809802	20	49279742	50663205	1383463	True	selected_candidate
rs4239662	20	49681277	51064740	1383463	False	selected_candidate
rs228851	20	50085305	51468768	1383463	False	selected_candidate
rs4811253	20	50488338	51871799	1383461	True	selected_candidate
rs6068117	20	50889988	52273449	1383461	False	selected_candidate
rs6022039	20	51292924	52676385	1383461	False	selected_candidate
rs910382	20	51699189	53082650	1383461	True	selected_candidate
rs2248264	20	52104352	53487813	1383461	False	selected_candidate
rs6097659	20	52511797	53895258	1383461	False	selected_candidate
rs2870320	20	52916162	54299623	1383461	True	selected_candidate
rs2870357	20	53320904	54704365	1383461	False	selected_candidate
rs7264048	20	53725136	55108597	1383461	False	selected_candidate
rs6014415	20	54130655	55555597	1424942	True	selected_candidate
rs995815	20	54530910	55955854	1424944	False	selected_candidate
rs6024821	20	54932502	56357446	1424944	False	selected_candidate
rs6025144	20	55333950	56758894	1424944	True	selected_candidate
rs11697430	20	55737164	57162108	1424944	False	selected_candidate
rs1040566	20	56137687	57562631	1424944	False	selected_candidate
rs377881	20	56538130	57963074	1424944	True	selected_candidate
rs1045387	20	56941275	58366219	1424944	False	selected_candidate
rs6026503	20	57344645	58769589	1424944	False	selected_candidate
rs3026499	20	57948773	59373718	1424945	True	selected_candidate
rs6027094	20	58352790	59777735	1424945	False	selected_candidate
rs6064905	20	58759522	60184464	1424942	False	selected_candidate
rs846193	20	59164954	60589896	1424942	True	selected_candidate
rs8114429	20	59569516	60994460	1424944	False	selected_candidate
rs6142812	20	59971286	61396230	1424944	False	selected_candidate
rs13040477	20	60373664	61798608	1424944	True	selected_candidate
rs6142990	20	60774035	62198979	1424944	False	selected_candidate
rs34746414	20	61204813	62607606	1402793	False	selected_candidate
rs13040088	20	61549202	62917850	1368648	True	selected_candidate
rs7362092	20	61952565	63321213	1368648	False	selected_candidate
rs6011058	20	62356627	63725275	1368648	False	selected_candidate
rs11184136	21	10966322	10546135	420187	False	selected_candidate
rs28783163	21	10758305	10754152	4153	True	selected_candidate
rs4293623	21	14369207	12996886	1372321	True	selected_candidate
rs2847443	21	14595264	13222943	1372321	False	selected_candidate
rs459504	21	14795475	13423154	1372321	False	selected_candidate
rs2821990	21	15005151	13632830	1372321	False	selected_candidate
rs10854453	21	15209349	13837028	1372321	False	selected_candidate
rs2822391	21	15412399	14040078	1372321	True	selected_candidate
rs2245631	21	15613199	14240878	1372321	False	selected_candidate
rs11088040	21	15813998	14441677	1372321	False	selected_candidate
rs459879	21	16014821	14642500	1372321	False	selected_candidate
rs926130	21	16214917	14842596	1372321	False	selected_candidate
rs2823019	21	16415304	15042983	1372321	True	selected_candidate
rs2823183	21	16616826	15244507	1372319	False	selected_candidate
rs1297265	21	16817051	15444732	1372319	False	selected_candidate
rs16988144	21	17021206	15648887	1372319	False	selected_candidate
rs16990578	21	17222425	15850106	1372319	False	selected_candidate
rs2823587	21	17426178	16053858	1372320	True	selected_candidate
rs9808741	21	17628509	16256188	1372321	False	selected_candidate
rs16997558	21	17830204	16457884	1372320	False	selected_candidate
rs1119222	21	18030764	16658445	1372319	False	selected_candidate
rs1475572	21	18233530	16861210	1372320	False	selected_candidate
rs2824215	21	18435406	17063088	1372318	True	selected_candidate
rs2824270	21	18636600	17264282	1372318	False	selected_candidate
rs12626816	21	18839021	17466703	1372318	False	selected_candidate
rs2824429	21	19039522	17667204	1372318	False	selected_candidate
rs2824524	21	19241282	17868965	1372317	False	selected_candidate
rs158020	21	19444174	18071856	1372318	True	selected_candidate
rs10084615	21	19646269	18273952	1372317	False	selected_candidate
rs8133105	21	19848031	18475713	1372318	False	selected_candidate
rs2824988	21	20051354	18679036	1372318	False	selected_candidate
rs413087	21	20254847	18882529	1372318	False	selected_candidate
rs764064	21	20455165	19082847	1372318	True	selected_candidate
rs2825493	21	20655418	19283101	1372317	False	selected_candidate
rs2825604	21	20855512	19483195	1372317	False	selected_candidate
rs2825742	21	21056407	19684093	1372314	False	selected_candidate
rs12053729	21	21256579	19884265	1372314	False	selected_candidate
rs2826009	21	21461829	20089516	1372313	True	selected_candidate
rs9305952	21	21664275	20291963	1372312	False	selected_candidate
rs9976006	21	21865566	20493254	1372312	False	selected_candidate
rs11702783	21	22065742	20693428	1372314	False	selected_candidate
rs2250907	21	22265825	20893507	1372318	False	selected_candidate
rs7509909	21	22466413	21094095	1372318	True	selected_candidate
rs2826772	21	22666899	21294579	1372320	False	selected_candidate
rs233771	21	22868864	21496543	1372321	False	selected_candidate
rs2826953	21	23069008	21696688	1372320	False	selected_candidate
rs8133242	21	23270643	21898323	1372320	False	selected_candidate
rs2827239	21	23470698	22098379	1372319	True	selected_candidate
rs2827373	21	23672710	22300390	1372320	False	selected_candidate
rs1501223	21	23873434	22501114	1372320	False	selected_candidate
rs7280730	21	24084198	22711878	1372320	False	selected_candidate
rs1349094	21	24286536	22914215	1372321	False	selected_candidate
rs2032205	21	24493528	23121206	1372322	True	selected_candidate
rs2828058	21	24694508	23322186	1372322	False	selected_candidate
rs7282426	21	24894774	23522455	1372319	False	selected_candidate
rs2828458	21	25095694	23723377	1372317	False	selected_candidate
rs2828627	21	25300010	23927695	1372315	False	selected_candidate
rs1699691	21	25502333	24130019	1372314	True	selected_candidate
rs7283527	21	25706768	24334455	1372313	False	selected_candidate
rs2829156	21	25910760	24538446	1372314	False	selected_candidate
rs17759053	21	26111118	24738804	1372314	False	selected_candidate
rs982886	21	26311943	24939629	1372314	False	selected_candidate
rs2829558	21	26514597	25142283	1372314	True	selected_candidate
rs17000893	21	26729142	25356828	1372314	False	selected_candidate
rs1740085	21	26929835	25557523	1372312	False	selected_candidate
rs2829894	21	27132601	25760290	1372311	False	selected_candidate
rs2014146	21	27335022	25962708	1372314	False	selected_candidate
rs9982587	21	27535931	26163613	1372318	True	selected_candidate
rs219693	21	27736992	26364673	1372319	False	selected_candidate
rs2830283	21	27937487	26565168	1372319	False	selected_candidate
rs2132824	21	28340124	26967805	1372319	False	selected_candidate
rs992499	21	28541630	27169311	1372319	True	selected_candidate
rs1452094	21	28744290	27371971	1372319	False	selected_candidate
rs9305318	21	28946062	27573743	1372319	False	selected_candidate
rs1883035	21	29348587	27976268	1372319	False	selected_candidate
rs2831612	21	29551561	28179242	1372319	True	selected_candidate
rs1628679	21	29751571	28379250	1372321	False	selected_candidate
rs2831905	21	29952049	28579727	1372322	False	selected_candidate
rs16983250	21	30152376	28780054	1372322	False	selected_candidate
rs2832246	21	30556239	29183918	1372321	True	selected_candidate
rs2832308	21	30757494	29385174	1372320	False	selected_candidate
rs2253443	21	30957507	29585187	1372320	False	selected_candidate
rs4817308	21	31160644	29788327	1372317	False	selected_candidate
rs8133036	21	31363624	29991306	1372318	False	selected_candidate
rs9980912	21	31770220	30397902	1372318	True	selected_candidate
rs198901	21	31970312	30597993	1372319	False	selected_candidate
rs4816374	21	32173553	30801235	1372318	False	selected_candidate
rs6516994	21	32374395	31002076	1372319	False	selected_candidate
rs16988225	21	32779359	31407046	1372313	True	selected_candidate
rs7277359	21	32985925	31613612	1372313	False	selected_candidate
rs7275656	21	33186188	31813876	1372312	False	selected_candidate
rs16988780	21	33387958	32015645	1372313	False	selected_candidate
rs6517084	21	33596203	32223891	1372312	False	selected_candidate
rs845015	21	33998027	32625717	1372310	True	selected_candidate
rs11088230	21	34201373	32829063	1372310	False	selected_candidate
rs7275842	21	34405843	33033535	1372308	False	selected_candidate
rs17860135	21	34606790	33234485	1372305	False	selected_candidate
rs17885472	21	34807116	33434809	1372307	False	selected_candidate
rs13640	21	35210252	33837948	1372304	True	selected_candidate
rs2834360	21	35410462	34038162	1372300	False	selected_candidate
rs16991374	21	35611109	34238808	1372301	False	selected_candidate
rs8134137	21	35812178	34439880	1372298	False	selected_candidate
rs2284612	21	36213879	34841582	1372297	True	selected_candidate
rs7279123	21	36415087	35042790	1372297	False	selected_candidate
rs2242698	21	36616035	35243737	1372298	False	selected_candidate
rs11910142	21	36816352	35444054	1372298	False	selected_candidate
rs1235286	21	37016663	35644365	1372298	False	selected_candidate
rs2835249	21	37419038	36046740	1372298	True	selected_candidate
rs2239571	21	37620240	36247942	1372298	False	selected_candidate
rs4378885	21	37824911	36452613	1372298	False	selected_candidate
rs2845778	21	38027731	36655433	1372298	False	selected_candidate
rs7275322	21	38229212	36856912	1372300	False	selected_candidate
rs764156	21	38630860	37258559	1372301	True	selected_candidate
rs4817864	21	38835811	37463509	1372302	False	selected_candidate
rs2835884	21	39037711	37665409	1372302	False	selected_candidate
rs2836028	21	39240050	37867747	1372303	False	selected_candidate
rs2836265	21	39642804	38270882	1371922	True	selected_candidate
rs2836427	21	39843083	38471160	1371923	False	selected_candidate
rs2836605	21	40043394	38671470	1371924	False	selected_candidate
rs467571	21	40243924	38872000	1371924	False	selected_candidate
rs428424	21	40445319	39073393	1371926	False	selected_candidate
rs874221	21	40847011	39475085	1371926	True	selected_candidate
rs9979588	21	41047750	39675823	1371927	False	selected_candidate
rs2837263	21	41247892	39875966	1371926	False	selected_candidate
rs420248	21	41448645	40076718	1371927	False	selected_candidate
rs2837648	21	41849478	40477551	1371927	True	selected_candidate
rs4818160	21	42050276	40678350	1371926	False	selected_candidate
rs2837858	21	42251261	40879335	1371926	False	selected_candidate
rs7283746	21	42451705	41079778	1371927	False	selected_candidate
rs3746889	21	42651946	41280019	1371927	False	selected_candidate
rs2776365	21	43101406	41681246	1420160	True	selected_candidate
rs4919983	21	43301781	41881672	1420109	False	selected_candidate
rs12106368	21	43502010	42081901	1420109	False	selected_candidate
rs3788007	21	43706776	42286666	1420110	False	selected_candidate
rs11702318	21	44112366	42692256	1420110	True	selected_candidate
rs8130793	21	44312692	42892582	1420110	False	selected_candidate
rs3788054	21	44513500	43093390	1420110	False	selected_candidate
rs609845	21	44764895	43345015	1419880	False	selected_candidate
rs7283362	21	44973667	43553786	1419881	False	selected_candidate
rs915876	21	45376207	43956326	1419881	True	selected_candidate
rs7280558	21	45577102	44157219	1419883	False	selected_candidate
rs11908957	21	45777144	44357261	1419883	False	selected_candidate
rs2838589	21	45977640	44557757	1419883	False	selected_candidate
rs8130842	21	46180432	44760517	1419915	False	selected_candidate
rs3788169	21	46580779	45160864	1419915	True	selected_candidate
rs7282991	21	46781023	45361108	1419915	False	selected_candidate
rs944422	21	46982335	45562421	1419914	False	selected_candidate
rs914241	21	47182965	45763051	1419914	False	selected_candidate
rs12329865	21	47583506	46163592	1419914	True	selected_candidate
rs2839226	21	47786494	46366579	1419915	False	selected_candidate
rs4321465	22	16456970	15520993	935977	False	selected_candidate
rs131538	22	16871137	16390411	480726	True	selected_candidate
rs2236639	22	17072483	16591593	480890	False	selected_candidate
rs16981694	22	17273178	16792288	480890	False	selected_candidate
rs17204811	22	17473229	16992339	480890	False	selected_candidate
rs4819973	22	17674117	17193227	480890	False	selected_candidate
rs737916	22	17880070	17400180	479890	True	selected_candidate
rs5992751	22	18080154	17597388	482766	False	selected_candidate
rs12168131	22	18282708	17799942	482766	False	selected_candidate
rs424765	22	18486017	18003251	482766	False	selected_candidate
rs5992245	22	18667948	18185181	482767	False	selected_candidate
rs9618430	22	18946597	18959084	12487	True	selected_candidate
rs2096376	22	19147441	19159928	12487	False	selected_candidate
rs2238764	22	19348158	19360635	12477	False	selected_candidate
rs5746775	22	19550343	19562820	12477	False	selected_candidate
rs4646316	22	19952132	19964609	12477	True	selected_candidate
rs373747	22	20155192	20167669	12477	False	selected_candidate
rs362064	22	20732809	20378519	354290	False	selected_candidate
rs16988550	22	20933112	20578825	354287	False	selected_candidate
rs5905	22	21133619	20779331	354288	False	selected_candidate
rs8137514	22	21333857	20979568	354289	True	selected_candidate
rs8135862	22	21797812	21443523	354289	False	selected_candidate
rs861844	22	22006219	21651930	354289	False	selected_candidate
rs9610470	22	22209139	21854850	354289	False	selected_candidate
rs1076852	22	22413165	22058753	354412	True	selected_candidate
rs6001713	22	22658888	22304523	354365	False	selected_candidate
rs2330097	22	22860580	22506261	354319	False	selected_candidate
rs8140385	22	23060694	22718209	342485	False	selected_candidate
rs5996419	22	23261330	22919158	342172	False	selected_candidate
rs756631	22	23463183	23120996	342187	True	selected_candidate
rs12169092	22	23666232	23324045	342187	False	selected_candidate
rs5751691	22	23866318	23524131	342187	False	selected_candidate
rs8135607	22	24073640	23731453	342187	False	selected_candidate
rs5742303	22	24299147	23956960	342187	False	selected_candidate
rs17004835	22	24499356	24103393	395963	False	selected_candidate
rs1041748	22	24700854	24304886	395968	True	selected_candidate
rs738814	22	24902606	24506638	395968	False	selected_candidate
rs5751950	22	25102715	24706748	395967	False	selected_candidate
rs11914055	22	25303941	24907974	395967	False	selected_candidate
rs713989	22	25506779	25110812	395967	False	selected_candidate
rs8139965	22	25707472	25311505	395967	True	selected_candidate
rs507715	22	25907905	25511938	395967	False	selected_candidate
rs16980597	22	26108305	25712338	395967	False	selected_candidate
rs2285201	22	26308720	25912753	395967	False	selected_candidate
rs6004939	22	26515853	26119887	395966	False	selected_candidate
rs134157	22	26916722	26520756	395966	True	selected_candidate
rs2001121	22	27118181	26722218	395963	False	selected_candidate
rs6005235	22	27320076	26924113	395963	False	selected_candidate
rs5752494	22	27523485	27127523	395962	False	selected_candidate
rs8135866	22	27724696	27328735	395961	False	selected_candidate
rs16984937	22	27924906	27528945	395961	True	selected_candidate
rs84512	22	28125740	27729752	395988	False	selected_candidate
rs135642	22	28538999	28143011	395988	False	selected_candidate
rs9608677	22	28741745	28345757	395988	False	selected_candidate
rs16986509	22	28943477	28547489	395988	True	selected_candidate
rs714191	22	29145411	28749423	395988	False	selected_candidate
rs5752839	22	29345890	28949902	395988	False	selected_candidate
rs730517	22	29550379	29154391	395988	False	selected_candidate
rs2072051	22	29755888	29359899	395989	False	selected_candidate
rs131285	22	30157940	29761951	395989	True	selected_candidate
rs2051764	22	30361881	29965892	395989	False	selected_candidate
rs9614152	22	30563343	30167354	395989	False	selected_candidate
rs5753101	22	30765249	30369260	395989	False	selected_candidate
rs42938	22	30965757	30569770	395987	False	selected_candidate
rs9609089	22	31167705	30771718	395987	True	selected_candidate
rs7284767	22	31369324	30973338	395986	False	selected_candidate
rs4820045	22	31785969	31389983	395986	False	selected_candidate
rs1018488	22	31992376	31596390	395986	False	selected_candidate
rs8141214	22	32196181	31800195	395986	True	selected_candidate
rs2899171	22	32396524	32000537	395987	False	selected_candidate
rs5994487	22	32597495	32201508	395987	False	selected_candidate
rs7289526	22	32797959	32401972	395987	False	selected_candidate
rs2710391	22	32998045	32602059	395986	False	selected_candidate
rs135025	22	33202478	32806492	395986	True	selected_candidate
rs16991969	22	33604365	33208379	395986	False	selected_candidate
rs11703802	22	33804510	33408524	395986	False	selected_candidate
rs4239873	22	34008430	33612444	395986	False	selected_candidate
rs5999111	22	34208570	33812583	395987	True	selected_candidate
rs130461	22	34409899	34013910	395989	False	selected_candidate
rs764315	22	34610905	34214916	395989	False	selected_candidate
rs5755039	22	34812086	34416096	395990	False	selected_candidate
rs1546873	22	35219530	34823539	395991	True	selected_candidate
rs4821342	22	35427427	35031435	395992	False	selected_candidate
rs5755661	22	35629782	35233789	395993	False	selected_candidate
rs28408891	22	35831205	35435212	395993	False	selected_candidate
rs762910	22	36033106	35637059	396047	False	selected_candidate
rs5755960	22	36233761	35837714	396047	True	selected_candidate
rs5995192	22	36433816	36037768	396048	False	selected_candidate
rs2413403	22	36840508	36444458	396050	False	selected_candidate
rs6000364	22	37043667	36647620	396047	False	selected_candidate
rs16997390	22	37244449	36848407	396042	True	selected_candidate
rs6000542	22	37445420	37049380	396040	False	selected_candidate
rs6000634	22	37647572	37251532	396040	False	selected_candidate
rs5756683	22	37856275	37460237	396038	False	selected_candidate
rs9622678	22	38057338	37661331	396007	False	selected_candidate
rs738443	22	38458681	38062674	396007	True	selected_candidate
rs135714	22	38660411	38264405	396006	False	selected_candidate
rs2269609	22	38864460	38468455	396005	False	selected_candidate
rs3827356	22	39064806	38668801	396005	False	selected_candidate
rs12159761	22	39272641	38876636	396005	False	selected_candidate
rs12160242	22	39473847	39077842	396005	True	selected_candidate
rs1007117	22	39675770	39279765	396005	False	selected_candidate
rs3747179	22	40083730	39687725	396005	False	selected_candidate
rs17001508	22	40286270	39890266	396004	False	selected_candidate
rs6001754	22	40487326	40091322	396004	True	selected_candidate
rs5757906	22	40687757	40291753	396004	False	selected_candidate
rs5995867	22	40888136	40492132	396004	False	selected_candidate
rs8136721	22	41088872	40692868	396004	False	selected_candidate
rs5758119	22	41288886	40892882	396004	False	selected_candidate
rs2024566	22	41697338	41301334	396004	True	selected_candidate
rs137831	22	41903813	41507809	396004	False	selected_candidate
rs5758431	22	42109917	41713913	396004	False	selected_candidate
rs11913034	22	42316904	41920900	396004	False	selected_candidate
rs5758589	22	42518382	42122378	396004	False	selected_candidate
rs2227113	22	42722518	42326512	396006	True	selected_candidate
rs5758786	22	42926665	42530659	396006	False	selected_candidate
rs9611862	22	43130398	42734392	396006	False	selected_candidate
rs2072852	22	43533360	43137354	396006	False	selected_candidate
rs13053545	22	43734266	43338260	396006	True	selected_candidate
rs3747200	22	43933408	43537528	395880	False	selected_candidate
rs5764261	22	44137219	43741339	395880	False	selected_candidate
rs3810622	22	44338134	43942254	395880	False	selected_candidate
rs2267617	22	44538688	44142808	395880	False	selected_candidate
rs6519876	22	44735347	44339467	395880	True	selected_candidate
rs2142832	22	44940363	44544483	395880	False	selected_candidate
rs5764983	22	45146224	44750344	395880	False	selected_candidate
rs7293135	22	45553481	45157600	395881	False	selected_candidate
rs5765281	22	45754558	45358678	395880	True	selected_candidate
rs5765475	22	45959337	45563457	395880	False	selected_candidate
rs138203	22	46160624	45764744	395880	False	selected_candidate
rs10448607	22	46361205	45965325	395880	False	selected_candidate
rs5769178	22	46561274	46165375	395899	False	selected_candidate
rs7285515	22	46763671	46367774	395897	True	selected_candidate
rs8142916	22	47169270	46773373	395897	False	selected_candidate
rs136110	22	47369660	46973764	395896	False	selected_candidate
rs15646	22	47571203	47175560	395643	False	selected_candidate
rs9615513	22	47771300	47375550	395750	True	selected_candidate
rs8137944	22	47972784	47577035	395749	False	selected_candidate
rs11703636	22	48173591	47777842	395749	False	selected_candidate
rs2144786	22	48378737	47982988	395749	False	selected_candidate
rs130775	22	48784158	48388346	395812	True	selected_candidate
rs28539902	22	48988885	48593073	395812	False	selected_candidate
rs131043	22	49190485	48794673	395812	False	selected_candidate
rs738603	22	49396413	49000601	395812	False	selected_candidate
rs9616495	22	49597206	49201280	395926	False	selected_candidate
rs762923	22	49797621	49403972	393649	True	selected_candidate
rs5769698	22	49997706	49604058	393648	False	selected_candidate
rs137866	22	50447384	50008955	438429	False	selected_candidate
rs4611754	22	50647969	50209540	438429	False	selected_candidate
rs12167579	22	50844986	50406557	438429	True	selected_candidate
