ENSG00000186092	1	65417	71587
ENSG00000284733	1	450738	451680
ENSG00000284662	1	685714	686656
ENSG00000187634	1	923893	944592
ENSG00000188976	1	943525	960716
ENSG00000187961	1	960553	965723
ENSG00000187583	1	966435	975867
ENSG00000187642	1	975192	982139
ENSG00000188290	1	998960	1000827
ENSG00000187608	1	1001136	1014542
ENSG00000188157	1	1020067	1056121
ENSG00000237330	1	1070965	1074308
ENSG00000131591	1	1081809	1116363
ENSG00000162571	1	1173878	1197942
ENSG00000186891	1	1203506	1206816
ENSG00000186827	1	1211324	1214155
ENSG00000078808	1	1216885	1240966
ENSG00000176022	1	1232235	1235043
ENSG00000184163	1	1242444	1246936
ENSG00000160087	1	1253905	1274479
ENSG00000162572	1	1280434	1292031
ENSG00000131584	1	1292374	1309611
ENSG00000169972	1	1308545	1311681
ENSG00000127054	1	1311583	1324690
ENSG00000224051	1	1324754	1328899
ENSG00000169962	1	1331273	1335316
ENSG00000107404	1	1335273	1349964
ENSG00000162576	1	1352681	1361802
ENSG00000175756	1	1373708	1375523
ENSG00000221978	1	1385707	1400911
ENSG00000242485	1	1401905	1407308
ENSG00000235098	1	1415635	1421771
ENSG00000205116	1	1425869	1430257
ENSG00000179403	1	1434859	1446014
ENSG00000215915	1	1449687	1470165
ENSG00000160072	1	1471740	1497850
ENSG00000197785	1	1512116	1534691
ENSG00000205090	1	1534776	1540626
ENSG00000160075	1	1541671	1574889
ENSG00000228594	1	1598010	1600137
ENSG00000197530	1	1615431	1630612
ENSG00000189409	1	1631658	1635265
ENSG00000248333	1	1635223	1659269
ENSG00000189339	1	1659527	1693061
ENSG00000008128	1	1702377	1724573
ENSG00000008130	1	1751230	1780546
ENSG00000078369	1	1785283	1892294
ENSG00000169885	1	1915079	1917298
ENSG00000178821	1	1917587	1919331
ENSG00000142609	1	1921949	2003839
ENSG00000187730	1	2019303	2030760
ENSG00000067606	1	2050394	2185723
ENSG00000162585	1	2184409	2212722
ENSG00000157933	1	2227386	2310215
ENSG00000116151	1	2319206	2391724
ENSG00000157916	1	2390668	2405446
ENSG00000157911	1	2403782	2413799
ENSG00000149527	1	2425978	2505809
ENSG00000157881	1	2508529	2526619
ENSG00000197921	1	2528743	2530273
ENSG00000157873	1	2554242	2565384
ENSG00000157870	1	2586489	2591472
ENSG00000142606	1	2590637	2633021
ENSG00000215912	1	2636984	2801695
ENSG00000169717	1	3021465	3022905
ENSG00000142611	1	3069001	3438623
ENSG00000130762	1	3454548	3485970
ENSG00000162591	1	3487940	3611545
ENSG00000158109	1	3624977	3630133
ENSG00000116213	1	3630765	3652763
ENSG00000078900	1	3652305	3736203
ENSG00000162592	1	3746458	3771647
ENSG00000235169	1	3772646	3782180
ENSG00000130764	1	3778557	3796519
ENSG00000116198	1	3812084	3857725
ENSG00000169598	1	3857240	3885493
ENSG00000198912	1	3889123	3900299
ENSG00000196581	1	4654587	4792536
ENSG00000131697	1	5862802	5993457
ENSG00000069424	1	5990925	6101195
ENSG00000116254	1	6101785	6180358
ENSG00000285629	1	6159428	6197759
ENSG00000116251	1	6185018	6209391
ENSG00000158286	1	6205390	6224636
ENSG00000116237	1	6221191	6235999
ENSG00000173673	1	6241479	6246658
ENSG00000158292	1	6247345	6261106
ENSG00000097021	1	6264266	6393791
ENSG00000069812	1	6412416	6424692
ENSG00000187017	1	6424768	6461369
ENSG00000215788	1	6460784	6466192
ENSG00000171680	1	6467120	6520076
ENSG00000162408	1	6521345	6554538
ENSG00000173662	1	6555301	6579757
ENSG00000204859	1	6579992	6589292
ENSG00000162413	1	6590722	6614609
ENSG00000116273	1	6613721	6624032
ENSG00000041988	1	6624843	6635614
ENSG00000007923	1	6634165	6701926
ENSG00000171735	1	6785430	7769708
ENSG00000049245	1	7771262	7781449
ENSG00000049246	1	7784181	7845183
ENSG00000049247	1	7843006	7853514
ENSG00000049249	1	7915869	7943167
ENSG00000116288	1	7952652	7985993
ENSG00000116285	1	8003194	8026320
ENSG00000162426	1	8318079	8344298
ENSG00000142599	1	8352395	8848923
ENSG00000074800	1	8854041	8879310
ENSG00000131686	1	8945865	8975094
ENSG00000197241	1	9002971	9026425
ENSG00000142583	1	9035104	9088480
ENSG00000180758	1	9100303	9129202
ENSG00000049239	1	9234737	9278219
ENSG00000171621	1	9292099	9369534
ENSG00000171612	1	9539435	9585175
ENSG00000188807	1	9588716	9614881
ENSG00000171608	1	9629887	9730121
ENSG00000171603	1	9728909	9823995
ENSG00000178585	1	9848267	9910380
ENSG00000162441	1	9922111	9943409
ENSG00000173614	1	9943426	9996900
ENSG00000162444	1	9997048	10016024
ENSG00000130939	1	10032830	10181246
ENSG00000054523	1	10210479	10381608
ENSG00000142657	1	10398590	10420513
ENSG00000251503	1	10430100	10452155
ENSG00000175279	1	10430388	10442815
ENSG00000241563	1	10450008	10452085
ENSG00000160049	1	10456520	10472584
ENSG00000142655	1	10472286	10630760
ENSG00000130940	1	10636599	10796660
ENSG00000175262	1	10946469	10982078
ENSG00000120948	1	11012342	11037993
ENSG00000009724	1	11022007	11047275
ENSG00000116649	1	11054582	11060080
ENSG00000171824	1	11066611	11099909
ENSG00000198793	1	11106529	11262558
ENSG00000171819	1	11189346	11195983
ENSG00000120942	1	11273187	11297106
ENSG00000204624	1	11478903	11537585
ENSG00000116661	1	11637016	11655787
ENSG00000132879	1	11650616	11663329
ENSG00000116670	1	11657228	11692607
ENSG00000116663	1	11664139	11674356
ENSG00000162490	1	11690956	11725859
ENSG00000177674	1	11736068	11754804
ENSG00000215910	1	11761785	11789587
ENSG00000177000	1	11785721	11806457
ENSG00000011021	1	11806094	11848082
ENSG00000175206	1	11845699	11848347
ENSG00000120937	1	11857452	11859650
ENSG00000116685	1	11919588	11926430
ENSG00000083444	1	11934203	11975544
ENSG00000116688	1	11980179	12015213
ENSG00000116691	1	12019464	12032050
ENSG00000120949	1	12063077	12144223
ENSG00000028137	1	12166968	12209230
ENSG00000048707	1	12230005	12512049
ENSG00000162496	1	12563617	12620185
ENSG00000204518	1	12644083	12667078
ENSG00000188984	1	12716107	12728762
ENSG00000157330	1	12746192	12763701
ENSG00000116726	1	12773736	12777908
ENSG00000116721	1	12791395	12796630
ENSG00000239810	1	12824603	12831412
ENSG00000179172	1	12847375	12848722
ENSG00000120952	1	12857084	12861911
ENSG00000243073	1	12879210	12886203
ENSG00000187545	1	12892248	12898272
ENSG00000204510	1	12916608	12920753
ENSG00000232423	1	12938470	12947582
ENSG00000274764	1	13049474	13056577
ENSG00000277058	1	13060767	13062880
ENSG00000229571	1	13068675	13077886
ENSG00000275774	1	13115486	13116856
ENSG00000280267	1	13148903	13158118
ENSG00000179412	1	13163912	13165633
ENSG00000204505	1	13171846	13179461
ENSG00000279169	1	13196186	13201411
ENSG00000279804	1	13222693	13226156
ENSG00000270601	1	13254196	13263437
ENSG00000182330	1	13281302	13285139
ENSG00000237700	1	13303537	13308909
ENSG00000204501	1	13315579	13322600
ENSG00000204481	1	13341890	13347136
ENSG00000204480	1	13368429	13371949
ENSG00000204479	1	13389630	13392631
ENSG00000204478	1	13410448	13421330
ENSG00000162494	1	13474971	13514528
ENSG00000162493	1	13583463	13617962
ENSG00000116731	1	13699987	13825095
ENSG00000189337	1	13892790	15118045
ENSG00000171729	1	15152496	15220486
ENSG00000142621	1	15236519	15400285
ENSG00000142634	1	15409570	15430345
ENSG00000162438	1	15438440	15449244
ENSG00000142615	1	15456726	15472095
ENSG00000215704	1	15465907	15491402
ENSG00000132906	1	15489722	15526536
ENSG00000116138	1	15526811	15592381
ENSG00000116771	1	15571697	15585086
ENSG00000197312	1	15617414	15669046
ENSG00000215695	1	15659711	15662035
ENSG00000116786	1	15681459	15734773
ENSG00000162461	1	15736174	15741394
ENSG00000162460	1	15742486	15747984
ENSG00000162458	1	15756602	15786596
ENSG00000233954	1	15807167	15809350
ENSG00000065526	1	15836093	15940458
ENSG00000116809	1	15940146	15976134
ENSG00000183888	1	16004227	16009384
ENSG00000173641	1	16014016	16020599
ENSG00000186510	1	16018144	16034111
ENSG00000184908	1	16040250	16057369
ENSG00000185519	1	16057767	16073666
ENSG00000142627	1	16124335	16156143
ENSG00000142632	1	16197852	16212895
ENSG00000132881	1	16231690	16237216
ENSG00000037637	1	16246838	16352496
ENSG00000055070	1	16352573	16398149
ENSG00000187144	1	16387115	16437426
ENSG00000157191	1	16440662	16460094
ENSG00000219481	1	16562317	16613564
ENSG00000058453	1	16740271	16972966
ENSG00000117122	1	16972931	16981618
ENSG00000159363	1	16985956	17011988
ENSG00000288636	1	17005066	17011759
ENSG00000117118	1	17018662	17054212
ENSG00000117115	1	17066759	17119461
ENSG00000142623	1	17205118	17246009
ENSG00000142619	1	17249091	17284235
ENSG00000159339	1	17308193	17364006
ENSG00000276747	1	17372194	17401701
ENSG00000179051	1	17406753	17439994
ENSG00000074964	1	17539366	17697878
ENSG00000117148	1	17755308	17827065
ENSG00000117154	1	18107488	18378485
ENSG00000179023	1	18480928	18485976
ENSG00000009709	1	18630844	18748878
ENSG00000179002	1	18839597	18859662
ENSG00000159423	1	18871423	18902801
ENSG00000169991	1	18904278	18956678
ENSG00000127481	1	19074508	19210331
ENSG00000127463	1	19215658	19251554
ENSG00000053372	1	19251553	19260130
ENSG00000211454	1	19265980	19274196
ENSG00000162482	1	19281054	19288825
ENSG00000040487	1	19288042	19332429
ENSG00000053371	1	19291521	19312151
ENSG00000077549	1	19338773	19485652
ENSG00000173436	1	19484401	19629823
ENSG00000158747	1	19596977	19659415
ENSG00000270136	1	19597065	19656929
ENSG00000158748	1	19664835	19680968
ENSG00000162542	1	19682205	19800502
ENSG00000178828	1	19814027	19815285
ENSG00000169914	1	19882366	19912947
ENSG00000188784	1	19920007	19923619
ENSG00000188257	1	19975429	19980464
ENSG00000127472	1	20028177	20091913
ENSG00000117215	1	20111937	20119568
ENSG00000158786	1	20139320	20150383
ENSG00000187980	1	20161251	20186526
ENSG00000162543	1	20183291	20196052
ENSG00000158816	1	20290873	20359536
ENSG00000162545	1	20482389	20486272
ENSG00000090432	1	20495720	20508165
ENSG00000183114	1	20552571	20555022
ENSG00000158825	1	20588896	20618915
ENSG00000158828	1	20633434	20652233
ENSG00000244038	1	20647465	20661546
ENSG00000117245	1	20664009	20718020
ENSG00000189410	1	20719722	20732839
ENSG00000127483	1	20738099	20787341
ENSG00000075151	1	20805987	21177287
ENSG00000117298	1	21217245	21345914
ENSG00000142794	1	21439851	21485007
ENSG00000162551	1	21508811	21579443
ENSG00000289715	1	21547402	21554004
ENSG00000076864	1	21596213	21669848
ENSG00000090686	1	21675519	21783620
ENSG00000187942	1	21812263	21825227
ENSG00000142798	1	21820591	21937320
ENSG00000219073	1	21977020	21998644
ENSG00000142789	1	22001655	22012544
ENSG00000289694	1	22025140	22092945
ENSG00000070831	1	22052625	22101362
ENSG00000162552	1	22117311	22143971
ENSG00000184677	1	22428836	22531159
ENSG00000070886	1	22563459	22603597
ENSG00000173372	1	22635055	22640203
ENSG00000289692	1	22636504	22644069
ENSG00000159189	1	22642556	22648124
ENSG00000173369	1	22652711	22661639
ENSG00000133216	1	22710796	22921502
ENSG00000215906	1	22953041	22972868
ENSG00000227868	1	23010831	23019102
ENSG00000004487	1	23019393	23083706
ENSG00000169641	1	23084028	23178154
ENSG00000293565	1	23094324	23094378
ENSG00000179546	1	23190176	23217549
ENSG00000125944	1	23303769	23344660
ENSG00000125945	1	23359446	23369962
ENSG00000204219	1	23370589	23425171
ENSG00000088280	1	23428558	23484639
ENSG00000007968	1	23506421	23531243
ENSG00000117318	1	23557438	23560588
ENSG00000142676	1	23691683	23698428
ENSG00000011007	1	23743151	23762061
ENSG00000057757	1	23778363	23788234
ENSG00000011009	1	23791108	23795547
ENSG00000117308	1	23795597	23800806
ENSG00000117305	1	23801875	23838622
ENSG00000179163	1	23845075	23868363
ENSG00000188822	1	23870513	23913398
ENSG00000189266	1	23956837	23963778
ENSG00000188529	1	23962472	23980929
ENSG00000142661	1	24054820	24112192
ENSG00000142677	1	24119767	24143303
ENSG00000185436	1	24154166	24187961
ENSG00000158055	1	24199556	24364484
ENSG00000001460	1	24355828	24416936
ENSG00000001461	1	24413513	24476737
ENSG00000117602	1	24502318	24541042
ENSG00000184454	1	24556059	24609330
ENSG00000133226	1	24631714	24673283
ENSG00000169504	1	24745340	24844326
ENSG00000020633	1	24899509	24965123
ENSG00000117614	1	25220700	25232511
ENSG00000117616	1	25242246	25338246
ENSG00000187010	1	25272391	25330447
ENSG00000183726	1	25337913	25362364
ENSG00000188672	1	25362247	25430194
ENSG00000204178	1	25430851	25500211
ENSG00000157978	1	25543548	25591298
ENSG00000117643	1	25616786	25786208
ENSG00000162430	1	25800178	25818223
ENSG00000255054	1	25811468	25823746
ENSG00000117640	1	25818638	25835881
ENSG00000127423	1	25831911	25859465
ENSG00000182749	1	25861209	25875970
ENSG00000117632	1	25884179	25908472
ENSG00000158006	1	25959765	25999208
ENSG00000158008	1	26019882	26036466
ENSG00000158014	1	26037250	26046176
ENSG00000158022	1	26051299	26068438
ENSG00000175087	1	26111139	26125908
ENSG00000197245	1	26159031	26163964
ENSG00000282872	1	26164099	26168965
ENSG00000236782	1	26169514	26171834
ENSG00000142684	1	26169890	26170875
ENSG00000142675	1	26177457	26189888
ENSG00000188782	1	26190559	26202970
ENSG00000130695	1	26233667	26278816
ENSG00000142669	1	26279126	26281524
ENSG00000158062	1	26281326	26318365
ENSG00000169442	1	26317905	26320529
ENSG00000176092	1	26321696	26360082
ENSG00000176083	1	26361632	26374524
ENSG00000131914	1	26410786	26429730
ENSG00000117682	1	26432271	26471324
ENSG00000198830	1	26471493	26487539
ENSG00000117676	1	26529744	26575034
ENSG00000117713	1	26693234	26782106
ENSG00000060642	1	26787052	26800661
ENSG00000204160	1	26826666	26857606
ENSG00000175793	1	26863147	26864458
ENSG00000142751	1	26876130	26890285
ENSG00000198746	1	26890486	26900480
ENSG00000090273	1	26900236	26946888
ENSG00000131910	1	26911482	26914075
ENSG00000175707	1	26949554	26960790
ENSG00000253368	1	26993647	27002814
ENSG00000158246	1	27000131	27012886
ENSG00000090020	1	27098807	27166983
ENSG00000142784	1	27233774	27308717
ENSG00000186501	1	27322137	27336403
ENSG00000142765	1	27342007	27353939
ENSG00000142733	1	27355177	27366988
ENSG00000142748	1	27369106	27374922
ENSG00000174950	1	27379174	27383341
ENSG00000181773	1	27392612	27395816
ENSG00000158195	1	27404224	27490310
ENSG00000126705	1	27534033	27604433
ENSG00000000938	1	27611386	27635567
ENSG00000126709	1	27666062	27672214
ENSG00000009780	1	27725944	27763120
ENSG00000117758	1	27773151	27824452
ENSG00000117751	1	27830761	27851678
ENSG00000130775	1	27872535	27887069
ENSG00000117748	1	27891522	27914753
ENSG00000130768	1	27934965	27959159
ENSG00000158156	1	27959586	27968096
ENSG00000158161	1	27970342	28088733
ENSG00000169403	1	28147164	28194085
ENSG00000126698	1	28198624	28233089
ENSG00000130770	1	28236070	28246910
ENSG00000130766	1	28259471	28282493
ENSG00000130772	1	28329000	28335978
ENSG00000204138	1	28369561	28500371
ENSG00000180198	1	28505930	28539302
ENSG00000180098	1	28552989	28578551
ENSG00000120656	1	28587827	28648366
ENSG00000188060	1	28592198	28596282
ENSG00000162419	1	28668278	28719355
ENSG00000198492	1	28736606	28770216
ENSG00000116329	1	28812087	28871269
ENSG00000159023	1	28887071	29120054
ENSG00000253304	1	29119424	29123937
ENSG00000116350	1	29147741	29181996
ENSG00000116353	1	29192655	29230960
ENSG00000060656	1	29236498	29326815
ENSG00000289710	1	30576653	30576827
ENSG00000162510	1	30711275	30723587
ENSG00000162511	1	30732457	30757857
ENSG00000162512	1	30869464	30908815
ENSG00000134644	1	30931503	31065993
ENSG00000084628	1	31179082	31239994
ENSG00000060688	1	31259040	31296825
ENSG00000121766	1	31296940	31371034
ENSG00000121769	1	31359581	31376852
ENSG00000168528	1	31409563	31434682
ENSG00000142910	1	31576355	31587693
ENSG00000121764	1	31617658	31632520
ENSG00000162517	1	31629860	31644912
ENSG00000084636	1	31652245	31704389
ENSG00000121753	1	31727115	31764895
ENSG00000134668	1	31790419	31816024
ENSG00000184007	1	31906419	31944858
ENSG00000288678	1	31919561	31938012
ENSG00000121774	1	32013685	32060852
ENSG00000121775	1	32072029	32102868
ENSG00000025800	1	32108026	32176565
ENSG00000084652	1	32178095	32198301
ENSG00000160050	1	32200381	32205455
ENSG00000160051	1	32205636	32208690
ENSG00000222046	1	32209077	32216198
ENSG00000160055	1	32214430	32222363
ENSG00000084623	1	32221075	32245399
ENSG00000183615	1	32247213	32248858
ENSG00000182866	1	32251242	32286172
ENSG00000116478	1	32291917	32333637
ENSG00000175130	1	32333562	32336243
ENSG00000162526	1	32351519	32364314
ENSG00000225828	1	32361268	32364280
ENSG00000160058	1	32364631	32394733
ENSG00000273274	1	32465045	32496688
ENSG00000254553	1	32465055	32600794
ENSG00000160062	1	32539132	32605943
ENSG00000176261	1	32599888	32651013
ENSG00000162521	1	32651041	32705901
ENSG00000162520	1	32679410	32703598
ENSG00000162522	1	32741694	32774972
ENSG00000134684	1	32774774	32818033
ENSG00000116497	1	32816406	32858881
ENSG00000160097	1	32862266	32872484
ENSG00000121905	1	32881496	32898443
ENSG00000121900	1	32894591	32901442
ENSG00000116514	1	32929034	32964940
ENSG00000004455	1	33006558	33080998
ENSG00000142920	1	33081102	33123494
ENSG00000116525	1	33145397	33182094
ENSG00000160094	1	33256271	33300721
ENSG00000184389	1	33306764	33321100
ENSG00000134686	1	33321753	33431097
ENSG00000121903	1	33472465	33501645
ENSG00000121904	1	33513996	34165844
ENSG00000176256	1	33860473	33864793
ENSG00000142698	1	34166881	34219133
ENSG00000163866	1	34712735	34859832
ENSG00000189280	1	34755011	34758514
ENSG00000189433	1	34759738	34763726
ENSG00000188910	1	34781173	34786371
ENSG00000187513	1	34792990	34795758
ENSG00000116544	1	34861405	34929666
ENSG00000284773	1	34974354	34985315
ENSG00000243749	1	34981378	34985352
ENSG00000271741	1	34981531	35031743
ENSG00000163867	1	34986142	35031975
ENSG00000197056	1	35032170	35118820
ENSG00000116560	1	35176376	35193448
ENSG00000146463	1	35268662	35423215
ENSG00000142687	1	35393881	35557952
ENSG00000020129	1	35557440	35567276
ENSG00000116819	1	35573307	35595592
ENSG00000126067	1	35599539	35641570
ENSG00000142686	1	35713873	35718896
ENSG00000092853	1	35720200	35770004
ENSG00000134698	1	35807974	35857892
ENSG00000092847	1	35869806	35930534
ENSG00000126070	1	35930694	36072502
ENSG00000092850	1	36084078	36088280
ENSG00000116863	1	36088871	36095463
ENSG00000171812	1	36095237	36125236
ENSG00000054116	1	36136568	36156055
ENSG00000116871	1	36155539	36180851
ENSG00000054118	1	36224390	36305378
ENSG00000214193	1	36306312	36329342
ENSG00000142694	1	36322028	36324156
ENSG00000196182	1	36339618	36385934
ENSG00000181817	1	36388812	36397947
ENSG00000116885	1	36415271	36450493
ENSG00000116898	1	36455716	36464420
ENSG00000119535	1	36465667	36483324
ENSG00000163873	1	36795525	37034535
ENSG00000163874	1	37474494	37484381
ENSG00000163875	1	37489991	37515102
ENSG00000163877	1	37534447	37554306
ENSG00000163879	1	37556916	37566859
ENSG00000134697	1	37565879	37595957
ENSG00000169218	1	37610800	37635606
ENSG00000116922	1	37681568	37692298
ENSG00000134690	1	37692471	37709721
ENSG00000183317	1	37713878	37765157
ENSG00000185090	1	37793786	37804747
ENSG00000196449	1	37802943	37808218
ENSG00000197982	1	37806977	37809888
ENSG00000188786	1	37809572	37859616
ENSG00000204084	1	37860694	37947243
ENSG00000183431	1	37956973	37990683
ENSG00000183386	1	37994392	38006382
ENSG00000183520	1	38009109	38024830
ENSG00000185668	1	38043827	38046795
ENSG00000116954	1	38838196	38859774
ENSG00000214114	1	38862354	38873390
ENSG00000274944	1	38864499	38881619
ENSG00000131233	1	38874067	38881589
ENSG00000158315	1	38885804	38941847
ENSG00000174574	1	38991252	39007694
ENSG00000168653	1	39026316	39049720
ENSG00000127603	1	39081314	39487757
ENSG00000183682	1	39491067	39529871
ENSG00000090621	1	39560707	39576902
ENSG00000163909	1	39608859	39639688
ENSG00000116981	1	39651227	39673330
ENSG00000116983	1	39678646	39691720
ENSG00000084072	1	39692180	39766110
ENSG00000116985	1	39756763	39788867
ENSG00000198754	1	39769521	39771350
ENSG00000043514	1	39838108	39883513
ENSG00000116990	1	39893595	39902258
ENSG00000168389	1	39955110	39972136
ENSG00000131236	1	40039733	40072769
ENSG00000131238	1	40072708	40097269
ENSG00000117000	1	40161355	40240925
ENSG00000188800	1	40245945	40251686
ENSG00000084073	1	40258039	40294201
ENSG00000049089	1	40300485	40317815
ENSG00000084070	1	40344848	40423328
ENSG00000187801	1	40450051	40464144
ENSG00000187815	1	40477231	40497333
ENSG00000164002	1	40508439	40518871
ENSG00000117010	1	40531555	40593267
ENSG00000117016	1	40620677	40665730
ENSG00000066136	1	40691568	40771608
ENSG00000117013	1	40783673	40840459
ENSG00000179862	1	40861052	40862365
ENSG00000171793	1	40979298	41056386
ENSG00000171790	1	41015587	41024553
ENSG00000010803	1	41025398	41242326
ENSG00000204060	1	41361920	41383592
ENSG00000127129	1	41478772	41500504
ENSG00000127124	1	41506363	42035927
ENSG00000284895	1	41585304	41628818
ENSG00000044012	1	42153398	42155822
ENSG00000197273	1	42162688	42164817
ENSG00000198815	1	42176533	42335915
ENSG00000177181	1	42380770	42424234
ENSG00000066185	1	42430313	42456255
ENSG00000127125	1	42456115	42473419
ENSG00000186409	1	42463219	42657192
ENSG00000171960	1	42658183	42676760
ENSG00000065978	1	42682142	42703807
ENSG00000164007	1	42733091	42740288
ENSG00000117385	1	42746333	42767086
ENSG00000164008	1	42767243	42781982
ENSG00000283580	1	42767290	42794495
ENSG00000274386	1	42784989	42816621
ENSG00000177868	1	42788322	42824812
ENSG00000164010	1	42817076	42845922
ENSG00000164011	1	42846571	42854025
ENSG00000117394	1	42925351	42958906
ENSG00000186973	1	43145151	43156398
ENSG00000117395	1	43162083	43270938
ENSG00000243710	1	43172324	43254360
ENSG00000179178	1	43269974	43274009
ENSG00000253313	1	43281269	43285910
ENSG00000066056	1	43300956	43325217
ENSG00000117400	1	43337806	43354468
ENSG00000117399	1	43358905	43363214
ENSG00000066322	1	43363139	43368077
ENSG00000159479	1	43383904	43389825
ENSG00000198198	1	43389880	43454249
ENSG00000178922	1	43450595	43454001
ENSG00000142949	1	43525084	43626581
ENSG00000066135	1	43649254	43705520
ENSG00000284989	1	43650147	43931016
ENSG00000126091	1	43705822	43931169
ENSG00000117407	1	43933270	43937246
ENSG00000117408	1	43946670	43968026
ENSG00000132768	1	43969973	43973375
ENSG00000117410	1	43974485	43978301
ENSG00000117411	1	43978941	43991175
ENSG00000196517	1	43989351	44031769
ENSG00000159214	1	43991350	43996531
ENSG00000171872	1	44118819	44135389
ENSG00000283039	1	44137819	44141633
ENSG00000178028	1	44213425	44230040
ENSG00000117419	1	44221068	44355269
ENSG00000187147	1	44405140	44651726
ENSG00000126106	1	44635235	44674621
ENSG00000198520	1	44674690	44725593
ENSG00000142945	1	44739808	44767769
ENSG00000142937	1	44775249	44779126
ENSG00000142959	1	44781834	44791552
ENSG00000173846	1	44799913	44805997
ENSG00000188396	1	44805883	44807419
ENSG00000222009	1	44808504	44817383
ENSG00000117425	1	44819152	44843255
ENSG00000070785	1	44850462	44986724
ENSG00000126107	1	45002538	45011371
ENSG00000126088	1	45010948	45015579
ENSG00000162415	1	45016393	45306211
ENSG00000186603	1	45326893	45328712
ENSG00000132781	1	45329161	45340895
ENSG00000288208	1	45329260	45491157
ENSG00000132773	1	45339936	45345625
ENSG00000070759	1	45343875	45491205
ENSG00000280670	1	45493861	45500165
ENSG00000132763	1	45500184	45513384
ENSG00000117450	1	45510912	45542818
ENSG00000117448	1	45550473	45570053
ENSG00000132780	1	45583574	45618907
ENSG00000159588	1	45620042	45624064
ENSG00000159592	1	45627282	45688410
ENSG00000159596	1	45688147	45718152
ENSG00000197429	1	45692368	45750807
ENSG00000086015	1	45786985	46036230
ENSG00000117461	1	46040138	46133348
ENSG00000278139	1	46043659	46176490
ENSG00000250719	1	46171015	46176490
ENSG00000117472	1	46173778	46196492
ENSG00000085998	1	46188679	46220307
ENSG00000171357	1	46203189	46223720
ENSG00000085999	1	46246459	46282461
ENSG00000132128	1	46261193	46303632
ENSG00000173660	1	46300898	46334912
ENSG00000117481	1	46340689	46369220
ENSG00000117480	1	46394263	46415756
ENSG00000197587	1	46489820	46516220
ENSG00000282881	1	46532164	46544568
ENSG00000162456	1	46545639	46551649
ENSG00000079277	1	46557405	46616852
ENSG00000142961	1	46607705	46616891
ENSG00000123472	1	46632069	46673869
ENSG00000186118	1	46668853	46673597
ENSG00000159658	1	46674657	46719148
ENSG00000142973	1	46757836	46870223
ENSG00000187048	1	46928860	46941596
ENSG00000186377	1	47023591	47050753
ENSG00000186160	1	47067229	47118320
ENSG00000162365	1	47137386	47174330
ENSG00000162366	1	47183580	47191400
ENSG00000162367	1	47216288	47232227
ENSG00000123473	1	47250137	47314894
ENSG00000162368	1	47333778	47409052
ENSG00000186790	1	47416283	47418054
ENSG00000186564	1	47438042	47440693
ENSG00000269113	1	47760526	47997393
ENSG00000117834	1	48222683	48248913
ENSG00000132122	1	48294988	48472281
ENSG00000186094	1	48532852	50023980
ENSG00000162373	1	48727517	48777022
ENSG00000162374	1	50024027	50203774
ENSG00000142700	1	50417548	50423475
ENSG00000185104	1	50437026	50960290
ENSG00000123080	1	50960743	50975656
ENSG00000204006	1	51102219	51148088
ENSG00000123091	1	51235623	51289234
ENSG00000085831	1	51286310	51345123
ENSG00000085832	1	51354261	51519389
ENSG00000117859	1	51577177	51798429
ENSG00000078618	1	51787515	51878813
ENSG00000169213	1	51907954	51990748
ENSG00000117862	1	52020128	52056190
ENSG00000285839	1	52020151	52033352
ENSG00000198841	1	52032101	52033812
ENSG00000134717	1	52056197	52101455
ENSG00000157077	1	52141881	52348673
ENSG00000154222	1	52345712	52366320
ENSG00000085840	1	52370992	52404494
ENSG00000134748	1	52404058	52421228
ENSG00000134744	1	52408280	52553506
ENSG00000116157	1	52602278	52609145
ENSG00000182183	1	52633166	52670145
ENSG00000162377	1	52662883	52698371
ENSG00000162378	1	52726388	52827338
ENSG00000203995	1	52842509	52895000
ENSG00000121310	1	52895908	52927214
ENSG00000116171	1	52927253	53051710
ENSG00000174348	1	53061291	53093683
ENSG00000162383	1	53087177	53142640
ENSG00000157184	1	53196768	53214199
ENSG00000162384	1	53214097	53220659
ENSG00000162385	1	53226636	53238628
ENSG00000157193	1	53242362	53328471
ENSG00000293253	1	53413147	53440020
ENSG00000143006	1	53459389	53467490
ENSG00000174332	1	53506230	53739227
ENSG00000058804	1	53765458	53838584
ENSG00000058799	1	53847529	53890685
ENSG00000211452	1	53891237	53911088
ENSG00000081870	1	53911571	53946590
ENSG00000116212	1	53946043	53968170
ENSG00000203985	1	54007296	54018196
ENSG00000116209	1	54026679	54053506
ENSG00000116205	1	54052865	54112526
ENSG00000256407	1	54132684	54200075
ENSG00000157211	1	54132685	54153772
ENSG00000215883	1	54169644	54200075
ENSG00000116221	1	54184039	54225491
ENSG00000157216	1	54225311	54413481
ENSG00000162390	1	54542255	54639217
ENSG00000162391	1	54609175	54623558
ENSG00000184313	1	54641752	54710268
ENSG00000271723	1	54641784	54742310
ENSG00000243725	1	54715816	54743467
ENSG00000162396	1	54756589	54764551
ENSG00000006555	1	54779710	54801510
ENSG00000162398	1	54806061	54842544
ENSG00000116133	1	54832260	54887226
ENSG00000143001	1	54886831	54992298
ENSG00000162399	1	54998904	55017174
ENSG00000169174	1	55039443	55064854
ENSG00000162402	1	55066220	55215755
ENSG00000284686	1	56173431	56524497
ENSG00000162407	1	56494749	56645303
ENSG00000162409	1	56645204	56715337
ENSG00000187889	1	56718787	56819737
ENSG00000157131	1	56854750	56918225
ENSG00000021852	1	56928280	56974385
ENSG00000173406	1	56994776	58546736
ENSG00000162600	1	58415382	58546840
ENSG00000184292	1	58575431	58577254
ENSG00000162601	1	58643438	58700110
ENSG00000177606	1	58776843	58784050
ENSG00000172456	1	59295908	59810649
ENSG00000134709	1	59814784	59876372
ENSG00000134716	1	59893289	59926830
ENSG00000162598	1	59987267	60073777
ENSG00000162599	1	60865257	61462790
ENSG00000162604	1	61673634	61725425
ENSG00000132849	1	61742289	62180555
ENSG00000240563	1	62194255	62235062
ENSG00000132854	1	62236163	62319436
ENSG00000162607	1	62436039	62454459
ENSG00000116641	1	62454296	62688551
ENSG00000132855	1	62597462	62607701
ENSG00000125703	1	62783819	62866219
ENSG00000142856	1	63320882	63593723
ENSG00000088035	1	63321728	63440450
ENSG00000187140	1	63322565	63325130
ENSG00000203965	1	63523315	63572695
ENSG00000079739	1	63593149	63660247
ENSG00000185483	1	63773985	64181627
ENSG00000177414	1	64203621	64267370
ENSG00000158966	1	64469763	64693060
ENSG00000162437	1	64744859	64833235
ENSG00000162434	1	64833221	65067756
ENSG00000162433	1	65146900	65232198
ENSG00000116675	1	65248217	65415873
ENSG00000116678	1	65420541	65641561
ENSG00000213625	1	65420545	65436053
ENSG00000184588	1	65792512	66374584
ENSG00000118473	1	66533265	66751141
ENSG00000152760	1	66751739	66779053
ENSG00000172410	1	66797738	66801278
ENSG00000152763	1	66812883	66924892
ENSG00000198160	1	66924893	66989413
ENSG00000116704	1	66945903	67054402
ENSG00000203963	1	67092003	67231855
ENSG00000162594	1	67138905	67265875
ENSG00000081985	1	67307362	67398726
ENSG00000142864	1	67406387	67430420
ENSG00000116717	1	67685046	67691167
ENSG00000172380	1	67701459	67833813
ENSG00000162595	1	68045511	68051719
ENSG00000116729	1	68095396	68233122
ENSG00000116745	1	68428820	68451105
ENSG00000024526	1	68474150	68497232
ENSG00000033122	1	69567869	70151947
ENSG00000066557	1	70143213	70205667
ENSG00000116754	1	70205668	70253054
ENSG00000118454	1	70258997	70354749
ENSG00000116761	1	70406192	70443521
ENSG00000050628	1	70852303	71047825
ENSG00000132485	1	71063249	71081291
ENSG00000172260	1	71395941	72282541
ENSG00000162620	1	74026013	74198198
ENSG00000254685	1	74198208	74234417
ENSG00000259030	1	74198233	74544395
ENSG00000116783	1	74235283	74544434
ENSG00000162621	1	74469374	74512613
ENSG00000178965	1	74568115	74673924
ENSG00000116791	1	74700527	74733130
ENSG00000162623	1	74733112	74767557
ENSG00000162624	1	75128432	75161535
ENSG00000137968	1	75202127	75611116
ENSG00000117054	1	75724429	75787577
ENSG00000137955	1	75786169	75795339
ENSG00000057468	1	75796880	75913244
ENSG00000154007	1	75918871	75932411
ENSG00000184005	1	76074700	76634605
ENSG00000117069	1	76867323	77067851
ENSG00000142892	1	77088979	77219510
ENSG00000154027	1	77281851	77559968
ENSG00000036549	1	77562414	77683552
ENSG00000077254	1	77694722	77759906
ENSG00000180488	1	77779617	77879597
ENSG00000162614	1	77888172	77943900
ENSG00000162613	1	77944053	77979529
ENSG00000162616	1	77979068	78019866
ENSG00000137960	1	77979540	78138465
ENSG00000122420	1	78303882	78540703
ENSG00000137959	1	78619900	78646147
ENSG00000137965	1	78647076	78664414
ENSG00000162618	1	78888171	79282126
ENSG00000117114	1	81306097	81993942
ENSG00000137941	1	83865022	83999415
ENSG00000142875	1	84077947	84239682
ENSG00000203943	1	84298364	84389959
ENSG00000137976	1	84398482	84415646
ENSG00000117133	1	84479243	84499679
ENSG00000174021	1	84489405	84507239
ENSG00000122432	1	84505489	84567381
ENSG00000117151	1	84541986	84574486
ENSG00000117155	1	84643119	84690957
ENSG00000171517	1	84811539	84893542
ENSG00000153898	1	84925581	84997141
ENSG00000162643	1	84999145	85133276
ENSG00000055732	1	85018080	85048889
ENSG00000097096	1	85156509	85201753
ENSG00000162642	1	85249951	85259688
ENSG00000142867	1	85265774	85276642
ENSG00000153904	1	85318479	85578365
ENSG00000142871	1	85580114	85584591
ENSG00000117174	1	85649415	85708435
ENSG00000171502	1	85728506	86156945
ENSG00000122417	1	86346822	86396345
ENSG00000137975	1	86423481	86456555
ENSG00000016490	1	86468366	86501403
ENSG00000016602	1	86547074	86580760
ENSG00000097033	1	86704508	86748186
ENSG00000183291	1	86861212	86914426
ENSG00000153936	1	86914615	87110763
ENSG00000267561	1	86993007	87169206
ENSG00000143013	1	87328426	87348925
ENSG00000065243	1	88684216	88836257
ENSG00000137947	1	88808324	88891946
ENSG00000137944	1	88921035	88993004
ENSG00000213516	1	88978811	88993004
ENSG00000117226	1	89006664	89022896
ENSG00000117228	1	89051133	89072771
ENSG00000162645	1	89106130	89150458
ENSG00000213512	1	89130233	89176085
ENSG00000162654	1	89181142	89198955
ENSG00000154451	1	89256187	89272894
ENSG00000183347	1	89363893	89388162
ENSG00000197147	1	89524158	89597863
ENSG00000288629	1	89579590	89579656
ENSG00000171488	1	89632691	89769905
ENSG00000271949	1	89633138	89933252
ENSG00000171492	1	89820971	89936613
ENSG00000162664	1	89995108	90035550
ENSG00000143032	1	90711525	90717957
ENSG00000122482	1	90912450	91022378
ENSG00000162669	1	91260759	91404858
ENSG00000097046	1	91500533	91527945
ENSG00000069702	1	91680341	91906337
ENSG00000137948	1	91949341	92014428
ENSG00000172031	1	92029425	92063730
ENSG00000230667	1	92074531	92075413
ENSG00000189195	1	92080303	92184727
ENSG00000203910	1	92217913	92245815
ENSG00000174842	1	92245784	92299011
ENSG00000122484	1	92299008	92438689
ENSG00000162676	1	92472358	92486927
ENSG00000067208	1	92508694	92792426
ENSG00000154511	1	92830512	92961524
ENSG00000122406	1	92831988	92841926
ENSG00000117500	1	93054820	93181133
ENSG00000143033	1	93079233	93139873
ENSG00000122483	1	93179756	93279050
ENSG00000117505	1	93345876	93369495
ENSG00000137942	1	93448048	93554663
ENSG00000137936	1	93561176	93847490
ENSG00000067334	1	93866282	93879920
ENSG00000023909	1	93885197	93909656
ENSG00000198691	1	93992832	94121179
ENSG00000137962	1	94148986	94275070
ENSG00000117528	1	94418037	94519351
ENSG00000117525	1	94528261	94541853
ENSG00000143036	1	94820276	94895248
ENSG00000117519	1	94896947	94927751
ENSG00000172339	1	94974403	95072985
ENSG00000152078	1	95096668	95197609
ENSG00000271092	1	95117921	95247227
ENSG00000122481	1	95234065	95247693
ENSG00000117569	1	96721282	96823740
ENSG00000188641	1	97077741	97995002
ENSG00000162627	1	98661623	98777719
ENSG00000117598	1	98890243	99227931
ENSG00000117600	1	99264256	99309592
ENSG00000099260	1	99645497	99695180
ENSG00000156869	1	99703968	99766644
ENSG00000162688	1	99849775	99924429
ENSG00000117620	1	99969349	100035636
ENSG00000283761	1	99970009	100083323
ENSG00000156875	1	100038074	100083950
ENSG00000156876	1	100083561	100132957
ENSG00000122435	1	100133041	100151152
ENSG00000122477	1	100146520	100178308
ENSG00000137992	1	100182220	100249875
ENSG00000137996	1	100266152	100292771
ENSG00000079335	1	100325627	100520566
ENSG00000181656	1	100538103	100542023
ENSG00000162692	1	100719682	100739047
ENSG00000162694	1	100871369	100896002
ENSG00000162695	1	100896059	100996629
ENSG00000117543	1	100926284	101026119
ENSG00000170989	1	101235364	101243751
ENSG00000118733	1	101786268	101997226
ENSG00000060718	1	102876465	103108874
ENSG00000185946	1	103525670	103555241
ENSG00000240038	1	103553813	103579536
ENSG00000243480	1	103617425	103625782
ENSG00000237763	1	103650590	103664631
ENSG00000174876	1	103687413	103701066
ENSG00000187733	1	103745124	103758728
ENSG00000198890	1	107056672	107067638
ENSG00000162631	1	107139967	107484925
ENSG00000134215	1	107571159	107965277
ENSG00000085491	1	108128727	108200879
ENSG00000196427	1	108222462	108244083
ENSG00000186086	1	108450280	108471922
ENSG00000162636	1	108560029	108644902
ENSG00000162639	1	108648283	108661528
ENSG00000134186	1	108692290	108702930
ENSG00000143107	1	108712901	108746054
ENSG00000116266	1	108746604	108809528
ENSG00000162641	1	108815896	108963486
ENSG00000121957	1	108875348	108934547
ENSG00000121940	1	108881883	108963529
ENSG00000085433	1	108970209	109042171
ENSG00000197780	1	109062487	109076016
ENSG00000215717	1	109090360	109096937
ENSG00000179902	1	109105949	109113859
ENSG00000116299	1	109113173	109206783
ENSG00000031698	1	109213842	109239458
ENSG00000143126	1	109249537	109275753
ENSG00000134222	1	109279051	109284109
ENSG00000221986	1	109292361	109307215
ENSG00000134243	1	109309566	109397969
ENSG00000143106	1	109399040	109426473
ENSG00000143028	1	109466527	109482144
ENSG00000162650	1	109483477	109492814
ENSG00000174151	1	109494050	109502934
ENSG00000181754	1	109503462	109509760
ENSG00000156097	1	109539870	109548408
ENSG00000065135	1	109548580	109600197
ENSG00000134183	1	109601405	109619931
ENSG00000116337	1	109616102	109632057
ENSG00000168765	1	109656067	109665802
ENSG00000213366	1	109667346	109709554
ENSG00000134184	1	109687307	109709554
ENSG00000134201	1	109711744	109776021
ENSG00000134202	1	109731686	109741040
ENSG00000198758	1	109750076	109764064
ENSG00000184371	1	109910240	109930995
ENSG00000168710	1	109984719	110023744
ENSG00000143093	1	110031575	110074643
ENSG00000156150	1	110059868	110070679
ENSG00000186150	1	110112441	110113949
ENSG00000197106	1	110150480	110202204
ENSG00000116396	1	110210093	110283102
ENSG00000162775	1	110338504	110346683
ENSG00000168679	1	110362845	110391084
ENSG00000134248	1	110401247	110407965
ENSG00000143125	1	110451056	110457360
ENSG00000143105	1	110517215	110519177
ENSG00000177301	1	110519835	110631476
ENSG00000177272	1	110653558	110674942
ENSG00000143119	1	110871168	110899938
ENSG00000121931	1	110946287	110964095
ENSG00000156171	1	111114204	111140227
ENSG00000134255	1	111139416	111187181
ENSG00000162777	1	111183874	111204537
ENSG00000064886	1	111200769	111243442
ENSG00000134216	1	111290849	111320568
ENSG00000173947	1	111346267	111355115
ENSG00000085465	1	111413377	111427737
ENSG00000116455	1	111437220	111449299
ENSG00000116459	1	111448109	111468529
ENSG00000143110	1	111473752	111478515
ENSG00000121933	1	111480666	111563964
ENSG00000282608	1	111499427	111503856
ENSG00000116473	1	111542007	111716693
ENSG00000197852	1	111680221	111755826
ENSG00000064703	1	111754830	111775604
ENSG00000171385	1	111770660	111990133
ENSG00000143079	1	112396196	112463458
ENSG00000134245	1	112466539	112530167
ENSG00000007341	1	112523471	112620827
ENSG00000116489	1	112619171	112672749
ENSG00000155363	1	112673139	112702417
ENSG00000155366	1	112699763	112707899
ENSG00000271810	1	112702612	112711435
ENSG00000155367	1	112709992	112715504
ENSG00000184599	1	112718879	112729078
ENSG00000155380	1	112904041	112957595
ENSG00000198799	1	113073166	113132262
ENSG00000081026	1	113390388	113687433
ENSG00000116793	1	113696050	113759910
ENSG00000081019	1	113761427	113812553
ENSG00000134242	1	113813809	113871755
ENSG00000188761	1	113876814	113887590
ENSG00000134262	1	113894192	113905724
ENSG00000118655	1	113904401	113914142
ENSG00000163349	1	113929322	113977871
ENSG00000116774	1	113979022	114035574
ENSG00000134207	1	114089289	114153882
ENSG00000197323	1	114392779	114511246
ENSG00000116752	1	114547041	114581727
ENSG00000175984	1	114582846	114670453
ENSG00000116748	1	114673088	114695622
ENSG00000213281	1	114704466	114716777
ENSG00000009307	1	114716911	114758706
ENSG00000052723	1	114769477	114780708
ENSG00000198765	1	114854834	114995372
ENSG00000134200	1	115029824	115034304
ENSG00000134198	1	115047054	115089530
ENSG00000134259	1	115285902	115338772
ENSG00000173218	1	115641852	115698226
ENSG00000118729	1	115697986	115837923
ENSG00000177551	1	115836375	115843919
ENSG00000163393	1	115976308	116072749
ENSG00000173212	1	116111066	116138151
ENSG00000163399	1	116372666	116410263
ENSG00000116815	1	116499483	116571063
ENSG00000143061	1	116574391	116667822
ENSG00000116824	1	116754368	116769231
ENSG00000134247	1	116909868	116990360
ENSG00000134256	1	117001719	117036554
ENSG00000116830	1	117060283	117107455
ENSG00000134253	1	117111058	117122589
ENSG00000134258	1	117142379	117210962
ENSG00000198162	1	117366677	117551459
ENSG00000183508	1	117605924	117628391
ENSG00000196505	1	117863483	117929664
ENSG00000065183	1	117929061	117966545
ENSG00000155761	1	117953220	118185246
ENSG00000092607	1	118883044	118989558
ENSG00000116874	1	119029162	119140681
ENSG00000116882	1	119368725	119394260
ENSG00000203859	1	119413723	119453804
ENSG00000203857	1	119493055	119529428
ENSG00000143067	1	119619375	119648456
ENSG00000092621	1	119648409	119744229
ENSG00000134240	1	119747977	119769094
ENSG00000134193	1	119794015	119811582
ENSG00000134249	1	119893531	119896517
ENSG00000134250	1	119909254	120100781
ENSG00000265808	1	120150896	120176535
ENSG00000270231	1	120415033	120469678
ENSG00000273136	1	120723910	120842231
ENSG00000286106	1	120723910	120794853
ENSG00000263353	1	120889769	120890532
ENSG00000188610	1	121167644	121185541
ENSG00000171943	1	121184809	121392876
ENSG00000273213	1	143894542	143905979
ENSG00000263513	1	143955285	143971988
ENSG00000271567	1	144372873	144373636
ENSG00000266338	1	144421388	144461766
ENSG00000279782	1	144592891	144593654
ENSG00000196369	1	144887189	145095530
ENSG00000215784	1	145095966	145112698
ENSG00000289549	1	145241413	145242176
ENSG00000162825	1	145289898	145425626
ENSG00000117262	1	145607973	145671423
ENSG00000174827	1	145670846	145721617
ENSG00000117281	1	145719441	145740762
ENSG00000265491	1	145738866	145824136
ENSG00000186141	1	145823774	145844723
ENSG00000186364	1	145845601	145848956
ENSG00000131788	1	145848519	145859838
ENSG00000198483	1	145865388	145886090
ENSG00000143127	1	145891204	145910113
ENSG00000131779	1	145911346	145918749
ENSG00000289565	1	145917712	145926743
ENSG00000265241	1	145920933	145928069
ENSG00000280778	1	145927256	145977813
ENSG00000271601	1	145933421	145958057
ENSG00000121851	1	145957024	145978851
ENSG00000272031	1	145959439	145964577
ENSG00000265972	1	145992433	145996582
ENSG00000168509	1	146017466	146036748
ENSG00000271425	1	146064709	146229002
ENSG00000264343	1	146145522	146229075
ENSG00000270339	1	146344004	146344767
ENSG00000268043	1	146938311	146998029
ENSG00000131791	1	147155104	147173718
ENSG00000131781	1	147175349	147243052
ENSG00000131778	1	147242641	147295769
ENSG00000116128	1	147541335	147626228
ENSG00000288626	1	147611588	147611798
ENSG00000162836	1	147629650	147670543
ENSG00000265107	1	147755802	147773392
ENSG00000121634	1	147902793	147909271
ENSG00000188092	1	147928320	147993852
ENSG00000263956	1	148100199	148152344
ENSG00000236334	1	148482546	148483304
ENSG00000270629	1	148531383	148679744
ENSG00000286019	1	148597329	148679754
ENSG00000177144	1	148748772	148752417
ENSG00000178104	1	148808138	149048288
ENSG00000269713	1	149052184	149103593
ENSG00000286219	1	149390532	149471835
ENSG00000286185	1	149390621	149556363
ENSG00000271383	1	149474813	149556363
ENSG00000288867	1	149583846	149584609
ENSG00000150337	1	149734949	149792528
ENSG00000203814	1	149755108	149812376
ENSG00000183598	1	149813223	149813695
ENSG00000270882	1	149832655	149839769
ENSG00000203811	1	149840685	149841210
ENSG00000288825	1	149842216	149842752
ENSG00000288859	1	149851059	149851654
ENSG00000203852	1	149852606	149853127
ENSG00000270276	1	149854043	149861161
ENSG00000184678	1	149884457	149886684
ENSG00000178096	1	149886404	149900800
ENSG00000184260	1	149886916	149887413
ENSG00000184270	1	149887467	149887967
ENSG00000159164	1	149903316	149918574
ENSG00000143368	1	149923315	149928270
ENSG00000014914	1	149928648	149937536
ENSG00000264522	1	149937810	150010760
ENSG00000136631	1	150067277	150145331
ENSG00000023902	1	150149181	150164722
ENSG00000143401	1	150217461	150236204
ENSG00000118298	1	150257067	150265080
ENSG00000117362	1	150265040	150269582
ENSG00000118292	1	150268032	150281746
ENSG00000159208	1	150282525	150287095
ENSG00000266472	1	150293846	150309830
ENSG00000117360	1	150321474	150353343
ENSG00000163125	1	150363089	150477001
ENSG00000143374	1	150487323	150507616
ENSG00000143369	1	150507987	150515002
ENSG00000143382	1	150549367	150560939
ENSG00000143384	1	150560893	150579740
ENSG00000143420	1	150599669	150629635
ENSG00000143457	1	150638725	150697224
ENSG00000143452	1	150698057	150720897
ENSG00000163131	1	150730077	150765959
ENSG00000143387	1	150794878	150809579
ENSG00000143437	1	150808615	150876773
ENSG00000283324	1	150887134	150913294
ENSG00000143379	1	150926261	150964750
ENSG00000143418	1	150959097	150977398
ENSG00000143412	1	150981319	150996079
ENSG00000143409	1	150995123	151008378
ENSG00000143363	1	151008406	151035716
ENSG00000163141	1	151036319	151047722
ENSG00000143443	1	151047744	151051988
ENSG00000197622	1	151050240	151070327
ENSG00000213190	1	151054175	151069546
ENSG00000143458	1	151070512	151130111
ENSG00000143434	1	151131683	151147815
ENSG00000163154	1	151156619	151160257
ENSG00000163156	1	151156662	151179008
ENSG00000163155	1	151159746	151165950
ENSG00000163157	1	151169982	151176286
ENSG00000163159	1	151176302	151195323
ENSG00000143398	1	151197947	151249540
ENSG00000159352	1	151254707	151279504
ENSG00000143373	1	151281500	151292182
ENSG00000143393	1	151291790	151328396
ENSG00000143390	1	151340638	151347341
ENSG00000143416	1	151364155	151372718
ENSG00000159377	1	151399554	151401943
ENSG00000143442	1	151402722	151459513
ENSG00000143375	1	151510137	151538694
ENSG00000143367	1	151540303	151583585
ENSG00000143376	1	151611983	151699093
ENSG00000159409	1	151700056	151716805
ENSG00000178796	1	151710431	151729807
ENSG00000143436	1	151759641	151763524
ENSG00000143450	1	151762897	151771336
ENSG00000182134	1	151769797	151791418
ENSG00000213171	1	151800262	151805421
ENSG00000143365	1	151806019	151831847
ENSG00000225556	1	151837816	151840559
ENSG00000196407	1	151847099	151853714
ENSG00000159445	1	151870864	151909881
ENSG00000197747	1	151981695	151993893
ENSG00000163191	1	152032502	152047909
ENSG00000182898	1	152084139	152089066
ENSG00000159450	1	152106315	152115446
ENSG00000215853	1	152153593	152159230
ENSG00000197915	1	152212074	152224195
ENSG00000143631	1	152302163	152325241
ENSG00000143520	1	152348733	152360008
ENSG00000143536	1	152409240	152414281
ENSG00000186207	1	152510801	152512179
ENSG00000169509	1	152514480	152516010
ENSG00000185966	1	152565652	152566782
ENSG00000163202	1	152579379	152580518
ENSG00000244057	1	152600232	152601088
ENSG00000187238	1	152613809	152614100
ENSG00000185962	1	152622832	152623105
ENSG00000187223	1	152658822	152664661
ENSG00000187180	1	152675277	152676571
ENSG00000159455	1	152686121	152687399
ENSG00000187173	1	152698343	152699444
ENSG00000187170	1	152708158	152709436
ENSG00000198854	1	152719520	152720472
ENSG00000203786	1	152758023	152762058
ENSG00000240386	1	152775138	152777026
ENSG00000186226	1	152786212	152788428
ENSG00000172155	1	152796719	152798183
ENSG00000197084	1	152804830	152806653
ENSG00000196734	1	152811969	152813110
ENSG00000186844	1	152827471	152828099
ENSG00000235942	1	152842854	152843985
ENSG00000285946	1	152859994	152861254
ENSG00000163206	1	152870058	152885049
ENSG00000163207	1	152908537	152911888
ENSG00000283227	1	152947204	152949257
ENSG00000184148	1	152970646	152972576
ENSG00000169474	1	152984079	152985816
ENSG00000163209	1	153001741	153003861
ENSG00000169469	1	153031194	153032902
ENSG00000163216	1	153039724	153066353
ENSG00000241794	1	153056116	153065585
ENSG00000196805	1	153070214	153087836
ENSG00000203785	1	153093133	153119471
ENSG00000244094	1	153112117	153122901
ENSG00000159516	1	153149563	153164449
ENSG00000203784	1	153203428	153205122
ENSG00000203783	1	153217582	153219312
ENSG00000203782	1	153259685	153262126
ENSG00000159527	1	153297114	153312954
ENSG00000163218	1	153330118	153348843
ENSG00000163220	1	153357765	153361038
ENSG00000163221	1	153373701	153375662
ENSG00000143546	1	153390016	153422640
ENSG00000184330	1	153416518	153423224
ENSG00000143556	1	153457740	153460655
ENSG00000197956	1	153532724	153536551
ENSG00000196420	1	153537145	153543076
ENSG00000196154	1	153543611	153552137
ENSG00000188015	1	153547327	153550153
ENSG00000196754	1	153560948	153586678
ENSG00000188643	1	153606880	153614014
ENSG00000160678	1	153608921	153632046
ENSG00000189334	1	153614253	153616998
ENSG00000189171	1	153618610	153634444
ENSG00000160679	1	153633980	153646308
ENSG00000143553	1	153658672	153663932
ENSG00000143621	1	153661744	153671030
ENSG00000169418	1	153677963	153694112
ENSG00000143624	1	153728048	153774810
ENSG00000143554	1	153774206	153780182
ENSG00000143614	1	153789028	153923362
ENSG00000198837	1	153928860	153946751
ENSG00000160741	1	153947667	153958644
ENSG00000143570	1	153959097	153968669
ENSG00000285779	1	153959149	153975889
ENSG00000143578	1	153963717	153974368
ENSG00000143543	1	153974267	153978013
ENSG00000285641	1	153975848	153986248
ENSG00000143545	1	153981615	153986384
ENSG00000177954	1	153990747	153992346
ENSG00000143552	1	153992688	154155118
ENSG00000143549	1	154155306	154194650
ENSG00000163263	1	154199083	154206354
ENSG00000143612	1	154206664	154220688
ENSG00000143569	1	154220170	154271512
ENSG00000143575	1	154272324	154275884
ENSG00000143595	1	154321088	154325331
ENSG00000143515	1	154325509	154351309
ENSG00000160712	1	154405139	154469452
ENSG00000169291	1	154469635	154502868
ENSG00000163239	1	154501506	154548149
ENSG00000160714	1	154548548	154559030
ENSG00000160716	1	154567769	154580015
ENSG00000160710	1	154581693	154628015
ENSG00000143603	1	154697453	154870342
ENSG00000163344	1	154924730	154937010
ENSG00000163346	1	154944057	154956453
ENSG00000163348	1	154957023	154963855
ENSG00000160691	1	154962282	154974454
ENSG00000173207	1	154974639	154979258
ENSG00000160688	1	154983309	154993113
ENSG00000163352	1	154993584	154994317
ENSG00000160685	1	155002541	155018527
ENSG00000163354	1	155018518	155033783
ENSG00000163357	1	155033822	155050932
ENSG00000143537	1	155050564	155062782
ENSG00000243364	1	155063716	155069555
ENSG00000251246	1	155063746	155086809
ENSG00000143590	1	155078821	155087540
ENSG00000169242	1	155127450	155134901
ENSG00000169241	1	155135342	155138859
ENSG00000179085	1	155138455	155140597
ENSG00000163463	1	155169180	155173477
ENSG00000273088	1	155169407	155187274
ENSG00000163462	1	155173785	155184973
ENSG00000185499	1	155185822	155192918
ENSG00000169231	1	155195582	155209205
ENSG00000173171	1	155208693	155213826
ENSG00000177628	1	155231268	155245180
ENSG00000160767	1	155247203	155255826
ENSG00000116521	1	155255977	155262435
ENSG00000176444	1	155262745	155278493
ENSG00000143630	1	155277326	155289850
ENSG00000143627	1	155289263	155301445
ENSG00000160752	1	155304784	155320668
ENSG00000160753	1	155320737	155331424
ENSG00000116539	1	155335266	155563164
ENSG00000125459	1	155563233	155616646
ENSG00000287839	1	155626753	155648642
ENSG00000163374	1	155659444	155689336
ENSG00000132676	1	155687831	155740134
ENSG00000116580	1	155749657	155859441
ENSG00000132718	1	155859447	155885201
ENSG00000143622	1	155897806	155911410
ENSG00000132680	1	155913041	155934418
ENSG00000173080	1	155941636	155943089
ENSG00000116584	1	155944683	156007072
ENSG00000163479	1	156009039	156020974
ENSG00000160803	1	156026959	156053816
ENSG00000116586	1	156053914	156058819
ENSG00000132698	1	156061145	156070516
ENSG00000254726	1	156072011	156082467
ENSG00000160789	1	156082570	156140087
ENSG00000196189	1	156147364	156178871
ENSG00000160785	1	156193930	156212798
ENSG00000260238	1	156212980	156243334
ENSG00000160783	1	156212987	156240587
ENSG00000242252	1	156242152	156243319
ENSG00000160781	1	156243316	156248649
ENSG00000198952	1	156249221	156282864
ENSG00000163472	1	156282926	156293187
ENSG00000198715	1	156290086	156295701
ENSG00000189030	1	156298622	156299309
ENSG00000163468	1	156308790	156367875
ENSG00000163467	1	156337312	156347021
ENSG00000132677	1	156369013	156385223
ENSG00000116604	1	156463725	156501268
ENSG00000183856	1	156525403	156572606
ENSG00000187862	1	156579721	156587721
ENSG00000163382	1	156591736	156609509
ENSG00000160818	1	156594299	156601498
ENSG00000132702	1	156619329	156626592
ENSG00000132692	1	156641388	156659534
ENSG00000132688	1	156668761	156677417
ENSG00000143320	1	156699590	156708096
ENSG00000143319	1	156720649	156728838
ENSG00000143303	1	156728440	156736962
ENSG00000143314	1	156737290	156741592
ENSG00000143321	1	156742107	156766927
ENSG00000143294	1	156750608	156800820
ENSG00000027869	1	156806233	156817016
ENSG00000198400	1	156815634	156881852
ENSG00000027644	1	156840061	156859124
ENSG00000187800	1	156893654	156916434
ENSG00000160838	1	156920629	156934917
ENSG00000132694	1	156934838	157046905
ENSG00000253831	1	157092041	157117879
ENSG00000117036	1	157121189	157138954
ENSG00000143297	1	157513375	157552517
ENSG00000163518	1	157573745	157598087
ENSG00000160856	1	157674319	157700903
ENSG00000132704	1	157745731	157777271
ENSG00000163534	1	157792247	157820185
ENSG00000073754	1	157827032	157898258
ENSG00000183853	1	157993271	158100264
ENSG00000288460	1	158127285	158128303
ENSG00000158473	1	158178010	158186429
ENSG00000158477	1	158254413	158258271
ENSG00000158481	1	158289767	158294776
ENSG00000158485	1	158327949	158331540
ENSG00000158488	1	158353694	158357555
ENSG00000186306	1	158398520	158399468
ENSG00000180708	1	158418208	158426239
ENSG00000173285	1	158461572	158470859
ENSG00000198965	1	158472218	158480938
ENSG00000197532	1	158544548	158554407
ENSG00000186440	1	158560604	158570582
ENSG00000279111	1	158578917	158579901
ENSG00000198967	1	158605266	158612516
ENSG00000163554	1	158610702	158686717
ENSG00000196171	1	158699676	158700654
ENSG00000203757	1	158716325	158720722
ENSG00000197403	1	158747812	158772197
ENSG00000180433	1	158754718	158755893
ENSG00000188340	1	158774220	158781206
ENSG00000163563	1	158802262	158849519
ENSG00000163564	1	158930777	158977061
ENSG00000163565	1	158999936	159055158
ENSG00000289721	1	158999969	159002753
ENSG00000163568	1	159056127	159188224
ENSG00000162706	1	159171572	159203315
ENSG00000213088	1	159204566	159206502
ENSG00000179639	1	159289712	159308226
ENSG00000196266	1	159313718	159314661
ENSG00000249730	1	159432202	159433140
ENSG00000196184	1	159437843	159443080
ENSG00000184155	1	159535076	159536009
ENSG00000132703	1	159587816	159602432
ENSG00000132693	1	159711436	159714597
ENSG00000158716	1	159780929	159782545
ENSG00000181036	1	159800501	159816264
ENSG00000158714	1	159826680	159837494
ENSG00000256029	1	159834472	159873055
ENSG00000243284	1	159854314	159862659
ENSG00000213085	1	159872362	159900167
ENSG00000158710	1	159918104	159925548
ENSG00000085552	1	159927037	159949470
ENSG00000162723	1	159951490	159954239
ENSG00000177807	1	159998649	160070485
ENSG00000143315	1	160024951	160031992
ENSG00000162728	1	160081499	160094279
ENSG00000162729	1	160091338	160101111
ENSG00000018625	1	160115753	160143607
ENSG00000132681	1	160151584	160187595
ENSG00000143318	1	160190210	160201888
ENSG00000162734	1	160205326	160220337
ENSG00000132716	1	160214838	160263390
ENSG00000258465	1	160216798	160285132
ENSG00000162735	1	160266227	160286350
ENSG00000122218	1	160288578	160343568
ENSG00000162736	1	160343292	160358959
ENSG00000171786	1	160367069	160372848
ENSG00000162738	1	160400526	160428680
ENSG00000162739	1	160484815	160523275
ENSG00000066294	1	160541093	160579546
ENSG00000117090	1	160608098	160647058
ENSG00000117091	1	160678744	160711833
ENSG00000026751	1	160739055	160754823
ENSG00000122224	1	160796069	160828603
ENSG00000122223	1	160829073	160862906
ENSG00000179914	1	160876537	160893014
ENSG00000158764	1	160944264	160954891
ENSG00000158769	1	160985712	161023125
ENSG00000270149	1	160997955	161038964
ENSG00000215845	1	161037617	161039120
ENSG00000158773	1	161039247	161045984
ENSG00000186517	1	161046942	161069972
ENSG00000143217	1	161070986	161090047
ENSG00000162755	1	161098341	161100348
ENSG00000143256	1	161100554	161118072
ENSG00000158793	1	161118080	161125814
ENSG00000158796	1	161120955	161133282
ENSG00000143222	1	161152774	161159370
ENSG00000143258	1	161159448	161165725
ENSG00000143224	1	161165835	161178578
ENSG00000158850	1	161171302	161178654
ENSG00000158859	1	161184300	161200511
ENSG00000158864	1	161197102	161214725
ENSG00000158869	1	161215173	161220711
ENSG00000158874	1	161222288	161227268
ENSG00000158882	1	161225937	161233757
ENSG00000143257	1	161228773	161238278
ENSG00000248485	1	161258134	161285452
ENSG00000158887	1	161304733	161309976
ENSG00000143252	1	161314350	161363776
ENSG00000188931	1	161364731	161367887
ENSG00000143226	1	161505413	161524015
ENSG00000173110	1	161524538	161526896
ENSG00000203747	1	161541736	161550970
ENSG00000289768	1	161544805	161631458
ENSG00000244682	1	161581337	161605664
ENSG00000162747	1	161623191	161631965
ENSG00000072694	1	161661956	161679492
ENSG00000132185	1	161706956	161714354
ENSG00000162746	1	161721542	161731803
ENSG00000081721	1	161749756	161757240
ENSG00000118217	1	161766241	161977576
ENSG00000162745	1	161983189	162024391
ENSG00000198929	1	162069674	162370477
ENSG00000254706	1	162365405	162383533
ENSG00000171722	1	162373201	162376876
ENSG00000239887	1	162378839	162386814
ENSG00000198574	1	162395162	162412140
ENSG00000152332	1	162497249	162529633
ENSG00000117143	1	162561474	162616941
ENSG00000162733	1	162630855	162787407
ENSG00000132196	1	162790520	162814373
ENSG00000185860	1	162824456	162868959
ENSG00000117152	1	163068773	163076804
ENSG00000143248	1	163111119	163321793
ENSG00000143228	1	163266574	163355768
ENSG00000185630	1	164555582	164899298
ENSG00000162761	1	165201865	165356723
ENSG00000143171	1	165400920	165445357
ENSG00000162763	1	165543998	165563959
ENSG00000143198	1	165630845	165662099
ENSG00000143149	1	165662214	165698601
ENSG00000143183	1	165723727	165827757
ENSG00000143179	1	165827489	165911620
ENSG00000188859	1	166057424	166167008
ENSG00000143157	1	166839312	166863957
ENSG00000152382	1	166856373	166876362
ENSG00000143195	1	166895709	166975628
ENSG00000143194	1	166975580	167022216
ENSG00000143167	1	167048287	167166481
ENSG00000198842	1	167094067	167129211
ENSG00000143190	1	167220853	167427347
ENSG00000198821	1	167425025	167518642
ENSG00000143162	1	167527805	167553824
ENSG00000198771	1	167629658	167708708
ENSG00000197965	1	167721190	167794614
ENSG00000143199	1	167809096	167914217
ENSG00000143158	1	167916673	167937517
ENSG00000143164	1	167935781	168076848
ENSG00000143147	1	168079540	168137687
ENSG00000143155	1	168178818	168202116
ENSG00000213064	1	168225936	168263174
ENSG00000143178	1	168280875	168314428
ENSG00000143185	1	168540763	168544115
ENSG00000143184	1	168576594	168582071
ENSG00000143196	1	168695244	168729209
ENSG00000143153	1	169105695	169311256
ENSG00000143156	1	169132526	169367977
ENSG00000117475	1	169367965	169397304
ENSG00000117477	1	169394868	169460671
ENSG00000117479	1	169463537	169485990
ENSG00000198734	1	169511949	169586701
ENSG00000174175	1	169588419	169630195
ENSG00000000460	1	169662005	169873260
ENSG00000188404	1	169690663	169712204
ENSG00000007908	1	169722638	169764707
ENSG00000171806	1	169791739	169794993
ENSG00000000457	1	169816037	169894269
ENSG00000075945	1	169921070	170085210
ENSG00000203740	1	170145953	170168903
ENSG00000120370	1	170531817	170553836
ENSG00000116132	1	170662726	170739423
ENSG00000117501	1	170935427	171064767
ENSG00000007933	1	171085111	171118677
ENSG00000094963	1	171185247	171212688
ENSG00000010932	1	171248469	171285980
ENSG00000076258	1	171314089	171343759
ENSG00000117523	1	171485528	171593513
ENSG00000283683	1	171600619	171638801
ENSG00000034971	1	171635415	171652744
ENSG00000117533	1	171700158	171743208
ENSG00000010165	1	171781418	171814025
ENSG00000197959	1	171817885	172418468
ENSG00000135845	1	172370187	172444150
ENSG00000180999	1	172420673	172469122
ENSG00000094975	1	172532347	172613185
ENSG00000117560	1	172658988	172666893
ENSG00000120337	1	173039200	173050943
ENSG00000117586	1	173162643	173477585
ENSG00000117592	1	173476812	173494015
ENSG00000162753	1	173500458	173603079
ENSG00000285777	1	173596058	173669839
ENSG00000183831	1	173606031	173669870
ENSG00000232113	1	173635336	173637132
ENSG00000076321	1	173714907	173787507
ENSG00000120334	1	173794849	173824927
ENSG00000117593	1	173824538	173858810
ENSG00000185278	1	173868080	173903549
ENSG00000117601	1	173903412	173917545
ENSG00000135870	1	173931082	174022420
ENSG00000293562	1	174022120	174022300
ENSG00000152061	1	174159337	174995310
ENSG00000203737	1	174447962	174449547
ENSG00000116161	1	174999161	175022287
ENSG00000120333	1	175010787	175023473
ENSG00000120332	1	175067507	175148077
ENSG00000235750	1	175156984	175193267
ENSG00000116147	1	175315192	175743706
ENSG00000143207	1	175943859	176207525
ENSG00000116183	1	176463169	176845603
ENSG00000152092	1	176857300	177164975
ENSG00000198797	1	177170888	177282424
ENSG00000120341	1	177923697	177984305
ENSG00000075391	1	178093672	178484149
ENSG00000188585	1	178478787	178499636
ENSG00000240021	1	178513106	178548604
ENSG00000116191	1	178724841	178921856
ENSG00000116194	1	178846838	178872388
ENSG00000116199	1	179025802	179076569
ENSG00000186283	1	179081852	179098030
ENSG00000143322	1	179099328	179229686
ENSG00000057252	1	179293438	179358682
ENSG00000162779	1	179365718	179554737
ENSG00000116218	1	179550492	179575956
ENSG00000162782	1	179591611	179691274
ENSG00000143340	1	179742875	179817057
ENSG00000169905	1	179839965	179883036
ENSG00000143337	1	179882040	179921444
ENSG00000293564	1	179882314	179882395
ENSG00000135837	1	179954672	180114882
ENSG00000116260	1	180154804	180204032
ENSG00000121454	1	180228785	180278986
ENSG00000230124	1	180269651	180502956
ENSG00000143324	1	180632004	180890281
ENSG00000135835	1	180912895	180951616
ENSG00000135823	1	180972710	181023123
ENSG00000153029	1	181033372	181061940
ENSG00000162783	1	181088698	181092902
ENSG00000198216	1	181317688	181813264
ENSG00000179930	1	182054568	182061714
ENSG00000135821	1	182378096	182392208
ENSG00000203730	1	182398115	182400669
ENSG00000121446	1	182409190	182560601
ENSG00000135828	1	182563013	182589274
ENSG00000143333	1	182598621	182604396
ENSG00000135824	1	182641814	182684589
ENSG00000135838	1	182789261	182831019
ENSG00000135829	1	182839300	182888122
ENSG00000157060	1	182899863	182953527
ENSG00000135862	1	183023197	183145594
ENSG00000058085	1	183186055	183245129
ENSG00000157064	1	183244569	183418423
ENSG00000116698	1	183471869	183598248
ENSG00000116701	1	183554459	183593501
ENSG00000162704	1	183620844	183635910
ENSG00000143344	1	183636064	183928534
ENSG00000173627	1	183646273	183653318
ENSG00000198756	1	183929852	184037779
ENSG00000198860	1	184051627	184123980
ENSG00000116667	1	184386065	184629021
ENSG00000116406	1	184690235	184754909
ENSG00000135842	1	184790722	184974662
ENSG00000121481	1	185044863	185102852
ENSG00000121486	1	185118083	185157074
ENSG00000116668	1	185156101	185292207
ENSG00000116679	1	185292929	185317864
ENSG00000143341	1	185734369	186190951
ENSG00000116690	1	186296220	186314569
ENSG00000047410	1	186311186	186375695
ENSG00000157181	1	186375399	186421410
ENSG00000116703	1	186443564	186461116
ENSG00000073756	1	186671789	186680924
ENSG00000116711	1	186828947	186989904
ENSG00000162670	1	190097643	190478406
ENSG00000150681	1	192158342	192187174
ENSG00000253148	1	192316990	192367287
ENSG00000090104	1	192575761	192580039
ENSG00000127074	1	192636059	192660313
ENSG00000116741	1	192809036	192812285
ENSG00000116750	1	193012243	193060082
ENSG00000116747	1	193059420	193091779
ENSG00000023572	1	193078364	193106116
ENSG00000134371	1	193115730	193264615
ENSG00000162630	1	193177025	193186629
ENSG00000162687	1	196225777	196609227
ENSG00000000971	1	196651752	196753077
ENSG00000289697	1	196651850	196795395
ENSG00000116785	1	196774740	196803132
ENSG00000244414	1	196819312	196837161
ENSG00000134365	1	196888012	196920296
ENSG00000080910	1	196943729	196964410
ENSG00000134389	1	196975008	197009680
ENSG00000143278	1	197038735	197067269
ENSG00000066279	1	197084119	197146701
ENSG00000177888	1	197153680	197201451
ENSG00000134376	1	197268193	197478457
ENSG00000213047	1	197504746	197775708
ENSG00000203724	1	197902447	197907494
ENSG00000143355	1	197911900	197935480
ENSG00000151414	1	198156812	198322453
ENSG00000151418	1	198523209	198540947
ENSG00000081237	1	198629898	198759348
ENSG00000116833	1	200027573	200177422
ENSG00000162702	1	200400935	200410065
ENSG00000118193	1	200551495	200620778
ENSG00000118197	1	200623894	200670051
ENSG00000118200	1	200738883	200860753
ENSG00000170128	1	200872979	200874180
ENSG00000163362	1	200890993	200915744
ENSG00000116852	1	200969388	201023728
ENSG00000081248	1	201039510	201112466
ENSG00000232237	1	201113941	201127186
ENSG00000116857	1	201134770	201172332
ENSG00000163395	1	201190822	201228954
ENSG00000081277	1	201283450	201332995
ENSG00000118194	1	201356604	201379775
ENSG00000159166	1	201380210	201399917
ENSG00000159173	1	201403782	201429868
ENSG00000174307	1	201463856	201469432
ENSG00000159176	1	201483528	201540144
ENSG00000134369	1	201538944	201826971
ENSG00000198700	1	201829102	201884293
ENSG00000198892	1	201888673	201893074
ENSG00000163431	1	201896454	201946596
ENSG00000134375	1	201955474	201970782
ENSG00000176393	1	201982370	202006177
ENSG00000163435	1	202007943	202017185
ENSG00000170075	1	202122851	202133594
ENSG00000143862	1	202133402	202144757
ENSG00000143851	1	202147010	202161590
ENSG00000133067	1	202193690	202321662
ENSG00000077152	1	202328712	202341986
ENSG00000077157	1	202348664	202592708
ENSG00000143858	1	202590594	202710528
ENSG00000117139	1	202724493	202808528
ENSG00000183155	1	202876227	202889229
ENSG00000117153	1	202890850	202928638
ENSG00000159346	1	202940088	202958781
ENSG00000159348	1	202961116	202967289
ENSG00000163444	1	203006596	203025370
ENSG00000143847	1	203026468	203078742
ENSG00000122180	1	203083127	203086052
ENSG00000163485	1	203090652	203167409
ENSG00000133055	1	203167809	203175882
ENSG00000133048	1	203176894	203186802
ENSG00000133063	1	203212816	203273643
ENSG00000159388	1	203305489	203311426
ENSG00000122176	1	203340439	203351760
ENSG00000188783	1	203475758	203491354
ENSG00000188770	1	203494116	203509240
ENSG00000058668	1	203626662	203744083
ENSG00000122188	1	203765167	203778177
ENSG00000058673	1	203795560	203855001
ENSG00000257315	1	203795621	203855001
ENSG00000288644	1	203802092	203802194
ENSG00000182004	1	203861494	203871154
ENSG00000143842	1	204073104	204127746
ENSG00000143845	1	204131060	204152186
ENSG00000143839	1	204154813	204190326
ENSG00000170498	1	204190335	204196640
ENSG00000174567	1	204198155	204214123
ENSG00000143850	1	204218849	204378393
ENSG00000158615	1	204396490	204411889
ENSG00000133056	1	204421801	204494860
ENSG00000198625	1	204516367	204558122
ENSG00000170382	1	204617168	204685747
ENSG00000163531	1	204828649	205022824
ENSG00000184144	1	205042935	205078291
ENSG00000174529	1	205083127	205084462
ENSG00000117222	1	205085683	205122265
ENSG00000133059	1	205142503	205211743
ENSG00000133069	1	205227910	205285634
ENSG00000163545	1	205302057	205321783
ENSG00000162873	1	205333747	205357326
ENSG00000186007	1	205381374	205456417
ENSG00000281406	1	205434850	205457392
ENSG00000117266	1	205504549	205532978
ENSG00000174514	1	205568831	205602920
ENSG00000158711	1	205597372	205634522
ENSG00000158715	1	205657849	205680992
ENSG00000069275	1	205710541	205750272
ENSG00000117280	1	205767984	205775491
ENSG00000133065	1	205789089	205813769
ENSG00000162877	1	205825655	205850135
ENSG00000174502	1	205913046	205943462
ENSG00000276600	1	205976738	206003546
ENSG00000196188	1	206008533	206023919
ENSG00000263961	1	206053143	206102454
ENSG00000198049	1	206106934	206117701
ENSG00000196550	1	206186177	206204416
ENSG00000266028	1	206203344	206464438
ENSG00000263528	1	206470330	206498689
ENSG00000266094	1	206507519	206603591
ENSG00000143486	1	206571290	206612558
ENSG00000143479	1	206635516	206684421
ENSG00000162889	1	206684869	206734286
ENSG00000136634	1	206767600	206774543
ENSG00000142224	1	206770762	206842983
ENSG00000162891	1	206865619	206869225
ENSG00000162892	1	206897441	206904141
ENSG00000162894	1	206903265	206923249
ENSG00000162896	1	206928520	206949369
ENSG00000162897	1	206957963	206970627
ENSG00000182795	1	207018048	207032823
ENSG00000123836	1	207034364	207081245
ENSG00000180667	1	207043847	207052982
ENSG00000123843	1	207088800	207100003
ENSG00000123838	1	207102317	207145049
ENSG00000196352	1	207321169	207386806
ENSG00000117322	1	207453022	207489897
ENSG00000203710	1	207496145	207641778
ENSG00000197721	1	207645111	207738418
ENSG00000117335	1	207752035	207795518
ENSG00000174059	1	207880970	207911591
ENSG00000076356	1	208022240	208244852
ENSG00000008118	1	209583712	209613941
ENSG00000196878	1	209614868	209653148
ENSG00000123689	1	209675403	209676392
ENSG00000117594	1	209686172	209745626
ENSG00000009790	1	209755571	209782322
ENSG00000162757	1	209779206	209784622
ENSG00000289700	1	209779627	209806181
ENSG00000117595	1	209784982	209806219
ENSG00000117597	1	209827954	209857567
ENSG00000143469	1	209900921	210171391
ENSG00000082497	1	210232570	210247736
ENSG00000054392	1	210328250	210677387
ENSG00000143473	1	210676821	211134185
ENSG00000283952	1	211082870	211188535
ENSG00000117625	1	211258375	211316387
ENSG00000082512	1	211326323	211375119
ENSG00000198570	1	211476520	211492492
ENSG00000170385	1	211571566	211579220
ENSG00000117650	1	211658249	211675665
ENSG00000123684	1	211743455	211833676
ENSG00000143493	1	211940315	212035574
ENSG00000143476	1	212035551	212107402
ENSG00000066027	1	212285226	212361865
ENSG00000065600	1	212363924	212414925
ENSG00000117691	1	212432851	212447462
ENSG00000162772	1	212565332	212620779
ENSG00000162771	1	212624472	212626777
ENSG00000123685	1	212686415	212699890
ENSG00000117697	1	212726151	212791801
ENSG00000203705	1	212791826	212816918
ENSG00000185523	1	212814249	212847660
ENSG00000162769	1	212858228	212899365
ENSG00000143494	1	212950518	212992840
ENSG00000174606	1	212991130	213015879
ENSG00000136643	1	213051230	213276003
ENSG00000117707	1	213982709	214041512
ENSG00000143499	1	214280720	214338882
ENSG00000152104	1	214348698	214552451
ENSG00000117724	1	214603170	214664576
ENSG00000082482	1	215005773	215237331
ENSG00000136636	1	215567020	215623009
ENSG00000042781	1	215621574	216423450
ENSG00000196482	1	216503244	217137757
ENSG00000092978	1	217426990	217631096
ENSG00000162814	1	217631322	217871698
ENSG00000067533	1	218285259	218337985
ENSG00000092969	1	218345334	218444621
ENSG00000143353	1	219173819	219327126
ENSG00000215817	1	219608010	219613107
ENSG00000196660	1	219685425	219959020
ENSG00000136628	1	219968596	220046671
ENSG00000162813	1	220057077	220119269
ENSG00000067704	1	220094084	220148045
ENSG00000118873	1	220148291	220272531
ENSG00000116141	1	220528084	220664463
ENSG00000162817	1	220690289	220701285
ENSG00000117791	1	220747875	220784826
ENSG00000186205	1	220786350	220819661
ENSG00000286231	1	220786988	220884505
ENSG00000136630	1	220879429	220886048
ENSG00000143507	1	221700664	221743171
ENSG00000143512	1	222522256	222548121
ENSG00000143498	1	222557899	222590164
ENSG00000154305	1	222618038	222668173
ENSG00000186063	1	222668011	222713212
ENSG00000162819	1	222711478	222735929
ENSG00000197520	1	222737200	222753159
ENSG00000154309	1	222814728	223009400
ENSG00000187554	1	223108385	223143320
ENSG00000143502	1	223220817	223365281
ENSG00000178395	1	223393413	223395467
ENSG00000203697	1	223538005	223665739
ENSG00000162909	1	223701559	223776020
ENSG00000143514	1	223779891	223846014
ENSG00000143756	1	224114084	224162049
ENSG00000143753	1	224175754	224202396
ENSG00000143748	1	224227332	224330289
ENSG00000143771	1	224356808	224381577
ENSG00000162923	1	224385144	224437035
ENSG00000143786	1	224434658	224740567
ENSG00000185842	1	224896260	225399294
ENSG00000143815	1	225400898	225428927
ENSG00000154380	1	225486763	225653336
ENSG00000143742	1	225777697	225790672
ENSG00000143819	1	225810046	225845569
ENSG00000196187	1	225845530	225884124
ENSG00000243709	1	225886277	225911384
ENSG00000255835	1	225886694	225924280
ENSG00000143811	1	225914980	225924342
ENSG00000143768	1	225936596	225941534
ENSG00000143751	1	225982691	225999387
ENSG00000163041	1	226061569	226073209
ENSG00000182827	1	226144677	226186765
ENSG00000185155	1	226223506	226227386
ENSG00000183814	1	226231147	226309871
ENSG00000143799	1	226360208	226408156
ENSG00000203685	1	226548712	226609232
ENSG00000143772	1	226611239	226739452
ENSG00000143801	1	226870182	226927728
ENSG00000288674	1	226870182	226987547
ENSG00000163050	1	226938141	226987571
ENSG00000143776	1	226989863	227318521
ENSG00000181450	1	227542089	227679671
ENSG00000143740	1	227728198	227781828
ENSG00000081692	1	227730410	227735415
ENSG00000185888	1	227815673	227846480
ENSG00000143816	1	227918654	227947941
ENSG00000154342	1	228006922	228061330
ENSG00000143761	1	228081839	228099214
ENSG00000143793	1	228099028	228105413
ENSG00000162910	1	228105947	228109360
ENSG00000143774	1	228139960	228148986
ENSG00000198835	1	228149889	228159828
ENSG00000181873	1	228165775	228182259
ENSG00000154358	1	228208024	228378878
ENSG00000154370	1	228393670	228406843
ENSG00000162931	1	228406858	228416904
ENSG00000168148	1	228424843	228425362
ENSG00000181218	1	228434775	228457875
ENSG00000196890	1	228458101	228463106
ENSG00000168159	1	228487355	228499901
ENSG00000116574	1	228735145	228746671
ENSG00000168118	1	229271060	229307215
ENSG00000154429	1	229321009	229343296
ENSG00000143632	1	229430363	229434791
ENSG00000069248	1	229439671	229508378
ENSG00000135776	1	229516580	229559036
ENSG00000135801	1	229593109	229626136
ENSG00000135763	1	229625853	229661711
ENSG00000143641	1	230057988	230282130
ENSG00000177614	1	230314488	230426372
ENSG00000135775	1	230642438	230693987
ENSG00000135744	1	230690774	230745578
ENSG00000135773	1	230747264	230804399
ENSG00000119280	1	230837117	230869591
ENSG00000143643	1	230902934	230978895
ENSG00000173409	1	230978979	231000737
ENSG00000182118	1	230999824	231040272
ENSG00000119283	1	231162056	231221567
ENSG00000143633	1	231223761	231241189
ENSG00000116906	1	231241182	231277975
ENSG00000116903	1	231332751	231337854
ENSG00000010072	1	231337102	231375418
ENSG00000135766	1	231359558	231422751
ENSG00000287856	1	231363795	231528605
ENSG00000116918	1	231528539	231566526
ENSG00000270106	1	231528651	231819246
ENSG00000162946	1	231626661	232041274
ENSG00000116991	1	232397618	232631406
ENSG00000212916	1	232805414	232809931
ENSG00000135778	1	232950557	232985045
ENSG00000135749	1	232983029	233295745
ENSG00000143674	1	233327646	233385323
ENSG00000135750	1	233614019	233676657
ENSG00000183780	1	233904475	234326087
ENSG00000168275	1	234373436	234385082
ENSG00000059588	1	234391302	234479199
ENSG00000168264	1	234602293	234610191
ENSG00000173726	1	235109335	235128964
ENSG00000188739	1	235131181	235161629
ENSG00000054267	1	235131632	235328802
ENSG00000152904	1	235327348	235344546
ENSG00000285053	1	235328568	235448954
ENSG00000284770	1	235367358	235452445
ENSG00000162885	1	235447159	235504514
ENSG00000168243	1	235547683	235651098
ENSG00000143669	1	235661039	235883726
ENSG00000116962	1	235975828	236083917
ENSG00000077585	1	236142146	236253153
ENSG00000086619	1	236214679	236282021
ENSG00000186197	1	236348255	236502917
ENSG00000116977	1	236517998	236552983
ENSG00000119285	1	236540491	236604834
ENSG00000077522	1	236664139	236764633
ENSG00000116984	1	236795258	236921280
ENSG00000244020	1	237004101	237004443
ENSG00000198626	1	237042182	237833990
ENSG00000116996	1	237877862	237890924
ENSG00000133019	1	239386511	239915454
ENSG00000155816	1	240014346	240475192
ENSG00000180875	1	240489571	240612164
ENSG00000182901	1	240767634	241357376
ENSG00000091483	1	241497096	241519801
ENSG00000117009	1	241531874	241595645
ENSG00000054277	1	241587773	241677378
ENSG00000203668	1	241628849	241640401
ENSG00000162843	1	241652276	241802779
ENSG00000174371	1	241847965	241895150
ENSG00000196289	1	241957765	241959064
ENSG00000197769	1	241995186	242001586
ENSG00000180287	1	242082984	242524699
ENSG00000143702	1	243123975	243255795
ENSG00000054282	1	243255347	243517963
ENSG00000117020	1	243488231	243851081
ENSG00000179456	1	244048545	244057478
ENSG00000173728	1	244352627	244389665
ENSG00000035687	1	244407272	244452104
ENSG00000179397	1	244454375	244641179
ENSG00000121644	1	244652933	244722089
ENSG00000284188	1	244729699	244731017
ENSG00000203667	1	244835299	244845482
ENSG00000153187	1	244840636	244864576
ENSG00000203666	1	244969669	245127166
ENSG00000162849	1	245154539	245709434
ENSG00000185420	1	245749340	246507325
ENSG00000162851	1	246540559	246566292
ENSG00000162852	1	246566298	246677300
ENSG00000143653	1	246724062	246768800
ENSG00000153207	1	246839096	246932065
ENSG00000197472	1	246945313	247008095
ENSG00000135747	1	246945545	247078813
ENSG00000277462	1	247033689	247078820
ENSG00000188295	1	247098033	247104388
ENSG00000196418	1	247121973	247172065
ENSG00000197617	1	247255970	247257212
ENSG00000162714	1	247290852	247332824
ENSG00000162711	1	247332329	247449670
ENSG00000177535	1	247449116	247458107
ENSG00000169224	1	247507056	247577692
ENSG00000196242	1	247524675	247536442
ENSG00000177489	1	247588358	247589315
ENSG00000177476	1	247605584	247606517
ENSG00000198452	1	247617141	247622374
ENSG00000197437	1	247670810	247679741
ENSG00000169214	1	247711434	247716648
ENSG00000239395	1	247711811	247723766
ENSG00000241128	1	247722955	247748143
ENSG00000153230	1	247738613	247739561
ENSG00000221888	1	247754844	247760558
ENSG00000228336	1	247770167	247779526
ENSG00000196772	1	247814658	247824121
ENSG00000197591	1	247840926	247841898
ENSG00000162722	1	247857142	247880140
ENSG00000238243	1	247895585	247896533
ENSG00000177462	1	247920250	247923154
ENSG00000177275	1	247924887	247935341
ENSG00000279263	1	247948856	247949798
ENSG00000187080	1	247965231	247966388
ENSG00000197454	1	248013658	248024278
ENSG00000203663	1	248030068	248042307
ENSG00000198128	1	248046834	248063409
ENSG00000196071	1	248095182	248101165
ENSG00000162727	1	248145146	248146088
ENSG00000198601	1	248174819	248181069
ENSG00000228198	1	248197263	248212927
ENSG00000171180	1	248231415	248244681
ENSG00000177212	1	248269915	248277978
ENSG00000177201	1	248290137	248303426
ENSG00000177186	1	248323628	248324570
ENSG00000177174	1	248348773	248349715
ENSG00000196944	1	248361663	248362629
ENSG00000198104	1	248375744	248391813
ENSG00000175143	1	248403046	248408022
ENSG00000227152	1	248436357	248444318
ENSG00000196240	1	248445510	248455727
ENSG00000196539	1	248473349	248474309
ENSG00000203661	1	248488587	248491115
ENSG00000188558	1	248508071	248527339
ENSG00000182783	1	248556910	248562774
ENSG00000183310	1	248573799	248574759
ENSG00000184022	1	248590485	248597702
ENSG00000279301	1	248623555	248635093
ENSG00000177151	1	248636354	248645280
ENSG00000187701	1	248649836	248655530
ENSG00000189181	1	248678136	248702768
ENSG00000286015	1	248681247	248748351
ENSG00000259823	1	248735576	248755773
ENSG00000175137	1	248810444	248826524
ENSG00000171161	1	248838208	248849522
ENSG00000171163	1	248850002	248859146
ENSG00000185220	1	248896645	248929072
ENSG00000184731	2	38812	47086
ENSG00000035115	2	217276	266400
ENSG00000143727	2	264138	280059
ENSG00000189292	2	278284	289625
ENSG00000151353	2	663875	677472
ENSG00000172554	2	950814	1367615
ENSG00000115705	2	1373931	1543713
ENSG00000130508	2	1630842	1744854
ENSG00000186487	2	1789111	2331666
ENSG00000032389	2	3188253	3377881
ENSG00000171853	2	3379667	3485096
ENSG00000182551	2	3496378	3519586
ENSG00000286905	2	3532006	3558335
ENSG00000171865	2	3541428	3558373
ENSG00000171863	2	3575196	3580954
ENSG00000118004	2	3592789	3646146
ENSG00000151360	2	3658198	3702673
ENSG00000214866	2	3703573	3848010
ENSG00000176887	2	5692382	5701387
ENSG00000134326	2	6840568	6866637
ENSG00000134321	2	6865555	6899289
ENSG00000151692	2	6917384	7068288
ENSG00000115738	2	8678843	8684463
ENSG00000134313	2	8721079	8837632
ENSG00000143797	2	8852471	9003861
ENSG00000151693	2	9206600	9405685
ENSG00000119185	2	9402705	9423893
ENSG00000119203	2	9423621	9473119
ENSG00000134330	2	9473656	9500589
ENSG00000151694	2	9488480	9556734
ENSG00000134308	2	9583332	9639474
ENSG00000115750	2	9843338	9934996
ENSG00000134317	2	9951676	10002357
ENSG00000172059	2	10042847	10054960
ENSG00000205795	2	10056471	10080946
ENSG00000171848	2	10120696	10213116
ENSG00000115756	2	10297408	10427837
ENSG00000115758	2	10435415	10450118
ENSG00000115761	2	10562293	10690417
ENSG00000143882	2	10721098	10785712
ENSG00000143870	2	10781708	10837979
ENSG00000162975	2	10911094	10914227
ENSG00000150873	2	11133007	11154578
ENSG00000162976	2	11155196	11178872
ENSG00000134318	2	11179757	11348332
ENSG00000169016	2	11444373	11466179
ENSG00000196208	2	11482339	11642791
ENSG00000169006	2	11658159	11670348
ENSG00000134324	2	11677537	11828187
ENSG00000071575	2	12716908	12742736
ENSG00000162981	2	14632677	14650817
ENSG00000151779	2	15166911	15561342
ENSG00000079785	2	15591176	15634348
ENSG00000134323	2	15938394	15947024
ENSG00000197872	2	16548343	16666333
ENSG00000214842	2	17510157	17518442
ENSG00000163032	2	17539018	17657626
ENSG00000163029	2	17662938	17800244
ENSG00000178295	2	17753276	17788948
ENSG00000151379	2	17816458	17817800
ENSG00000170745	2	17877845	18361618
ENSG00000240857	2	18554541	18560699
ENSG00000250741	2	18555543	18589566
ENSG00000185013	2	18562869	18589571
ENSG00000143867	2	19351483	19359488
ENSG00000183891	2	19896629	19902284
ENSG00000118965	2	19910258	19990164
ENSG00000132031	2	19992050	20012826
ENSG00000068697	2	20032646	20052056
ENSG00000115884	2	20200794	20225514
ENSG00000055917	2	20248690	20352236
ENSG00000143878	2	20447072	20449442
ENSG00000118960	2	20560446	20651160
ENSG00000143869	2	20667132	20679245
ENSG00000118961	2	20683760	20823132
ENSG00000084674	2	21001303	21044077
ENSG00000218819	2	21123966	21144370
ENSG00000119771	2	23385169	23708613
ENSG00000119778	2	23748662	23927223
ENSG00000173960	2	23926786	24004911
ENSG00000205639	2	24009824	24063681
ENSG00000163026	2	24029345	24049577
ENSG00000119782	2	24049672	24067716
ENSG00000115128	2	24066652	24076478
ENSG00000219626	2	24076524	24169644
ENSG00000115129	2	24077431	24085863
ENSG00000176732	2	24112081	24123736
ENSG00000276087	2	24124364	24190438
ENSG00000186453	2	24175049	24200851
ENSG00000198399	2	24202862	24360809
ENSG00000084676	2	24490981	24770704
ENSG00000184924	2	24788909	24793397
ENSG00000138092	2	24793098	24822378
ENSG00000138031	2	24819167	24920301
ENSG00000115137	2	24943634	24972096
ENSG00000084710	2	25042046	25159137
ENSG00000115138	2	25160359	25168954
ENSG00000119772	2	25227853	25342592
ENSG00000138101	2	25377026	25673719
ENSG00000143970	2	25733751	25878602
ENSG00000084731	2	25926178	25982763
ENSG00000084733	2	26033479	26138577
ENSG00000157833	2	26173069	26196436
ENSG00000084754	2	26189831	26245046
ENSG00000138029	2	26243168	26290475
ENSG00000173567	2	26308171	26346819
ENSG00000138018	2	26308545	26395887
ENSG00000157856	2	26401906	26456719
ENSG00000115155	2	26457201	26558758
ENSG00000173557	2	26562540	26581180
ENSG00000157884	2	26579426	26641368
ENSG00000171303	2	26692711	26733422
ENSG00000213699	2	26764238	26781233
ENSG00000115163	2	26764287	26801069
ENSG00000157851	2	26847745	26950353
ENSG00000084764	2	26970398	27027221
ENSG00000119777	2	27032908	27041699
ENSG00000084693	2	27042362	27070624
ENSG00000228474	2	27058733	27073832
ENSG00000138080	2	27078042	27086410
ENSG00000138030	2	27086721	27100779
ENSG00000138028	2	27098851	27119141
ENSG00000143994	2	27123787	27130814
ENSG00000138073	2	27129151	27134691
ENSG00000186143	2	27136846	27139412
ENSG00000163792	2	27148997	27156976
ENSG00000138074	2	27199585	27212960
ENSG00000138085	2	27212010	27217180
ENSG00000084774	2	27217343	27245685
ENSG00000115194	2	27253507	27275819
ENSG00000163793	2	27275428	27281501
ENSG00000138100	2	27282364	27309402
ENSG00000163794	2	27307398	27308447
ENSG00000115204	2	27309484	27325682
ENSG00000115207	2	27324196	27357568
ENSG00000115211	2	27363418	27370468
ENSG00000115234	2	27370494	27377537
ENSG00000163795	2	27377233	27380792
ENSG00000115241	2	27381192	27409676
ENSG00000115216	2	27427788	27442262
ENSG00000157992	2	27442335	27446488
ENSG00000138002	2	27444372	27489841
ENSG00000115226	2	27491258	27495633
ENSG00000084734	2	27496053	27523690
ENSG00000221843	2	27537384	27582724
ENSG00000243943	2	27582967	27623219
ENSG00000176714	2	27625533	27629020
ENSG00000198522	2	27628245	27652154
ENSG00000119760	2	27642566	27663849
ENSG00000163798	2	27663424	27695758
ENSG00000243147	2	27771681	27781486
ENSG00000310603	2	27771737	27988089
ENSG00000171174	2	27780855	27890683
ENSG00000158019	2	27888665	28339186
ENSG00000075426	2	28392446	28417319
ENSG00000163803	2	28457143	28645906
ENSG00000213639	2	28751077	28802966
ENSG00000163806	2	28782515	28850613
ENSG00000171103	2	28798306	28870394
ENSG00000163811	2	28894609	28948928
ENSG00000189350	2	28956504	29052238
ENSG00000179270	2	29060974	29074568
ENSG00000115295	2	29095543	29199779
ENSG00000171094	2	29190993	29921588
ENSG00000119801	2	30146553	30160540
ENSG00000213626	2	30231529	30325823
ENSG00000172954	2	30447210	30644227
ENSG00000162949	2	30722769	30820544
ENSG00000158089	2	30898694	31155204
ENSG00000214711	2	31173054	31234013
ENSG00000013016	2	31233941	31275386
ENSG00000158125	2	31334318	31414758
ENSG00000277893	2	31522478	31580945
ENSG00000162959	2	31865058	32011232
ENSG00000162961	2	31867807	32039834
ENSG00000021574	2	32063523	32157639
ENSG00000152683	2	32165839	32224804
ENSG00000091106	2	32224451	32265822
ENSG00000119820	2	32277866	32320898
ENSG00000115760	2	32357017	32619584
ENSG00000018699	2	32628017	32821054
ENSG00000049323	2	32946470	33400511
ENSG00000152689	2	33436265	33586671
ENSG00000119812	2	33532742	33599349
ENSG00000150938	2	36355713	36551137
ENSG00000171055	2	36531803	36646089
ENSG00000205221	2	36696677	36814800
ENSG00000115808	2	36835735	36967624
ENSG00000008869	2	36968381	37084411
ENSG00000152133	2	37084416	37099303
ENSG00000055332	2	37099208	37157690
ENSG00000138068	2	37167818	37196600
ENSG00000218739	2	37191471	37216557
ENSG00000115816	2	37201568	37231614
ENSG00000003509	2	37231626	37271422
ENSG00000115825	2	37250500	37324841
ENSG00000115828	2	37342825	37373325
ENSG00000163171	2	37641880	37738470
ENSG00000115841	2	37923185	38067144
ENSG00000138061	2	38066971	38109904
ENSG00000119787	2	38293940	38377440
ENSG00000143889	2	38561889	38603588
ENSG00000143891	2	38665904	38766051
ENSG00000115875	2	38743597	38751500
ENSG00000152147	2	38751532	38785004
ENSG00000163214	2	38797722	38875945
ENSG00000188010	2	38875967	38882711
ENSG00000310583	2	38875989	38929073
ENSG00000214694	2	38889837	38975470
ENSG00000115904	2	38962204	39124347
ENSG00000205111	2	39167970	39243985
ENSG00000011566	2	39249264	39437356
ENSG00000152154	2	39664980	39718984
ENSG00000138050	2	39733421	39779290
ENSG00000183023	2	40097268	40611055
ENSG00000162878	2	42048012	42058527
ENSG00000143924	2	42169310	42332550
ENSG00000115944	2	42328019	42425090
ENSG00000171126	2	42442015	42494918
ENSG00000057935	2	42494567	42756952
ENSG00000162881	2	42762497	42764137
ENSG00000162882	2	42765707	42792943
ENSG00000152518	2	43221823	43226614
ENSG00000115970	2	43230124	43596072
ENSG00000152527	2	43637247	43767989
ENSG00000223658	2	43675149	43676431
ENSG00000138036	2	43774009	43828354
ENSG00000138075	2	43806211	43838867
ENSG00000143921	2	43831940	43882990
ENSG00000138095	2	43886222	43996228
ENSG00000138032	2	44167967	44244386
ENSG00000285542	2	44168849	44320312
ENSG00000138079	2	44275456	44322676
ENSG00000138078	2	44316183	44361864
ENSG00000143919	2	44361872	44776435
ENSG00000138083	2	44941694	44946073
ENSG00000170577	2	45005180	45009522
ENSG00000068784	2	45384542	45612167
ENSG00000171132	2	45651094	46187992
ENSG00000116016	2	46293665	46386704
ENSG00000284701	2	46479563	46484427
ENSG00000250565	2	46490748	46543289
ENSG00000119729	2	46541804	46602048
ENSG00000151665	2	46580935	46617069
ENSG00000119878	2	46616414	46685039
ENSG00000171150	2	46698421	46781468
ENSG00000180398	2	46895791	46941857
ENSG00000068724	2	46915867	47076139
ENSG00000239605	2	47045536	47155310
ENSG00000273269	2	47065939	47176513
ENSG00000143933	2	47160082	47176923
ENSG00000119888	2	47345156	47387603
ENSG00000095002	2	47403065	47663148
ENSG00000184261	2	47509288	47570995
ENSG00000116062	2	47695528	47810111
ENSG00000138081	2	47785202	47906556
ENSG00000170802	2	48314329	48379515
ENSG00000162869	2	48440596	48516176
ENSG00000243244	2	48529374	48598924
ENSG00000068781	2	48529923	48776519
ENSG00000242441	2	48617796	48733150
ENSG00000279956	2	48632289	48755726
ENSG00000138039	2	48686772	48755733
ENSG00000170820	2	48962155	49154529
ENSG00000179915	2	49918501	51225577
ENSG00000115239	2	53532670	53860162
ENSG00000143942	2	53767789	53776960
ENSG00000068912	2	53787007	53834569
ENSG00000119737	2	53852750	53860162
ENSG00000068878	2	53860619	53971042
ENSG00000170634	2	53970836	54305831
ENSG00000178021	2	54253176	54256231
ENSG00000177994	2	54330032	54384193
ENSG00000115306	2	54456264	54671448
ENSG00000214595	2	54723497	54972027
ENSG00000115310	2	54971929	55112623
ENSG00000162994	2	55172545	55232565
ENSG00000143947	2	55229445	55236651
ENSG00000085760	2	55236216	55270265
ENSG00000115355	2	55287361	55420044
ENSG00000163001	2	55519557	55545503
ENSG00000275052	2	55547290	55618882
ENSG00000138035	2	55634059	55693865
ENSG00000115380	2	55810990	55924273
ENSG00000055813	2	56183749	56386419
ENSG00000028116	2	57907578	58164003
ENSG00000115392	2	58159241	58241412
ENSG00000119866	2	60450518	60554469
ENSG00000115421	2	60756230	60802088
ENSG00000162924	2	60881489	60940023
ENSG00000162927	2	60938122	61018286
ENSG00000162928	2	61017056	61062518
ENSG00000162929	2	61065869	61138036
ENSG00000237651	2	61145066	61165409
ENSG00000115464	2	61186843	61471107
ENSG00000082898	2	61476030	61538755
ENSG00000170264	2	61824846	61854145
ENSG00000115484	2	61867336	61888698
ENSG00000173163	2	61888722	62149127
ENSG00000170340	2	62195483	62226273
ENSG00000186889	2	62500216	62511896
ENSG00000115504	2	62673849	63046489
ENSG00000115507	2	63050055	63057838
ENSG00000143951	2	63119557	63827845
ENSG00000014641	2	63588555	63607275
ENSG00000169764	2	63840943	63951433
ENSG00000143952	2	63891699	64019552
ENSG00000197329	2	64092541	64144475
ENSG00000119862	2	64453446	64461384
ENSG00000119844	2	64524284	64593011
ENSG00000179833	2	64631619	64751007
ENSG00000115902	2	64988475	65023867
ENSG00000011523	2	65056348	65087300
ENSG00000138069	2	65070694	65130988
ENSG00000138071	2	65227712	65271255
ENSG00000198369	2	65310849	65432684
ENSG00000143995	2	66433450	66573900
ENSG00000143971	2	67397313	67412122
ENSG00000197223	2	68041128	68110950
ENSG00000243667	2	68088898	68157569
ENSG00000273398	2	68131236	68261232
ENSG00000115946	2	68157826	68176241
ENSG00000221823	2	68178355	68256239
ENSG00000119865	2	68284169	68320053
ENSG00000115956	2	68365073	68397455
ENSG00000204923	2	68459420	68467319
ENSG00000169621	2	68467559	68655864
ENSG00000169618	2	68643084	68659044
ENSG00000163219	2	68679599	68826835
ENSG00000163217	2	68860907	68871441
ENSG00000183607	2	68938774	68953030
ENSG00000169605	2	68974571	68980982
ENSG00000169604	2	69013083	69249329
ENSG00000198380	2	69319614	69387315
ENSG00000169599	2	69396070	69437667
ENSG00000115977	2	69457557	69674351
ENSG00000196975	2	69643107	69827123
ENSG00000087338	2	69829610	69881395
ENSG00000310604	2	69829737	69829800
ENSG00000124380	2	69893942	69907660
ENSG00000059728	2	69897686	69942947
ENSG00000244617	2	69960087	69961633
ENSG00000293615	2	69960102	70087322
ENSG00000169564	2	70087475	70089205
ENSG00000115998	2	70149880	70248617
ENSG00000116001	2	70209442	70248763
ENSG00000116005	2	70257384	70281187
ENSG00000143977	2	70281202	70293768
ENSG00000035141	2	70295973	70302088
ENSG00000163235	2	70447282	70554195
ENSG00000075340	2	70607616	70768501
ENSG00000183733	2	70777308	70790645
ENSG00000152672	2	70808641	70820603
ENSG00000116031	2	70829998	70835824
ENSG00000116035	2	70900486	70965433
ENSG00000116039	2	70935769	70965433
ENSG00000258881	2	70939316	70995338
ENSG00000144043	2	70968323	70994875
ENSG00000144031	2	70978378	70985969
ENSG00000124357	2	71064342	71079810
ENSG00000124370	2	71108924	71130281
ENSG00000124383	2	71130303	71150103
ENSG00000124374	2	71181700	71227114
ENSG00000075292	2	71276535	71437185
ENSG00000135636	2	71453493	71686765
ENSG00000003137	2	72129236	72148432
ENSG00000144036	2	72170077	72826057
ENSG00000116096	2	72887372	72892160
ENSG00000135638	2	72916182	72936073
ENSG00000144040	2	72939246	73075621
ENSG00000135631	2	73073380	73156723
ENSG00000214513	2	73202568	73212515
ENSG00000135632	2	73214220	73227231
ENSG00000135617	2	73228006	73233264
ENSG00000135624	2	73233418	73253284
ENSG00000163013	2	73254680	73284480
ENSG00000135625	2	73290925	73293723
ENSG00000116127	2	73385756	73625168
ENSG00000144035	2	73640721	73643231
ENSG00000144034	2	73709702	73737423
ENSG00000144048	2	73761780	73780175
ENSG00000187833	2	73784181	73817150
ENSG00000124356	2	73828914	73873672
ENSG00000163017	2	73892230	73919867
ENSG00000114956	2	73926792	73958963
ENSG00000187605	2	73984908	74108179
ENSG00000163170	2	74133331	74147979
ENSG00000114978	2	74152526	74178934
ENSG00000065911	2	74186170	74218434
ENSG00000264324	2	74211602	74363379
ENSG00000188687	2	74216240	74343418
ENSG00000204843	2	74361152	74392089
ENSG00000159239	2	74393834	74421664
ENSG00000284308	2	74414174	74421657
ENSG00000005448	2	74421475	74425772
ENSG00000114993	2	74424129	74442424
ENSG00000115274	2	74455076	74457960
ENSG00000274049	2	74455086	74460886
ENSG00000239779	2	74458261	74461079
ENSG00000115275	2	74461055	74465417
ENSG00000135637	2	74471955	74483410
ENSG00000204822	2	74471955	74472701
ENSG00000115282	2	74482615	74496917
ENSG00000179528	2	74497453	74503318
ENSG00000115289	2	74505039	74508363
ENSG00000115297	2	74513461	74517150
ENSG00000144045	2	74518129	74526398
ENSG00000115307	2	74526634	74529968
ENSG00000115317	2	74529272	74533968
ENSG00000115318	2	74531714	74555720
ENSG00000115325	2	74548873	74557556
ENSG00000159374	2	74557881	74648352
ENSG00000135622	2	74654224	74707586
ENSG00000159399	2	74834075	74893361
ENSG00000115350	2	74958634	75147207
ENSG00000115353	2	75046461	75199528
ENSG00000115363	2	75445541	75647199
ENSG00000115364	2	75646775	75692060
ENSG00000005436	2	75651998	75711186
ENSG00000176204	2	76747683	77593321
ENSG00000143954	2	79025684	79028509
ENSG00000172023	2	79085021	79088021
ENSG00000115386	2	79111234	79123412
ENSG00000172016	2	79157001	79159759
ENSG00000066032	2	79185229	80650271
ENSG00000162951	2	80288349	80304759
ENSG00000163541	2	84423524	84460047
ENSG00000115423	2	84516453	84819591
ENSG00000186854	2	84821645	84907010
ENSG00000034510	2	84904921	84906682
ENSG00000176407	2	84971091	85059474
ENSG00000152284	2	85133346	85310390
ENSG00000152291	2	85311666	85328303
ENSG00000042445	2	85341946	85354657
ENSG00000115459	2	85354392	85391754
ENSG00000042493	2	85388142	85422019
ENSG00000152292	2	85418712	85437031
ENSG00000168906	2	85539161	85545283
ENSG00000115486	2	85544718	85561840
ENSG00000118640	2	85561560	85582034
ENSG00000168899	2	85584395	85593423
ENSG00000168894	2	85595618	85598591
ENSG00000168890	2	85598545	85603203
ENSG00000168883	2	85602854	85657712
ENSG00000168887	2	85605252	85612068
ENSG00000168878	2	85655152	85668743
ENSG00000115523	2	85685173	85698856
ENSG00000168874	2	85751342	85794268
ENSG00000115525	2	85837118	85905201
ENSG00000068654	2	86020214	86106157
ENSG00000132300	2	86106221	86142159
ENSG00000132305	2	86142796	86195633
ENSG00000132313	2	86199353	86222542
ENSG00000068615	2	86210520	86338085
ENSG00000115548	2	86440645	86492718
ENSG00000115561	2	86502686	86563509
ENSG00000249884	2	86505666	86721124
ENSG00000239305	2	86602509	86623902
ENSG00000153561	2	86720051	86778051
ENSG00000153563	2	86784453	86808398
ENSG00000172116	2	86815337	86861979
ENSG00000187627	2	86913781	87013978
ENSG00000183281	2	86995170	87021879
ENSG00000125551	2	87748083	87789335
ENSG00000185304	2	87755956	87825964
ENSG00000172086	2	88027201	88064254
ENSG00000115593	2	88067771	88113386
ENSG00000163586	2	88122980	88128124
ENSG00000144115	2	88170293	88189580
ENSG00000214336	2	88444824	88452695
ENSG00000172073	2	88524617	88529593
ENSG00000172071	2	88556739	88691520
ENSG00000153574	2	88691640	88750937
ENSG00000259916	2	94587099	94612746
ENSG00000163060	2	94871379	94876834
ENSG00000172005	2	95025675	95054944
ENSG00000144029	2	95085367	95122036
ENSG00000289685	2	95085389	95165393
ENSG00000144026	2	95122085	95165674
ENSG00000275111	2	95165430	95184319
ENSG00000233757	2	95207508	95259776
ENSG00000155066	2	95274442	95291310
ENSG00000115041	2	95297303	95386083
ENSG00000115042	2	95402684	95416701
ENSG00000144010	2	95477006	95484756
ENSG00000144015	2	95591999	95599780
ENSG00000174501	2	95836917	95991845
ENSG00000186281	2	96021941	96039453
ENSG00000274286	2	96112874	96116573
ENSG00000188886	2	96122816	96138566
ENSG00000158050	2	96143164	96145449
ENSG00000084090	2	96184857	96208856
ENSG00000135956	2	96248498	96266084
ENSG00000144021	2	96266157	96274175
ENSG00000144028	2	96274334	96321273
ENSG00000198885	2	96324975	96330519
ENSG00000121152	2	96335726	96377093
ENSG00000163121	2	96497642	96508155
ENSG00000196843	2	96536697	96552641
ENSG00000114982	2	96584177	96642789
ENSG00000249715	2	96642735	96704889
ENSG00000114988	2	96704822	96740089
ENSG00000158158	2	96760856	96811890
ENSG00000168763	2	96816236	96837545
ENSG00000163126	2	96821809	96857936
ENSG00000213337	2	96836238	96858072
ENSG00000168758	2	96859716	96873842
ENSG00000168754	2	96875880	96986582
ENSG00000144199	2	97078757	97094905
ENSG00000135976	2	97113110	97264523
ENSG00000196912	2	97492661	97590552
ENSG00000135940	2	97646032	97648385
ENSG00000115073	2	97655937	97664116
ENSG00000228486	2	97664215	97704630
ENSG00000115085	2	97713188	97744329
ENSG00000075568	2	97756331	97996228
ENSG00000168658	2	98087114	98313301
ENSG00000144191	2	98346186	98399799
ENSG00000040933	2	98444244	98594394
ENSG00000183513	2	98598240	98608544
ENSG00000115446	2	98608172	98618606
ENSG00000071073	2	98619104	98732641
ENSG00000196872	2	98793843	98936630
ENSG00000135951	2	98995154	99154966
ENSG00000273045	2	99141233	99154587
ENSG00000241962	2	99141483	99322743
ENSG00000144182	2	99154953	99163201
ENSG00000273155	2	99154996	99195300
ENSG00000158411	2	99161425	99181354
ENSG00000185414	2	99181109	99224500
ENSG00000185674	2	99242167	99255668
ENSG00000144214	2	99284236	99306112
ENSG00000115514	2	99306474	99340704
ENSG00000158417	2	99337359	99401328
ENSG00000135945	2	99400473	99490468
ENSG00000144218	2	99545417	100192471
ENSG00000170500	2	100271873	100322508
ENSG00000115526	2	100391857	100417828
ENSG00000204640	2	100470480	100483282
ENSG00000115539	2	100562800	100577485
ENSG00000170485	2	100820089	100996831
ENSG00000071082	2	100997744	101024039
ENSG00000204634	2	101005600	101252868
ENSG00000158435	2	101252804	101270318
ENSG00000163162	2	101271213	101308772
ENSG00000175874	2	101345548	101387699
ENSG00000196460	2	101397357	101475114
ENSG00000071054	2	101696848	101894692
ENSG00000115590	2	101991796	102029086
ENSG00000115594	2	102063931	102179876
ENSG00000115598	2	102186963	102240006
ENSG00000115602	2	102311500	102355367
ENSG00000115604	2	102311527	102398779
ENSG00000115607	2	102418568	102452569
ENSG00000180251	2	102473218	102533974
ENSG00000115616	2	102619276	102711790
ENSG00000135953	2	102711171	102736901
ENSG00000170417	2	102736903	103019902
ENSG00000198914	2	104853285	104858576
ENSG00000135972	2	105037966	105099962
ENSG00000135973	2	105241741	105243469
ENSG00000135966	2	105264285	105330051
ENSG00000135974	2	105337514	105360778
ENSG00000115641	2	105352157	105438587
ENSG00000071051	2	105744367	105896063
ENSG00000119147	2	106063244	106078157
ENSG00000115652	2	106090913	106194373
ENSG00000153165	2	106391288	106468415
ENSG00000254126	2	106487348	106544299
ENSG00000144057	2	106801598	106887288
ENSG00000196862	2	107826890	107892546
ENSG00000115665	2	107986514	108014215
ENSG00000196228	2	108239966	108266256
ENSG00000198203	2	108288637	108310570
ENSG00000198075	2	108377909	108388992
ENSG00000135968	2	108449105	108509417
ENSG00000169756	2	108533669	108687349
ENSG00000153201	2	108719365	108785812
ENSG00000163006	2	108786728	108885479
ENSG00000135960	2	108894469	108989374
ENSG00000172985	2	109128226	109504640
ENSG00000186522	2	109542701	109614223
ENSG00000198142	2	109614362	109618992
ENSG00000015568	2	109792756	109857707
ENSG00000256977	2	109898426	109925627
ENSG00000284337	2	109898430	109968559
ENSG00000144063	2	110083868	110116077
ENSG00000144061	2	110122309	110205073
ENSG00000175701	2	110211526	110245422
ENSG00000257207	2	110402932	110473077
ENSG00000256671	2	110445881	110473077
ENSG00000183054	2	110513800	110610842
ENSG00000169679	2	110635466	110678100
ENSG00000153093	2	110732522	111118550
ENSG00000153094	2	111119376	111168446
ENSG00000293584	2	111121151	111123767
ENSG00000153107	2	111611637	111884692
ENSG00000153208	2	111898454	112040639
ENSG00000153214	2	112055200	112119872
ENSG00000144152	2	112138361	112188220
ENSG00000144161	2	112211527	112255153
ENSG00000188177	2	112275563	112340061
ENSG00000169629	2	112368367	112434490
ENSG00000114999	2	112482110	112541741
ENSG00000125630	2	112541913	112579820
ENSG00000125611	2	112584238	112589277
ENSG00000144136	2	112645851	112664729
ENSG00000144130	2	112721018	112742881
ENSG00000169607	2	112736347	112764666
ENSG00000115008	2	112773914	112784502
ENSG00000125538	2	112829748	112864237
ENSG00000125571	2	112911158	112918884
ENSG00000136688	2	112973201	112985674
ENSG00000136694	2	113005457	113008046
ENSG00000136696	2	113022087	113052869
ENSG00000136695	2	113058636	113065384
ENSG00000136697	2	113067968	113075845
ENSG00000136689	2	113099313	113134018
ENSG00000125637	2	113157323	113209398
ENSG00000125618	2	113215995	113279003
ENSG00000136682	2	113437689	113496206
ENSG00000184492	2	113498663	113501152
ENSG00000144134	2	113627213	113643409
ENSG00000115084	2	113705009	113756702
ENSG00000115091	2	113889598	113962598
ENSG00000175497	2	114442297	115845796
ENSG00000088205	2	117814654	117832718
ENSG00000125633	2	117915476	118014194
ENSG00000125629	2	118088135	118112315
ENSG00000163064	2	118842169	118847650
ENSG00000019169	2	118942170	118994666
ENSG00000144119	2	119156241	119158932
ENSG00000115107	2	119222445	119265654
ENSG00000186132	2	119299437	119367190
ENSG00000155368	2	119366870	119372562
ENSG00000171227	2	119429899	119448666
ENSG00000080293	2	119439837	119525303
ENSG00000163075	2	119544165	119662253
ENSG00000144120	2	119679135	119690409
ENSG00000088179	2	119759602	119986930
ENSG00000115109	2	120012914	120179121
ENSG00000226479	2	120217477	120223402
ENSG00000144118	2	120240048	120305304
ENSG00000163083	2	120344812	120351805
ENSG00000074047	2	120735621	120992655
ENSG00000115112	2	121216585	121285265
ENSG00000074054	2	121337774	121649601
ENSG00000155438	2	121724713	121737122
ENSG00000211460	2	121737101	121767873
ENSG00000155052	2	124025285	124921221
ENSG00000136732	2	126655837	126696672
ENSG00000237524	2	126898862	126902099
ENSG00000136717	2	127048015	127107558
ENSG00000186684	2	127183830	127220387
ENSG00000163161	2	127257283	127294190
ENSG00000169967	2	127298666	127388467
ENSG00000115718	2	127415931	127429764
ENSG00000163166	2	127436205	127526888
ENSG00000169994	2	127535681	127637731
ENSG00000072163	2	127638379	127681788
ENSG00000144230	2	127645862	127656183
ENSG00000136709	2	127701025	127811197
ENSG00000173349	2	127701495	127705244
ENSG00000144231	2	127843551	127858165
ENSG00000144233	2	127861628	127885969
ENSG00000136715	2	127941215	128028126
ENSG00000136731	2	128091149	128195679
ENSG00000136720	2	128236714	128319095
ENSG00000222014	2	129979664	129982740
ENSG00000196604	2	130073533	130129373
ENSG00000152076	2	130139285	130145136
ENSG00000136699	2	130150743	130183924
ENSG00000152082	2	130181735	130190731
ENSG00000152086	2	130191741	130198463
ENSG00000136710	2	130337920	130342701
ENSG00000136718	2	130342401	130348552
ENSG00000072135	2	130356024	130375411
ENSG00000196834	2	130459453	130509709
ENSG00000152093	2	130521195	130528606
ENSG00000136698	2	130592163	130599577
ENSG00000222038	2	130611438	130658039
ENSG00000173302	2	130729068	130730338
ENSG00000178171	2	130755530	130768136
ENSG00000136002	2	130836862	131047265
ENSG00000284479	2	131034892	131047265
ENSG00000152102	2	131047874	131093494
ENSG00000115762	2	131104845	131353711
ENSG00000188219	2	131209534	131265280
ENSG00000233087	2	131360490	131364170
ENSG00000173272	2	131464898	131493044
ENSG00000075886	2	131476116	131482937
ENSG00000163040	2	131527673	131533669
ENSG00000163046	2	132147589	132257971
ENSG00000183840	2	132416803	132646584
ENSG00000150551	2	132640801	132671581
ENSG00000176771	2	132671786	133641582
ENSG00000152127	2	134119890	134454623
ENSG00000152128	2	134455757	134719170
ENSG00000153086	2	134838310	134902912
ENSG00000082258	2	134918233	134999448
ENSG00000176601	2	134964483	135047470
ENSG00000115839	2	135052263	135176669
ENSG00000121988	2	135136914	135531230
ENSG00000048991	2	135531446	135725499
ENSG00000144224	2	135741624	135785065
ENSG00000115850	2	135787848	135837186
ENSG00000076003	2	135839624	135876486
ENSG00000115866	2	135904934	135986102
ENSG00000121966	2	136114347	136119179
ENSG00000144229	2	136765543	137677720
ENSG00000150540	2	137963986	138016820
ENSG00000144228	2	138494826	138574460
ENSG00000144227	2	138669155	138780911
ENSG00000168702	2	140231292	142131018
ENSG00000115919	2	142811824	143055835
ENSG00000075884	2	143091360	143768372
ENSG00000121964	2	143938066	144333109
ENSG00000169554	2	144364362	144521059
ENSG00000121989	2	147844376	147930840
ENSG00000115947	2	147930394	148021786
ENSG00000204406	2	148021009	148516973
ENSG00000135999	2	148644438	148789227
ENSG00000168280	2	148875225	149026761
ENSG00000150556	2	149037973	149215268
ENSG00000187123	2	149329983	149474141
ENSG00000168288	2	149564524	149587814
ENSG00000115963	2	150468193	150539013
ENSG00000184898	2	151247938	151261872
ENSG00000123609	2	151270465	151289923
ENSG00000123610	2	151357583	151380933
ENSG00000080345	2	151409881	151508015
ENSG00000183091	2	151485334	151734517
ENSG00000162980	2	151766231	151828533
ENSG00000283228	2	151802649	151973951
ENSG00000182389	2	151832769	152099184
ENSG00000115145	2	152116799	152175783
ENSG00000157827	2	152335111	152649833
ENSG00000196504	2	152651591	152719052
ENSG00000177917	2	152717619	152762624
ENSG00000177519	2	153477336	153478764
ENSG00000144278	2	153871396	154456632
ENSG00000162989	2	154697397	154859239
ENSG00000153234	2	156324430	156342350
ENSG00000115159	2	156435288	156614704
ENSG00000136542	2	157257495	157318493
ENSG00000136541	2	157318612	157327721
ENSG00000115165	2	157409358	157491095
ENSG00000123612	2	157526765	157628898
ENSG00000115170	2	157736247	157876410
ENSG00000007001	2	157876555	158136156
ENSG00000153237	2	158170148	158456778
ENSG00000144283	2	158456893	158682957
ENSG00000163331	2	158795264	158863259
ENSG00000115183	2	158968501	159232694
ENSG00000196151	2	159234901	159287349
ENSG00000123636	2	159315310	159617284
ENSG00000136536	2	159711999	159800962
ENSG00000241399	2	159764910	159798391
ENSG00000248672	2	159771849	159904712
ENSG00000054219	2	159803342	159904849
ENSG00000153246	2	159932004	160062908
ENSG00000115221	2	160099659	160271890
ENSG00000153250	2	160272149	160494102
ENSG00000136560	2	161136906	161236570
ENSG00000115233	2	161308406	161411728
ENSG00000136535	2	161416204	161425872
ENSG00000144290	2	161424330	161985331
ENSG00000197635	2	161992241	162074641
ENSG00000115263	2	162142875	162152406
ENSG00000078098	2	162170682	162245153
ENSG00000115267	2	162267072	162318686
ENSG00000115271	2	162318837	162388538
ENSG00000184611	2	162365719	162838793
ENSG00000182263	2	163593394	163737015
ENSG00000115290	2	164491245	164622474
ENSG00000082438	2	164653622	164843681
ENSG00000169507	2	164894352	164955634
ENSG00000153253	2	165087514	165204095
ENSG00000136531	2	165194991	165392312
ENSG00000178662	2	165469645	165689409
ENSG00000115339	2	165747337	165846203
ENSG00000123607	2	165857473	165953853
ENSG00000144285	2	165984639	166182808
ENSG00000169432	2	166195183	166376003
ENSG00000136546	2	166403470	166611484
ENSG00000163092	2	166888478	167260121
ENSG00000172318	2	167292978	167874047
ENSG00000198648	2	167949173	168247896
ENSG00000172292	2	168455839	168775350
ENSG00000163072	2	168786537	168891241
ENSG00000152253	2	168834130	168913373
ENSG00000152254	2	168901289	168910002
ENSG00000073734	2	168915496	169031334
ENSG00000073737	2	169064787	169096170
ENSG00000081479	2	169127107	169362782
ENSG00000163093	2	169479478	169509454
ENSG00000251569	2	169479478	169525924
ENSG00000239474	2	169509682	169526264
ENSG00000138399	2	169527876	169573921
ENSG00000138398	2	169584335	169642126
ENSG00000154479	2	169645423	169694428
ENSG00000144362	2	169694433	169704810
ENSG00000213160	2	169694433	169792699
ENSG00000138385	2	169791931	169812093
ENSG00000138382	2	169810079	169824933
ENSG00000144357	2	169827394	170084463
ENSG00000071909	2	170178143	170655173
ENSG00000204335	2	170715285	170718080
ENSG00000204334	2	170766876	170798979
ENSG00000128683	2	170813211	170861153
ENSG00000115806	2	170928462	170967137
ENSG00000198586	2	170990821	171231316
ENSG00000123600	2	171315744	171434804
ENSG00000115827	2	171434215	171491320
ENSG00000071967	2	171522245	171558135
ENSG00000077380	2	171687407	171750181
ENSG00000115840	2	171781166	171999861
ENSG00000128708	2	171922402	171986775
ENSG00000172878	2	171999933	172083991
ENSG00000144355	2	172084467	172089679
ENSG00000115844	2	172099436	172102911
ENSG00000091409	2	172234214	172506567
ENSG00000152256	2	172555371	172628600
ENSG00000091428	2	172735272	173054366
ENSG00000091436	2	173057179	173268911
ENSG00000144354	2	173354816	173368999
ENSG00000172845	2	173880848	173965879
ENSG00000138430	2	174072445	174248663
ENSG00000217236	2	174334946	174338709
ENSG00000138433	2	174346959	174395714
ENSG00000144306	2	174395722	174432342
ENSG00000163328	2	174431569	174487152
ENSG00000115935	2	174559561	174682918
ENSG00000138435	2	174747590	174787937
ENSG00000128656	2	174797577	175005407
ENSG00000115966	2	175072248	175168384
ENSG00000154518	2	175172966	175181766
ENSG00000144320	2	175923861	176002841
ENSG00000174279	2	176077470	176083964
ENSG00000128714	2	176092688	176096242
ENSG00000170178	2	176099793	176102491
ENSG00000128713	2	176104214	176109756
ENSG00000128710	2	176108788	176119939
ENSG00000128709	2	176121227	176127572
ENSG00000175879	2	176129326	176132697
ENSG00000128652	2	176136076	176174485
ENSG00000170166	2	176151543	176156080
ENSG00000128645	2	176188657	176190928
ENSG00000128654	2	176269393	176338027
ENSG00000170144	2	177212585	177226108
ENSG00000116044	2	177218665	177392758
ENSG00000018510	2	177392574	177567026
ENSG00000196659	2	177548996	177552798
ENSG00000197557	2	177612997	177618744
ENSG00000128655	2	177623242	178108341
ENSG00000155636	2	178112382	178139013
ENSG00000079156	2	178193709	178402895
ENSG00000180228	2	178431290	178451514
ENSG00000204311	2	178451344	178462410
ENSG00000079150	2	178463662	178478606
ENSG00000116095	2	178480345	178516465
ENSG00000155657	2	178525987	178830804
ENSG00000163492	2	178829755	179051699
ENSG00000187231	2	179101676	179265202
ENSG00000144331	2	179441980	179861619
ENSG00000163510	2	179944027	180007334
ENSG00000170035	2	180937683	181076592
ENSG00000115232	2	181457012	181538942
ENSG00000188452	2	181535039	181680667
ENSG00000162992	2	181668293	181680829
ENSG00000138434	2	181841290	181930740
ENSG00000150722	2	181954239	182131400
ENSG00000115252	2	182139966	182523361
ENSG00000077232	2	182715605	182794466
ENSG00000162998	2	182833273	182868440
ENSG00000061676	2	182909113	183038860
ENSG00000162999	2	183078557	183101062
ENSG00000163002	2	183117511	183163154
ENSG00000170396	2	184598527	184939494
ENSG00000188738	2	185738786	185833292
ENSG00000065548	2	186485888	186513375
ENSG00000138448	2	186589663	186680903
ENSG00000144369	2	186694008	186765961
ENSG00000163012	2	186826858	186849210
ENSG00000064989	2	187341944	187448508
ENSG00000003436	2	187463821	187565848
ENSG00000144366	2	188291103	188595945
ENSG00000168542	2	188974369	189012748
ENSG00000204262	2	189030741	189225314
ENSG00000115368	2	189441427	189485918
ENSG00000138449	2	189560489	189583760
ENSG00000138381	2	189661383	189671383
ENSG00000286053	2	189661383	189666439
ENSG00000286165	2	189661517	189667883
ENSG00000151687	2	189674288	189761195
ENSG00000128694	2	189746413	189763232
ENSG00000128699	2	189765543	189784397
ENSG00000064933	2	189784060	189878387
ENSG00000187699	2	189879541	190204494
ENSG00000138379	2	190055698	190062742
ENSG00000198130	2	190189733	190344195
ENSG00000151689	2	190334671	190371667
ENSG00000151690	2	190407894	190509207
ENSG00000189362	2	190434214	190534789
ENSG00000138386	2	190646744	190695530
ENSG00000115419	2	190880320	190965554
ENSG00000115415	2	190908458	191020962
ENSG00000138378	2	191029568	191178437
ENSG00000128641	2	191245062	191425822
ENSG00000173559	2	191678066	191741099
ENSG00000168497	2	191834296	191847255
ENSG00000144339	2	191904243	192195248
ENSG00000196950	2	195575975	195737708
ENSG00000118997	2	195737522	196068850
ENSG00000081320	2	196133557	196176505
ENSG00000138411	2	196189097	196593686
ENSG00000144395	2	196639552	196763492
ENSG00000119041	2	196761060	196799745
ENSG00000187944	2	196804415	196809357
ENSG00000197121	2	196833002	196927798
ENSG00000065413	2	196967015	197311175
ENSG00000115524	2	197388513	197435081
ENSG00000115520	2	197453436	197475490
ENSG00000144381	2	197485926	197516739
ENSG00000115541	2	197500108	197513410
ENSG00000270757	2	197500411	197550728
ENSG00000115540	2	197515569	197553701
ENSG00000162944	2	197568222	197676170
ENSG00000247626	2	197705367	197708397
ENSG00000152430	2	197726877	197786764
ENSG00000115896	2	197804539	198572583
ENSG00000119042	2	199268898	199471273
ENSG00000226124	2	199758263	199851216
ENSG00000178074	2	199911247	199955937
ENSG00000162971	2	199928911	199955820
ENSG00000162972	2	199955315	200008542
ENSG00000196141	2	200305879	200482266
ENSG00000155729	2	200488951	200519786
ENSG00000163535	2	200510006	200584098
ENSG00000138356	2	200585862	200677066
ENSG00000082153	2	200810592	200827923
ENSG00000013441	2	200853007	200864730
ENSG00000240344	2	200870905	200889360
ENSG00000196290	2	200888990	200905581
ENSG00000115942	2	200908682	200963706
ENSG00000155744	2	200966315	201071702
ENSG00000119013	2	201071431	201085759
ENSG00000003402	2	201116003	201176689
ENSG00000003400	2	201182691	201229430
ENSG00000064012	2	201233441	201361838
ENSG00000155749	2	201287395	201357400
ENSG00000115993	2	201377205	201453451
ENSG00000082146	2	201387856	201502689
ENSG00000155754	2	201487419	201619181
ENSG00000155755	2	201620182	201643572
ENSG00000082126	2	201644868	201698715
ENSG00000003393	2	201700265	201782114
ENSG00000138395	2	201790459	201895552
ENSG00000155760	2	202033853	202038443
ENSG00000182329	2	202073248	202206181
ENSG00000116030	2	202206169	202238606
ENSG00000055044	2	202265274	202303669
ENSG00000204217	2	202375833	202567753
ENSG00000289490	2	202377110	202377170
ENSG00000138439	2	202634967	202769759
ENSG00000163596	2	202773148	202872105
ENSG00000138442	2	202874259	203014800
ENSG00000138380	2	202912212	202988265
ENSG00000144426	2	203014606	203226380
ENSG00000119004	2	203238950	203306028
ENSG00000138443	2	203328211	203447730
ENSG00000173166	2	203394343	203535480
ENSG00000178562	2	203706515	203739758
ENSG00000163599	2	203853886	203873967
ENSG00000163600	2	203936755	203961579
ENSG00000116117	2	204545160	205620164
ENSG00000118257	2	205681988	205798135
ENSG00000114933	2	205993719	206086310
ENSG00000023228	2	206114815	206159526
ENSG00000114942	2	206159573	206164808
ENSG00000183671	2	206175314	206218075
ENSG00000204186	2	206274651	206393970
ENSG00000114948	2	206443367	206621303
ENSG00000235118	2	206642415	206649367
ENSG00000232125	2	206651619	206721572
ENSG00000138400	2	206737761	206765339
ENSG00000118246	2	206765355	206796191
ENSG00000144410	2	206939514	206971066
ENSG00000118263	2	207074135	207173858
ENSG00000118260	2	207529695	207605990
ENSG00000144401	2	207579516	207626299
ENSG00000163249	2	207711513	207761841
ENSG00000163251	2	207762596	207769916
ENSG00000178385	2	207821286	208025848
ENSG00000118231	2	208121605	208124597
ENSG00000163254	2	208128135	208129830
ENSG00000182187	2	208142571	208146165
ENSG00000168582	2	208160738	208163591
ENSG00000188674	2	208165341	208190247
ENSG00000138413	2	208236222	208266097
ENSG00000115020	2	208266227	208358757
ENSG00000144407	2	208359712	208854505
ENSG00000078018	2	209423986	209734237
ENSG00000144406	2	209771567	209999302
ENSG00000197713	2	210002563	210027531
ENSG00000144445	2	210021024	210172184
ENSG00000115361	2	210186998	210225449
ENSG00000168530	2	210290143	210315182
ENSG00000115365	2	210424560	210477654
ENSG00000021826	2	210477639	210679111
ENSG00000178568	2	211375715	212539268
ENSG00000030419	2	212999689	213152429
ENSG00000144451	2	213284358	214410503
ENSG00000174453	2	214411052	214578978
ENSG00000138376	2	214724703	214809728
ENSG00000144452	2	214931540	215138628
ENSG00000138363	2	215311954	215352253
ENSG00000115414	2	215359466	215436122
ENSG00000118242	2	215942582	216034098
ENSG00000115425	2	215954718	216082957
ENSG00000163449	2	216081864	216102785
ENSG00000079246	2	216107462	216207530
ENSG00000144583	2	216257863	216372485
ENSG00000138375	2	216412381	216483058
ENSG00000197756	2	216498795	216580099
ENSG00000115457	2	216632826	216664456
ENSG00000115461	2	216672103	216695551
ENSG00000118245	2	216859456	216865734
ENSG00000079308	2	217799586	218033984
ENSG00000188282	2	218034958	218090651
ENSG00000180871	2	218125267	218137253
ENSG00000163464	2	218162839	218166971
ENSG00000163466	2	218216628	218254358
ENSG00000179921	2	218259494	218263863
ENSG00000127837	2	218264123	218270891
ENSG00000127838	2	218269649	218347059
ENSG00000135926	2	218274191	218292591
ENSG00000158428	2	218356836	218369964
ENSG00000018280	2	218382004	218396908
ENSG00000144579	2	218397134	218405944
ENSG00000127831	2	218419081	218453297
ENSG00000135913	2	218450249	218568770
ENSG00000144580	2	218568573	218597082
ENSG00000115556	2	218607853	218637188
ENSG00000115568	2	218633327	218659657
ENSG00000074582	2	218658762	218668761
ENSG00000163481	2	218662079	218672011
ENSG00000163482	2	218672025	218702719
ENSG00000135912	2	218710771	218759726
ENSG00000135929	2	218781686	218825337
ENSG00000115592	2	218819048	218832088
ENSG00000115596	2	218859793	218874235
ENSG00000135925	2	218880850	218899583
ENSG00000171450	2	218959664	218962157
ENSG00000163497	2	218981085	218985568
ENSG00000163499	2	218990187	218994272
ENSG00000181378	2	219002844	219041529
ENSG00000163501	2	219054422	219061066
ENSG00000187736	2	219069353	219160871
ENSG00000280537	2	219075327	219170829
ENSG00000213901	2	219161463	219170097
ENSG00000115649	2	219170702	219182666
ENSG00000144567	2	219176223	219185919
ENSG00000158552	2	219195235	219209653
ENSG00000115657	2	219209763	219219014
ENSG00000284820	2	219209770	219222740
ENSG00000198925	2	219219378	219230385
ENSG00000163516	2	219229767	219236681
ENSG00000163521	2	219236596	219245480
ENSG00000115661	2	219245210	219250341
ENSG00000127824	2	219249708	219277904
ENSG00000243910	2	219253241	219272199
ENSG00000135924	2	219279306	219286902
ENSG00000054356	2	219289621	219309650
ENSG00000182698	2	219327405	219335554
ENSG00000123992	2	219360088	219400024
ENSG00000175084	2	219417472	219426742
ENSG00000072195	2	219434469	219493631
ENSG00000286143	2	219491865	219498246
ENSG00000286095	2	219496127	219498289
ENSG00000144591	2	219498616	219513900
ENSG00000072182	2	219514168	219538774
ENSG00000123989	2	219538947	219543820
ENSG00000188760	2	219543128	219550597
ENSG00000124006	2	219550725	219572078
ENSG00000123999	2	219569160	219575713
ENSG00000144589	2	219595803	219616454
ENSG00000114923	2	219627009	219641984
ENSG00000116106	2	221418025	221574204
ENSG00000135903	2	222199885	222299013
ENSG00000288658	2	222314146	222320157
ENSG00000163082	2	222423980	222650899
ENSG00000116120	2	222566897	222656315
ENSG00000124003	2	222671510	222710003
ENSG00000123983	2	222860940	222944641
ENSG00000152049	2	223052188	223198401
ENSG00000171951	2	223596090	223602775
ENSG00000152056	2	223667678	223838029
ENSG00000286239	2	223757256	223945301
ENSG00000085449	2	223855714	223945359
ENSG00000135900	2	223957384	223969080
ENSG00000135919	2	223975043	224039690
ENSG00000124019	2	224376337	224402115
ENSG00000036257	2	224470148	224585527
ENSG00000283428	2	224703762	224742272
ENSG00000135905	2	224765088	225042726
ENSG00000144460	2	225399684	225729889
ENSG00000169047	2	226731310	226799852
ENSG00000144468	2	226835579	227001008
ENSG00000081052	2	227002711	227164561
ENSG00000169031	2	227164507	227314794
ENSG00000168958	2	227325149	227361190
ENSG00000168955	2	227362036	227381997
ENSG00000284629	2	227387681	227387951
ENSG00000173744	2	227472132	227561413
ENSG00000284643	2	227598891	227599257
ENSG00000284622	2	227608782	227609103
ENSG00000284704	2	227614536	227614842
ENSG00000284631	2	227617496	227617817
ENSG00000284667	2	227666802	227667063
ENSG00000135917	2	227683761	227718090
ENSG00000284725	2	227724438	227724759
ENSG00000284718	2	227728333	227728627
ENSG00000284635	2	227745892	227746222
ENSG00000115009	2	227805737	227817566
ENSG00000123977	2	227870929	227924346
ENSG00000153820	2	227979864	228182022
ENSG00000153823	2	228850524	229271869
ENSG00000187957	2	229357517	229714588
ENSG00000153827	2	229763833	229923241
ENSG00000153832	2	229922300	230014514
ENSG00000163053	2	230034972	230069006
ENSG00000135899	2	230165184	230225731
ENSG00000079263	2	230203108	230316579
ENSG00000185404	2	230326760	230407088
ENSG00000067066	2	230414869	230545702
ENSG00000135932	2	230712820	230821088
ENSG00000135916	2	230864637	230879250
ENSG00000135898	2	230907316	230961068
ENSG00000173699	2	230990322	231025057
ENSG00000204128	2	231037340	231049721
ENSG00000173692	2	231056843	231173118
ENSG00000135914	2	231108228	231125105
ENSG00000135931	2	231198544	231376850
ENSG00000156966	2	231395556	231408801
ENSG00000115053	2	231453529	231483643
ENSG00000171596	2	231523185	231530473
ENSG00000177673	2	231592862	231594278
ENSG00000187514	2	231706893	231713554
ENSG00000156973	2	231732352	231786274
ENSG00000144524	2	231781658	231809256
ENSG00000163273	2	231921807	231926405
ENSG00000144535	2	231961243	232344352
ENSG00000163283	2	232378722	232382891
ENSG00000163286	2	232406835	232410716
ENSG00000163295	2	232456123	232460755
ENSG00000171551	2	232479823	232489047
ENSG00000237412	2	232520386	232525718
ENSG00000135902	2	232525991	232536669
ENSG00000196811	2	232539690	232548117
ENSG00000221944	2	232543881	232550559
ENSG00000135930	2	232550631	232585203
ENSG00000115468	2	232606055	232682783
ENSG00000204120	2	232697257	232863340
ENSG00000115474	2	232765800	232776568
ENSG00000182600	2	232857268	232878710
ENSG00000066248	2	232878684	233013265
ENSG00000115488	2	233023030	233042482
ENSG00000168918	2	233059965	233207905
ENSG00000085978	2	233210049	233295676
ENSG00000130561	2	233307814	233347057
ENSG00000077044	2	233354473	233472106
ENSG00000085982	2	233475524	233566785
ENSG00000242366	2	233617631	233773312
ENSG00000242515	2	233636445	233773312
ENSG00000241119	2	233671732	233773312
ENSG00000244122	2	233681883	233773312
ENSG00000167165	2	233691605	233773302
ENSG00000288705	2	233712905	233773312
ENSG00000244474	2	233718725	233773312
ENSG00000288702	2	233729040	233773312
ENSG00000241635	2	233760260	233773315
ENSG00000185038	2	233775677	233833425
ENSG00000123485	2	233833414	233854674
ENSG00000293137	2	233864661	233868415
ENSG00000144481	2	233917371	234019524
ENSG00000072080	2	234050615	234108289
ENSG00000188042	2	234493039	234497097
ENSG00000130147	2	234951948	235055716
ENSG00000157985	2	235494024	236131795
ENSG00000168505	2	236165234	236168397
ENSG00000182177	2	236193451	236264411
ENSG00000132321	2	236324145	236507718
ENSG00000144476	2	236567690	236582360
ENSG00000198612	2	237085875	237103210
ENSG00000163359	2	237324001	237414411
ENSG00000115648	2	237485426	237555324
ENSG00000071677	2	237559553	237567290
ENSG00000124839	2	237574103	237601640
ENSG00000124831	2	237627548	237813684
ENSG00000177483	2	237798387	237842810
ENSG00000132329	2	237858891	237923440
ENSG00000184182	2	237966825	238051732
ENSG00000258984	2	237967012	238099414
ENSG00000132330	2	238060874	238099415
ENSG00000144488	2	238100338	238133289
ENSG00000168427	2	238138647	238152949
ENSG00000178752	2	238158926	238168902
ENSG00000132323	2	238170397	238203763
ENSG00000144485	2	238237901	238240682
ENSG00000132326	2	238244042	238290104
ENSG00000204104	2	238320439	238402116
ENSG00000065802	2	238426740	238452252
ENSG00000233608	2	238848029	238910550
ENSG00000068024	2	239048166	239401663
ENSG00000130414	2	239892448	240025745
ENSG00000182083	2	240029489	240030431
ENSG00000178586	2	240044569	240053809
ENSG00000172428	2	240126561	240136809
ENSG00000178602	2	240139024	240144564
ENSG00000063660	2	240435432	240468117
ENSG00000144504	2	240479420	240569211
ENSG00000188542	2	240560052	240565258
ENSG00000142327	2	240565802	240581374
ENSG00000142330	2	240586364	240618847
ENSG00000178623	2	240605402	240633161
ENSG00000185176	2	240676416	240682908
ENSG00000184945	2	240691864	240698485
ENSG00000130294	2	240713759	240824322
ENSG00000172482	2	240868541	240881533
ENSG00000172478	2	240886046	240896896
ENSG00000226321	2	240906328	240993313
ENSG00000162804	2	240998610	241095581
ENSG00000122085	2	241072167	241102334
ENSG00000115687	2	241106092	241150854
ENSG00000115685	2	241149547	241183654
ENSG00000146205	2	241188507	241227340
ENSG00000115677	2	241227262	241317063
ENSG00000168385	2	241314921	241354032
ENSG00000006607	2	241356242	241494849
ENSG00000115694	2	241482073	241509732
ENSG00000176720	2	241551298	241585943
ENSG00000176946	2	241584403	241637583
ENSG00000168397	2	241637202	241673859
ENSG00000168393	2	241675736	241686983
ENSG00000168395	2	241687083	241729483
ENSG00000180902	2	241734587	241768818
ENSG00000154252	2	241776815	241804289
ENSG00000204099	2	241808501	241817417
ENSG00000188389	2	241849882	241858896
ENSG00000188011	2	241869598	241873825
ENSG00000216921	2	241893983	241902553
ENSG00000134121	3	196589	409419
ENSG00000134115	3	1092656	1404219
ENSG00000144619	3	2098811	3057965
ENSG00000091181	3	3066322	3126615
ENSG00000072756	3	3126362	3153437
ENSG00000113851	3	3144626	3179735
ENSG00000144455	3	3700812	4467280
ENSG00000175928	3	3799376	3849836
ENSG00000170364	3	4303302	4321456
ENSG00000150995	3	4493343	4847520
ENSG00000134107	3	4978713	4985325
ENSG00000134108	3	5122229	5180918
ENSG00000134109	3	5187540	5219965
ENSG00000196277	3	6769999	7741569
ENSG00000071282	3	8501585	8574670
ENSG00000125046	3	8619384	8745042
ENSG00000182533	3	8733779	8841810
ENSG00000180914	3	8750379	8769630
ENSG00000070950	3	8775400	8963775
ENSG00000196220	3	8980589	9363055
ENSG00000134077	3	9362965	9389325
ENSG00000168137	3	9397607	9479242
ENSG00000156959	3	9498359	9553864
ENSG00000163719	3	9649305	9702396
ENSG00000144550	3	9703689	9729910
ENSG00000156983	3	9731724	9748021
ENSG00000114026	3	9749936	9791069
ENSG00000134072	3	9757339	9770608
ENSG00000171148	3	9779962	9793013
ENSG00000241553	3	9792482	9807706
ENSG00000250151	3	9793080	9835403
ENSG00000214021	3	9808084	9856089
ENSG00000156990	3	9831631	9844604
ENSG00000187288	3	9864167	9891010
ENSG00000171135	3	9890567	9894351
ENSG00000163701	3	9902610	9916404
ENSG00000163702	3	9917038	9933632
ENSG00000288550	3	9917114	9945387
ENSG00000163703	3	9933789	9945415
ENSG00000163704	3	9939448	9952444
ENSG00000125037	3	9957215	10011204
ENSG00000144554	3	10026368	10101939
ENSG00000163705	3	10081315	10108292
ENSG00000254999	3	10115588	10135084
ENSG00000134086	3	10141762	10153678
ENSG00000134070	3	10164860	10243758
ENSG00000157014	3	10248021	10281220
ENSG00000289763	3	10249040	10249368
ENSG00000272410	3	10249370	10285798
ENSG00000157017	3	10285664	10292961
ENSG00000157020	3	10293129	10321209
ENSG00000157087	3	10324021	10708062
ENSG00000132164	3	10816199	10940730
ENSG00000157103	3	10992175	11039249
ENSG00000196639	3	11137091	11263733
ENSG00000197548	3	11272307	11557667
ENSG00000144560	3	11556067	11771352
ENSG00000144559	3	11790440	11846921
ENSG00000157152	3	12004323	12192034
ENSG00000157150	3	12149832	12159397
ENSG00000132170	3	12287366	12455624
ENSG00000154743	3	12480527	12541551
ENSG00000225526	3	12514932	12561061
ENSG00000075975	3	12557009	12603557
ENSG00000132155	3	12582099	12664203
ENSG00000088726	3	12733526	12769459
ENSG00000144712	3	12796470	12836435
ENSG00000289809	3	12825766	12871921
ENSG00000144713	3	12834465	12841589
ENSG00000144711	3	12897041	13283283
ENSG00000132182	3	13316229	13420397
ENSG00000163517	3	13479722	13506426
ENSG00000163520	3	13549071	13638506
ENSG00000154764	3	13816155	13880106
ENSG00000163528	3	14112075	14124878
ENSG00000170876	3	14124996	14143683
ENSG00000268279	3	14135215	14148254
ENSG00000154767	3	14145143	14178769
ENSG00000170860	3	14178747	14216188
ENSG00000131389	3	14402562	14489351
ENSG00000144596	3	14489105	14556077
ENSG00000154781	3	14651744	14674942
ENSG00000131379	3	14675139	14773038
ENSG00000154783	3	14810503	14934573
ENSG00000177463	3	14947322	15053602
ENSG00000131368	3	15009609	15065341
ENSG00000131381	3	15068563	15099165
ENSG00000131375	3	15206110	15254070
ENSG00000131370	3	15254252	15341370
ENSG00000206562	3	15381059	15440568
ENSG00000144597	3	15427550	15450637
ENSG00000293553	3	15439197	15455942
ENSG00000206561	3	15450130	15521930
ENSG00000131373	3	15554788	15601885
ENSG00000169814	3	15601339	15722524
ENSG00000206560	3	15667129	15859849
ENSG00000131386	3	16174444	16248229
ENSG00000154813	3	16257059	16265000
ENSG00000154814	3	16265158	16352095
ENSG00000131378	3	16313572	16514028
ENSG00000092345	3	16586788	16670308
ENSG00000154822	3	16802649	17090606
ENSG00000131374	3	17157160	18444819
ENSG00000182568	3	18345054	18445623
ENSG00000183960	3	19148100	19535644
ENSG00000163576	3	19878351	19947027
ENSG00000144566	3	19947066	19987136
ENSG00000183977	3	19979959	20012269
ENSG00000114166	3	20040053	20154407
ENSG00000129810	3	20155361	20186802
ENSG00000151789	3	21412216	22373323
ENSG00000182247	3	23203013	23592849
ENSG00000170142	3	23805905	23892210
ENSG00000197885	3	23885031	23946593
ENSG00000174748	3	23916589	23924376
ENSG00000174738	3	23945256	23996743
ENSG00000151090	3	24117151	24495758
ENSG00000077092	3	24687885	25597934
ENSG00000077097	3	25597976	25664975
ENSG00000151092	3	25718696	25790041
ENSG00000151093	3	25782915	25797143
ENSG00000179796	3	26622637	26717539
ENSG00000163491	3	27106482	27369462
ENSG00000033867	3	27372721	27484453
ENSG00000163508	3	27715947	27722713
ENSG00000187118	3	28241582	28334650
ENSG00000163512	3	28315001	28349056
ENSG00000206559	3	28348695	28538124
ENSG00000283563	3	28349176	29767539
ENSG00000144642	3	28574789	30010393
ENSG00000163513	3	30606476	30694251
ENSG00000144644	3	30726195	30894899
ENSG00000163527	3	31532188	31638550
ENSG00000144645	3	31646304	32077582
ENSG00000197385	3	31981720	31994076
ENSG00000152642	3	32105687	32168717
ENSG00000170293	3	32237205	32370701
ENSG00000153551	3	32391661	32537059
ENSG00000091317	3	32474173	32502860
ENSG00000144635	3	32525972	32570951
ENSG00000182973	3	32685107	32773877
ENSG00000206557	3	32817015	32897826
ENSG00000183813	3	32951642	32957122
ENSG00000170266	3	32961101	33097438
ENSG00000188167	3	33083566	33097231
ENSG00000170275	3	33113910	33147775
ENSG00000173705	3	33150036	33219280
ENSG00000153558	3	33277023	33404500
ENSG00000153560	3	33388334	33441409
ENSG00000163539	3	33496185	33718416
ENSG00000170248	3	33798316	33869709
ENSG00000172995	3	35638943	35794498
ENSG00000144681	3	36380319	36548047
ENSG00000163673	3	36712407	36764555
ENSG00000168016	3	36826093	36945130
ENSG00000178567	3	36985041	36993133
ENSG00000076242	3	36992832	37051507
ENSG00000093167	3	37049132	37183691
ENSG00000144674	3	37243182	37366881
ENSG00000144668	3	37452088	37823624
ENSG00000144677	3	37861830	37984471
ENSG00000136059	3	37987958	38007537
ENSG00000187091	3	38007494	38029682
ENSG00000008226	3	38039188	38124027
ENSG00000060971	3	38103127	38137649
ENSG00000172936	3	38138550	38143026
ENSG00000172939	3	38165087	38255489
ENSG00000172940	3	38265810	38278759
ENSG00000144671	3	38282292	38318577
ENSG00000093217	3	38346741	38428436
ENSG00000114739	3	38453841	38493144
ENSG00000157036	3	38496125	38542244
ENSG00000183873	3	38548055	38649745
ENSG00000185313	3	38696800	38816288
ENSG00000168356	3	38845756	39052159
ENSG00000114742	3	39051989	39096673
ENSG00000114745	3	39095220	39108371
ENSG00000168026	3	39107192	39140975
ENSG00000144655	3	39141852	39154854
ENSG00000168334	3	39183208	39192662
ENSG00000168329	3	39263493	39281737
ENSG00000179934	3	39329707	39336271
ENSG00000144659	3	39383290	39397428
ENSG00000168028	3	39406707	39426257
ENSG00000168314	3	39467170	39529481
ENSG00000170011	3	39808912	40260323
ENSG00000114784	3	40309105	40316987
ENSG00000291315	3	40312084	40312216
ENSG00000168032	3	40387166	40428746
ENSG00000188846	3	40457290	40468589
ENSG00000177842	3	40477103	40521483
ENSG00000177873	3	40477103	40491055
ENSG00000172888	3	40524875	40576700
ENSG00000168036	3	41194739	41260098
ENSG00000168038	3	41246597	41962238
ENSG00000182606	3	42013622	42225892
ENSG00000187094	3	42257821	42266192
ENSG00000157093	3	42397081	42410612
ENSG00000114812	3	42489297	42537698
ENSG00000093183	3	42546348	42601302
ENSG00000008324	3	42581838	42596987
ENSG00000114857	3	42600469	42648744
ENSG00000114853	3	42652898	42667582
ENSG00000157119	3	42685445	42695073
ENSG00000010282	3	42692659	42703262
ENSG00000244607	3	42704117	42773292
ENSG00000280571	3	42705754	42804520
ENSG00000181061	3	42782902	42804533
ENSG00000144648	3	42804584	42888803
ENSG00000273291	3	42809444	43055873
ENSG00000290317	3	42809481	42942794
ENSG00000180432	3	42855942	42875922
ENSG00000182983	3	42905939	42919336
ENSG00000240747	3	42936334	42942801
ENSG00000144649	3	42979085	43067900
ENSG00000144647	3	43079227	43106100
ENSG00000163788	3	43286508	43424766
ENSG00000160746	3	43354857	43691596
ENSG00000011198	3	43690106	43734373
ENSG00000173769	3	44241884	44332100
ENSG00000179152	3	44338095	44409453
ENSG00000185219	3	44431703	44477696
ENSG00000178917	3	44491764	44510638
ENSG00000196345	3	44555191	44594175
ENSG00000144792	3	44578221	44599696
ENSG00000186448	3	44584830	44648473
ENSG00000169981	3	44648718	44665333
ENSG00000196653	3	44712633	44724200
ENSG00000186446	3	44729591	44738103
ENSG00000163807	3	44737659	44762035
ENSG00000163808	3	44761698	44873378
ENSG00000169964	3	44861855	44867850
ENSG00000163810	3	44874606	44914992
ENSG00000163812	3	44914690	44976284
ENSG00000075914	3	44975239	45036073
ENSG00000163815	3	45001546	45036073
ENSG00000163814	3	45082275	45146485
ENSG00000249992	3	45224464	45226289
ENSG00000011376	3	45388514	45554728
ENSG00000144791	3	45555392	45686343
ENSG00000211456	3	45689054	45745427
ENSG00000163817	3	45748901	45796656
ENSG00000163818	3	45823314	45916044
ENSG00000173585	3	45884423	45904313
ENSG00000163820	3	45917901	45995847
ENSG00000172215	3	45940913	45948642
ENSG00000173578	3	46016986	46085852
ENSG00000183625	3	46130888	46266719
ENSG00000163823	3	46201707	46208678
ENSG00000121807	3	46353862	46360942
ENSG00000160791	3	46370937	46377530
ENSG00000121797	3	46407142	46412999
ENSG00000012223	3	46434345	46485236
ENSG00000163825	3	46494609	46501508
ENSG00000163827	3	46510356	46607099
ENSG00000241186	3	46573631	46584686
ENSG00000283877	3	46581148	46617228
ENSG00000283473	3	46612523	46626545
ENSG00000178038	3	46668992	46694073
ENSG00000181585	3	46694526	46710888
ENSG00000206549	3	46712113	46812576
ENSG00000283706	3	46712115	46717871
ENSG00000160808	3	46835107	46885913
ENSG00000160801	3	46877704	46903801
ENSG00000160799	3	46916632	46982012
ENSG00000160796	3	46979658	47009709
ENSG00000181555	3	47016426	47164150
ENSG00000088727	3	47227424	47283453
ENSG00000114648	3	47282626	47346821
ENSG00000076201	3	47381009	47413444
ENSG00000114650	3	47413679	47477128
ENSG00000163832	3	47490708	47513740
ENSG00000114646	3	47562236	47580794
ENSG00000173473	3	47585267	47782108
ENSG00000132153	3	47802639	47851619
ENSG00000047849	3	47850676	48089301
ENSG00000164045	3	48157144	48188430
ENSG00000164047	3	48223310	48225493
ENSG00000164048	3	48241050	48299346
ENSG00000172113	3	48287638	48301687
ENSG00000229453	3	48306838	48333663
ENSG00000164049	3	48372217	48401261
ENSG00000164050	3	48401710	48430501
ENSG00000164051	3	48432162	48440458
ENSG00000232112	3	48440211	48444220
ENSG00000164053	3	48446708	48467647
ENSG00000164054	3	48464203	48504828
ENSG00000213689	3	48465809	48467647
ENSG00000114268	3	48517666	48562017
ENSG00000145040	3	48561716	48563783
ENSG00000114270	3	48564071	48595598
ENSG00000010256	3	48598988	48610978
ENSG00000183396	3	48620757	48621771
ENSG00000225697	3	48625716	48635512
ENSG00000008300	3	48636461	48662888
ENSG00000213672	3	48662984	48686366
ENSG00000068745	3	48688001	48740355
ENSG00000114302	3	48744589	48847896
ENSG00000178537	3	48856924	48898995
ENSG00000177479	3	48918215	48986384
ENSG00000178467	3	48989856	49007155
ENSG00000178252	3	49007060	49015955
ENSG00000178149	3	49015472	49022295
ENSG00000178057	3	49020457	49027595
ENSG00000178035	3	49024313	49029454
ENSG00000290315	3	49024343	49094073
ENSG00000198218	3	49029698	49094547
ENSG00000172053	3	49095930	49105132
ENSG00000172046	3	49105756	49120942
ENSG00000172037	3	49121111	49133120
ENSG00000177352	3	49161061	49166359
ENSG00000185909	3	49171237	49176489
ENSG00000236980	3	49177632	49191860
ENSG00000173421	3	49198426	49277631
ENSG00000188315	3	49268594	49277238
ENSG00000114316	3	49277142	49340714
ENSG00000233276	3	49357172	49358607
ENSG00000290318	3	49357174	49412053
ENSG00000067560	3	49359134	49413000
ENSG00000145022	3	49412210	49455828
ENSG00000145020	3	49416769	49422687
ENSG00000283189	3	49416775	49429316
ENSG00000145029	3	49422331	49429333
ENSG00000173402	3	49468647	49535626
ENSG00000164061	3	49554475	49671551
ENSG00000164062	3	49673816	49683975
ENSG00000173531	3	49683920	49689503
ENSG00000164068	3	49688738	49723391
ENSG00000176020	3	49716827	49719686
ENSG00000173540	3	49716842	49723990
ENSG00000176095	3	49724292	49786559
ENSG00000187492	3	49790730	49799881
ENSG00000185614	3	49803226	49805239
ENSG00000182179	3	49805203	49814153
ENSG00000183763	3	49828593	49856599
ENSG00000164076	3	49857212	49870066
ENSG00000164078	3	49886900	49906132
ENSG00000164077	3	49907158	49930175
ENSG00000004534	3	49940005	50100047
ENSG00000003756	3	50088896	50119023
ENSG00000001617	3	50155010	50189077
ENSG00000114349	3	50191584	50197698
ENSG00000188338	3	50202869	50221506
ENSG00000114353	3	50226290	50259364
ENSG00000012171	3	50267505	50277575
ENSG00000179564	3	50279028	50288118
ENSG00000214706	3	50286001	50292920
ENSG00000186792	3	50292828	50299439
ENSG00000243477	3	50296400	50299439
ENSG00000114378	3	50299881	50312892
ENSG00000068001	3	50313394	50324689
ENSG00000114383	3	50320025	50328253
ENSG00000068028	3	50329780	50340982
ENSG00000004838	3	50341108	50345748
ENSG00000114388	3	50347328	50350828
ENSG00000114395	3	50350832	50358462
ENSG00000272104	3	50350890	50367925
ENSG00000126062	3	50352818	50359568
ENSG00000007402	3	50362611	50504246
ENSG00000088543	3	50556407	50573570
ENSG00000114735	3	50567893	50596170
ENSG00000114737	3	50606454	50611986
ENSG00000114738	3	50611485	50651019
ENSG00000088538	3	50674873	51384200
ENSG00000145050	3	51385253	51389804
ENSG00000259956	3	51391283	51397910
ENSG00000145041	3	51395865	51500099
ENSG00000164080	3	51538664	51668669
ENSG00000164081	3	51662691	51704325
ENSG00000164082	3	51707055	51718618
ENSG00000214686	3	51778559	51779243
ENSG00000285749	3	51798801	51830858
ENSG00000173389	3	51809293	51903371
ENSG00000229972	3	51826881	51833391
ENSG00000184345	3	51861613	51863426
ENSG00000214681	3	51873719	51875603
ENSG00000114767	3	51933423	51941948
ENSG00000041880	3	51942250	51949373
ENSG00000180929	3	51955379	51957501
ENSG00000090097	3	51957446	51974632
ENSG00000114779	3	51968508	51983411
ENSG00000248487	3	51971424	51982400
ENSG00000114786	3	51974704	51989185
ENSG00000243989	3	51983045	51989459
ENSG00000162244	3	51993520	51996023
ENSG00000164086	3	52048917	52056579
ENSG00000164087	3	52074588	52154748
ENSG00000023330	3	52198083	52214622
ENSG00000239732	3	52221078	52225653
ENSG00000173366	3	52221079	52231192
ENSG00000247596	3	52228610	52246790
ENSG00000164088	3	52245739	52250618
ENSG00000164091	3	52254432	52288022
ENSG00000168237	3	52286943	52295275
ENSG00000114841	3	52316317	52400494
ENSG00000163930	3	52398583	52410040
ENSG00000010318	3	52410502	52427968
ENSG00000010319	3	52433033	52445105
ENSG00000114854	3	52451080	52454073
ENSG00000010322	3	52455116	52493083
ENSG00000010327	3	52495329	52524514
ENSG00000168268	3	52524367	52535095
ENSG00000168273	3	52533948	52579239
ENSG00000163939	3	52544269	52685981
ENSG00000163938	3	52681154	52696162
ENSG00000016864	3	52691525	52706370
ENSG00000114902	3	52704953	52711150
ENSG00000114904	3	52708442	52770975
ENSG00000055957	3	52777557	52792070
ENSG00000162267	3	52794448	52809883
ENSG00000055955	3	52812916	52831071
ENSG00000243696	3	52813280	52835731
ENSG00000272573	3	52833111	52835224
ENSG00000248592	3	52833119	52897564
ENSG00000213533	3	52836217	52897623
ENSG00000163935	3	52903343	53046752
ENSG00000272305	3	52969117	53099455
ENSG00000163933	3	53048133	53130663
ENSG00000163932	3	53156007	53192719
ENSG00000163931	3	53223038	53256057
ENSG00000272886	3	53283427	53347685
ENSG00000157388	3	53328961	53813735
ENSG00000016391	3	53812333	53846470
ENSG00000056736	3	53845671	53873465
ENSG00000113812	3	53863036	53882204
ENSG00000113811	3	53883494	53891887
ENSG00000157445	3	54122125	55074559
ENSG00000144771	3	54918229	54967090
ENSG00000114251	3	55465713	55490541
ENSG00000187672	3	55508284	56469097
ENSG00000180376	3	56557159	56621839
ENSG00000163946	3	56620130	56683307
ENSG00000163947	3	56727412	57079331
ENSG00000186451	3	57060657	57075532
ENSG00000144730	3	57089980	57170308
ENSG00000163666	3	57182071	57227623
ENSG00000157500	3	57227706	57289542
ENSG00000239388	3	57268340	57292695
ENSG00000174844	3	57293697	57544361
ENSG00000174840	3	57556247	57656496
ENSG00000168374	3	57571361	57598222
ENSG00000174839	3	57625452	57693129
ENSG00000163681	3	57755448	57931463
ENSG00000136068	3	58008396	58172253
ENSG00000163687	3	58191373	58214699
ENSG00000163686	3	58237500	58296816
ENSG00000163684	3	58306237	58324697
ENSG00000255154	3	58306237	58324697
ENSG00000168297	3	58332577	58426869
ENSG00000168291	3	58425141	58434014
ENSG00000168301	3	58491076	58502586
ENSG00000168306	3	58504542	58537402
ENSG00000168309	3	58564112	58627653
ENSG00000198643	3	58633939	58666879
ENSG00000163689	3	58717363	59050086
ENSG00000189283	3	59747275	61251468
ENSG00000144724	3	61561567	62297611
ENSG00000114405	3	62318999	62336215
ENSG00000153266	3	62369670	62374475
ENSG00000163618	3	62398344	62875565
ENSG00000163630	3	63228313	63616926
ENSG00000188817	3	63652662	63679022
ENSG00000163632	3	63819297	63848638
ENSG00000163634	3	63833868	63864352
ENSG00000163635	3	63863153	64003560
ENSG00000163636	3	64010547	64024012
ENSG00000163637	3	64092234	64445478
ENSG00000163638	3	64515650	64688266
ENSG00000151276	3	65353165	66038933
ENSG00000144741	3	66133608	66388118
ENSG00000144749	3	66378791	66501265
ENSG00000163376	3	66998305	67011212
ENSG00000172340	3	67240705	67654632
ENSG00000183662	3	68004245	68547281
ENSG00000163377	3	68731591	68953299
ENSG00000163378	3	68975215	69013721
ENSG00000144747	3	69019825	69052384
ENSG00000144744	3	69053970	69080410
ENSG00000144746	3	69084783	69106094
ENSG00000163380	3	69106063	69123034
ENSG00000114541	3	69168780	69542585
ENSG00000187098	3	69738534	69968338
ENSG00000242120	3	70194477	70312640
ENSG00000114861	3	70954691	71584011
ENSG00000285708	3	70959224	71754231
ENSG00000163412	3	71675412	71754775
ENSG00000170837	3	71753853	71756498
ENSG00000163421	3	71770938	71785421
ENSG00000163602	3	72371823	72446623
ENSG00000144736	3	72749273	72861916
ENSG00000172986	3	72888030	72978039
ENSG00000310607	3	72888044	73069200
ENSG00000163605	3	72996801	73069200
ENSG00000255423	3	73061657	73063339
ENSG00000121440	3	73382428	73625275
ENSG00000113805	3	74262566	74614873
ENSG00000172969	3	75664326	75667222
ENSG00000227124	3	75678658	75785594
ENSG00000185008	3	75906665	77649966
ENSG00000169855	3	78595955	79768027
ENSG00000114480	3	81489159	81761842
ENSG00000175161	3	84958987	86074431
ENSG00000206538	3	86876386	86991314
ENSG00000083937	3	87227256	87259946
ENSG00000064835	3	87259402	87276586
ENSG00000179097	3	87792546	87993841
ENSG00000163320	3	88051938	88149887
ENSG00000288654	3	88058137	88059049
ENSG00000175105	3	88058721	88144666
ENSG00000179021	3	88149645	88276050
ENSG00000283434	3	88338414	88467596
ENSG00000044524	3	89107520	89482439
ENSG00000184500	3	93873036	93980005
ENSG00000169379	3	93980126	94055680
ENSG00000178700	3	93981178	94063391
ENSG00000178750	3	94012041	94028660
ENSG00000178694	3	94062978	94131834
ENSG00000080224	3	96813353	97761534
ENSG00000113966	3	97764519	97801231
ENSG00000080200	3	97821982	97944986
ENSG00000170854	3	97941331	97972459
ENSG00000183185	3	97985100	98035317
ENSG00000213439	3	98064470	98065398
ENSG00000196578	3	98087171	98088104
ENSG00000231192	3	98130719	98138550
ENSG00000236032	3	98147477	98156616
ENSG00000233412	3	98166694	98169776
ENSG00000230301	3	98263250	98265358
ENSG00000197938	3	98282503	98284072
ENSG00000232535	3	98306750	98312845
ENSG00000196098	3	98353852	98354821
ENSG00000206536	3	98390664	98391633
ENSG00000232382	3	98463199	98472926
ENSG00000080822	3	98496783	98523068
ENSG00000231861	3	98497679	98498633
ENSG00000285635	3	98521131	98585500
ENSG00000154165	3	98531976	98534683
ENSG00000080819	3	98579436	98593714
ENSG00000064225	3	98732173	98821203
ENSG00000057019	3	98795939	98901821
ENSG00000144810	3	99638424	99799228
ENSG00000184220	3	99817821	100182065
ENSG00000168386	3	99826450	100114527
ENSG00000036054	3	100260778	100325253
ENSG00000114021	3	100334623	100361637
ENSG00000154174	3	100363429	100401425
ENSG00000206535	3	100401190	100457741
ENSG00000181458	3	100492217	100579283
ENSG00000144820	3	100609594	100695481
ENSG00000114354	3	100709293	100793281
ENSG00000154175	3	100749153	100993519
ENSG00000081148	3	101222544	101320577
ENSG00000138468	3	101324203	101513243
ENSG00000174173	3	101561832	101566448
ENSG00000081154	3	101574081	101594512
ENSG00000066422	3	101648887	101677137
ENSG00000114391	3	101677658	101686827
ENSG00000293268	3	101686825	101713303
ENSG00000182504	3	101724532	101770564
ENSG00000144815	3	101778898	101843745
ENSG00000144802	3	101827989	101861024
ENSG00000170044	3	102099242	102479843
ENSG00000170017	3	105366689	105576911
ENSG00000114423	3	105655459	105869554
ENSG00000138483	3	107377437	107378637
ENSG00000114439	3	107522934	107811341
ENSG00000196776	3	108043089	108091864
ENSG00000114446	3	108160810	108222562
ENSG00000114455	3	108295332	108379816
ENSG00000144821	3	108379006	108529324
ENSG00000163507	3	108545372	108589646
ENSG00000198919	3	108589478	108694848
ENSG00000163515	3	108743422	108757412
ENSG00000163519	3	108822768	108855007
ENSG00000138472	3	108907401	108953918
ENSG00000114487	3	108958246	109118136
ENSG00000241224	3	109118250	109152134
ENSG00000163530	3	109293778	109317268
ENSG00000121570	3	109326139	109340120
ENSG00000177707	3	111070069	111275565
ENSG00000153283	3	111292717	111680596
ENSG00000177494	3	111592898	111595396
ENSG00000240891	3	111674653	111846449
ENSG00000144824	3	111732401	111976839
ENSG00000144827	3	111978970	111993370
ENSG00000144834	3	111998733	112013892
ENSG00000176040	3	112034734	112081271
ENSG00000114529	3	112086329	112132997
ENSG00000174500	3	112120837	112133272
ENSG00000172139	3	112140896	112294229
ENSG00000091972	3	112332233	112363183
ENSG00000186265	3	112461065	112499670
ENSG00000144848	3	112531770	112562320
ENSG00000138459	3	112561267	112587352
ENSG00000091986	3	112596795	112649532
ENSG00000206531	3	112815707	112846866
ENSG00000163606	3	112921056	112975105
ENSG00000163607	3	112990907	113015879
ENSG00000163608	3	113001458	113019863
ENSG00000144857	3	113210844	113287465
ENSG00000206530	3	113286928	113441612
ENSG00000285943	3	113361899	113515153
ENSG00000163611	3	113442716	113515608
ENSG00000072858	3	113532398	113629716
ENSG00000176542	3	113632049	113696669
ENSG00000121579	3	113716456	113746788
ENSG00000114573	3	113746294	113812253
ENSG00000178075	3	113828180	113947181
ENSG00000184307	3	113947704	113965403
ENSG00000163617	3	113964135	114056596
ENSG00000151576	3	114005831	114088544
ENSG00000151577	3	114127578	114199409
ENSG00000174255	3	114234629	114237580
ENSG00000181847	3	114276911	114310290
ENSG00000181722	3	114314498	115147358
ENSG00000172020	3	115623290	115721492
ENSG00000185565	3	115802372	117997594
ENSG00000239268	3	117672152	117997594
ENSG00000144847	3	118900555	119146070
ENSG00000163424	3	119146149	119160044
ENSG00000251012	3	119147373	119187809
ENSG00000114638	3	119173514	119205760
ENSG00000121578	3	119208849	119240954
ENSG00000031081	3	119294029	119420826
ENSG00000176142	3	119428947	119468856
ENSG00000163389	3	119468789	119494710
ENSG00000113845	3	119498513	119525092
ENSG00000121594	3	119523071	119580618
ENSG00000144843	3	119579266	119590167
ENSG00000144837	3	119597806	119629820
ENSG00000121577	3	119636455	119665326
ENSG00000138495	3	119654511	119677623
ENSG00000183833	3	119702988	119767104
ENSG00000285585	3	119703074	119807572
ENSG00000144852	3	119780482	119818720
ENSG00000082701	3	119821319	120095714
ENSG00000175697	3	120164643	120285428
ENSG00000163428	3	120324507	120349414
ENSG00000163430	3	120392291	120596766
ENSG00000065518	3	120596271	120602509
ENSG00000113924	3	120628163	120682400
ENSG00000144840	3	120684936	120742995
ENSG00000153767	3	120742368	120783370
ENSG00000145087	3	120908070	121424763
ENSG00000051341	3	121431417	121546009
ENSG00000186103	3	121567947	121590624
ENSG00000163833	3	121592884	121630436
ENSG00000180353	3	121631397	121660929
ENSG00000173230	3	121663187	121749968
ENSG00000173226	3	121769396	121835095
ENSG00000145088	3	121835162	121888075
ENSG00000163406	3	121894353	121944190
ENSG00000145103	3	121987320	122022284
ENSG00000114013	3	122055354	122121559
ENSG00000036828	3	122183663	122291631
ENSG00000121552	3	122325236	122359858
ENSG00000160124	3	122338389	122383278
ENSG00000114023	3	122384159	122412336
ENSG00000196981	3	122411844	122416466
ENSG00000114030	3	122421900	122514957
ENSG00000138496	3	122527908	122565480
ENSG00000163840	3	122564226	122575205
ENSG00000173200	3	122577595	122639049
ENSG00000173193	3	122680210	122730842
ENSG00000169087	3	122719875	122795037
ENSG00000138463	3	122794817	122881146
ENSG00000082684	3	122908720	123028607
ENSG00000065485	3	123067015	123225229
ENSG00000121542	3	123201857	123275511
ENSG00000173175	3	123282294	123449797
ENSG00000206527	3	123490818	123585195
ENSG00000065534	3	123610047	123884377
ENSG00000175455	3	123897303	123961445
ENSG00000065371	3	123968519	123992180
ENSG00000160145	3	124033308	124726327
ENSG00000114491	3	124730431	124749386
ENSG00000082781	3	124757791	124901420
ENSG00000173702	3	124905438	124953821
ENSG00000173706	3	124965708	125056058
ENSG00000221955	3	125082634	125213231
ENSG00000163848	3	125225667	125375844
ENSG00000114520	3	125446640	125520235
ENSG00000144909	3	125528208	125595594
ENSG00000114547	3	125969151	125983456
ENSG00000114544	3	126005660	126101563
ENSG00000144908	3	126103559	126197996
ENSG00000163884	3	126342633	126357464
ENSG00000163885	3	126394654	126436558
ENSG00000070476	3	126436363	126476024
ENSG00000159650	3	126481163	126517780
ENSG00000180767	3	126524070	126543293
ENSG00000180697	3	126526997	126558967
ENSG00000197763	3	126571777	126655151
ENSG00000159685	3	126704201	126960422
ENSG00000114554	3	126982691	127037391
ENSG00000214324	3	127193129	127198187
ENSG00000239620	3	127283781	127288049
ENSG00000163870	3	127571230	127598320
ENSG00000073111	3	127598221	127622444
ENSG00000114631	3	127629141	127672812
ENSG00000114626	3	127672892	127683199
ENSG00000074416	3	127689060	128052192
ENSG00000187715	3	127915205	127989102
ENSG00000058262	3	128051639	128071707
ENSG00000175792	3	128063022	128153916
ENSG00000132394	3	128153172	128427046
ENSG00000179407	3	128462435	128466970
ENSG00000179348	3	128479421	128493210
ENSG00000163902	3	128619966	128681077
ENSG00000075785	3	128693667	128825982
ENSG00000177646	3	128879492	128924005
ENSG00000114656	3	128909864	129002692
ENSG00000114654	3	129001300	129040744
ENSG00000169704	3	129060772	129062437
ENSG00000172780	3	129087567	129123696
ENSG00000261796	3	129087573	129161038
ENSG00000240682	3	129127413	129161351
ENSG00000169714	3	129167289	129184010
ENSG00000181789	3	129249573	129278070
ENSG00000183624	3	129278439	129306285
ENSG00000184897	3	129314769	129316288
ENSG00000172771	3	129401319	129428647
ENSG00000163913	3	129429605	129520512
ENSG00000129071	3	129430280	129440545
ENSG00000163914	3	129528635	129535346
ENSG00000178804	3	129543173	129551469
ENSG00000004399	3	129555211	129606828
ENSG00000172765	3	129647790	129893780
ENSG00000170893	3	129974291	129977942
ENSG00000251287	3	130081829	130113229
ENSG00000172752	3	130345514	130484848
ENSG00000206384	3	130517169	130677046
ENSG00000196455	3	130678921	130746859
ENSG00000017260	3	130850502	131016761
ENSG00000034533	3	131013063	131027651
ENSG00000114670	3	131026843	131353045
ENSG00000198585	3	131381669	131388832
ENSG00000114686	3	131459126	131502997
ENSG00000196353	3	131533553	132285412
ENSG00000014257	3	132317362	132369037
ENSG00000138246	3	132417486	132539034
ENSG00000240303	3	132558136	132660729
ENSG00000274810	3	132558140	132722461
ENSG00000129048	3	132597248	132618969
ENSG00000081307	3	132654444	132679796
ENSG00000113971	3	132680606	132722500
ENSG00000144868	3	133038274	133397777
ENSG00000170819	3	133400054	133475224
ENSG00000091527	3	133573541	133590276
ENSG00000163781	3	133598173	133662382
ENSG00000091513	3	133745860	133796643
ENSG00000144867	3	133784021	133825774
ENSG00000154917	3	133819937	133895891
ENSG00000174640	3	133930256	134052186
ENSG00000163785	3	134065301	134250931
ENSG00000114019	3	134355345	134375481
ENSG00000129055	3	134476249	134486718
ENSG00000182923	3	134485697	134587791
ENSG00000174611	3	134599921	134651679
ENSG00000154928	3	134795250	135260469
ENSG00000073711	3	135965653	136148502
ENSG00000174579	3	135995446	136197243
ENSG00000114054	3	136250312	136351452
ENSG00000118007	3	136336232	136752466
ENSG00000168917	3	136818461	136857533
ENSG00000158092	3	136862175	136953517
ENSG00000174564	3	136946228	137011087
ENSG00000168875	3	137764313	137766336
ENSG00000066405	3	137998733	138033657
ENSG00000158163	3	138029826	138115859
ENSG00000118017	3	138122899	138132418
ENSG00000138231	3	138160986	138174955
ENSG00000114098	3	138187246	138298391
ENSG00000181322	3	138261435	138331356
ENSG00000158186	3	138347646	138405537
ENSG00000158220	3	138434568	138481688
ENSG00000114107	3	138494337	138594540
ENSG00000158234	3	138608548	138633645
ENSG00000051382	3	138652334	138834966
ENSG00000183770	3	138944222	138947139
ENSG00000206262	3	138947175	138953992
ENSG00000206260	3	139003960	139006270
ENSG00000175110	3	139005804	139360499
ENSG00000184814	3	139019029	139020928
ENSG00000233701	3	139042100	139044894
ENSG00000184432	3	139353940	139389738
ENSG00000114113	3	139452882	139480769
ENSG00000114115	3	139517432	139540398
ENSG00000163864	3	139558694	139678019
ENSG00000158258	3	139935183	140577399
ENSG00000155890	3	140678062	140701152
ENSG00000114120	3	140941795	140980997
ENSG00000175093	3	141050742	141148615
ENSG00000155893	3	141228724	141367755
ENSG00000177311	3	141324152	141449794
ENSG00000155903	3	141486965	141615364
ENSG00000114125	3	141738187	141747613
ENSG00000285558	3	141738472	141807921
ENSG00000114124	3	141763406	141819354
ENSG00000069849	3	141876109	141927501
ENSG00000114126	3	141944426	142149600
ENSG00000175066	3	142157525	142225622
ENSG00000114127	3	142306605	142448089
ENSG00000175054	3	142449005	142578870
ENSG00000120756	3	142595642	142713871
ENSG00000144935	3	142723998	142807890
ENSG00000163710	3	142815920	142889213
ENSG00000188582	3	142949162	142964024
ENSG00000163714	3	142964495	143061403
ENSG00000175040	3	143119720	143124016
ENSG00000181804	3	143265220	143848487
ENSG00000181744	3	143971814	144048721
ENSG00000152952	3	146035020	146163727
ENSG00000114698	3	146192316	146251222
ENSG00000163746	3	146391364	146495993
ENSG00000188313	3	146511856	146544864
ENSG00000231213	3	146576553	146605348
ENSG00000174963	3	147386044	147406811
ENSG00000152977	3	147393420	147510295
ENSG00000144891	3	148697782	148743047
ENSG00000153002	3	148791100	148860189
ENSG00000163751	3	148865276	148898574
ENSG00000163754	3	148991330	149031777
ENSG00000071794	3	149030062	149086561
ENSG00000163755	3	149129600	149173734
ENSG00000047457	3	149162408	149222051
ENSG00000163762	3	149318496	149334416
ENSG00000169908	3	149369020	149377731
ENSG00000169903	3	149473935	149503396
ENSG00000018408	3	149517233	149736716
ENSG00000114744	3	149733244	149752497
ENSG00000206199	3	149759042	149968387
ENSG00000082996	3	149809443	150032339
ENSG00000070087	3	149952352	150050790
ENSG00000196428	3	150408239	150466424
ENSG00000120742	3	150518543	150603230
ENSG00000144895	3	150546676	150586800
ENSG00000198843	3	150602873	150631372
ENSG00000163645	3	150659883	150703973
ENSG00000181788	3	150741123	150763498
ENSG00000214237	3	150870374	150905441
ENSG00000260234	3	150882995	150941745
ENSG00000163646	3	150926161	150972729
ENSG00000144893	3	151085284	151437074
ENSG00000174946	3	151197830	151203218
ENSG00000174944	3	151212113	151278813
ENSG00000138271	3	151294084	151316822
ENSG00000181631	3	151326310	151329557
ENSG00000169313	3	151336841	151384767
ENSG00000152580	3	151425382	151461188
ENSG00000197953	3	151733914	151761341
ENSG00000114771	3	151813929	151853591
ENSG00000198829	3	151873633	151884621
ENSG00000152601	3	152243502	152466148
ENSG00000169860	3	152835129	152841441
ENSG00000181467	3	153162224	153170629
ENSG00000114790	3	154121001	154257829
ENSG00000174953	3	154271821	154324993
ENSG00000174948	3	154334941	154430192
ENSG00000196549	3	155024122	155183815
ENSG00000240045	3	155287620	155294019
ENSG00000114805	3	155375576	155745096
ENSG00000174928	3	155762605	155806290
ENSG00000284952	3	155763041	155854444
ENSG00000169359	3	155821022	155854565
ENSG00000163655	3	155870465	155944022
ENSG00000169282	3	156037699	156538759
ENSG00000114850	3	156480875	156559476
ENSG00000163659	3	156673233	156706772
ENSG00000197980	3	156825479	157046131
ENSG00000163660	3	157145518	157160773
ENSG00000197415	3	157259740	157533621
ENSG00000163661	3	157436841	157443635
ENSG00000168779	3	158095903	158106422
ENSG00000174891	3	158105673	158545736
ENSG00000178053	3	158571149	158607257
ENSG00000079257	3	158591889	158672734
ENSG00000168827	3	158644514	158695838
ENSG00000118849	3	158689040	158732804
ENSG00000118855	3	158732196	158885091
ENSG00000283154	3	158962233	159897360
ENSG00000214216	3	158962926	159266309
ENSG00000151967	3	159273242	159897631
ENSG00000168811	3	159988828	159996021
ENSG00000180044	3	160225420	160228215
ENSG00000248710	3	160227452	160449831
ENSG00000068885	3	160256984	160400359
ENSG00000113810	3	160399272	160437761
ENSG00000213186	3	160432443	160485775
ENSG00000186432	3	160495005	160565593
ENSG00000179674	3	160677158	160678450
ENSG00000163590	3	160755524	161078904
ENSG00000169255	3	161083563	161105447
ENSG00000169251	3	161104673	161284993
ENSG00000196542	3	161344796	161372943
ENSG00000182447	3	161496806	161503944
ENSG00000090402	3	164978896	165078498
ENSG00000121871	3	165186323	165197111
ENSG00000114200	3	165772898	165837464
ENSG00000169064	3	167239841	167407876
ENSG00000114204	3	167438965	167478974
ENSG00000174776	3	167477787	167653985
ENSG00000114209	3	167677515	167735041
ENSG00000163536	3	167735063	167828463
ENSG00000173905	3	168008550	168096538
ENSG00000085276	3	169083497	169663777
ENSG00000184378	3	169765608	169769853
ENSG00000085274	3	169773375	169790451
ENSG00000171757	3	169793001	169813010
ENSG00000188306	3	169812868	169837775
ENSG00000114248	3	169837915	169870002
ENSG00000187033	3	169911570	169939177
ENSG00000008952	3	169966633	169998375
ENSG00000173890	3	170037449	170089946
ENSG00000173889	3	170086730	170181770
ENSG00000163558	3	170222122	170322331
ENSG00000136603	3	170357285	170396850
ENSG00000013297	3	170418862	170454735
ENSG00000285218	3	170418866	170860382
ENSG00000013293	3	170459546	170586151
ENSG00000163584	3	170864873	170870477
ENSG00000163577	3	170888416	170908646
ENSG00000163581	3	170994619	171026777
ENSG00000154310	3	171058412	171460475
ENSG00000075651	3	171599047	171810952
ENSG00000186329	3	171843336	171938717
ENSG00000075420	3	172039545	172405420
ENSG00000121853	3	172442549	172448458
ENSG00000121858	3	172505501	172523531
ENSG00000144959	3	172630247	172711220
ENSG00000114346	3	172750680	172821476
ENSG00000144962	3	172889355	173141237
ENSG00000169760	3	173396282	174294374
ENSG00000177694	3	174438571	175810550
ENSG00000177565	3	177019338	177228002
ENSG00000197584	3	178272930	178847010
ENSG00000275163	3	178419121	178843302
ENSG00000172667	3	178958101	179072325
ENSG00000121879	3	179148112	179240095
ENSG00000171121	3	179236688	179267004
ENSG00000121864	3	179322854	179338585
ENSG00000171109	3	179346950	179396568
ENSG00000114450	3	179396086	179451649
ENSG00000136518	3	179562884	179588464
ENSG00000136522	3	179571522	179604665
ENSG00000136521	3	179604688	179632779
ENSG00000288698	3	179604805	179784181
ENSG00000058056	3	179652728	179804370
ENSG00000114757	3	179794956	180037086
ENSG00000163728	3	180602076	180618344
ENSG00000284862	3	180602856	180684944
ENSG00000114416	3	180868139	180982755
ENSG00000205981	3	180939427	180989845
ENSG00000181449	3	181711923	181714438
ENSG00000058063	3	182793464	182923013
ENSG00000043093	3	182938072	182985955
ENSG00000078070	3	183015216	183116077
ENSG00000078081	3	183122011	183163841
ENSG00000053524	3	183176119	183428950
ENSG00000176597	3	183249212	183298506
ENSG00000172578	3	183487549	183555708
ENSG00000114796	3	183635600	183693119
ENSG00000163872	3	183697746	183812811
ENSG00000283765	3	183815566	183884891
ENSG00000180834	3	183815879	183825614
ENSG00000175193	3	183826487	183884935
ENSG00000114770	3	183919932	184018309
ENSG00000186090	3	184031542	184039371
ENSG00000178084	3	184053045	184060675
ENSG00000186038	3	184097062	184106997
ENSG00000145191	3	184134984	184146129
ENSG00000161202	3	184155157	184173618
ENSG00000161203	3	184174687	184184216
ENSG00000161204	3	184186093	184194453
ENSG00000145198	3	184228994	184242344
ENSG00000214160	3	184242299	184249573
ENSG00000284753	3	184249607	184258761
ENSG00000284917	3	184249693	184293033
ENSG00000163888	3	184259211	184261604
ENSG00000145194	3	184275529	184293033
ENSG00000175166	3	184299155	184309056
ENSG00000114867	3	184314488	184335360
ENSG00000175182	3	184335914	184348423
ENSG00000114859	3	184346183	184363276
ENSG00000163882	3	184360854	184368598
ENSG00000090534	3	184367387	184381970
ENSG00000090539	3	184379379	184390738
ENSG00000182580	3	184561749	184582410
ENSG00000177383	3	184708747	184712075
ENSG00000156931	3	184812111	185054011
ENSG00000187068	3	185076836	185153656
ENSG00000113790	3	185190622	185281992
ENSG00000073803	3	185282939	185489096
ENSG00000163900	3	185475948	185499098
ENSG00000163898	3	185506260	185552619
ENSG00000163904	3	185582494	185633553
ENSG00000073792	3	185643128	185825311
ENSG00000136527	3	185914556	185938105
ENSG00000244405	3	186045534	186110320
ENSG00000058866	3	186105666	186362328
ENSG00000213139	3	186536576	186546704
ENSG00000113838	3	186546022	186570545
ENSG00000090520	3	186567401	186585802
ENSG00000283149	3	186581993	186597105
ENSG00000145192	3	186612774	186627805
ENSG00000090512	3	186634556	186654354
ENSG00000113905	3	186660214	186678454
ENSG00000113889	3	186717327	186744738
ENSG00000156976	3	186783203	186789903
ENSG00000163918	3	186789864	186807060
ENSG00000181092	3	186842672	186858465
ENSG00000073849	3	186930323	187078934
ENSG00000163923	3	187120925	187180974
ENSG00000175077	3	187197484	187202506
ENSG00000127241	3	187216084	187292280
ENSG00000136514	3	187368366	187372078
ENSG00000157005	3	187668854	187670403
ENSG00000198471	3	187698257	187702658
ENSG00000113916	3	187721375	187745727
ENSG00000145012	3	188152972	188890673
ENSG00000188001	3	188947163	189325306
ENSG00000073282	3	189631250	189897278
ENSG00000090530	3	189956726	190122439
ENSG00000163347	3	190305704	190322979
ENSG00000113946	3	190322520	190412462
ENSG00000198398	3	190428653	190449903
ENSG00000196083	3	190487418	190659752
ENSG00000205835	3	190851804	190892431
ENSG00000188729	3	191199233	191265617
ENSG00000188958	3	191267166	191330574
ENSG00000152492	3	191329020	191398661
ENSG00000253548	3	191461161	191461458
ENSG00000114279	3	192139243	192767766
ENSG00000180611	3	192796677	192918267
ENSG00000127252	3	193240611	193343730
ENSG00000187527	3	193274787	193378822
ENSG00000127249	3	193398965	193593113
ENSG00000198836	3	193593100	193697949
ENSG00000114315	3	194136137	194138734
ENSG00000178772	3	194339628	194351403
ENSG00000172061	3	194355247	194369745
ENSG00000178732	3	194394819	194399268
ENSG00000133657	3	194402670	194498366
ENSG00000145014	3	194587671	194633691
ENSG00000041802	3	194640786	194672465
ENSG00000185112	3	194685881	194689039
ENSG00000173950	3	195067371	195271178
ENSG00000114331	3	195274736	195443141
ENSG00000184203	3	195514414	195543388
ENSG00000189058	3	195568699	195584049
ENSG00000176945	3	195720866	195741125
ENSG00000145113	3	195746763	195811975
ENSG00000061938	3	195863362	195911947
ENSG00000289747	3	195908693	195909563
ENSG00000072274	3	196012509	196082164
ENSG00000163958	3	196197450	196211439
ENSG00000163959	3	196211485	196244768
ENSG00000161217	3	196214220	196287959
ENSG00000272741	3	196248228	196318224
ENSG00000213123	3	196291217	196318330
ENSG00000273331	3	196316080	196338375
ENSG00000145107	3	196319340	196338606
ENSG00000163960	3	196347657	196432478
ENSG00000163961	3	196468781	196503826
ENSG00000214097	3	196506875	196515370
ENSG00000185798	3	196552215	196569265
ENSG00000174013	3	196568609	196589061
ENSG00000174004	3	196639674	196707524
ENSG00000163964	3	196639773	196736018
ENSG00000174007	3	196706266	196712605
ENSG00000180370	3	196739741	196832649
ENSG00000119231	3	196867854	196934720
ENSG00000114503	3	196935400	196942596
ENSG00000270170	3	196942672	196943545
ENSG00000119227	3	196946342	196969062
ENSG00000163975	3	196980588	197029876
ENSG00000075711	3	197042558	197299334
ENSG00000161267	3	197509774	197573442
ENSG00000145016	3	197668865	197749729
ENSG00000122068	3	197737177	197787598
ENSG00000186001	3	197791224	197906416
ENSG00000114473	3	197881032	197960144
ENSG00000182899	3	197949955	197956612
ENSG00000185621	3	197960198	198043722
ENSG00000272602	4	53281	106455
ENSG00000250312	4	124454	210716
ENSG00000186777	4	270673	305485
ENSG00000131127	4	337760	384870
ENSG00000182903	4	391177	499161
ENSG00000174227	4	499193	541175
ENSG00000273238	4	573878	576297
ENSG00000133256	4	625557	670784
ENSG00000169020	4	672421	674402
ENSG00000215375	4	673517	682035
ENSG00000169026	4	681822	689550
ENSG00000185619	4	705746	770091
ENSG00000168993	4	784955	827045
ENSG00000178950	4	849273	932413
ENSG00000127419	4	932151	958991
ENSG00000145214	4	958882	986897
ENSG00000145217	4	978990	997661
ENSG00000127415	4	986995	1008346
ENSG00000127418	4	1008647	1026903
ENSG00000178222	4	1056245	1113699
ENSG00000159674	4	1166926	1208964
ENSG00000159692	4	1211432	1250335
ENSG00000090316	4	1289837	1340150
ENSG00000163945	4	1345689	1395991
ENSG00000235608	4	1402930	1406444
ENSG00000174137	4	1617913	1684358
ENSG00000163950	4	1692729	1712346
ENSG00000013810	4	1712856	1745180
ENSG00000168936	4	1715949	1721369
ENSG00000068078	4	1793284	1808875
ENSG00000168924	4	1811477	1856246
ENSG00000109685	4	1870557	1982209
ENSG00000185049	4	1982713	2041905
ENSG00000243449	4	2040626	2043966
ENSG00000185818	4	2058660	2069091
ENSG00000130997	4	2071916	2242140
ENSG00000290263	4	2078996	2242278
ENSG00000214367	4	2227460	2242192
ENSG00000123933	4	2247429	2262146
ENSG00000159733	4	2269576	2418796
ENSG00000206113	4	2418953	2463005
ENSG00000063978	4	2462218	2515873
ENSG00000290180	4	2512475	2625322
ENSG00000125386	4	2536570	2732578
ENSG00000168884	4	2741646	2756408
ENSG00000087266	4	2793013	2841293
ENSG00000087274	4	2843574	2930084
ENSG00000109736	4	2929915	2935464
ENSG00000087269	4	2937923	2963504
ENSG00000125388	4	2963569	3040762
ENSG00000197386	4	3041361	3243959
ENSG00000188981	4	3244367	3271740
ENSG00000159788	4	3292980	3439915
ENSG00000109758	4	3441922	3449495
ENSG00000175920	4	3463188	3501542
ENSG00000163956	4	3503610	3532448
ENSG00000184160	4	3766346	3768528
ENSG00000163982	4	4188724	4226931
ENSG00000132406	4	4235539	4248374
ENSG00000145220	4	4267570	4290198
ENSG00000168826	4	4290219	4321788
ENSG00000168824	4	4348138	4479329
ENSG00000168818	4	4414971	4542348
ENSG00000163132	4	4859663	4863938
ENSG00000170891	4	5014584	5019489
ENSG00000152953	4	5051398	5500996
ENSG00000173040	4	5542770	5709550
ENSG00000072840	4	5711170	5814307
ENSG00000072832	4	5748082	5893088
ENSG00000181215	4	5897371	6200598
ENSG00000152969	4	6026197	6200598
ENSG00000284684	4	6064975	6070164
ENSG00000109501	4	6269830	6303267
ENSG00000074211	4	6320576	6563825
ENSG00000013288	4	6575128	6623364
ENSG00000179010	4	6640089	6642733
ENSG00000170846	4	6663394	6676757
ENSG00000163993	4	6693819	6697173
ENSG00000178988	4	6702279	6709925
ENSG00000186222	4	6716172	6717666
ENSG00000170871	4	6781373	6884177
ENSG00000132405	4	6909238	7033120
ENSG00000173013	4	7040847	7043003
ENSG00000173011	4	7041897	7100150
ENSG00000109519	4	7058641	7068147
ENSG00000184985	4	7192536	7743644
ENSG00000178597	4	7430283	7434932
ENSG00000196526	4	7758711	7939928
ENSG00000163995	4	7965308	8158834
ENSG00000125089	4	8181938	8241805
ENSG00000170801	4	8269730	8307120
ENSG00000087008	4	8364701	8440752
ENSG00000155275	4	8436138	8496275
ENSG00000155269	4	8558723	8619763
ENSG00000109625	4	8592636	8619763
ENSG00000215612	4	8846074	8872014
ENSG00000229924	4	9170407	9176732
ENSG00000231396	4	9210655	9212251
ENSG00000233136	4	9215403	9216999
ENSG00000227551	4	9220150	9221746
ENSG00000232399	4	9224894	9226490
ENSG00000223569	4	9234383	9236048
ENSG00000249104	4	9243877	9245473
ENSG00000250844	4	9248628	9250224
ENSG00000248920	4	9253376	9254972
ENSG00000250745	4	9258122	9259718
ENSG00000249811	4	9262870	9264466
ENSG00000248933	4	9267617	9269213
ENSG00000250913	4	9272362	9272916
ENSG00000232264	4	9325163	9326759
ENSG00000230430	4	9329909	9331505
ENSG00000229579	4	9334656	9336252
ENSG00000227140	4	9339401	9340997
ENSG00000235780	4	9344146	9345742
ENSG00000231051	4	9348891	9350487
ENSG00000231637	4	9353636	9355232
ENSG00000228856	4	9363127	9364723
ENSG00000186146	4	9444411	9450674
ENSG00000109667	4	9771146	10054938
ENSG00000169676	4	9781385	9784014
ENSG00000071127	4	10068087	10116990
ENSG00000178163	4	10439871	10461383
ENSG00000109684	4	10486393	10734868
ENSG00000002587	4	11393148	11429566
ENSG00000157869	4	13245108	13484367
ENSG00000109705	4	13540828	13545040
ENSG00000038219	4	13568736	13627743
ENSG00000137449	4	15002479	15070155
ENSG00000163145	4	15339816	15446169
ENSG00000048342	4	15469863	15602099
ENSG00000118564	4	15569539	15681681
ENSG00000237765	4	15681504	15690449
ENSG00000109743	4	15702991	15775616
ENSG00000004468	4	15778273	15853234
ENSG00000137440	4	15934505	15948429
ENSG00000137441	4	15960243	15969311
ENSG00000007062	4	15963074	16084380
ENSG00000169762	4	16160503	16227608
ENSG00000169744	4	16501532	16898963
ENSG00000151552	4	17460259	17512259
ENSG00000249581	4	17515163	17527106
ENSG00000002549	4	17577165	17608091
ENSG00000118579	4	17614584	17654145
ENSG00000047662	4	17629304	17781629
ENSG00000163257	4	17793444	17810760
ENSG00000109805	4	17810842	17848066
ENSG00000178177	4	17841185	18021995
ENSG00000145147	4	20251895	20621251
ENSG00000163138	4	20696280	20754828
ENSG00000185774	4	20727540	21948774
ENSG00000152990	4	22345069	22516133
ENSG00000249948	4	22692912	22819577
ENSG00000109819	4	23755039	23904091
ENSG00000109606	4	24517439	24584610
ENSG00000109610	4	24789910	24801563
ENSG00000181982	4	24803512	24980206
ENSG00000153012	4	24996186	25030972
ENSG00000109618	4	25119289	25160552
ENSG00000038210	4	25160661	25280544
ENSG00000168228	4	25312766	25372308
ENSG00000053900	4	25377208	25420312
ENSG00000157765	4	25648009	25679134
ENSG00000091490	4	25713963	25863762
ENSG00000250317	4	25861828	25931809
ENSG00000168214	4	26163453	26435133
ENSG00000163394	4	26481394	26490486
ENSG00000109680	4	26576435	26761666
ENSG00000109689	4	26857599	27026271
ENSG00000169851	4	30720323	31146807
ENSG00000047365	4	35948219	36244857
ENSG00000197057	4	36281614	36347513
ENSG00000174145	4	37244176	37449465
ENSG00000154274	4	37453437	37624346
ENSG00000181826	4	37590798	37686415
ENSG00000169299	4	37826658	37863030
ENSG00000065882	4	37890671	38139177
ENSG00000250254	4	37960396	37961130
ENSG00000109787	4	38664001	38701519
ENSG00000174123	4	38772236	38782992
ENSG00000174125	4	38787553	38856819
ENSG00000174130	4	38822895	38856903
ENSG00000197712	4	38867675	38945742
ENSG00000121895	4	38965997	39032924
ENSG00000109790	4	39044611	39126859
ENSG00000157796	4	39182461	39285812
ENSG00000035928	4	39287453	39366402
ENSG00000134962	4	39406894	39451535
ENSG00000163682	4	39450677	39472426
ENSG00000121897	4	39459002	39485111
ENSG00000109814	4	39498753	39528313
ENSG00000163683	4	39546334	39639094
ENSG00000078140	4	39697877	39782794
ENSG00000121892	4	39822861	39977995
ENSG00000078177	4	40056565	40158254
ENSG00000168421	4	40191009	40246969
ENSG00000174343	4	40335300	40355305
ENSG00000163694	4	40423265	40630898
ENSG00000179299	4	40749774	40811186
ENSG00000163697	4	40810025	41216716
ENSG00000289761	4	41143020	41143101
ENSG00000154277	4	41256411	41268569
ENSG00000064042	4	41359572	41700051
ENSG00000109132	4	41744080	41748889
ENSG00000109133	4	41934378	41960805
ENSG00000182308	4	41981754	41986467
ENSG00000014824	4	41990490	42099371
ENSG00000188848	4	42110851	42152880
ENSG00000178343	4	42397346	42402489
ENSG00000124406	4	42408371	42657146
ENSG00000215203	4	42892711	43030660
ENSG00000183783	4	44173901	44448932
ENSG00000177752	4	44622086	44678797
ENSG00000151806	4	44678401	44703062
ENSG00000163281	4	44682198	44726623
ENSG00000163285	4	46035767	46124091
ENSG00000151834	4	46243546	46475232
ENSG00000170516	4	46734821	46909256
ENSG00000109158	4	46918898	46993592
ENSG00000163288	4	46993721	47428256
ENSG00000169019	4	47441584	47463732
ENSG00000145246	4	47485202	47595101
ENSG00000145244	4	47593997	47838153
ENSG00000170448	4	47847231	47914669
ENSG00000163293	4	47914140	48052432
ENSG00000198515	4	47935126	48017303
ENSG00000074966	4	48063156	48134267
ENSG00000135605	4	48134631	48269860
ENSG00000109171	4	48341373	48426203
ENSG00000145248	4	48483129	48489528
ENSG00000182223	4	48490250	48494391
ENSG00000075539	4	48497355	48780324
ENSG00000109180	4	48805137	48934936
ENSG00000145247	4	48885017	48906962
ENSG00000109182	4	48986142	49062176
ENSG00000109184	4	51842998	51917235
ENSG00000188993	4	51993612	52020372
ENSG00000163069	4	52020695	52038307
ENSG00000163071	4	52051261	52100517
ENSG00000109189	4	52590045	52659396
ENSG00000226887	4	52722616	52751899
ENSG00000128045	4	52862309	52868587
ENSG00000184178	4	52871916	53366102
ENSG00000145216	4	53377560	53464384
ENSG00000282278	4	53377837	54295274
ENSG00000072201	4	53458259	53701407
ENSG00000109220	4	53954464	54064668
ENSG00000180613	4	54099521	54102500
ENSG00000134853	4	54229128	54298248
ENSG00000157404	4	54657265	54740785
ENSG00000128052	4	55078142	55125625
ENSG00000128039	4	55346071	55373102
ENSG00000288695	4	55346226	55388370
ENSG00000134851	4	55395622	55453890
ENSG00000134852	4	55427901	55547493
ENSG00000163440	4	55556512	55592247
ENSG00000109255	4	55595227	55636802
ENSG00000250821	4	55819788	55837491
ENSG00000090989	4	55853626	55905167
ENSG00000174799	4	55948817	56033363
ENSG00000109265	4	56049089	56330611
ENSG00000157426	4	56337480	56387525
ENSG00000128059	4	56393360	56436040
ENSG00000128050	4	56435056	56464580
ENSG00000174780	4	56467589	56503893
ENSG00000196503	4	56505207	56524961
ENSG00000249693	4	56530599	56603558
ENSG00000171476	4	56647193	56681879
ENSG00000128040	4	56809855	56821871
ENSG00000084093	4	56907851	56967013
ENSG00000084092	4	56961618	56977627
ENSG00000047315	4	56977709	57031160
ENSG00000163453	4	56986179	57110923
ENSG00000150471	4	61200110	62078337
ENSG00000205678	4	64275253	64409580
ENSG00000145242	4	65319561	65670530
ENSG00000145241	4	67468760	67545567
ENSG00000035720	4	67558480	67607345
ENSG00000033178	4	67610426	67701340
ENSG00000109163	4	67737116	67754405
ENSG00000153802	4	67820874	67884004
ENSG00000187054	4	67909393	67964142
ENSG00000198092	4	68053196	68129871
ENSG00000185873	4	68226651	68245696
ENSG00000083896	4	68310385	68350112
ENSG00000087128	4	68447426	68500546
ENSG00000197888	4	68516299	68627041
ENSG00000196620	4	68646588	68670686
ENSG00000109181	4	68815893	68835739
ENSG00000135220	4	68928456	68951808
ENSG00000171234	4	69051361	69112989
ENSG00000213759	4	69199949	69214750
ENSG00000135226	4	69280473	69295052
ENSG00000156096	4	69478116	69526019
ENSG00000173610	4	69588415	69653253
ENSG00000271271	4	69588415	69639644
ENSG00000173597	4	69721165	69787963
ENSG00000284695	4	69810778	69847788
ENSG00000109193	4	69822201	69861077
ENSG00000126545	4	69931065	69946576
ENSG00000135222	4	69955254	69965730
ENSG00000126549	4	69995964	70002572
ENSG00000205649	4	70028451	70036540
ENSG00000126550	4	70050436	70058850
ENSG00000187533	4	70133614	70176801
ENSG00000109205	4	70195704	70205736
ENSG00000181617	4	70226115	70235254
ENSG00000171209	4	70238380	70251476
ENSG00000145309	4	70334979	70337118
ENSG00000109208	4	70360758	70367160
ENSG00000171201	4	70370091	70390246
ENSG00000171199	4	70397929	70410197
ENSG00000171195	4	70430490	70482999
ENSG00000187689	4	70518567	70532745
ENSG00000178522	4	70592254	70607290
ENSG00000132464	4	70628742	70646826
ENSG00000132465	4	70652869	70681819
ENSG00000132467	4	70688530	70690553
ENSG00000018189	4	70704202	70808621
ENSG00000132463	4	70815781	70839959
ENSG00000173542	4	70901942	71022451
ENSG00000156136	4	70992536	71030916
ENSG00000080493	4	71062642	71572089
ENSG00000145321	4	71713529	71805529
ENSG00000056291	4	72031900	72148964
ENSG00000156140	4	72280967	72569367
ENSG00000163626	4	73052360	73069757
ENSG00000132466	4	73073374	73259171
ENSG00000163631	4	73397112	73426609
ENSG00000081051	4	73431136	73456176
ENSG00000079557	4	73481657	73504175
ENSG00000169435	4	73571548	73620633
ENSG00000169429	4	73740517	73747381
ENSG00000124875	4	73836620	73849066
ENSG00000109272	4	73853290	73854485
ENSG00000163739	4	73868961	73871390
ENSG00000163737	4	73980757	73982113
ENSG00000288796	4	73981072	73988192
ENSG00000163736	4	73985964	73988278
ENSG00000163735	4	73995640	73998689
ENSG00000163734	4	74036587	74038809
ENSG00000081041	4	74096840	74099198
ENSG00000163738	4	74114172	74303101
ENSG00000182585	4	74308462	74317299
ENSG00000124882	4	74365135	74388751
ENSG00000109321	4	74444997	74455007
ENSG00000174808	4	74744757	74794719
ENSG00000169116	4	74933039	75050137
ENSG00000163743	4	75479031	75514766
ENSG00000174796	4	75513944	75550475
ENSG00000174792	4	75556026	75565999
ENSG00000138769	4	75576492	75630718
ENSG00000138757	4	75641847	75726303
ENSG00000138768	4	75724520	75814292
ENSG00000156194	4	75859862	75902573
ENSG00000138744	4	75910653	75941120
ENSG00000198301	4	75940948	75990964
ENSG00000138755	4	76001273	76007517
ENSG00000156219	4	76011174	76114096
ENSG00000169245	4	76021116	76023520
ENSG00000169248	4	76033680	76050208
ENSG00000138750	4	76107560	76148511
ENSG00000138760	4	76158721	76234538
ENSG00000189157	4	76214038	76284298
ENSG00000272414	4	76251719	76311131
ENSG00000118804	4	76306273	76314088
ENSG00000163749	4	76312995	76421870
ENSG00000138771	4	76435156	76783255
ENSG00000186212	4	76894150	76898146
ENSG00000138758	4	76949698	77040944
ENSG00000118816	4	77047153	77076321
ENSG00000138764	4	77156951	77433390
ENSG00000156234	4	77511751	77611836
ENSG00000138767	4	77713385	77819617
ENSG00000169288	4	77862137	77952793
ENSG00000138759	4	78056959	78544460
ENSG00000138772	4	78551613	78611404
ENSG00000138756	4	78776013	78916367
ENSG00000163291	4	78887125	78939442
ENSG00000156269	4	79225692	79326063
ENSG00000196475	4	79406359	79408230
ENSG00000163297	4	79901144	80125456
ENSG00000152784	4	80183877	80260320
ENSG00000138675	4	80266637	80336682
ENSG00000197826	4	80335728	80963752
ENSG00000152785	4	81030630	81057629
ENSG00000138669	4	81086451	81217972
ENSG00000138670	4	81426391	82044246
ENSG00000138668	4	82350774	82374545
ENSG00000152795	4	82422563	82430496
ENSG00000145293	4	82430355	82462155
ENSG00000249242	4	82483168	82562359
ENSG00000145284	4	82629537	82799111
ENSG00000138674	4	82817498	82901168
ENSG00000168152	4	82900682	82920289
ENSG00000189308	4	82909971	83012993
ENSG00000138663	4	83034445	83075820
ENSG00000145287	4	83059491	83137077
ENSG00000173085	4	83190291	83285143
ENSG00000173083	4	83292459	83335155
ENSG00000163312	4	83406974	83455902
ENSG00000163319	4	83455928	83475846
ENSG00000163322	4	83459515	83523350
ENSG00000138678	4	83535617	83605877
ENSG00000163623	4	84491938	84499368
ENSG00000163624	4	84582853	84663411
ENSG00000163625	4	84668763	84966926
ENSG00000138639	4	85475111	86002670
ENSG00000109339	4	85990005	86594627
ENSG00000163629	4	86593942	86815182
ENSG00000145283	4	86823466	86849391
ENSG00000163633	4	86876203	86892815
ENSG00000285458	4	86886470	86936180
ENSG00000172493	4	86934201	87141075
ENSG00000145332	4	87159881	87240731
ENSG00000170509	4	87301951	87322950
ENSG00000198189	4	87336160	87391225
ENSG00000170502	4	87422571	87459457
ENSG00000272856	4	87460800	87471052
ENSG00000152583	4	87473327	87531120
ENSG00000152591	4	87608527	87616875
ENSG00000152592	4	87650276	87664363
ENSG00000029559	4	87799544	87813331
ENSG00000152595	4	87821396	87846816
ENSG00000118785	4	87975665	87983534
ENSG00000118762	4	88007584	88077779
ENSG00000118777	4	88088125	88231820
ENSG00000163644	4	88257618	88284771
ENSG00000138642	4	88378732	88443100
ENSG00000138646	4	88457084	88506190
ENSG00000145337	4	88520984	88523796
ENSG00000255072	4	88520984	88523778
ENSG00000287542	4	88523808	88708452
ENSG00000138641	4	88592370	88708542
ENSG00000177432	4	88695911	88697831
ENSG00000138640	4	88725891	89111400
ENSG00000180346	4	89111520	89114903
ENSG00000185477	4	89236381	89308068
ENSG00000145335	4	89700343	89838323
ENSG00000138722	4	89879530	89954631
ENSG00000184305	4	90127385	91605297
ENSG00000152208	4	92303964	93810159
ENSG00000172238	4	93828751	93830966
ENSG00000163104	4	94207596	94291295
ENSG00000163106	4	94298505	94342878
ENSG00000163110	4	94451714	94668229
ENSG00000138696	4	94757935	95158451
ENSG00000182168	4	95162502	95549208
ENSG00000163114	4	95840091	95841466
ENSG00000163116	4	97184091	98143487
ENSG00000138698	4	98260920	98443868
ENSG00000168785	4	98470363	98658715
ENSG00000151247	4	98876652	98929927
ENSG00000164024	4	98995357	99065061
ENSG00000197894	4	99070976	99088824
ENSG00000198099	4	99123500	99157794
ENSG00000172955	4	99202422	99219539
ENSG00000187758	4	99275956	99291554
ENSG00000196616	4	99304969	99321661
ENSG00000248144	4	99336091	99382898
ENSG00000196344	4	99412259	99435700
ENSG00000138813	4	99511010	99542305
ENSG00000145331	4	99546698	99564072
ENSG00000138823	4	99564079	99623999
ENSG00000248713	4	99636527	99657830
ENSG00000070190	4	99816727	99872337
ENSG00000109270	4	99874946	99894430
ENSG00000164031	4	99896246	99946728
ENSG00000164032	4	99948049	99950542
ENSG00000145358	4	100180716	100190784
ENSG00000164035	4	100364871	100880128
ENSG00000138814	4	101023407	101348280
ENSG00000153064	4	101411284	102074906
ENSG00000138821	4	102251035	102431260
ENSG00000109320	4	102500909	102617304
ENSG00000109323	4	102630768	102761002
ENSG00000109332	4	102793514	102869289
ENSG00000145354	4	102868736	102903261
ENSG00000164037	4	102870499	103019795
ENSG00000164038	4	103019866	103085831
ENSG00000164039	4	103077590	103099887
ENSG00000138778	4	103105347	103198465
ENSG00000169836	4	103585815	103719988
ENSG00000168772	4	104468306	104494903
ENSG00000168769	4	105145873	105279818
ENSG00000138777	4	105357682	105474115
ENSG00000236699	4	105552482	105708095
ENSG00000138785	4	105682012	105895988
ENSG00000138780	4	105708772	105849572
ENSG00000168743	4	105894773	106115117
ENSG00000145348	4	106041597	106316685
ENSG00000164022	4	106315542	106349838
ENSG00000250298	4	106357390	106368780
ENSG00000155011	4	106921800	107283808
ENSG00000138801	4	107590274	107720397
ENSG00000164023	4	107824561	107915049
ENSG00000155016	4	107931322	107953467
ENSG00000138796	4	107989681	108035243
ENSG00000138795	4	108045590	108169200
ENSG00000109475	4	108620506	108632888
ENSG00000198856	4	108650575	108668420
ENSG00000164089	4	108741967	108763230
ENSG00000188517	4	108808723	109302832
ENSG00000138802	4	109433600	109540898
ENSG00000005059	4	109560207	109688801
ENSG00000138794	4	109685835	109703585
ENSG00000123739	4	109709763	109730072
ENSG00000285330	4	109713914	109802001
ENSG00000205403	4	109730866	109802202
ENSG00000109534	4	109815474	109827322
ENSG00000180245	4	109827970	109849125
ENSG00000183423	4	109846011	109872317
ENSG00000138798	4	109912876	110013950
ENSG00000170522	4	110045844	110199207
ENSG00000138792	4	110365731	110565288
ENSG00000164093	4	110617421	110642184
ENSG00000174749	4	112145406	112195258
ENSG00000138660	4	112231361	112273112
ENSG00000145365	4	112272964	112302438
ENSG00000073331	4	112285507	112442623
ENSG00000178403	4	112513514	112516182
ENSG00000138658	4	112534426	112637404
ENSG00000174720	4	112636988	112657863
ENSG00000145362	4	112818030	113384239
ENSG00000145349	4	113418052	113762574
ENSG00000180801	4	113900280	113979730
ENSG00000174607	4	114598333	114679773
ENSG00000138653	4	114827738	115113892
ENSG00000174599	4	117083552	117085578
ENSG00000164100	4	118033577	118258636
ENSG00000164099	4	118280036	118353232
ENSG00000145388	4	118685379	118715435
ENSG00000150961	4	118722570	118838685
ENSG00000172403	4	118850686	119101483
ENSG00000172399	4	119128429	119187796
ENSG00000145390	4	119212126	119296164
ENSG00000164096	4	119296417	119304447
ENSG00000145384	4	119316750	119322143
ENSG00000138735	4	119494395	119629261
ENSG00000164109	4	120055621	120067194
ENSG00000138738	4	120684917	120923091
ENSG00000173376	4	121029308	121074087
ENSG00000050730	4	121129420	121227617
ENSG00000186867	4	121327316	121381067
ENSG00000164111	4	121644100	121697332
ENSG00000164112	4	121758531	121766262
ENSG00000123737	4	121801316	121817025
ENSG00000145386	4	121815708	121823938
ENSG00000138686	4	121824327	121870504
ENSG00000138741	4	121874479	121952084
ENSG00000138688	4	122152325	122364169
ENSG00000164113	4	122378964	122429816
ENSG00000109471	4	122451468	122456727
ENSG00000138684	4	122610106	122621068
ENSG00000181004	4	122732651	122746080
ENSG00000138685	4	122826678	122898238
ENSG00000170917	4	122886563	122922970
ENSG00000145375	4	122923068	123319435
ENSG00000164056	4	123396752	123407431
ENSG00000151458	4	124662966	124712769
ENSG00000196159	4	125314916	125492934
ENSG00000164066	4	127623269	127726739
ENSG00000151475	4	127730398	127774294
ENSG00000164070	4	127781819	127840735
ENSG00000142731	4	127880888	127899226
ENSG00000164073	4	127917797	127966036
ENSG00000164074	4	127965250	128039955
ENSG00000138709	4	128060636	128222933
ENSG00000164040	4	128268170	128288836
ENSG00000077684	4	128809574	128875242
ENSG00000151466	4	128864919	129093624
ENSG00000151470	4	129093315	129132191
ENSG00000138650	4	133149283	133208608
ENSG00000254535	4	134196331	134201887
ENSG00000189184	4	137518916	137532521
ENSG00000151012	4	138164095	138242543
ENSG00000151014	4	139015412	139045941
ENSG00000109381	4	139028110	139177282
ENSG00000137463	4	139266162	139280499
ENSG00000109390	4	139266878	139302566
ENSG00000164134	4	139301444	139420035
ENSG00000172007	4	139453230	139483976
ENSG00000145391	4	139492972	139606701
ENSG00000085871	4	139665766	139754844
ENSG00000196782	4	139716751	140154229
ENSG00000153130	4	140257204	140385730
ENSG00000153132	4	140387198	140427861
ENSG00000205301	4	140442260	140498379
ENSG00000179387	4	140524156	140553861
ENSG00000109424	4	140559429	140569003
ENSG00000109436	4	140620779	140757051
ENSG00000170153	4	140859805	141212879
ENSG00000109445	4	141220278	141234699
ENSG00000164136	4	141580367	141735278
ENSG00000109452	4	142023158	142847434
ENSG00000170185	4	143184915	143228235
ENSG00000109458	4	143336148	143474567
ENSG00000153147	4	143513443	143557488
ENSG00000183090	4	143577300	143700677
ENSG00000197465	4	143832833	143905565
ENSG00000250361	4	143983266	144019382
ENSG00000170180	4	144108902	144140753
ENSG00000285713	4	144210699	145098176
ENSG00000164161	4	144645721	144745273
ENSG00000164162	4	144831906	145098825
ENSG00000164163	4	145098246	145131336
ENSG00000164164	4	145110836	145180633
ENSG00000170365	4	145480767	145559193
ENSG00000151611	4	145599040	145660035
ENSG00000237136	4	145680086	145771034
ENSG00000151612	4	145757625	145939038
ENSG00000164167	4	146175683	146207944
ENSG00000250673	4	146214513	146232269
ENSG00000120519	4	146253973	146522374
ENSG00000151615	4	146638891	146642476
ENSG00000137473	4	146703987	146945884
ENSG00000151617	4	147480767	147544956
ENSG00000164168	4	147617372	147672046
ENSG00000164169	4	147634892	147684229
ENSG00000071205	4	147731920	148072782
ENSG00000151623	4	148078760	148445551
ENSG00000234828	4	149351707	149896235
ENSG00000170390	4	150078082	150257459
ENSG00000198589	4	150264428	151015757
ENSG00000181541	4	150582149	150584695
ENSG00000145425	4	151099562	151104654
ENSG00000109686	4	151102749	151409367
ENSG00000189099	4	151277159	151291864
ENSG00000164142	4	151409116	151670505
ENSG00000059691	4	151670051	151761040
ENSG00000109670	4	152320542	152536355
ENSG00000170006	4	152618626	152680053
ENSG00000169989	4	152767908	152779780
ENSG00000164144	4	152779094	152918465
ENSG00000137460	4	152935878	152979699
ENSG00000109654	4	153152161	153339321
ENSG00000288637	4	153152433	153415083
ENSG00000121211	4	153344618	153415655
ENSG00000121210	4	153466305	153637614
ENSG00000137462	4	153684048	153708539
ENSG00000145428	4	153710156	153760253
ENSG00000145423	4	153780542	153791622
ENSG00000197410	4	154231740	154491806
ENSG00000171566	4	154535003	154550417
ENSG00000171564	4	154562950	154572809
ENSG00000171560	4	154581964	154590753
ENSG00000171557	4	154604056	154612969
ENSG00000121207	4	154626943	154753160
ENSG00000151962	4	154781211	154828815
ENSG00000185149	4	155208625	155217080
ENSG00000164114	4	155342656	155376972
ENSG00000164116	4	155666695	155737061
ENSG00000061918	4	155758986	155807813
ENSG00000256394	4	155829727	155866279
ENSG00000151790	4	155854736	155921472
ENSG00000256043	4	155921578	155953914
ENSG00000145431	4	156758278	156972203
ENSG00000109738	4	157076092	157172099
ENSG00000120251	4	157204180	157387148
ENSG00000164125	4	158123834	158174251
ENSG00000164124	4	158201602	158255418
ENSG00000171509	4	158315309	158653374
ENSG00000205208	4	158666673	158672257
ENSG00000171503	4	158671966	158710760
ENSG00000171497	4	158708159	158723420
ENSG00000052795	4	158768961	158908052
ENSG00000164123	4	158893132	159038762
ENSG00000109756	4	159103011	159360177
ENSG00000168843	4	161383895	162164012
ENSG00000145414	4	163103928	163166938
ENSG00000164128	4	163323083	163344854
ENSG00000164129	4	163343258	163352479
ENSG00000151005	4	163471093	163473756
ENSG00000198498	4	163494440	163527122
ENSG00000145416	4	163524296	164384052
ENSG00000248771	4	164754062	164805903
ENSG00000248329	4	164876942	164899009
ENSG00000183439	4	164954444	164977683
ENSG00000176979	4	165016456	165041751
ENSG00000250374	4	165053864	165060556
ENSG00000170088	4	165070606	165208551
ENSG00000109466	4	165207468	165323159
ENSG00000229894	4	165277805	165279706
ENSG00000052802	4	165327658	165343320
ENSG00000109472	4	165361192	165499354
ENSG00000038295	4	165873056	166105180
ENSG00000196104	4	166733382	167234798
ENSG00000109511	4	168092535	168187738
ENSG00000137628	4	168216289	168318885
ENSG00000181381	4	168356733	168537788
ENSG00000129116	4	168497036	168928612
ENSG00000145439	4	168861684	169010349
ENSG00000154447	4	169094257	169271187
ENSG00000137601	4	169369702	169612648
ENSG00000109572	4	169612436	169723675
ENSG00000056050	4	169729463	169757974
ENSG00000198948	4	169986595	170033033
ENSG00000109576	4	170059661	170091701
ENSG00000174473	4	171812252	173041561
ENSG00000109586	4	173168809	173324259
ENSG00000164104	4	173331374	173335154
ENSG00000164105	4	173369967	173380482
ENSG00000164106	4	173384699	173416523
ENSG00000164107	4	173524967	173530231
ENSG00000164117	4	174236524	174283980
ENSG00000164118	4	174283293	174335045
ENSG00000164120	4	174453666	174523156
ENSG00000145451	4	174636918	174829249
ENSG00000168594	4	174829666	174978182
ENSG00000150625	4	175632238	176003071
ENSG00000150627	4	176065838	176182822
ENSG00000150628	4	176184497	176195587
ENSG00000164122	4	176213655	176277573
ENSG00000129128	4	176319958	176333047
ENSG00000150630	4	176681717	176792959
ENSG00000109674	4	177309809	177363084
ENSG00000038002	4	177430125	177442452
ENSG00000218336	4	182143916	182803026
ENSG00000129187	4	182837400	182917938
ENSG00000151718	4	183099118	183320779
ENSG00000177300	4	183318098	183320278
ENSG00000185758	4	183321762	183322428
ENSG00000168564	4	183444626	183452997
ENSG00000168556	4	183504752	183516113
ENSG00000182552	4	183639633	183659205
ENSG00000168538	4	183659265	183714421
ENSG00000173320	4	183797690	184023528
ENSG00000164303	4	184088697	184221232
ENSG00000168310	4	184385649	184474560
ENSG00000164305	4	184627693	184650420
ENSG00000164306	4	184648459	184698376
ENSG00000151725	4	184692119	184734132
ENSG00000151726	4	184755499	184826855
ENSG00000187821	4	185018488	185022067
ENSG00000151729	4	185143231	185150395
ENSG00000164323	4	185158959	185210817
ENSG00000109762	4	185204235	185390930
ENSG00000109771	4	185363653	185397294
ENSG00000186352	4	185395962	185412511
ENSG00000109775	4	185397596	185425989
ENSG00000205129	4	185426012	185449830
ENSG00000168491	4	185445180	185471754
ENSG00000154553	4	185499256	185535671
ENSG00000154556	4	185585442	185956723
ENSG00000164342	4	186068909	186088075
ENSG00000109794	4	186104417	186175439
ENSG00000145476	4	186191256	186215247
ENSG00000290316	4	186208977	186258471
ENSG00000164344	4	186225422	186258478
ENSG00000088926	4	186260157	186291747
ENSG00000272297	4	186426544	186555330
ENSG00000168412	4	186526790	186555569
ENSG00000083857	4	186586715	186726724
ENSG00000179059	4	187994042	188007007
ENSG00000179046	4	188091245	188109639
ENSG00000184108	4	188139439	188147745
ENSG00000109536	4	189940816	189963209
ENSG00000224807	4	190019716	190022667
ENSG00000205097	4	190024365	190027259
ENSG00000260596	4	190173772	190196135
ENSG00000153404	5	91999	189974
ENSG00000185028	5	191449	196336
ENSG00000164366	5	196866	218164
ENSG00000073578	5	218204	257086
ENSG00000286001	5	218296	314957
ENSG00000249915	5	271450	314980
ENSG00000288622	5	271668	438293
ENSG00000063438	5	320680	438309
ENSG00000180104	5	442520	471941
ENSG00000066230	5	470454	524452
ENSG00000112877	5	612303	667705
ENSG00000171368	5	658848	693999
ENSG00000206077	5	710353	784731
ENSG00000188818	5	795603	858975
ENSG00000028310	5	850289	892840
ENSG00000071539	5	892847	919359
ENSG00000145506	5	1008019	1040632
ENSG00000113504	5	1050382	1156239
ENSG00000174358	5	1201593	1225113
ENSG00000164363	5	1225379	1246191
ENSG00000164362	5	1253145	1295088
ENSG00000049656	5	1316819	1345102
ENSG00000142319	5	1392792	1445516
ENSG00000153395	5	1456478	1524284
ENSG00000171421	5	1793017	1802031
ENSG00000145494	5	1801361	1816053
ENSG00000113430	5	1877411	1887383
ENSG00000170561	5	2741792	2751696
ENSG00000170549	5	3595830	3601410
ENSG00000145536	5	5140294	5320306
ENSG00000164151	5	5420662	5490222
ENSG00000133398	5	6357850	6378595
ENSG00000215218	5	6448621	6496725
ENSG00000037474	5	6599235	6633334
ENSG00000145545	5	6633288	6676541
ENSG00000112941	5	6713289	6757047
ENSG00000078295	5	7395679	7830640
ENSG00000215217	5	7830376	7851679
ENSG00000124275	5	7851184	7906027
ENSG00000124279	5	7858810	7869062
ENSG00000112902	5	9035031	9546144
ENSG00000169777	5	9627345	9712380
ENSG00000150756	5	10225505	10249899
ENSG00000150753	5	10249927	10266391
ENSG00000164237	5	10261703	10308112
ENSG00000145495	5	10353689	10440390
ENSG00000145491	5	10441522	10561687
ENSG00000164236	5	10564068	10657818
ENSG00000112977	5	10676776	10761685
ENSG00000169862	5	10971834	11904509
ENSG00000039139	5	13690326	14011820
ENSG00000038382	5	14143221	14532130
ENSG00000145569	5	14581790	14616182
ENSG00000154124	5	14664662	14716531
ENSG00000154122	5	14704798	14871951
ENSG00000183580	5	15500138	15939797
ENSG00000183654	5	16067137	16180764
ENSG00000173545	5	16451509	16465813
ENSG00000154153	5	16473036	16617196
ENSG00000145555	5	16661905	16936319
ENSG00000176788	5	17065596	17276859
ENSG00000249662	5	17444008	17487373
ENSG00000268799	5	17490965	17492078
ENSG00000284373	5	17498229	17498829
ENSG00000284439	5	17518365	17518965
ENSG00000284283	5	17521799	17522399
ENSG00000284234	5	17525233	17525833
ENSG00000284042	5	17528667	17529267
ENSG00000284465	5	17585160	17585760
ENSG00000283967	5	17590362	17590962
ENSG00000283988	5	17593796	17594396
ENSG00000284356	5	17597230	17597830
ENSG00000283740	5	17604175	17605912
ENSG00000249156	5	17610390	17612113
ENSG00000283776	5	17632086	17632686
ENSG00000250782	5	17634458	17635055
ENSG00000269466	5	17654866	17655851
ENSG00000145526	5	19471294	20575875
ENSG00000233974	5	21481322	21484013
ENSG00000154162	5	21750671	22853346
ENSG00000164256	5	23443584	23528095
ENSG00000040731	5	24485604	24644989
ENSG00000113100	5	26880271	27121152
ENSG00000113361	5	31193677	31329148
ENSG00000113360	5	31400492	31533188
ENSG00000082213	5	31532276	31555337
ENSG00000133401	5	31638963	32110935
ENSG00000113384	5	32124420	32174729
ENSG00000150712	5	32223218	32313016
ENSG00000056097	5	32354342	32444768
ENSG00000113387	5	32505891	32604509
ENSG00000113389	5	32689068	32791726
ENSG00000113407	5	33440694	33471931
ENSG00000151388	5	33523533	33892115
ENSG00000182631	5	33936384	33938920
ENSG00000164175	5	33943528	33986126
ENSG00000242110	5	33986163	34010221
ENSG00000273294	5	33987172	34124530
ENSG00000289791	5	33997005	34008086
ENSG00000082196	5	34017856	34043240
ENSG00000215156	5	34190154	34193655
ENSG00000039560	5	34655564	34832615
ENSG00000205838	5	34838831	34903127
ENSG00000113456	5	34894174	34930396
ENSG00000113460	5	34915271	34926624
ENSG00000168724	5	34929523	34958966
ENSG00000113492	5	34997425	35048242
ENSG00000113494	5	35048754	35230680
ENSG00000152582	5	35617837	35814613
ENSG00000168685	5	35852693	35879605
ENSG00000152611	5	35904286	35938781
ENSG00000145626	5	35951004	36001030
ENSG00000168671	5	36029947	36071360
ENSG00000164187	5	36098325	36151978
ENSG00000145604	5	36151987	36196851
ENSG00000152620	5	36191553	36242281
ENSG00000164188	5	36246910	36302116
ENSG00000079215	5	36596582	36688337
ENSG00000164190	5	36876714	37066424
ENSG00000197603	5	37105971	37249412
ENSG00000113569	5	37288040	37371189
ENSG00000082068	5	37379242	37753536
ENSG00000168621	5	37812675	37840065
ENSG00000164318	5	38258242	38466160
ENSG00000113594	5	38474666	38608356
ENSG00000145623	5	38845824	38945598
ENSG00000164327	5	38937918	39074546
ENSG00000082074	5	39105249	39274530
ENSG00000113600	5	39283909	39371367
ENSG00000153071	5	39371673	39462302
ENSG00000113638	5	40512216	40755977
ENSG00000171522	5	40679439	40693755
ENSG00000132356	5	40759387	40798376
ENSG00000145592	5	40822126	40835338
ENSG00000132357	5	40841173	40860177
ENSG00000112936	5	40909414	41020218
ENSG00000171495	5	40998015	41071344
ENSG00000039537	5	41140234	41261563
ENSG00000182836	5	41306950	41510786
ENSG00000083720	5	41729458	41870592
ENSG00000205765	5	41904186	41921694
ENSG00000151876	5	41925208	42040245
ENSG00000112964	5	42423437	42721880
ENSG00000198865	5	42756797	42802583
ENSG00000250722	5	42795416	42887394
ENSG00000177721	5	43039231	43043172
ENSG00000172262	5	43065174	43192023
ENSG00000177453	5	43192069	43280864
ENSG00000112972	5	43287468	43313514
ENSG00000151882	5	43376640	43412394
ENSG00000151881	5	43444247	43484478
ENSG00000172244	5	43486703	43515150
ENSG00000172239	5	43526265	43557760
ENSG00000112992	5	43602582	43707407
ENSG00000070193	5	44300245	44389979
ENSG00000112996	5	44808939	44820430
ENSG00000164588	5	45254946	45696500
ENSG00000170571	5	50382388	50443250
ENSG00000151883	5	50665874	50846521
ENSG00000016082	5	51383393	51394746
ENSG00000152684	5	52787619	52807449
ENSG00000213949	5	52787619	52961953
ENSG00000164171	5	52989080	53094781
ENSG00000164172	5	53094139	53113018
ENSG00000134363	5	53479817	53487136
ENSG00000164258	5	53560631	53683342
ENSG00000185305	5	53883925	54310606
ENSG00000169271	5	54455697	54456379
ENSG00000178996	5	54517705	54546588
ENSG00000164283	5	54977859	55022673
ENSG00000113088	5	55024247	55034572
ENSG00000145649	5	55102639	55110254
ENSG00000164287	5	55112969	55173179
ENSG00000164294	5	55159999	55167301
ENSG00000234602	5	55218788	55227317
ENSG00000152669	5	55231150	55233651
ENSG00000067248	5	55256053	55307724
ENSG00000039123	5	55307734	55426077
ENSG00000067113	5	55410508	55535105
ENSG00000177058	5	55621276	55773196
ENSG00000152670	5	55738015	55817159
ENSG00000164509	5	55851355	55922856
ENSG00000134352	5	55935093	55995024
ENSG00000164512	5	56098240	56233343
ENSG00000095015	5	56815379	56896154
ENSG00000155542	5	56909258	56926523
ENSG00000155545	5	56919600	56971677
ENSG00000062194	5	57173819	57265670
ENSG00000169067	5	57480016	57482813
ENSG00000145632	5	58453089	58460141
ENSG00000175857	5	58491426	58497092
ENSG00000152932	5	58582219	58859396
ENSG00000113448	5	58969036	60522122
ENSG00000035499	5	60596910	60700201
ENSG00000164181	5	60751789	60844591
ENSG00000049167	5	60866452	60945080
ENSG00000164182	5	60945115	61154533
ENSG00000188725	5	61153908	61163144
ENSG00000130449	5	61332256	61546521
ENSG00000068796	5	62305972	62391027
ENSG00000288643	5	62306204	62537251
ENSG00000086189	5	62347282	62403945
ENSG00000086200	5	62403516	62630486
ENSG00000186105	5	62578817	62581448
ENSG00000178394	5	63957872	63962509
ENSG00000164197	5	64165289	64376247
ENSG00000186479	5	64505932	64614663
ENSG00000145642	5	64690192	64718194
ENSG00000153006	5	64718146	64768704
ENSG00000153015	5	64766366	65102414
ENSG00000049192	5	65148736	65481946
ENSG00000123219	5	65517763	65563554
ENSG00000113593	5	65563234	65587551
ENSG00000113595	5	65587490	65625977
ENSG00000113597	5	65624731	65667116
ENSG00000253251	5	65624731	65631066
ENSG00000197860	5	65665926	65723037
ENSG00000123213	5	65722163	65871727
ENSG00000112851	5	65883126	66082548
ENSG00000153914	5	66139969	66183617
ENSG00000069020	5	66596324	67169595
ENSG00000134061	5	67179611	67196801
ENSG00000145675	5	68215738	68301823
ENSG00000145740	5	69093915	69156942
ENSG00000134057	5	69167002	69178391
ENSG00000153044	5	69189535	69210359
ENSG00000134056	5	69217710	69231412
ENSG00000134058	5	69234548	69277497
ENSG00000183323	5	69279857	69332830
ENSG00000085231	5	69333641	69370028
ENSG00000273841	5	69362024	69370028
ENSG00000152942	5	69369291	69414808
ENSG00000152939	5	69415063	69444332
ENSG00000197822	5	69492182	69558116
ENSG00000183474	5	69558390	69595223
ENSG00000250138	5	69632078	69636401
ENSG00000251158	5	69898767	69903087
ENSG00000205572	5	70025239	70043115
ENSG00000205571	5	70049633	70078524
ENSG00000293691	5	70487717	70491230
ENSG00000293689	5	70508194	70512511
ENSG00000172058	5	70900667	70918532
ENSG00000172062	5	70925028	70953944
ENSG00000249437	5	70968164	71025341
ENSG00000145736	5	71034960	71067725
ENSG00000145734	5	71455637	71567822
ENSG00000131844	5	71579529	71658708
ENSG00000164326	5	71719124	71721058
ENSG00000131711	5	72107232	72209567
ENSG00000113048	5	72214951	72321719
ENSG00000049883	5	72320316	72368397
ENSG00000178175	5	72439901	72507430
ENSG00000083312	5	72816310	72916743
ENSG00000157107	5	72955525	73090524
ENSG00000157111	5	73120545	73131825
ENSG00000164325	5	73173191	73175145
ENSG00000251493	5	73444825	73448779
ENSG00000145741	5	73498406	73507481
ENSG00000164331	5	73552188	73565714
ENSG00000164338	5	73565441	73583382
ENSG00000214944	5	73625755	73942393
ENSG00000171617	5	74627404	74641426
ENSG00000049860	5	74640021	74722649
ENSG00000164347	5	74721204	74767157
ENSG00000164346	5	74766980	74782196
ENSG00000198780	5	74777571	74867024
ENSG00000176928	5	75025344	75054518
ENSG00000145700	5	75068273	75236917
ENSG00000113161	5	75336327	75364243
ENSG00000113163	5	75356343	75512140
ENSG00000122008	5	75511375	75609993
ENSG00000189045	5	75611180	75681775
ENSG00000152359	5	75674122	75717455
ENSG00000122012	5	76083222	76353941
ENSG00000145703	5	76402931	76708134
ENSG00000164220	5	76615421	76623427
ENSG00000181104	5	76715818	76735772
ENSG00000164251	5	76818931	76836613
ENSG00000171643	5	76849999	76936334
ENSG00000145708	5	76952855	76981317
ENSG00000164252	5	77029249	77065236
ENSG00000285000	5	77030900	77152157
ENSG00000132846	5	77072070	77087363
ENSG00000284762	5	77086730	77427126
ENSG00000113231	5	77210447	77428739
ENSG00000164253	5	77424460	77620613
ENSG00000171540	5	77628710	77638715
ENSG00000171530	5	77690170	77868782
ENSG00000132842	5	77991638	78294764
ENSG00000085365	5	78360099	78480741
ENSG00000145685	5	78482018	78770023
ENSG00000113273	5	78777207	78986089
ENSG00000132837	5	78996958	79236040
ENSG00000132840	5	79069540	79090086
ENSG00000145692	5	79111801	79132293
ENSG00000152409	5	79236093	79327217
ENSG00000152413	5	79372122	79514575
ENSG00000164329	5	79611809	79688248
ENSG00000164309	5	79689354	79800609
ENSG00000177034	5	79976714	79991272
ENSG00000113296	5	79991309	80084044
ENSG00000164300	5	80111219	80256090
ENSG00000164299	5	80319623	80321844
ENSG00000039319	5	80407147	80483381
ENSG00000152380	5	80487952	80542565
ENSG00000189127	5	80556753	80570481
ENSG00000228716	5	80626224	80655004
ENSG00000113318	5	80654611	80880297
ENSG00000113319	5	80960232	81230168
ENSG00000131730	5	81232671	81266402
ENSG00000131732	5	81301578	81315601
ENSG00000172497	5	81310302	81394212
ENSG00000145687	5	81412802	81752040
ENSG00000152348	5	81971613	82277180
ENSG00000186468	5	82186515	82278601
ENSG00000174695	5	83022797	83077865
ENSG00000152422	5	83077496	83370455
ENSG00000038427	5	83471616	83585132
ENSG00000145681	5	83637803	83723530
ENSG00000164176	5	83939096	84384893
ENSG00000127184	5	86617882	86621647
ENSG00000145715	5	87267776	87394693
ENSG00000134480	5	87311471	87413031
ENSG00000164180	5	88185573	88269478
ENSG00000081189	5	88717115	88904259
ENSG00000153140	5	90389656	90409795
ENSG00000176055	5	90457958	90474788
ENSG00000113356	5	90471746	90514561
ENSG00000176018	5	90512563	90529747
ENSG00000164199	5	90529342	91171301
ENSG00000113369	5	91368629	91383350
ENSG00000175745	5	93583220	93594613
ENSG00000113391	5	93615440	94111701
ENSG00000248483	5	93733218	93741602
ENSG00000185261	5	94150849	94618618
ENSG00000133302	5	94618052	94739438
ENSG00000175471	5	94703688	95285096
ENSG00000153347	5	95391364	95450456
ENSG00000198677	5	95461753	95555052
ENSG00000164291	5	95555079	95607968
ENSG00000178015	5	95620085	95622144
ENSG00000175449	5	95646716	95684775
ENSG00000145757	5	95652179	95698713
ENSG00000164292	5	95713520	95824385
ENSG00000173221	5	95735259	95822955
ENSG00000118985	5	95885093	95961909
ENSG00000310517	5	96247754	96779597
ENSG00000175426	5	96390331	96434145
ENSG00000164307	5	96759647	96808179
ENSG00000164308	5	96875977	96919705
ENSG00000113441	5	96934805	97037515
ENSG00000145721	5	97091865	97142848
ENSG00000058729	5	97160865	97183299
ENSG00000174136	5	98768002	98798645
ENSG00000153922	5	98853983	98929629
ENSG00000206356	5	99522396	99525363
ENSG00000273957	5	100388973	100392897
ENSG00000174132	5	100535299	100637899
ENSG00000113532	5	100806931	100903292
ENSG00000173930	5	102233941	102296469
ENSG00000205359	5	102371772	102499018
ENSG00000145730	5	102753979	103031151
ENSG00000145723	5	103085998	103120228
ENSG00000145725	5	103120147	103212801
ENSG00000181751	5	103258386	103280935
ENSG00000112874	5	103548853	103562819
ENSG00000184349	5	107376892	107671045
ENSG00000145743	5	107859033	108382365
ENSG00000151422	5	108747839	109196843
ENSG00000198961	5	109329814	109410036
ENSG00000112893	5	109689365	109869627
ENSG00000186952	5	110289231	110738962
ENSG00000164209	5	110738134	110765175
ENSG00000145777	5	111070060	111078028
ENSG00000134987	5	111092301	111130504
ENSG00000152495	5	111223651	111494888
ENSG00000164211	5	111495282	111513046
ENSG00000134986	5	111570237	111997466
ENSG00000129595	5	112139041	112419315
ENSG00000134982	5	112707450	112846241
ENSG00000258864	5	112827211	112867584
ENSG00000153037	5	112861186	112898373
ENSG00000129625	5	112876383	112922365
ENSG00000172795	5	112976700	113028479
ENSG00000171444	5	113022104	113488825
ENSG00000212122	5	113432551	113434991
ENSG00000047188	5	113513675	113595293
ENSG00000080709	5	114055924	114496502
ENSG00000152503	5	115124743	115180548
ENSG00000164219	5	115204010	115262884
ENSG00000164221	5	115267186	115296758
ENSG00000145780	5	115520585	115544859
ENSG00000243414	5	115578119	115602531
ENSG00000251201	5	115578640	115626163
ENSG00000134970	5	115607316	115634832
ENSG00000129596	5	115804731	115816822
ENSG00000145782	5	115828180	115842536
ENSG00000177879	5	115841420	115944457
ENSG00000172901	5	115962452	116027621
ENSG00000268223	5	116032244	116060120
ENSG00000145781	5	116084973	116412764
ENSG00000092421	5	116443553	116576163
ENSG00000169570	5	118835087	118988564
ENSG00000172869	5	119037770	119249140
ENSG00000145779	5	119268689	119399690
ENSG00000133835	5	119452463	119637201
ENSG00000164334	5	119629556	119635824
ENSG00000184838	5	120464212	120687348
ENSG00000181867	5	121851880	121852835
ENSG00000151304	5	121961954	122075860
ENSG00000113083	5	122063149	122078636
ENSG00000164185	5	122129538	122184961
ENSG00000250803	5	122129620	122184961
ENSG00000064692	5	122311352	122464226
ENSG00000205302	5	122774978	122834545
ENSG00000064652	5	122843437	123030351
ENSG00000168938	5	123022050	123036729
ENSG00000061455	5	123089222	123194268
ENSG00000168944	5	123344886	123423594
ENSG00000151292	5	123512065	123618711
ENSG00000168916	5	124636911	124748826
ENSG00000155324	5	126360130	126498602
ENSG00000164904	5	126531198	126595364
ENSG00000164902	5	126600923	126627254
ENSG00000196900	5	126631703	126636286
ENSG00000113368	5	126776621	126837244
ENSG00000173926	5	126867712	127031654
ENSG00000164241	5	127044768	127073579
ENSG00000145794	5	127290794	127465739
ENSG00000164244	5	127517615	127555087
ENSG00000205279	5	127649017	127658632
ENSG00000230561	5	127703352	127941513
ENSG00000064651	5	128083163	128189689
ENSG00000138829	5	128257759	128659187
ENSG00000113396	5	128538011	129036769
ENSG00000066583	5	129094696	129114132
ENSG00000145808	5	129459680	129738831
ENSG00000186367	5	129748092	129766734
ENSG00000198108	5	129904457	130186636
ENSG00000169567	5	131155381	131224470
ENSG00000186687	5	131170843	131205430
ENSG00000158985	5	131245491	131398449
ENSG00000158987	5	131423856	131635274
ENSG00000273217	5	131425889	131796985
ENSG00000217128	5	131641712	131797043
ENSG00000239642	5	131806988	131945700
ENSG00000281938	5	131807141	132011639
ENSG00000164398	5	131949971	132012245
ENSG00000164399	5	132060653	132063206
ENSG00000164400	5	132073782	132076172
ENSG00000072682	5	132190092	132295317
ENSG00000131435	5	132257638	132273714
ENSG00000197208	5	132293735	132344208
ENSG00000197375	5	132369491	132395617
ENSG00000283782	5	132410830	132646081
ENSG00000125347	5	132440438	132508721
ENSG00000113525	5	132541442	132556840
ENSG00000113522	5	132556017	132646351
ENSG00000169194	5	132656261	132661112
ENSG00000113520	5	132673984	132682680
ENSG00000131437	5	132688804	132737640
ENSG00000205089	5	132747317	132765180
ENSG00000164402	5	132750136	132807243
ENSG00000198944	5	132813300	132816788
ENSG00000164403	5	132821269	132830926
ENSG00000164404	5	132861179	132866886
ENSG00000164405	5	132866621	132868849
ENSG00000164406	5	132873442	132899345
ENSG00000072364	5	132875393	132963933
ENSG00000155329	5	132996983	133026606
ENSG00000170606	5	133051940	133106451
ENSG00000053108	5	133193428	133612690
ENSG00000113583	5	133955496	133968676
ENSG00000213585	5	133971869	134005362
ENSG00000081059	5	134114643	134151867
ENSG00000113558	5	134145691	134177913
ENSG00000272772	5	134157086	134225863
ENSG00000113575	5	134193965	134226221
ENSG00000273345	5	134196903	134371046
ENSG00000006837	5	134286348	134371049
ENSG00000119048	5	134371172	134394449
ENSG00000237190	5	134373325	134411904
ENSG00000043143	5	134523977	134583232
ENSG00000152700	5	134601147	134649273
ENSG00000113615	5	134648585	134727913
ENSG00000164615	5	134737606	134752707
ENSG00000145833	5	134758769	134831123
ENSG00000310592	5	134818914	134855135
ENSG00000181904	5	134845678	134859737
ENSG00000113621	5	134874306	134902954
ENSG00000132570	5	134905037	135007961
ENSG00000152705	5	134967905	135011698
ENSG00000069011	5	135027732	135034815
ENSG00000113648	5	135332639	135400025
ENSG00000251380	5	135444212	135447350
ENSG00000255833	5	135444224	135452390
ENSG00000145832	5	135476911	135890732
ENSG00000181965	5	135534280	135535966
ENSG00000145824	5	135570677	135579582
ENSG00000145839	5	135892244	135895843
ENSG00000145826	5	135922277	135955063
ENSG00000120708	5	136028852	136103904
ENSG00000113658	5	136132826	136188749
ENSG00000271824	5	136191466	136193164
ENSG00000069018	5	136212743	136365547
ENSG00000152377	5	136975296	137598381
ENSG00000146021	5	137617498	137736223
ENSG00000177733	5	137745649	137754365
ENSG00000120729	5	137867775	137887854
ENSG00000078795	5	137887966	137942749
ENSG00000031003	5	137937958	138051963
ENSG00000061492	5	138083988	138092367
ENSG00000112981	5	138114410	138139445
ENSG00000112983	5	138139768	138178990
ENSG00000112984	5	138178713	138188173
ENSG00000094880	5	138180661	138213348
ENSG00000146013	5	138252378	138274623
ENSG00000158402	5	138285249	138338357
ENSG00000120709	5	138331933	138349731
ENSG00000120733	5	138352674	138437030
ENSG00000132563	5	138438974	138446971
ENSG00000120738	5	138465188	138471206
ENSG00000120705	5	138506091	138543241
ENSG00000113013	5	138553754	138575677
ENSG00000044115	5	138610965	138935041
ENSG00000146006	5	138868919	138875385
ENSG00000120725	5	138886912	139293559
ENSG00000015479	5	139273750	139332520
ENSG00000120727	5	139341585	139369735
ENSG00000170482	5	139366640	139385497
ENSG00000170476	5	139387465	139390083
ENSG00000228672	5	139390590	139395106
ENSG00000170469	5	139396561	139404096
ENSG00000170464	5	139408586	139444493
ENSG00000279686	5	139442314	139462709
ENSG00000249751	5	139446539	139462753
ENSG00000283288	5	139471002	139474652
ENSG00000184584	5	139475526	139482937
ENSG00000131508	5	139526429	139633293
ENSG00000171604	5	139646373	139683884
ENSG00000146005	5	139795604	139844472
ENSG00000158458	5	139846777	140043330
ENSG00000185129	5	140107775	140125621
ENSG00000182700	5	140125935	140129394
ENSG00000120306	5	140174922	140282214
ENSG00000113068	5	140234984	140303121
ENSG00000113070	5	140332841	140346616
ENSG00000113073	5	140360186	140375326
ENSG00000131503	5	140401658	140541170
ENSG00000254996	5	140401906	140549571
ENSG00000213523	5	140536448	140557922
ENSG00000243056	5	140547614	140551710
ENSG00000113108	5	140558266	140564783
ENSG00000176087	5	140564438	140569217
ENSG00000293600	5	140564438	140569217
ENSG00000170458	5	140630400	140633713
ENSG00000131495	5	140638738	140647825
ENSG00000113119	5	140639394	140647732
ENSG00000113141	5	140647056	140662482
ENSG00000120314	5	140664474	140674126
ENSG00000256453	5	140670792	140673578
ENSG00000170445	5	140673033	140691539
ENSG00000112855	5	140691420	140699317
ENSG00000146007	5	140698678	140707731
ENSG00000204970	5	140786134	141012353
ENSG00000204969	5	140794843	141012353
ENSG00000255408	5	140801016	141012353
ENSG00000204967	5	140807035	141012349
ENSG00000204965	5	140821597	141012349
ENSG00000081842	5	140827956	141012353
ENSG00000204963	5	140834229	141012353
ENSG00000204962	5	140841183	141012353
ENSG00000204961	5	140847770	141012353
ENSG00000250120	5	140855881	141012353
ENSG00000249158	5	140868181	141012353
ENSG00000251664	5	140875254	141012353
ENSG00000239389	5	140882077	141012349
ENSG00000248383	5	140926297	141012353
ENSG00000243232	5	140966464	141012353
ENSG00000171815	5	141051372	141059348
ENSG00000112852	5	141094595	141098705
ENSG00000113205	5	141100471	141103829
ENSG00000081818	5	141121816	141125625
ENSG00000113209	5	141135204	141138617
ENSG00000113211	5	141150055	141153289
ENSG00000113212	5	141172642	141176385
ENSG00000120322	5	141177788	141182371
ENSG00000272674	5	141182385	141186228
ENSG00000177839	5	141187125	141191543
ENSG00000120324	5	141192351	141195649
ENSG00000197479	5	141199608	141203781
ENSG00000120328	5	141208695	141212573
ENSG00000187372	5	141213917	141218981
ENSG00000120327	5	141223341	141227761
ENSG00000279983	5	141223370	141245863
ENSG00000113248	5	141245393	141249367
ENSG00000178913	5	141259882	141320786
ENSG00000120329	5	141302633	141304051
ENSG00000204956	5	141330493	141512979
ENSG00000081853	5	141338752	141512979
ENSG00000254245	5	141343817	141512979
ENSG00000254221	5	141350081	141512979
ENSG00000262576	5	141355002	141512979
ENSG00000253910	5	141359969	141512979
ENSG00000253485	5	141364160	141512979
ENSG00000262209	5	141370235	141512979
ENSG00000253731	5	141373876	141512979
ENSG00000253537	5	141382700	141512979
ENSG00000253953	5	141387696	141512979
ENSG00000253767	5	141390155	141512979
ENSG00000276547	5	141397940	141512979
ENSG00000261934	5	141402763	141512979
ENSG00000253305	5	141407987	141512979
ENSG00000253846	5	141412979	141512979
ENSG00000254122	5	141417640	141512979
ENSG00000253873	5	141421019	141512979
ENSG00000253159	5	141430505	141512979
ENSG00000240184	5	141475927	141512979
ENSG00000242419	5	141484995	141512979
ENSG00000240764	5	141489065	141512979
ENSG00000131504	5	141515014	141619196
ENSG00000171720	5	141620764	141637306
ENSG00000164620	5	141636948	141641067
ENSG00000197948	5	141639294	141651432
ENSG00000120318	5	141653202	141682257
ENSG00000156453	5	141853088	141879248
ENSG00000081791	5	141923798	141952033
ENSG00000113555	5	141943579	141969743
ENSG00000013561	5	141958303	142003018
ENSG00000113552	5	141991747	142013063
ENSG00000131507	5	142108513	142171802
ENSG00000187678	5	142310418	142326457
ENSG00000113578	5	142592161	142698072
ENSG00000145819	5	142770341	143229013
ENSG00000113580	5	143277929	143435514
ENSG00000158497	5	143812145	143820718
ENSG00000145817	5	144158159	144170716
ENSG00000183775	5	144170842	144485688
ENSG00000186314	5	145471797	145835381
ENSG00000204928	5	145858519	145937128
ENSG00000156463	5	145936423	146085978
ENSG00000173261	5	146084311	146106207
ENSG00000133706	5	146110564	146182698
ENSG00000091009	5	146203548	146289464
ENSG00000275740	5	146203548	146339253
ENSG00000091010	5	146338646	146341730
ENSG00000113649	5	146447309	146511965
ENSG00000173250	5	146513142	146516192
ENSG00000156475	5	146580740	147084786
ENSG00000169302	5	147234961	147393403
ENSG00000113657	5	147390806	147510545
ENSG00000176049	5	147585436	147782783
ENSG00000164266	5	147824570	147831681
ENSG00000164265	5	147869798	147882312
ENSG00000178776	5	147879630	147906546
ENSG00000133710	5	148025681	148141033
ENSG00000196800	5	148168544	148175621
ENSG00000178172	5	148202792	148215139
ENSG00000248109	5	148221648	148243582
ENSG00000214510	5	148268178	148286257
ENSG00000145879	5	148312417	148315926
ENSG00000204909	5	148321201	148339854
ENSG00000145868	5	148383824	148442852
ENSG00000164270	5	148446040	148677237
ENSG00000169252	5	148826609	148828625
ENSG00000169247	5	148923637	149063165
ENSG00000173210	5	149141360	149260544
ENSG00000157510	5	149271784	149343639
ENSG00000164284	5	149344993	149356031
ENSG00000145882	5	149357996	149369655
ENSG00000127743	5	149371322	149404204
ENSG00000113712	5	149492980	149551579
ENSG00000183111	5	149551945	149637964
ENSG00000155846	5	149729992	149855024
ENSG00000132915	5	149857951	149945289
ENSG00000155850	5	149960746	149993457
ENSG00000164296	5	149992250	150001162
ENSG00000113716	5	150000044	150053150
ENSG00000182578	5	150053289	150113374
ENSG00000113721	5	150113837	150186365
ENSG00000113722	5	150166770	150186164
ENSG00000011083	5	150190039	150222790
ENSG00000070808	5	150219489	150290326
ENSG00000183876	5	150296341	150339309
ENSG00000070814	5	150357627	150400512
ENSG00000019582	5	150401635	150412971
ENSG00000164587	5	150429754	150449954
ENSG00000070614	5	150485403	150558213
ENSG00000171992	5	150601078	150659210
ENSG00000164591	5	150660448	150680024
ENSG00000086589	5	150690788	150701099
ENSG00000132912	5	150706838	150759097
ENSG00000256235	5	150777881	150796738
ENSG00000237693	5	150846519	150900738
ENSG00000145908	5	150893802	150904989
ENSG00000211445	5	151020583	151030771
ENSG00000145901	5	151029933	151093579
ENSG00000197043	5	151100704	151157981
ENSG00000198624	5	151181047	151224158
ENSG00000196743	5	151212148	151281468
ENSG00000186334	5	151276356	151303768
ENSG00000186335	5	151314970	151347604
ENSG00000123643	5	151437044	151525121
ENSG00000086570	5	151504090	151591333
ENSG00000113140	5	151661094	151687354
ENSG00000177556	5	151728917	151772534
ENSG00000145907	5	151770949	151812913
ENSG00000145888	5	151822511	151924853
ENSG00000132911	5	152391540	152433370
ENSG00000155511	5	153489613	153813871
ENSG00000055147	5	153990131	154038938
ENSG00000037749	5	154038953	154220480
ENSG00000164574	5	154189986	154420986
ENSG00000164576	5	154445974	154461055
ENSG00000113196	5	154472101	154478358
ENSG00000155506	5	154682984	154817609
ENSG00000170271	5	154818484	154859254
ENSG00000155508	5	154857527	154876795
ENSG00000082516	5	154886738	154938244
ENSG00000082515	5	154941062	154971243
ENSG00000226650	5	155013753	155018143
ENSG00000170624	5	155870342	156767790
ENSG00000231989	5	156850293	156852530
ENSG00000145850	5	156918637	156963232
ENSG00000113249	5	157025937	157069398
ENSG00000135077	5	157085420	157142871
ENSG00000155868	5	157134846	157159021
ENSG00000113263	5	157142931	157255187
ENSG00000170613	5	157161844	157166266
ENSG00000055163	5	157266077	157395597
ENSG00000285868	5	157341594	157460102
ENSG00000172568	5	157341596	157345768
ENSG00000135074	5	157395532	157575860
ENSG00000172548	5	157460211	157474725
ENSG00000039600	5	157624796	157671482
ENSG00000187658	5	157671513	157680176
ENSG00000113272	5	157731400	157741451
ENSG00000155858	5	157743704	157760711
ENSG00000113282	5	157783119	157859208
ENSG00000164330	5	158695918	159100333
ENSG00000145860	5	159154601	159210055
ENSG00000164332	5	159263070	159287723
ENSG00000113302	5	159314778	159330865
ENSG00000170214	5	159865078	159973014
ENSG00000113312	5	160009098	160065552
ENSG00000170234	5	160044315	160119480
ENSG00000170231	5	160187361	160238737
ENSG00000135083	5	160248407	160345398
ENSG00000145861	5	160347361	160370668
ENSG00000221886	5	160392275	160400093
ENSG00000164609	5	160400533	160421713
ENSG00000164611	5	160421799	160428750
ENSG00000118322	5	160563118	160852216
ENSG00000145864	5	161288416	161549046
ENSG00000145863	5	161547061	161702595
ENSG00000022355	5	161847061	161899983
ENSG00000113327	5	162000055	162162979
ENSG00000113328	5	163437567	163457637
ENSG00000170584	5	163446524	163460406
ENSG00000072571	5	163460201	163491947
ENSG00000038274	5	163503107	163519590
ENSG00000145934	5	166979013	168264159
ENSG00000113645	5	168291561	168472305
ENSG00000113643	5	168486445	168519327
ENSG00000188573	5	168529303	168530636
ENSG00000120137	5	168544581	168579628
ENSG00000184347	5	168661738	169301175
ENSG00000040275	5	169583630	169604782
ENSG00000134516	5	169637222	170083384
ENSG00000204767	5	169861301	169980509
ENSG00000168269	5	170105891	170109736
ENSG00000234511	5	170228879	170252577
ENSG00000043462	5	170246231	170297847
ENSG00000182132	5	170353485	170736634
ENSG00000145936	5	170364747	170480430
ENSG00000094755	5	170763348	170814049
ENSG00000204764	5	170861853	171300017
ENSG00000164438	5	171309189	171312141
ENSG00000181163	5	171387084	171411954
ENSG00000156427	5	171419635	171457628
ENSG00000185662	5	171782430	171796128
ENSG00000072803	5	171844092	172006909
ENSG00000072786	5	172042077	172188413
ENSG00000214360	5	172194170	172203456
ENSG00000168246	5	172209640	172284104
ENSG00000174705	5	172323169	172454538
ENSG00000214357	5	172641228	172691542
ENSG00000120129	5	172766990	172771200
ENSG00000113719	5	172834249	172952794
ENSG00000037241	5	172954002	172974770
ENSG00000113732	5	172983753	173037674
ENSG00000164463	5	173056321	173139642
ENSG00000113734	5	173144440	173164399
ENSG00000183072	5	173231880	173235314
ENSG00000113739	5	173314706	173328449
ENSG00000145919	5	173603720	173616696
ENSG00000113742	5	173888311	173961982
ENSG00000185056	5	173973777	174006142
ENSG00000170091	5	174045704	174243503
ENSG00000120149	5	174724549	174730898
ENSG00000184845	5	175440025	175444796
ENSG00000164466	5	175477060	175530179
ENSG00000113749	5	175657675	175710758
ENSG00000051596	5	175775482	176034682
ENSG00000145920	5	175796304	175884024
ENSG00000289731	5	176058715	176159273
ENSG00000170085	5	176238362	176346139
ENSG00000122203	5	176339648	176366461
ENSG00000175414	5	176365448	176415518
ENSG00000048162	5	176383931	176389009
ENSG00000146066	5	176388730	176389770
ENSG00000175416	5	176392460	176416587
ENSG00000113194	5	176447626	176510077
ENSG00000146083	5	176526698	176543516
ENSG00000074276	5	176542509	176596286
ENSG00000169258	5	176595800	176610179
ENSG00000074317	5	176620080	176630674
ENSG00000175766	5	176630580	176646646
ENSG00000048140	5	176647385	176667525
ENSG00000113763	5	176810449	176880900
ENSG00000160883	5	176880818	176899439
ENSG00000087206	5	176902223	177022648
ENSG00000113761	5	177022057	177081204
ENSG00000160867	5	177086454	177098158
ENSG00000165671	5	177131785	177300215
ENSG00000169228	5	177301196	177303768
ENSG00000213347	5	177301459	177312759
ENSG00000169230	5	177303785	177306960
ENSG00000169223	5	177315803	177351842
ENSG00000169220	5	177357652	177374392
ENSG00000131183	5	177379233	177398850
ENSG00000196570	5	177400107	177400663
ENSG00000131187	5	177402131	177416585
ENSG00000198055	5	177403202	177442903
ENSG00000131188	5	177446443	177456293
ENSG00000113758	5	177456223	177474403
ENSG00000196923	5	177482836	177497666
ENSG00000146094	5	177501886	177511276
ENSG00000183258	5	177511567	177516981
ENSG00000146067	5	177519786	177554603
ENSG00000184840	5	177592172	177597244
ENSG00000027847	5	177600079	177611058
ENSG00000170074	5	177707979	177784437
ENSG00000175325	5	177992233	177996244
ENSG00000204677	5	178006346	178086531
ENSG00000145911	5	178113165	178127036
ENSG00000145916	5	178129066	178152764
ENSG00000145912	5	178139870	178153970
ENSG00000244234	5	178184503	178187373
ENSG00000197451	5	178204477	178216391
ENSG00000175309	5	178207125	178233210
ENSG00000050767	5	178237474	178590395
ENSG00000113240	5	178602657	178630617
ENSG00000285891	5	178694557	178697763
ENSG00000285978	5	178694603	178729337
ENSG00000169131	5	178711508	178732383
ENSG00000178338	5	178859923	178889466
ENSG00000198939	5	178895887	178933417
ENSG00000178187	5	178940825	178966651
ENSG00000113262	5	178977585	178996208
ENSG00000234284	5	179023795	179036935
ENSG00000177932	5	179060352	179113457
ENSG00000087116	5	179110851	179345508
ENSG00000251545	5	179522481	179525076
ENSG00000176783	5	179550540	179610017
ENSG00000169045	5	179614168	179634786
ENSG00000204661	5	179641542	179658434
ENSG00000204659	5	179678558	179681036
ENSG00000127022	5	179678613	179731655
ENSG00000161021	5	179732670	179777285
ENSG00000213316	5	179793850	179797714
ENSG00000161013	5	179797595	179806981
ENSG00000161011	5	179806396	179838080
ENSG00000161010	5	179834404	179862175
ENSG00000197226	5	179861158	179907935
ENSG00000113269	5	179911649	180072153
ENSG00000146090	5	180100793	180209227
ENSG00000050748	5	180233141	180292109
ENSG00000131459	5	180300666	180353361
ENSG00000113300	5	180494332	180578406
ENSG00000161055	5	180590103	180591708
ENSG00000037280	5	180601504	180649636
ENSG00000174339	5	180739121	180740060
ENSG00000131446	5	180784778	180815654
ENSG00000196670	5	180843575	180861287
ENSG00000113303	5	180899075	180952177
ENSG00000168903	5	180988844	181006729
ENSG00000165810	5	181040222	181061918
ENSG00000185372	5	181123120	181131171
ENSG00000182613	5	181147584	181159287
ENSG00000146054	5	181193922	181205311
ENSG00000146063	5	181222497	181235810
ENSG00000204628	5	181235389	181248098
ENSG00000183718	5	181254075	181262070
ENSG00000230178	5	181367266	181368264
ENSG00000112679	6	291628	369381
ENSG00000137265	6	391737	411445
ENSG00000112685	6	485131	693172
ENSG00000188996	6	655937	657102
ENSG00000164379	6	1312096	1314760
ENSG00000137273	6	1389553	1395605
ENSG00000054598	6	1609913	1613899
ENSG00000112699	6	1622882	2245713
ENSG00000145949	6	2663627	2770383
ENSG00000124535	6	2765321	2791519
ENSG00000021355	6	2832330	2842037
ENSG00000170542	6	2887167	2903320
ENSG00000124570	6	2944466	2972377
ENSG00000124588	6	2987985	3022747
ENSG00000137275	6	3063822	3115190
ENSG00000137274	6	3118372	3153663
ENSG00000137267	6	3153495	3157555
ENSG00000137285	6	3223322	3231732
ENSG00000180822	6	3231401	3304362
ENSG00000137266	6	3268960	3457102
ENSG00000168994	6	3721483	3752090
ENSG00000145945	6	3849349	3851322
ENSG00000112739	6	4021197	4064985
ENSG00000145975	6	4049432	4087346
ENSG00000198721	6	4115310	4135637
ENSG00000153046	6	4706157	4955553
ENSG00000124787	6	4984785	5004065
ENSG00000214113	6	5065295	5261433
ENSG00000219607	6	5085339	5089489
ENSG00000145982	6	5261005	5829194
ENSG00000124785	6	5997997	6008690
ENSG00000124491	6	6144078	6321015
ENSG00000112799	6	6588106	6654986
ENSG00000124782	6	7107416	7251984
ENSG00000124783	6	7268304	7347448
ENSG00000164304	6	7326654	7389744
ENSG00000124784	6	7389460	7418039
ENSG00000096696	6	7541318	7586719
ENSG00000168566	6	7590179	7612834
ENSG00000153162	6	7726047	7881732
ENSG00000239264	6	7881438	7911013
ENSG00000259040	6	7881520	8064366
ENSG00000188428	6	8012315	8064421
ENSG00000265818	6	8015724	8102532
ENSG00000124802	6	8073257	8102627
ENSG00000124786	6	8411433	8435985
ENSG00000137203	6	10393184	10419661
ENSG00000111846	6	10492221	10629379
ENSG00000137434	6	10671281	10694799
ENSG00000111845	6	10694631	10711170
ENSG00000111843	6	10722913	10731143
ENSG00000137210	6	10747693	10866592
ENSG00000272162	6	10747792	10930425
ENSG00000111837	6	10762721	10838555
ENSG00000124827	6	10873221	10882043
ENSG00000153157	6	10886829	10979322
ENSG00000197977	6	10980740	11044448
ENSG00000224531	6	11093818	11138735
ENSG00000293642	6	11093832	11138735
ENSG00000244476	6	11102322	11111847
ENSG00000111859	6	11181522	11382350
ENSG00000205269	6	11537677	11583526
ENSG00000111863	6	11711614	11807048
ENSG00000095951	6	12008760	12165001
ENSG00000078401	6	12287457	12297196
ENSG00000112137	6	12716310	13290448
ENSG00000145979	6	13266534	13328585
ENSG00000145990	6	13357828	13487664
ENSG00000124523	6	13512409	13615160
ENSG00000225921	6	13615306	13633914
ENSG00000010017	6	13620857	13712091
ENSG00000050393	6	13761291	13814698
ENSG00000180537	6	13924444	13980312
ENSG00000112149	6	14117254	14203467
ENSG00000008083	6	15244935	15522044
ENSG00000047579	6	15520282	15663068
ENSG00000007944	6	16129061	16151369
ENSG00000137198	6	16238472	16295925
ENSG00000124788	6	16299110	16761493
ENSG00000288708	6	16328340	16328433
ENSG00000230873	6	17102044	17131380
ENSG00000112183	6	17280350	17293930
ENSG00000112186	6	17393313	17558252
ENSG00000137414	6	17600274	17611721
ENSG00000124789	6	17614694	17706944
ENSG00000137177	6	17758196	17988276
ENSG00000187566	6	18120438	18122679
ENSG00000137364	6	18128309	18155350
ENSG00000165097	6	18155291	18224497
ENSG00000124795	6	18223858	18265999
ENSG00000137393	6	18307064	18468876
ENSG00000172201	6	19837234	19842199
ENSG00000172197	6	20099682	20212782
ENSG00000112242	6	20401838	20493716
ENSG00000145996	6	20534440	21232857
ENSG00000124766	6	21593749	21598621
ENSG00000172179	6	22287242	22302828
ENSG00000112273	6	22569564	22571668
ENSG00000152954	6	24126152	24154902
ENSG00000146038	6	24171745	24383302
ENSG00000124532	6	24402794	24431067
ENSG00000112293	6	24418074	24495207
ENSG00000112294	6	24494786	24544152
ENSG00000137261	6	24544102	24646199
ENSG00000111802	6	24649915	24667054
ENSG00000112304	6	24666899	24714086
ENSG00000112308	6	24704103	24720902
ENSG00000112312	6	24774890	24788207
ENSG00000260286	6	24797321	24798919
ENSG00000282804	6	24797371	24809800
ENSG00000111913	6	24803360	25042172
ENSG00000079691	6	25279060	25620539
ENSG00000079689	6	25652199	25701794
ENSG00000290217	6	25652208	25738046
ENSG00000164508	6	25723395	25726564
ENSG00000146047	6	25726775	25727347
ENSG00000146039	6	25753298	25783318
ENSG00000124568	6	25781530	25832069
ENSG00000124564	6	25833064	25882480
ENSG00000112337	6	25906890	25930817
ENSG00000112343	6	25962691	25991233
ENSG00000124610	6	26017030	26017789
ENSG00000275714	6	26020449	26021489
ENSG00000278637	6	26021647	26022849
ENSG00000278705	6	26025800	26027285
ENSG00000286522	6	26028848	26032104
ENSG00000278463	6	26033090	26033620
ENSG00000276410	6	26042769	26043715
ENSG00000287080	6	26045382	26045871
ENSG00000187837	6	26054758	26056472
ENSG00000180596	6	26067390	26124018
ENSG00000010704	6	26087224	26098345
ENSG00000197061	6	26103931	26104339
ENSG00000187475	6	26107410	26108137
ENSG00000180573	6	26124143	26139118
ENSG00000168298	6	26156327	26157117
ENSG00000158373	6	26158120	26171351
ENSG00000274290	6	26172057	26184657
ENSG00000277157	6	26188708	26189114
ENSG00000197409	6	26195162	26197288
ENSG00000282988	6	26195593	26199295
ENSG00000196866	6	26198782	26199295
ENSG00000277224	6	26199514	26199990
ENSG00000276966	6	26204608	26205023
ENSG00000273802	6	26214568	26217254
ENSG00000277075	6	26216919	26218517
ENSG00000274750	6	26224177	26227478
ENSG00000124575	6	26234210	26234989
ENSG00000274618	6	26240391	26240795
ENSG00000275663	6	26246609	26246998
ENSG00000277775	6	26250140	26250637
ENSG00000275713	6	26251612	26252077
ENSG00000273983	6	26270916	26271415
ENSG00000278588	6	26272929	26273414
ENSG00000158406	6	26277607	26285640
ENSG00000186470	6	26365157	26382799
ENSG00000124508	6	26383089	26394882
ENSG00000026950	6	26402235	26415218
ENSG00000111801	6	26440450	26453424
ENSG00000112763	6	26457902	26476623
ENSG00000124557	6	26500301	26510427
ENSG00000182952	6	26538198	26546951
ENSG00000146109	6	26596926	26600741
ENSG00000181315	6	26634381	26659761
ENSG00000124635	6	27087319	27133885
ENSG00000196787	6	27133041	27135294
ENSG00000197903	6	27135926	27146865
ENSG00000276180	6	27139280	27140642
ENSG00000274997	6	27147104	27147564
ENSG00000112812	6	27247699	27256648
ENSG00000158553	6	27285901	27312275
ENSG00000124613	6	27374613	27405028
ENSG00000096654	6	27449019	27473143
ENSG00000185130	6	27805407	27807938
ENSG00000196747	6	27808171	27808669
ENSG00000278828	6	27810049	27811302
ENSG00000276368	6	27814300	27814779
ENSG00000273703	6	27815020	27815491
ENSG00000197238	6	27824090	27824482
ENSG00000273542	6	27830916	27831562
ENSG00000275221	6	27835506	27838377
ENSG00000233822	6	27838543	27855881
ENSG00000276903	6	27865315	27865800
ENSG00000184357	6	27866790	27867590
ENSG00000275379	6	27871843	27872348
ENSG00000275126	6	27873146	27873536
ENSG00000197153	6	27890313	27893108
ENSG00000278677	6	27892697	27893187
ENSG00000274641	6	27893423	27893893
ENSG00000168131	6	27911183	27912398
ENSG00000124657	6	27957239	27958184
ENSG00000182477	6	28053226	28054167
ENSG00000197279	6	28080274	28089565
ENSG00000196812	6	28107679	28131661
ENSG00000198315	6	28141730	28160207
ENSG00000226314	6	28161754	28170551
ENSG00000137185	6	28224884	28233489
ENSG00000187626	6	28241009	28252926
ENSG00000189134	6	28259295	28260960
ENSG00000197062	6	28267043	28278226
ENSG00000276302	6	28267119	28281582
ENSG00000137338	6	28281486	28303693
ENSG00000235109	6	28312835	28356273
ENSG00000189298	6	28349909	28369188
ENSG00000158691	6	28378819	28399810
ENSG00000187987	6	28421575	28443504
ENSG00000198704	6	28503294	28528217
ENSG00000224586	6	28525879	28534957
ENSG00000232040	6	28570533	28616214
ENSG00000204713	6	28903000	28924020
ENSG00000197935	6	28994038	29005653
ENSG00000204704	6	29044211	29045177
ENSG00000204703	6	29086206	29087315
ENSG00000204702	6	29099488	29102703
ENSG00000204701	6	29108056	29114772
ENSG00000204700	6	29170905	29175813
ENSG00000204695	6	29301699	29313019
ENSG00000243729	6	29353747	29431969
ENSG00000112462	6	29373421	29375293
ENSG00000280236	6	29395629	29398010
ENSG00000251608	6	29414926	29418907
ENSG00000204694	6	29425502	29457073
ENSG00000206474	6	29439304	29440979
ENSG00000204688	6	29457153	29464330
ENSG00000204687	6	29486695	29487958
ENSG00000237988	6	29550405	29557775
ENSG00000204681	6	29552552	29633978
ENSG00000213886	6	29552552	29559740
ENSG00000204657	6	29585119	29590502
ENSG00000204655	6	29656596	29674433
ENSG00000204644	6	29672480	29681176
ENSG00000204642	6	29722736	29740360
ENSG00000204632	6	29826965	29831132
ENSG00000206503	6	29941258	29949608
ENSG00000066379	6	30058897	30064911
ENSG00000204619	6	30066707	30074027
ENSG00000204618	6	30070264	30075851
ENSG00000204616	6	30102884	30113128
ENSG00000204614	6	30136026	30151594
ENSG00000204613	6	30151941	30161290
ENSG00000204610	6	30163192	30173162
ENSG00000234127	6	30184444	30214160
ENSG00000204599	6	30325878	30344267
ENSG00000248167	6	30328905	30346856
ENSG00000241370	6	30345123	30346886
ENSG00000204592	6	30489493	30494207
ENSG00000204590	6	30541210	30556605
ENSG00000204576	6	30556702	30563725
ENSG00000204574	6	30571381	30597181
ENSG00000204569	6	30600398	30618614
ENSG00000204568	6	30617757	30626400
ENSG00000137343	6	30626835	30646837
ENSG00000204564	6	30647001	30653227
ENSG00000204560	6	30652467	30673061
ENSG00000146112	6	30676387	30687897
ENSG00000137404	6	30688045	30691422
ENSG00000137337	6	30699805	30717564
ENSG00000196230	6	30717433	30725540
ENSG00000137312	6	30727707	30743077
ENSG00000137331	6	30743197	30744557
ENSG00000204580	6	30876419	30900980
ENSG00000213780	6	30907515	30914121
ENSG00000137411	6	30914203	30928616
ENSG00000196260	6	30931351	30955638
ENSG00000310558	6	30934521	30938826
ENSG00000168631	6	30940971	30954223
ENSG00000204544	6	30983716	30989905
ENSG00000261272	6	31010472	31036884
ENSG00000204542	6	31111221	31112584
ENSG00000204540	6	31114748	31140094
ENSG00000204539	6	31115085	31120448
ENSG00000204538	6	31137532	31139723
ENSG00000204536	6	31142437	31158240
ENSG00000137310	6	31158329	31167254
ENSG00000204531	6	31163191	31180733
ENSG00000204525	6	31268744	31272173
ENSG00000234745	6	31353193	31367069
ENSG00000204520	6	31399782	31415317
ENSG00000204516	6	31494879	31511126
ENSG00000204511	6	31528960	31530234
ENSG00000198563	6	31530215	31542453
ENSG00000254870	6	31530217	31546610
ENSG00000213760	6	31544442	31548429
ENSG00000204498	6	31546868	31558831
ENSG00000226979	6	31572052	31574326
ENSG00000232810	6	31575556	31578338
ENSG00000227507	6	31580523	31582524
ENSG00000204482	6	31581063	31588913
ENSG00000204475	6	31588893	31593219
ENSG00000204472	6	31615212	31617027
ENSG00000204469	6	31620673	31637773
ENSG00000291302	6	31622772	31622862
ENSG00000289282	6	31623872	31625501
ENSG00000204463	6	31638541	31652749
ENSG00000204444	6	31652414	31658216
ENSG00000204439	6	31658296	31660780
ENSG00000204438	6	31661226	31666285
ENSG00000204435	6	31665225	31670345
ENSG00000263020	6	31666100	31673548
ENSG00000240053	6	31669974	31673778
ENSG00000204428	6	31676682	31684042
ENSG00000204427	6	31686952	31703393
ENSG00000204424	6	31706861	31710803
ENSG00000250641	6	31706902	31717920
ENSG00000244355	6	31715283	31717921
ENSG00000204420	6	31718592	31726716
ENSG00000204421	6	31718646	31721748
ENSG00000213722	6	31726584	31730619
ENSG00000213719	6	31730577	31740560
ENSG00000204410	6	31739675	31762680
ENSG00000255152	6	31740018	31764853
ENSG00000228727	6	31762654	31764853
ENSG00000204396	6	31765588	31777330
ENSG00000204394	6	31777516	31795977
ENSG00000204392	6	31797017	31806994
ENSG00000204390	6	31809617	31815790
ENSG00000204389	6	31815541	31817996
ENSG00000204388	6	31827736	31830256
ENSG00000204386	6	31857061	31862907
ENSG00000204385	6	31863171	31879200
ENSG00000204371	6	31879756	31897725
ENSG00000166278	6	31897783	31945679
ENSG00000204366	6	31899063	31902105
ENSG00000244255	6	31927696	31952050
ENSG00000243649	6	31945648	31952088
ENSG00000204356	6	31952085	31959081
ENSG00000204351	6	31959023	31969854
ENSG00000204348	6	31969808	31972519
ENSG00000204344	6	31971089	31982823
ENSG00000244731	6	31981989	32005249
ENSG00000224389	6	32014723	32035977
ENSG00000231852	6	32038295	32042323
ENSG00000168477	6	32041151	32115336
ENSG00000213676	6	32115262	32128257
ENSG00000204315	6	32128695	32131072
ENSG00000221988	6	32146578	32163681
ENSG00000204314	6	32147290	32153085
ENSG00000285085	6	32150493	32154375
ENSG00000258388	6	32153843	32171980
ENSG00000241404	6	32163916	32171982
ENSG00000204310	6	32167116	32178114
ENSG00000204308	6	32178389	32184771
ENSG00000204305	6	32180961	32184367
ENSG00000204304	6	32184731	32190280
ENSG00000213654	6	32190764	32195525
ENSG00000204301	6	32194841	32224113
ENSG00000204296	6	32288524	32371909
ENSG00000204290	6	32391479	32407183
ENSG00000204287	6	32439868	32445183
ENSG00000198502	6	32516620	32530371
ENSG00000196126	6	32577900	32589850
ENSG00000196735	6	32628177	32659535
ENSG00000179344	6	32640620	32668385
ENSG00000237541	6	32741389	32747200
ENSG00000232629	6	32756092	32763565
ENSG00000241106	6	32812761	32820468
ENSG00000250264	6	32813765	32838824
ENSG00000204267	6	32821831	32838804
ENSG00000204264	6	32840715	32844681
ENSG00000240065	6	32844134	32882883
ENSG00000168394	6	32845202	32854028
ENSG00000242574	6	32929336	32941492
ENSG00000248993	6	32937362	32953124
ENSG00000204257	6	32948611	32969096
ENSG00000204256	6	32968562	32981507
ENSG00000204252	6	33004176	33009619
ENSG00000231389	6	33064567	33080783
ENSG00000223865	6	33073784	33091657
ENSG00000204248	6	33162679	33192804
ENSG00000204231	6	33193583	33200695
ENSG00000112473	6	33200303	33204441
ENSG00000204228	6	33204629	33206833
ENSG00000204227	6	33208031	33212724
ENSG00000223501	6	33250270	33272049
ENSG00000231500	6	33271728	33276515
ENSG00000235863	6	33277121	33284834
ENSG00000227057	6	33279101	33289525
ENSG00000204220	6	33288678	33298443
ENSG00000237441	6	33291178	33299536
ENSG00000231925	6	33299692	33314286
ENSG00000236104	6	33314404	33318023
ENSG00000204209	6	33318556	33323261
ENSG00000285064	6	33321384	33329288
ENSG00000286920	6	33323626	33329281
ENSG00000237649	6	33391427	33410443
ENSG00000112511	6	33410358	33416455
ENSG00000112514	6	33416440	33418383
ENSG00000197283	6	33419659	33453691
ENSG00000213588	6	33453968	33457546
ENSG00000030110	6	33568789	33580307
ENSG00000096433	6	33620329	33696577
ENSG00000137288	6	33690633	33711750
ENSG00000161896	6	33721312	33750522
ENSG00000161904	6	33771200	33789175
ENSG00000096395	6	33794671	33804008
ENSG00000124493	6	34018641	34155624
ENSG00000137309	6	34235616	34246238
ENSG00000186577	6	34245863	34249115
ENSG00000272325	6	34263255	34392834
ENSG00000270800	6	34284885	34426073
ENSG00000124614	6	34417445	34426239
ENSG00000124507	6	34466038	34536263
ENSG00000124664	6	34537794	34556360
ENSG00000196821	6	34587279	34696886
ENSG00000124562	6	34757095	34774047
ENSG00000065060	6	34792022	34885352
ENSG00000064995	6	34829081	34889194
ENSG00000064999	6	34889241	35091423
ENSG00000124678	6	35118069	35148612
ENSG00000146197	6	35213857	35253082
ENSG00000065029	6	35258907	35295987
ENSG00000023892	6	35297816	35321911
ENSG00000112033	6	35342528	35428195
ENSG00000112039	6	35452313	35467108
ENSG00000198755	6	35468364	35470788
ENSG00000007866	6	35473595	35497870
ENSG00000112041	6	35497872	35512943
ENSG00000096060	6	35572943	35728624
ENSG00000157343	6	35737026	35749081
ENSG00000196748	6	35776533	35779559
ENSG00000204140	6	35781017	35793677
ENSG00000137392	6	35794980	35798253
ENSG00000197753	6	35797204	35845399
ENSG00000096063	6	35832964	35921344
ENSG00000112053	6	35943514	36028769
ENSG00000112062	6	36027698	36122513
ENSG00000156711	6	36127807	36144526
ENSG00000096070	6	36196004	36232792
ENSG00000180316	6	36243201	36313957
ENSG00000189325	6	36315755	36337012
ENSG00000010030	6	36352628	36387803
ENSG00000179165	6	36390549	36442856
ENSG00000112078	6	36442765	36493888
ENSG00000112079	6	36493878	36547518
ENSG00000112081	6	36593775	36641537
ENSG00000124762	6	36676439	36688044
ENSG00000255587	6	36697824	36733186
ENSG00000124772	6	36738446	36840054
ENSG00000198663	6	36834929	36928966
ENSG00000137168	6	36852059	36885870
ENSG00000164530	6	36948256	36965995
ENSG00000137409	6	36965805	36986300
ENSG00000146192	6	37005635	37030925
ENSG00000137193	6	37170150	37175430
ENSG00000172738	6	37212178	37258157
ENSG00000286105	6	37212179	37258157
ENSG00000065491	6	37257711	37332972
ENSG00000112130	6	37353968	37394739
ENSG00000137200	6	37433092	37485808
ENSG00000198937	6	37476835	37499931
ENSG00000112139	6	37630677	37699308
ENSG00000156639	6	37819399	38154644
ENSG00000183826	6	38168449	38640174
ENSG00000124767	6	38675923	38703180
ENSG00000124721	6	38715309	39030794
ENSG00000112164	6	39048560	39091305
ENSG00000112167	6	39104061	39115195
ENSG00000164626	6	39183921	39229561
ENSG00000124780	6	39298996	39314463
ENSG00000095981	6	39314696	39322970
ENSG00000164627	6	39329988	39725443
ENSG00000146122	6	39792296	39904879
ENSG00000124615	6	39899576	39934553
ENSG00000156564	6	40391589	40587452
ENSG00000124602	6	41026893	41039223
ENSG00000124596	6	41033625	41097789
ENSG00000112212	6	41039276	41044346
ENSG00000124701	6	41053199	41067060
ENSG00000001167	6	41072038	41103065
ENSG00000161911	6	41149165	41155558
ENSG00000095970	6	41158486	41163205
ENSG00000112195	6	41189747	41201151
ENSG00000188056	6	41228337	41238884
ENSG00000124731	6	41267097	41286705
ENSG00000096264	6	41335597	41350891
ENSG00000137166	6	41546339	41602386
ENSG00000112559	6	41636838	41654252
ENSG00000112561	6	41683976	41736261
ENSG00000096088	6	41736701	41754111
ENSG00000137218	6	41769316	41787572
ENSG00000124593	6	41780347	41790143
ENSG00000278224	6	41780737	41787454
ENSG00000214736	6	41787618	41872572
ENSG00000164663	6	41789894	41895397
ENSG00000288721	6	41793312	41921141
ENSG00000124641	6	41905329	41921149
ENSG00000112578	6	41921227	41934604
ENSG00000112576	6	41934575	42050359
ENSG00000137413	6	42050511	42087463
ENSG00000188112	6	42092231	42142622
ENSG00000287363	6	42142691	42163420
ENSG00000290147	6	42155404	42180058
ENSG00000048545	6	42173362	42181340
ENSG00000112599	6	42183282	42194958
ENSG00000048544	6	42205715	42217883
ENSG00000124496	6	42224929	42452227
ENSG00000024048	6	42563967	42693507
ENSG00000112619	6	42696596	42722623
ENSG00000124659	6	42744496	42746105
ENSG00000112624	6	42781929	42868562
ENSG00000146223	6	42879600	42889927
ENSG00000221821	6	42890263	42890823
ENSG00000171611	6	42915987	42925847
ENSG00000137161	6	42928973	42940219
ENSG00000124587	6	42959715	42979251
ENSG00000124713	6	42960266	42970701
ENSG00000112640	6	42984531	43012348
ENSG00000124733	6	43011141	43016870
ENSG00000124702	6	43014101	43021316
ENSG00000124541	6	43021586	43034158
ENSG00000044090	6	43037615	43053945
ENSG00000137171	6	43040775	43075101
ENSG00000288564	6	43051064	43058187
ENSG00000112651	6	43054027	43059466
ENSG00000112655	6	43076254	43161721
ENSG00000112658	6	43170908	43181508
ENSG00000112659	6	43182164	43224589
ENSG00000112667	6	43225627	43229492
ENSG00000146216	6	43243479	43288260
ENSG00000137204	6	43295692	43305545
ENSG00000146215	6	43299708	43308880
ENSG00000171467	6	43307132	43369689
ENSG00000124574	6	43427364	43451785
ENSG00000171462	6	43450349	43456634
ENSG00000137221	6	43477521	43506564
ENSG00000204052	6	43506060	43510390
ENSG00000171453	6	43509700	43562421
ENSG00000137207	6	43511198	43516987
ENSG00000124571	6	43522332	43576093
ENSG00000170734	6	43575535	43628363
ENSG00000172432	6	43605314	43629293
ENSG00000124688	6	43629492	43640962
ENSG00000172426	6	43644227	43674360
ENSG00000096080	6	43669976	43687956
ENSG00000112715	6	43770182	43786489
ENSG00000181577	6	44000578	44007832
ENSG00000180992	6	44078273	44134341
ENSG00000137216	6	44126612	44155522
ENSG00000137225	6	44158809	44184403
ENSG00000262179	6	44192820	44218238
ENSG00000112759	6	44219243	44243427
ENSG00000096384	6	44237393	44253890
ENSG00000157593	6	44253870	44257892
ENSG00000146232	6	44258164	44265790
ENSG00000178233	6	44270448	44307508
ENSG00000272442	6	44273192	44378959
ENSG00000146221	6	44278716	44297727
ENSG00000124608	6	44298724	44313378
ENSG00000249481	6	44342648	44380181
ENSG00000096401	6	44387545	44450926
ENSG00000196284	6	44809315	45377955
ENSG00000124813	6	45328155	45664351
ENSG00000112782	6	45880825	46080350
ENSG00000001561	6	46129957	46152556
ENSG00000112796	6	46149702	46171115
ENSG00000172348	6	46220716	46491974
ENSG00000146233	6	46549381	46652833
ENSG00000153291	6	46652913	46678192
ENSG00000180113	6	46687873	46704321
ENSG00000146070	6	46698429	46735730
ENSG00000230062	6	46746920	46759792
ENSG00000112818	6	46793366	46846490
ENSG00000069122	6	46852308	46956394
ENSG00000153292	6	46997706	47042370
ENSG00000146072	6	47231529	47310008
ENSG00000198087	6	47477730	47627277
ENSG00000153294	6	47685862	47722023
ENSG00000124818	6	47781980	47832782
ENSG00000244694	6	47856671	48111214
ENSG00000146085	6	49430358	49463323
ENSG00000031691	6	49463333	49495817
ENSG00000203972	6	49499921	49528080
ENSG00000197261	6	49550654	49561916
ENSG00000112077	6	49605155	49636841
ENSG00000124490	6	49692356	49714705
ENSG00000096006	6	49727374	49744447
ENSG00000170950	6	49773388	49787287
ENSG00000124812	6	49834255	49877098
ENSG00000177684	6	49960247	49964166
ENSG00000214642	6	49968675	49969627
ENSG00000203970	6	50009136	50021996
ENSG00000180872	6	50042097	50049938
ENSG00000008197	6	50713524	50773035
ENSG00000008196	6	50818700	50847621
ENSG00000170927	6	51615297	52087620
ENSG00000112115	6	52186373	52190640
ENSG00000112116	6	52236679	52245691
ENSG00000112118	6	52264007	52284883
ENSG00000170915	6	52361419	52407779
ENSG00000096093	6	52362121	52529888
ENSG00000065308	6	52497406	52577318
ENSG00000096092	6	52671070	52686594
ENSG00000244067	6	52747973	52763527
ENSG00000243955	6	52791116	52804023
ENSG00000182793	6	52831653	52840845
ENSG00000174156	6	52896637	52909703
ENSG00000170899	6	52977946	52995361
ENSG00000112144	6	53001277	53061898
ENSG00000288614	6	53041264	53041387
ENSG00000112146	6	53051989	53101047
ENSG00000288646	6	53065600	53065675
ENSG00000137270	6	53126959	53148843
ENSG00000012660	6	53260283	53349181
ENSG00000001084	6	53497339	53616972
ENSG00000124743	6	53647914	53665870
ENSG00000137269	6	53793766	53924736
ENSG00000146147	6	53929980	54267790
ENSG00000137251	6	54307857	54390144
ENSG00000168143	6	54846271	54945101
ENSG00000137252	6	55106458	55282619
ENSG00000187871	6	55327467	55402495
ENSG00000146151	6	55434362	55579199
ENSG00000112175	6	55753617	55875603
ENSG00000124749	6	56056588	56394096
ENSG00000151914	6	56457979	56955276
ENSG00000151917	6	56954803	57027982
ENSG00000168116	6	57046523	57086399
ENSG00000112200	6	57086842	57170307
ENSG00000112208	6	57172270	57189835
ENSG00000112210	6	57186101	57222850
ENSG00000146143	6	57221511	57647926
ENSG00000112232	6	61630230	62286690
ENSG00000198225	6	63211467	63213029
ENSG00000146166	6	63275949	63321825
ENSG00000112245	6	63521694	63583590
ENSG00000285976	6	63572000	63583590
ENSG00000118482	6	63635769	63779338
ENSG00000188107	6	63719845	65707228
ENSG00000214558	6	65301474	65306576
ENSG00000135298	6	68635273	69390573
ENSG00000288712	6	68635888	68635969
ENSG00000168216	6	69672755	69867238
ENSG00000082293	6	69866426	70215061
ENSG00000112280	6	70216033	70303086
ENSG00000082269	6	70412939	70561612
ENSG00000154079	6	70566907	70598429
ENSG00000112305	6	70667644	70862017
ENSG00000112309	6	70856677	70957466
ENSG00000119900	6	71288424	71309061
ENSG00000079841	6	71886548	72403152
ENSG00000185760	6	72621621	73198855
ENSG00000243501	6	73209744	73263198
ENSG00000256980	6	73223542	73225772
ENSG00000135314	6	73241308	73310457
ENSG00000203909	6	73353061	73354296
ENSG00000203908	6	73362651	73364175
ENSG00000203907	6	73368547	73395135
ENSG00000080007	6	73394772	73417580
ENSG00000164430	6	73413513	73461728
ENSG00000135297	6	73461576	73509238
ENSG00000156508	6	73489306	73525589
ENSG00000119899	6	73593362	73654108
ENSG00000156535	6	73695777	73828318
ENSG00000111799	6	75084324	75206269
ENSG00000112695	6	75237673	75250325
ENSG00000112697	6	75252922	75284950
ENSG00000118407	6	75291857	75493921
ENSG00000112701	6	75601507	75718283
ENSG00000196586	6	75748786	75919539
ENSG00000112706	6	75921112	76072680
ENSG00000135312	6	77460922	77463493
ENSG00000269964	6	77650272	77927047
ENSG00000146243	6	78867480	78995329
ENSG00000146247	6	78934417	79078546
ENSG00000118418	6	79199423	79234864
ENSG00000135338	6	79484989	79545140
ENSG00000198478	6	79537183	79703657
ENSG00000118402	6	79913806	79947703
ENSG00000112742	6	80003885	80043582
ENSG00000083123	6	80106624	80384775
ENSG00000112773	6	81491437	81752776
ENSG00000005700	6	82169982	82247778
ENSG00000146242	6	82363198	82370829
ENSG00000118420	6	82892388	83065862
ENSG00000083097	6	83067636	83171352
ENSG00000013375	6	83147322	83194007
ENSG00000013392	6	83193335	83198952
ENSG00000065833	6	83210387	83431372
ENSG00000146250	6	83512476	83525706
ENSG00000065609	6	83552688	83709693
ENSG00000203877	6	83853358	83857517
ENSG00000065615	6	83859639	83967425
ENSG00000135324	6	84033201	84090889
ENSG00000135315	6	84124239	84227687
ENSG00000112837	6	84687349	84764615
ENSG00000135318	6	85449582	85547686
ENSG00000135317	6	85504774	85594158
ENSG00000271793	6	85504774	85678735
ENSG00000135316	6	85607388	85644065
ENSG00000168830	6	86936660	87019944
ENSG00000135346	6	87085493	87095152
ENSG00000188994	6	87151801	87300930
ENSG00000164411	6	87282978	87329280
ENSG00000111850	6	87322557	87401052
ENSG00000203872	6	87344811	87365465
ENSG00000272514	6	87407964	87464680
ENSG00000213204	6	87408010	87511636
ENSG00000164414	6	87470621	87512338
ENSG00000146282	6	87513457	87590030
ENSG00000135336	6	87590065	87681798
ENSG00000135334	6	87674858	87702277
ENSG00000118434	6	88047839	88066840
ENSG00000118432	6	88139861	88167366
ENSG00000111880	6	88607993	88963638
ENSG00000146278	6	89080745	89087713
ENSG00000154548	6	89093947	89118088
ENSG00000146281	6	89145997	89165567
ENSG00000146276	6	89177502	89231280
ENSG00000111886	6	89254462	89315301
ENSG00000198833	6	89321389	89353182
ENSG00000025039	6	89361100	89412737
ENSG00000135299	6	89433117	89634172
ENSG00000083099	6	89568142	89638763
ENSG00000112159	6	89642496	89819811
ENSG00000118412	6	89829892	89874438
ENSG00000135355	6	89894467	89921762
ENSG00000112182	6	89926526	90296984
ENSG00000135341	6	90513470	90587235
ENSG00000135333	6	93240008	93419689
ENSG00000172469	6	95577464	95609486
ENSG00000172461	6	96015434	96215614
ENSG00000014123	6	96521593	96555945
ENSG00000112214	6	96562546	96621383
ENSG00000112218	6	96794123	96838152
ENSG00000123545	6	96889309	96897899
ENSG00000186231	6	96924613	97140758
ENSG00000146263	6	97141739	97283243
ENSG00000184486	6	98834572	98839460
ENSG00000112234	6	98868533	98948008
ENSG00000146267	6	99271166	99350064
ENSG00000132423	6	99369399	99394213
ENSG00000132424	6	99397627	99425965
ENSG00000123552	6	99432323	99521730
ENSG00000112237	6	99530628	99568827
ENSG00000112238	6	99606772	99615580
ENSG00000152034	6	99918499	99994249
ENSG00000112246	6	100385007	100464948
ENSG00000112249	6	100508192	100881414
ENSG00000164418	6	100962699	102081624
ENSG00000085382	6	104728091	104859949
ENSG00000187772	6	104936614	105083334
ENSG00000112276	6	105096820	105137239
ENSG00000132429	6	105157890	105180449
ENSG00000085377	6	105273216	105454064
ENSG00000057657	6	105993461	106109941
ENSG00000057663	6	106045421	106326479
ENSG00000112297	6	106360561	106572019
ENSG00000130347	6	106559391	106629505
ENSG00000130348	6	106629564	106669872
ENSG00000272398	6	106969829	106975804
ENSG00000130349	6	107028165	107051596
ENSG00000178409	6	107065136	107116236
ENSG00000164494	6	107152554	107459584
ENSG00000112320	6	107489895	107661308
ENSG00000146285	6	107701720	107824330
ENSG00000025796	6	107867754	107958313
ENSG00000081087	6	108029243	108165856
ENSG00000112333	6	108166015	108188807
ENSG00000112335	6	108210871	108261257
ENSG00000135537	6	108294890	108526798
ENSG00000118689	6	108559650	108684776
ENSG00000118690	6	108841935	108974553
ENSG00000080546	6	108984307	109095099
ENSG00000183137	6	109095103	109174420
ENSG00000135535	6	109307625	109382538
ENSG00000185250	6	109390213	109441173
ENSG00000135587	6	109440676	109446517
ENSG00000135596	6	109444060	109465970
ENSG00000112365	6	109460630	109483275
ENSG00000155085	6	109492853	109691231
ENSG00000112367	6	109690607	109878100
ENSG00000146360	6	109978254	109980767
ENSG00000112290	6	110099579	110180034
ENSG00000168438	6	110180139	110254277
ENSG00000053328	6	110242890	110358504
ENSG00000203797	6	110388319	110415864
ENSG00000004809	6	110424685	110476683
ENSG00000155111	6	110609976	110815960
ENSG00000123505	6	110874768	110898881
ENSG00000155115	6	110958475	110968588
ENSG00000197498	6	110982013	111028266
ENSG00000112394	6	111087443	111258092
ENSG00000173214	6	111259325	111445356
ENSG00000009413	6	111299026	111483731
ENSG00000056972	6	111555379	111606912
ENSG00000010810	6	111660330	111873481
ENSG00000112761	6	112043813	112069688
ENSG00000074935	6	112070658	112087571
ENSG00000203778	6	112087120	112104328
ENSG00000112769	6	112106075	112254941
ENSG00000281613	6	112236804	112350096
ENSG00000251258	6	112347328	112351296
ENSG00000277443	6	113857332	113864999
ENSG00000196591	6	113923386	114011310
ENSG00000249853	6	114055091	114343211
ENSG00000111816	6	115931147	116061095
ENSG00000178425	6	116100802	116249499
ENSG00000123500	6	116118907	116158749
ENSG00000187189	6	116249962	116254077
ENSG00000111817	6	116253602	116444863
ENSG00000189241	6	116267758	116279932
ENSG00000285446	6	116399393	116463698
ENSG00000188820	6	116461363	116466084
ENSG00000173626	6	116494987	116545686
ENSG00000178033	6	116511602	116524790
ENSG00000164451	6	116529011	116561129
ENSG00000111832	6	116571384	116598206
ENSG00000111834	6	116616472	116634767
ENSG00000153975	6	116635614	116668818
ENSG00000196911	6	116681147	116741869
ENSG00000183807	6	116724565	116765835
ENSG00000173612	6	116792083	116829085
ENSG00000185002	6	116877210	116933071
ENSG00000170162	6	117265556	117276514
ENSG00000047936	6	117287351	117425948
ENSG00000282218	6	117318209	117573573
ENSG00000164465	6	117453815	117586240
ENSG00000047932	6	117560267	117602555
ENSG00000153989	6	117675467	117710729
ENSG00000196376	6	117907262	118318568
ENSG00000111860	6	118460758	118710100
ENSG00000198523	6	118506290	118562855
ENSG00000111877	6	118813258	118935172
ENSG00000111875	6	118894018	118909266
ENSG00000111879	6	118957705	119149389
ENSG00000111885	6	119177114	119349800
ENSG00000146350	6	121079492	121334747
ENSG00000152661	6	121435575	121449741
ENSG00000025156	6	122399531	122433221
ENSG00000111897	6	122443346	122471856
ENSG00000135549	6	122471912	122736905
ENSG00000164434	6	122779595	122784076
ENSG00000172594	6	122788454	122811803
ENSG00000146352	6	122996027	123072927
ENSG00000186439	6	123215086	123637318
ENSG00000188580	6	123803810	124825741
ENSG00000146373	6	124961873	125092635
ENSG00000111907	6	125119047	125264409
ENSG00000111906	6	125219960	125302148
ENSG00000135547	6	125747662	125763051
ENSG00000111912	6	125780941	125932036
ENSG00000111911	6	125956731	125980317
ENSG00000066651	6	125986421	126203819
ENSG00000203760	6	126340086	126349770
ENSG00000146374	6	127118656	127199483
ENSG00000118518	6	127266580	127290410
ENSG00000093144	6	127288708	127343611
ENSG00000189367	6	127438404	127459435
ENSG00000255330	6	127438404	127519003
ENSG00000214338	6	127467567	127519385
ENSG00000184530	6	127519453	127591822
ENSG00000172673	6	127706176	127918633
ENSG00000152894	6	127968778	128520763
ENSG00000196569	6	128883073	129517187
ENSG00000146376	6	129576130	129710254
ENSG00000203756	6	129827943	129861549
ENSG00000198945	6	130013697	130141451
ENSG00000164483	6	130144311	130365606
ENSG00000164484	6	130365402	130443426
ENSG00000256162	6	130827404	130848149
ENSG00000079819	6	130838763	131063369
ENSG00000118507	6	131135214	131283537
ENSG00000118520	6	131470830	131584334
ENSG00000112282	6	131572242	131628315
ENSG00000154269	6	131628290	131749045
ENSG00000180658	6	131699642	131701403
ENSG00000236761	6	131708439	131711019
ENSG00000197594	6	131807991	131895162
ENSG00000118523	6	131948174	131951458
ENSG00000079931	6	132295880	132401558
ENSG00000079950	6	132409372	132514001
ENSG00000237110	6	132538275	132539338
ENSG00000146385	6	132552670	132553758
ENSG00000146383	6	132570320	132571361
ENSG00000135569	6	132588590	132589743
ENSG00000146378	6	132617020	132624277
ENSG00000146399	6	132643310	132659209
ENSG00000112299	6	132680847	132719964
ENSG00000112303	6	132743868	132763468
ENSG00000146409	6	132769368	132813341
ENSG00000112306	6	132814540	132825146
ENSG00000112319	6	133240512	133533914
ENSG00000118526	6	133889104	133896859
ENSG00000028839	6	133947768	133990434
ENSG00000288529	6	133953302	133980090
ENSG00000146411	6	133987130	134052662
ENSG00000118515	6	134169246	134318119
ENSG00000118514	6	134917296	134950142
ENSG00000112339	6	134958347	135103058
ENSG00000118513	6	135180895	135219175
ENSG00000135541	6	135283405	135498436
ENSG00000171408	6	135851585	136195576
ENSG00000146410	6	136231022	136250573
ENSG00000029363	6	136256625	136289854
ENSG00000135525	6	136341000	136550870
ENSG00000197442	6	136557028	136793105
ENSG00000112357	6	136822544	136914600
ENSG00000182747	6	136921921	136925662
ENSG00000016402	6	136999969	137045182
ENSG00000164485	6	137143818	137173650
ENSG00000027697	6	137197481	137219451
ENSG00000177468	6	137492197	137494396
ENSG00000118503	6	137866381	137885838
ENSG00000112378	6	138015001	138107850
ENSG00000112379	6	138161690	138344665
ENSG00000254440	6	138215984	138218493
ENSG00000262543	6	138377903	138383488
ENSG00000051620	6	138403529	138422199
ENSG00000135540	6	138422031	138693255
ENSG00000024862	6	138773491	138809748
ENSG00000203734	6	138795909	138904713
ENSG00000135597	6	138902980	138988358
ENSG00000146386	6	139013369	139046818
ENSG00000112406	6	139135062	139181923
ENSG00000164440	6	139239081	139292000
ENSG00000164442	6	139370964	139375911
ENSG00000135577	6	142058328	142147124
ENSG00000203733	6	142132923	142135360
ENSG00000009844	6	142147160	142224687
ENSG00000112414	6	142301500	142447266
ENSG00000010818	6	142751465	142956700
ENSG00000146416	6	143060456	143367980
ENSG00000189007	6	143422830	143450749
ENSG00000034693	6	143450776	143492185
ENSG00000001036	6	143493952	143511844
ENSG00000112419	6	143536580	143831187
ENSG00000257065	6	143807090	143844619
ENSG00000135521	6	143843300	143864331
ENSG00000280148	6	143857316	143938473
ENSG00000118491	6	143864434	143940365
ENSG00000118495	6	143940298	144064716
ENSG00000169976	6	144094882	144095575
ENSG00000135604	6	144149968	144191941
ENSG00000152818	6	144284850	144853036
ENSG00000112425	6	145382533	145736025
ENSG00000118496	6	145793500	145815269
ENSG00000146414	6	145863879	145964451
ENSG00000152822	6	146027644	146437603
ENSG00000118508	6	146543753	146554966
ENSG00000118492	6	146598965	146815464
ENSG00000164506	6	147203500	147391012
ENSG00000203727	6	147508631	147737549
ENSG00000111961	6	148272302	148552046
ENSG00000111962	6	148746893	149078421
ENSG00000055208	6	149218639	149411903
ENSG00000177688	6	149400260	149401280
ENSG00000178199	6	149446793	149485038
ENSG00000131013	6	149501433	149546113
ENSG00000055211	6	149566188	149591753
ENSG00000186625	6	149594871	149648974
ENSG00000131023	6	149658151	149718263
ENSG00000120253	6	149723371	149750288
ENSG00000120265	6	149749195	149811424
ENSG00000120256	6	149793453	149864426
ENSG00000285991	6	149817935	149896013
ENSG00000164520	6	149882980	149898120
ENSG00000203722	6	149915591	149923128
ENSG00000131015	6	149941936	149949237
ENSG00000111981	6	149963933	149973717
ENSG00000155918	6	150018332	150025569
ENSG00000131019	6	150057436	150069193
ENSG00000198729	6	150142991	150250394
ENSG00000009765	6	150368890	150405971
ENSG00000120278	6	150599685	150843667
ENSG00000120254	6	150865417	151101891
ENSG00000131016	6	151239911	151358565
ENSG00000181472	6	151364103	151391702
ENSG00000155906	6	151398822	151452183
ENSG00000146476	6	151452256	151489100
ENSG00000120262	6	151493752	151621195
ENSG00000091831	6	151651282	152129621
ENSG00000131018	6	152121685	152637803
ENSG00000120279	6	152697887	152724587
ENSG00000146469	6	152746496	152760676
ENSG00000112029	6	152970517	152983601
ENSG00000112031	6	152987360	153002804
ENSG00000091844	6	153004447	153131308
ENSG00000112038	6	154010494	154246869
ENSG00000074706	6	154154494	154356834
ENSG00000288520	6	154159826	154510116
ENSG00000153721	6	154387513	154510687
ENSG00000213079	6	154733376	154843333
ENSG00000146426	6	154832695	155257924
ENSG00000029639	6	155253145	155314521
ENSG00000171217	6	155264011	155276550
ENSG00000074771	6	155395366	155455841
ENSG00000049618	6	156776018	157211462
ENSG00000215712	6	157285348	157324258
ENSG00000175048	6	157381131	157678159
ENSG00000130340	6	157700385	157945079
ENSG00000078269	6	157981822	158099178
ENSG00000122335	6	158109513	158168297
ENSG00000272047	6	158167747	158199346
ENSG00000130338	6	158232234	158511830
ENSG00000146433	6	158536434	158635521
ENSG00000146425	6	158612719	158644773
ENSG00000164674	6	158644385	158768363
ENSG00000092820	6	158765736	158819420
ENSG00000130363	6	158968230	159000240
ENSG00000164691	6	159034479	159095825
ENSG00000164694	6	159169351	159272114
ENSG00000291237	6	159569591	159762531
ENSG00000146457	6	159716376	159756321
ENSG00000120437	6	159761443	159788184
ENSG00000120438	6	159778496	159789709
ENSG00000112110	6	159789810	159799029
ENSG00000146453	6	159800247	159820706
ENSG00000130368	6	159830064	159917449
ENSG00000197081	6	159969031	160113509
ENSG00000175003	6	160121370	160160592
ENSG00000112499	6	160171059	160277640
ENSG00000146477	6	160348314	160455029
ENSG00000198670	6	160531480	160664278
ENSG00000122194	6	160702103	160754471
ENSG00000085511	6	160991342	161117387
ENSG00000026652	6	161129965	161274695
ENSG00000185345	6	161347415	162727777
ENSG00000112530	6	162727093	163315537
ENSG00000112531	6	163413998	163578829
ENSG00000112539	6	165279456	165309632
ENSG00000112541	6	165327285	165988119
ENSG00000164458	6	166157654	166168817
ENSG00000176381	6	166305298	166308450
ENSG00000198818	6	166319722	166342612
ENSG00000060762	6	166364914	166383004
ENSG00000071242	6	166409362	166906453
ENSG00000235272	6	166583007	166586680
ENSG00000249141	6	166858092	166956126
ENSG00000026297	6	166922111	166957450
ENSG00000213066	6	166999172	167052720
ENSG00000272980	6	166999334	167139140
ENSG00000112486	6	167111788	167139143
ENSG00000120436	6	167155245	167157982
ENSG00000112494	6	167269008	167316030
ENSG00000120440	6	167325069	167359505
ENSG00000130396	6	167826857	167972025
ENSG00000125337	6	167996239	168045111
ENSG00000153303	6	168053093	168101513
ENSG00000164488	6	168292828	168319785
ENSG00000112562	6	168440654	168673447
ENSG00000186340	6	169215778	169254062
ENSG00000285733	6	169419967	169702049
ENSG00000184465	6	169457209	169702731
ENSG00000185127	6	169702124	169706362
ENSG00000130024	6	169703900	169725568
ENSG00000184786	6	169740104	169751589
ENSG00000130023	6	169751565	169781602
ENSG00000198719	6	170282200	170306567
ENSG00000112584	6	170290701	170407092
ENSG00000008018	6	170428567	170553329
ENSG00000112592	6	170554264	170577196
ENSG00000071994	6	170572299	170584694
ENSG00000177706	7	192032	260775
ENSG00000248767	7	290168	294424
ENSG00000197461	7	497256	520707
ENSG00000188191	7	549193	728270
ENSG00000164818	7	726685	790037
ENSG00000164828	7	816589	896437
ENSG00000239857	7	876484	896443
ENSG00000105963	7	896336	955409
ENSG00000310608	7	898776	975551
ENSG00000240230	7	964850	975551
ENSG00000146540	7	979161	1138315
ENSG00000073067	7	983174	989642
ENSG00000164849	7	1044535	1059277
ENSG00000164850	7	1082206	1094518
ENSG00000178381	7	1151901	1175916
ENSG00000164853	7	1232870	1237328
ENSG00000164877	7	1428463	1459541
ENSG00000164880	7	1469893	1504420
ENSG00000198517	7	1530685	1543051
ENSG00000164855	7	1542233	1560823
ENSG00000157778	7	1567330	1571080
ENSG00000225968	7	1665743	1747948
ENSG00000002822	7	1815785	2233245
ENSG00000286192	7	1815802	2242217
ENSG00000122687	7	2234193	2242231
ENSG00000106268	7	2242201	2251826
ENSG00000106266	7	2251768	2354320
ENSG00000106263	7	2354078	2380749
ENSG00000136213	7	2403440	2448486
ENSG00000275572	7	2474726	2476896
ENSG00000106003	7	2512527	2529179
ENSG00000106009	7	2537782	2555784
ENSG00000106012	7	2558901	2614735
ENSG00000136295	7	2631896	2664818
ENSG00000174945	7	2679274	2775502
ENSG00000146535	7	2721818	2870788
ENSG00000198286	7	2905879	3044230
ENSG00000146555	7	3301250	4269002
ENSG00000164916	7	4682238	4771444
ENSG00000242802	7	4775608	4794399
ENSG00000157927	7	4797053	4883718
ENSG00000218823	7	4857736	4862032
ENSG00000136297	7	4892246	4959232
ENSG00000272968	7	4983716	5073223
ENSG00000146587	7	5045819	5069493
ENSG00000273313	7	5072123	5073225
ENSG00000157954	7	5190180	5233857
ENSG00000164638	7	5274367	5307196
ENSG00000182095	7	5306788	5425416
ENSG00000155034	7	5431333	5513816
ENSG00000075624	7	5526407	5563904
ENSG00000075618	7	5592804	5606658
ENSG00000011275	7	5620045	5781698
ENSG00000122543	7	5879825	5886365
ENSG00000122674	7	5898690	5926552
ENSG00000155026	7	5925542	5970704
ENSG00000122512	7	5970923	6009132
ENSG00000106305	7	6009224	6024657
ENSG00000086232	7	6022245	6059242
ENSG00000157999	7	6031374	6036554
ENSG00000106346	7	6104753	6164431
ENSG00000008256	7	6148749	6272679
ENSG00000178397	7	6329407	6348983
ENSG00000286075	7	6329407	6348969
ENSG00000136238	7	6374096	6404018
ENSG00000164535	7	6406393	6484192
ENSG00000136240	7	6445951	6484226
ENSG00000215045	7	6496776	6551463
ENSG00000136247	7	6577403	6589376
ENSG00000146576	7	6589562	6608787
ENSG00000236609	7	6615303	6624292
ENSG00000205903	7	6637296	6658281
ENSG00000164631	7	6688431	6706981
ENSG00000169402	7	6754099	6799367
ENSG00000146574	7	6794132	6826772
ENSG00000106392	7	7156932	7259335
ENSG00000215018	7	7356201	7537210
ENSG00000164654	7	7566821	7611750
ENSG00000106399	7	7634841	7718609
ENSG00000219545	7	7640659	7968022
ENSG00000106415	7	7968794	8094274
ENSG00000003147	7	8113179	8262695
ENSG00000122584	7	8433556	8752963
ENSG00000189043	7	10931116	10940533
ENSG00000106443	7	10973325	11169625
ENSG00000005108	7	11370363	11832452
ENSG00000106460	7	12210929	12243369
ENSG00000146530	7	12330199	12404035
ENSG00000226690	7	12469619	12542224
ENSG00000006747	7	12570575	12660184
ENSG00000122644	7	12686600	12692545
ENSG00000006468	7	13891227	13991427
ENSG00000136267	7	14145047	14974865
ENSG00000187546	7	15169453	15562029
ENSG00000106511	7	15611209	15686820
ENSG00000214960	7	16087523	16502506
ENSG00000171243	7	16460620	16530582
ENSG00000205858	7	16526823	16581570
ENSG00000106524	7	16599777	16645843
ENSG00000136261	7	16644651	16706773
ENSG00000106537	7	16753725	16784654
ENSG00000106541	7	16791385	16833435
ENSG00000173467	7	16854678	16881992
ENSG00000106546	7	16916357	17346154
ENSG00000283321	7	17299293	17467236
ENSG00000071189	7	17790745	17940714
ENSG00000229937	7	18026768	18027848
ENSG00000048052	7	18086586	19002418
ENSG00000122691	7	19020989	19117647
ENSG00000146618	7	19144780	19145423
ENSG00000105849	7	19695393	19709068
ENSG00000173452	7	19719313	19773635
ENSG00000183742	7	20134653	20217851
ENSG00000105855	7	20330607	20415756
ENSG00000004846	7	20615665	20777040
ENSG00000164651	7	20779742	20786909
ENSG00000105866	7	21428022	21514824
ENSG00000105877	7	21543012	21902264
ENSG00000164649	7	21828568	21946221
ENSG00000136237	7	22117698	22357172
ENSG00000105889	7	22416930	22727791
ENSG00000136244	7	22725882	22732004
ENSG00000196683	7	22812626	22822893
ENSG00000122591	7	22889369	23014150
ENSG00000122550	7	23105727	23177916
ENSG00000136243	7	23181802	23201013
ENSG00000136235	7	23235965	23275113
ENSG00000156928	7	23298737	23311731
ENSG00000136231	7	23308569	23470835
ENSG00000164548	7	23504778	23532043
ENSG00000169193	7	23597372	23644716
ENSG00000188732	7	23680112	23706230
ENSG00000196335	7	23710201	23832515
ENSG00000122585	7	24284180	24291869
ENSG00000105926	7	24572934	24694195
ENSG00000105928	7	24698299	24757994
ENSG00000070882	7	24796534	24981636
ENSG00000172115	7	25080177	25125369
ENSG00000153790	7	25134674	25180387
ENSG00000105954	7	25224568	25228488
ENSG00000050344	7	26152188	26190903
ENSG00000122566	7	26169259	26201531
ENSG00000122565	7	26200566	26213609
ENSG00000086300	7	26291849	26374385
ENSG00000005020	7	26667001	26995241
ENSG00000105991	7	27092991	27096041
ENSG00000105996	7	27099976	27102688
ENSG00000105997	7	27106182	27152612
ENSG00000197576	7	27127885	27130782
ENSG00000106004	7	27141050	27143721
ENSG00000106006	7	27144101	27150605
ENSG00000122592	7	27153714	27157938
ENSG00000078399	7	27162436	27175182
ENSG00000257184	7	27162436	27180241
ENSG00000253293	7	27170590	27180263
ENSG00000005073	7	27181155	27185255
ENSG00000106031	7	27193501	27200093
ENSG00000106038	7	27242698	27250495
ENSG00000106049	7	27486363	27663015
ENSG00000106052	7	27739329	27844567
ENSG00000153814	7	27830571	28181032
ENSG00000146592	7	28299319	28825896
ENSG00000255690	7	28953356	28958332
ENSG00000106066	7	28994634	29195453
ENSG00000106069	7	29146545	29514336
ENSG00000176532	7	29563773	29568147
ENSG00000122574	7	29806445	29917063
ENSG00000136193	7	29920101	29990291
ENSG00000106080	7	30004404	30026718
ENSG00000106086	7	30027402	30130485
ENSG00000180354	7	30134726	30162767
ENSG00000180233	7	30284411	30371241
ENSG00000281593	7	30362398	30412504
ENSG00000106100	7	30424525	30478916
ENSG00000006625	7	30496614	30504868
ENSG00000281039	7	30497075	30550763
ENSG00000106105	7	30580531	30634035
ENSG00000106113	7	30651442	30700131
ENSG00000241644	7	30697983	30770623
ENSG00000254959	7	30752135	30892083
ENSG00000106125	7	30771386	30892389
ENSG00000250424	7	30852271	30923814
ENSG00000240583	7	30910753	30925519
ENSG00000106128	7	30938667	30993256
ENSG00000078549	7	31052295	31117206
ENSG00000164600	7	31337064	31340903
ENSG00000180347	7	31514088	31656506
ENSG00000154678	7	31615751	32428133
ENSG00000106341	7	31687176	31709290
ENSG00000106355	7	32474304	32495285
ENSG00000105778	7	32495424	32588728
ENSG00000170852	7	32861367	32894133
ENSG00000122642	7	32957402	33006933
ENSG00000122643	7	33014076	33062839
ENSG00000164610	7	33094795	33109603
ENSG00000122507	7	33109555	33877182
ENSG00000164619	7	33904306	34156429
ENSG00000187258	7	34658216	34878334
ENSG00000173852	7	34921467	35038273
ENSG00000164532	7	35202428	35254102
ENSG00000122557	7	35632657	35697461
ENSG00000122545	7	35800930	35907112
ENSG00000122547	7	36153073	36301559
ENSG00000164542	7	36323933	36390127
ENSG00000011426	7	36389725	36453793
ENSG00000136250	7	36509306	36724551
ENSG00000155849	7	36852904	37449437
ENSG00000187037	7	37683719	37833790
ENSG00000290149	7	37683841	37950414
ENSG00000086288	7	37848595	37900399
ENSG00000106483	7	37903002	38025697
ENSG00000086289	7	37920601	38014666
ENSG00000010270	7	38178215	38230690
ENSG00000289746	7	38259641	38273638
ENSG00000078053	7	38383698	38631514
ENSG00000164556	7	38685344	38687039
ENSG00000006715	7	38722219	38932396
ENSG00000106536	7	38977907	39493097
ENSG00000241127	7	39566366	39612091
ENSG00000006451	7	39623443	39708219
ENSG00000065883	7	39950011	40099582
ENSG00000168303	7	40092205	40134879
ENSG00000175600	7	40134042	40861615
ENSG00000122641	7	41667166	41705836
ENSG00000106571	7	41929595	42264267
ENSG00000136197	7	42883176	42912520
ENSG00000256646	7	42909271	42932216
ENSG00000106588	7	42916826	42932225
ENSG00000106591	7	42932344	42948960
ENSG00000002746	7	43112627	43566003
ENSG00000106603	7	43552387	43729859
ENSG00000164543	7	43582756	43650715
ENSG00000106605	7	43758007	43808870
ENSG00000062582	7	43866554	43869895
ENSG00000270617	7	43866556	43906591
ENSG00000106608	7	43873643	43926413
ENSG00000078967	7	43925797	43956138
ENSG00000136206	7	43997895	44010126
ENSG00000136279	7	44044626	44069458
ENSG00000164708	7	44062722	44065738
ENSG00000122678	7	44070913	44082987
ENSG00000106624	7	44104284	44114567
ENSG00000106628	7	44114629	44124409
ENSG00000106631	7	44138855	44143181
ENSG00000106633	7	44143211	44198172
ENSG00000106636	7	44200957	44214296
ENSG00000058404	7	44209991	44334579
ENSG00000015676	7	44379117	44490921
ENSG00000015520	7	44512440	44541332
ENSG00000136271	7	44565414	44575390
ENSG00000158604	7	44576390	44582311
ENSG00000105953	7	44606494	44710118
ENSG00000122515	7	44748546	44770114
ENSG00000196262	7	44796618	44824566
ENSG00000105968	7	44826789	44848148
ENSG00000146676	7	44876297	44885532
ENSG00000136286	7	44962660	44979815
ENSG00000136280	7	44999473	45076472
ENSG00000136274	7	45080435	45089023
ENSG00000136270	7	45097495	45112050
ENSG00000122679	7	45157646	45208135
ENSG00000164742	7	45574138	45723128
ENSG00000283247	7	45859992	45873084
ENSG00000146678	7	45888358	45893662
ENSG00000146674	7	45912243	45921876
ENSG00000136205	7	47275147	47582635
ENSG00000158683	7	47740200	47948520
ENSG00000136273	7	47961880	47979684
ENSG00000164744	7	47987146	48029121
ENSG00000164746	7	48035499	48061306
ENSG00000183696	7	48088596	48108738
ENSG00000179869	7	48171450	48647499
ENSG00000218305	7	48924545	48927456
ENSG00000188730	7	49772820	49921952
ENSG00000042813	7	49850419	50121331
ENSG00000164500	7	50095881	50159258
ENSG00000185811	7	50303410	50405103
ENSG00000132436	7	50439720	50450408
ENSG00000132437	7	50458434	50565470
ENSG00000106070	7	50590061	50793488
ENSG00000106078	7	51016208	51317189
ENSG00000221900	7	53035631	53036927
ENSG00000170419	7	54541993	54574105
ENSG00000132432	7	54752134	54759976
ENSG00000146648	7	55018818	55211630
ENSG00000132434	7	55365280	55433743
ENSG00000154978	7	55427764	55572990
ENSG00000154997	7	55793538	55862757
ENSG00000178665	7	55887258	55942532
ENSG00000249773	7	55887275	55955241
ENSG00000239789	7	55950703	55956502
ENSG00000146729	7	55951791	56000186
ENSG00000146733	7	56010117	56051611
ENSG00000146731	7	56051683	56063994
ENSG00000129103	7	56064000	56087957
ENSG00000164776	7	56079921	56093014
ENSG00000106153	7	56094565	56106533
ENSG00000185290	7	56114679	56116424
ENSG00000185177	7	57117674	57139866
ENSG00000182111	7	57450175	57473561
ENSG00000241149	7	63998847	64018083
ENSG00000214652	7	64045402	64114558
ENSG00000223614	7	64207201	64220292
ENSG00000197123	7	64228472	64266933
ENSG00000234444	7	64306824	64356636
ENSG00000173041	7	64492231	64563108
ENSG00000196247	7	64666097	64736983
ENSG00000197008	7	64794372	64834308
ENSG00000198039	7	64870170	64944243
ENSG00000152926	7	64970661	65006723
ENSG00000213462	7	64990354	65006745
ENSG00000146757	7	65373797	65401138
ENSG00000196715	7	65873067	65959565
ENSG00000169919	7	65960675	65982706
ENSG00000126522	7	66075798	66094699
ENSG00000249319	7	66087759	66152279
ENSG00000241258	7	66114602	66154570
ENSG00000169902	7	66205287	66420551
ENSG00000243335	7	66628863	66649069
ENSG00000284461	7	66628956	66811191
ENSG00000154710	7	66682103	66811466
ENSG00000106609	7	66921158	66958553
ENSG00000126524	7	66987677	66995695
ENSG00000198874	7	66995171	67239527
ENSG00000230358	7	67276939	67289007
ENSG00000158321	7	69598294	70793508
ENSG00000185274	7	71131992	71713602
ENSG00000183166	7	71779489	72447153
ENSG00000277149	7	72558742	72828262
ENSG00000196313	7	72879347	72951442
ENSG00000155428	7	72959483	72969468
ENSG00000273520	7	73019717	73029768
ENSG00000275976	7	73047860	73057913
ENSG00000262461	7	73075970	73086040
ENSG00000274570	7	73104006	73155433
ENSG00000130305	7	73302514	73308869
ENSG00000146755	7	73312534	73328084
ENSG00000077800	7	73328159	73358639
ENSG00000188763	7	73433776	73436122
ENSG00000009954	7	73440404	73522295
ENSG00000106635	7	73536353	73558019
ENSG00000106638	7	73567535	73578793
ENSG00000009950	7	73593192	73624577
ENSG00000176428	7	73667829	73682026
ENSG00000176410	7	73680916	73683455
ENSG00000071462	7	73683159	73698230
ENSG00000106089	7	73699203	73719708
ENSG00000106077	7	73736089	73738866
ENSG00000165215	7	73768995	73770272
ENSG00000189143	7	73799540	73832692
ENSG00000165171	7	73832677	73842542
ENSG00000175877	7	73861157	73865893
ENSG00000049540	7	74027771	74069911
ENSG00000106683	7	74082931	74122529
ENSG00000106682	7	74174125	74197124
ENSG00000086730	7	74199650	74242503
ENSG00000049541	7	74223229	74254460
ENSG00000106665	7	74289405	74405945
ENSG00000006704	7	74452461	74602621
ENSG00000263001	7	74650224	74760708
ENSG00000158517	7	74773973	74790137
ENSG00000196275	7	74796142	74852473
ENSG00000289346	7	74796148	74890587
ENSG00000184616	7	74904287	74915080
ENSG00000274070	7	74964662	75031532
ENSG00000274523	7	75026188	75074230
ENSG00000174428	7	75091565	75149820
ENSG00000286038	7	75280788	75289503
ENSG00000286137	7	75307374	75317431
ENSG00000286014	7	75335341	75345398
ENSG00000178809	7	75395061	75410998
ENSG00000272391	7	75416782	75486360
ENSG00000170092	7	75492318	75504318
ENSG00000127946	7	75533296	75739063
ENSG00000006606	7	75769531	75789898
ENSG00000106178	7	75810823	75823945
ENSG00000005486	7	75842600	75890058
ENSG00000127948	7	75899198	75986857
ENSG00000189077	7	75973302	75994671
ENSG00000127952	7	75996313	76048811
ENSG00000146701	7	76048035	76067510
ENSG00000177679	7	76201862	76287290
ENSG00000106211	7	76302664	76305815
ENSG00000170027	7	76326797	76359024
ENSG00000146700	7	76389015	76409746
ENSG00000188372	7	76397495	76442073
ENSG00000091073	7	76461654	76507225
ENSG00000243566	7	76510351	76532776
ENSG00000185040	7	76531311	76543299
ENSG00000146707	7	76601807	76627290
ENSG00000186645	7	77022304	77032363
ENSG00000205482	7	77050389	77063940
ENSG00000135205	7	77122432	77329535
ENSG00000127951	7	77193180	77199886
ENSG00000186088	7	77310481	77416609
ENSG00000127947	7	77537063	77640074
ENSG00000187257	7	77696438	77783024
ENSG00000135211	7	77793726	77799725
ENSG00000006576	7	77798650	77957505
ENSG00000187391	7	78017053	79453847
ENSG00000127955	7	79768026	80226183
ENSG00000135218	7	80369530	80679279
ENSG00000214415	7	80458633	80512066
ENSG00000075223	7	80742536	80922395
ENSG00000019991	7	81699008	81770440
ENSG00000153956	7	81946442	82444196
ENSG00000186472	7	82754010	83162932
ENSG00000170381	7	83363236	83649190
ENSG00000075213	7	83902489	84492941
ENSG00000153993	7	84995191	85187070
ENSG00000198822	7	86643901	86864886
ENSG00000164659	7	86874914	87059712
ENSG00000135164	7	87152338	87202749
ENSG00000135185	7	87191686	87220599
ENSG00000005469	7	87317125	87399802
ENSG00000005471	7	87400391	87480437
ENSG00000085563	7	87501987	87713381
ENSG00000105784	7	87627546	87832300
ENSG00000075303	7	87833559	87876406
ENSG00000006634	7	87876214	87909555
ENSG00000008277	7	87934134	88202891
ENSG00000075142	7	88201115	88226999
ENSG00000127954	7	88270890	88307063
ENSG00000182348	7	88759698	89338530
ENSG00000164645	7	88794104	88795739
ENSG00000164647	7	90154178	90164831
ENSG00000157214	7	90167588	90243410
ENSG00000105792	7	90245159	90311065
ENSG00000283267	7	90316501	90321306
ENSG00000105793	7	90335221	90391455
ENSG00000157224	7	90383719	90513404
ENSG00000058091	7	90466422	91210593
ENSG00000251154	7	90469617	90513404
ENSG00000157240	7	91264431	91289203
ENSG00000127989	7	91689901	91880734
ENSG00000127914	7	91940835	92112179
ENSG00000001630	7	92084500	92134805
ENSG00000285772	7	92112157	92179513
ENSG00000289027	7	92112174	92245926
ENSG00000240720	7	92141641	92179533
ENSG00000285953	7	92144721	92245945
ENSG00000001631	7	92197496	92246168
ENSG00000001629	7	92245958	92402072
ENSG00000157259	7	92447446	92460077
ENSG00000242950	7	92468378	92477988
ENSG00000127980	7	92487018	92528665
ENSG00000127993	7	92528768	92540483
ENSG00000234545	7	92560652	92590419
ENSG00000105810	7	92604919	92837006
ENSG00000205413	7	93099511	93118044
ENSG00000177409	7	93130054	93148412
ENSG00000188175	7	93188442	93226561
ENSG00000004766	7	93232338	93361125
ENSG00000004948	7	93424484	93575740
ENSG00000127928	7	93591327	93911267
ENSG00000105825	7	93856696	93890959
ENSG00000127920	7	93921441	93928612
ENSG00000105829	7	93962760	94004385
ENSG00000164692	7	94394358	94431229
ENSG00000127995	7	94509217	94576853
ENSG00000127990	7	94524202	94656574
ENSG00000242265	7	94656323	94669697
ENSG00000158528	7	94907200	95296417
ENSG00000005421	7	95297106	95325951
ENSG00000105852	7	95357616	95396495
ENSG00000105854	7	95403731	95435395
ENSG00000005981	7	95478442	95540235
ENSG00000004799	7	95583495	95597640
ENSG00000158560	7	95772457	96110917
ENSG00000004864	7	96120216	96322183
ENSG00000127922	7	96481624	96709895
ENSG00000006377	7	97005551	97011042
ENSG00000105880	7	97020103	97024952
ENSG00000196636	7	97117675	97181767
ENSG00000006128	7	97731905	97740474
ENSG00000070669	7	97850160	97893145
ENSG00000135175	7	97984685	97991171
ENSG00000164715	7	98106856	98209640
ENSG00000180535	7	98211430	98215459
ENSG00000205356	7	98214622	98252242
ENSG00000164713	7	98252377	98310443
ENSG00000006453	7	98290825	98401215
ENSG00000106236	7	98617252	98629872
ENSG00000166448	7	98846476	98870773
ENSG00000196367	7	98877931	99050833
ENSG00000198742	7	99027433	99144173
ENSG00000185467	7	99173570	99250077
ENSG00000293560	7	99272837	99311134
ENSG00000241685	7	99325877	99366529
ENSG00000284292	7	99325877	99394655
ENSG00000130429	7	99374224	99398126
ENSG00000106244	7	99392046	99408833
ENSG00000106245	7	99408608	99419620
ENSG00000106246	7	99415190	99466203
ENSG00000248919	7	99419747	99466199
ENSG00000160917	7	99438906	99458912
ENSG00000241468	7	99448473	99466203
ENSG00000198556	7	99472792	99503652
ENSG00000160908	7	99473875	99504920
ENSG00000196652	7	99504632	99535362
ENSG00000221909	7	99546202	99559394
ENSG00000197343	7	99558387	99578950
ENSG00000272647	7	99558693	99607812
ENSG00000244219	7	99597866	99611047
ENSG00000197037	7	99616621	99738533
ENSG00000106258	7	99647440	99680045
ENSG00000282301	7	99684955	99735104
ENSG00000160870	7	99704103	99735198
ENSG00000160868	7	99756952	99784329
ENSG00000021461	7	99827920	99867803
ENSG00000244623	7	99876060	99877035
ENSG00000146833	7	99876956	99919606
ENSG00000176402	7	99923264	99929622
ENSG00000160862	7	99966718	99976076
ENSG00000106261	7	100015568	100047432
ENSG00000166529	7	100049765	100081306
ENSG00000166526	7	100056866	100082708
ENSG00000168090	7	100088946	100095187
ENSG00000166508	7	100092231	100101942
ENSG00000221838	7	100100839	100110347
ENSG00000106290	7	100106874	100127189
ENSG00000166997	7	100119612	100125513
ENSG00000214309	7	100126692	100128500
ENSG00000188186	7	100148886	100155947
ENSG00000146826	7	100154418	100158739
ENSG00000197093	7	100159242	100168955
ENSG00000213420	7	100169600	100177391
ENSG00000066923	7	100177561	100214389
ENSG00000292277	7	100205355	100221490
ENSG00000213413	7	100218239	100221492
ENSG00000214300	7	100307700	100322374
ENSG00000121716	7	100351625	100367833
ENSG00000085514	7	100367528	100400100
ENSG00000289690	7	100397575	100434109
ENSG00000078487	7	100400824	100428994
ENSG00000146834	7	100428320	100435140
ENSG00000160813	7	100435259	100436548
ENSG00000185955	7	100456618	100464279
ENSG00000166925	7	100466506	100479259
ENSG00000289760	7	100478097	100478172
ENSG00000166924	7	100483603	100494804
ENSG00000106351	7	100539167	100569431
ENSG00000205307	7	100572226	100573918
ENSG00000077454	7	100574009	100586238
ENSG00000106336	7	100583980	100601119
ENSG00000106333	7	100602319	100608177
ENSG00000106330	7	100612100	100616006
ENSG00000106327	7	100620414	100642781
ENSG00000077080	7	100643095	100656460
ENSG00000172354	7	100673475	100679176
ENSG00000146830	7	100679503	100694483
ENSG00000172336	7	100695900	100708630
ENSG00000130427	7	100720463	100723702
ENSG00000146839	7	100733593	100797799
ENSG00000196411	7	100802561	100827586
ENSG00000146828	7	100826818	100867019
ENSG00000087077	7	100867124	100873526
ENSG00000087087	7	100875063	100888666
ENSG00000176125	7	100888719	100889717
ENSG00000087085	7	100889991	100897024
ENSG00000169894	7	100949412	100968350
ENSG00000205277	7	100969429	101018942
ENSG00000169876	7	101020070	101058861
ENSG00000169871	7	101085232	101097969
ENSG00000106366	7	101122156	101139265
ENSG00000106367	7	101154350	101161598
ENSG00000128564	7	101162507	101167247
ENSG00000167011	7	101170494	101180303
ENSG00000106384	7	101195005	101201090
ENSG00000106397	7	101205975	101219970
ENSG00000106400	7	101218115	101224197
ENSG00000106404	7	101232090	101238822
ENSG00000214253	7	101239456	101252323
ENSG00000128581	7	101310912	101321833
ENSG00000160963	7	101362405	101559031
ENSG00000106436	7	101613328	101629298
ENSG00000257923	7	101815902	102283960
ENSG00000160999	7	102284993	102321714
ENSG00000260097	7	102345744	102356446
ENSG00000128563	7	102363806	102426681
ENSG00000160991	7	102433104	102456827
ENSG00000160993	7	102456219	102464901
ENSG00000161036	7	102464922	102476239
ENSG00000005075	7	102473108	102478938
ENSG00000170667	7	102479974	102517802
ENSG00000168255	7	102537916	102572655
ENSG00000284981	7	102537917	102543761
ENSG00000270249	7	102541499	102592446
ENSG00000205238	7	102551224	102563540
ENSG00000285437	7	102552326	102572622
ENSG00000105808	7	102579644	102616781
ENSG00000205236	7	102582521	102642871
ENSG00000267368	7	102637022	102642982
ENSG00000267645	7	102637047	102671643
ENSG00000173678	7	102650317	102662627
ENSG00000228049	7	102665366	102671754
ENSG00000222011	7	102748937	102852478
ENSG00000161040	7	102811018	103075402
ENSG00000128606	7	102912939	102945113
ENSG00000170632	7	103074623	103103947
ENSG00000161048	7	103099774	103151174
ENSG00000105819	7	103295715	103342069
ENSG00000105821	7	103310495	103344839
ENSG00000161057	7	103328568	103370348
ENSG00000170615	7	103352728	103446214
ENSG00000189056	7	103471379	103989671
ENSG00000164815	7	104126339	104208049
ENSG00000187416	7	104328601	104908563
ENSG00000005483	7	104940941	105116244
ENSG00000289360	7	105040846	105040927
ENSG00000288914	7	105040856	105040958
ENSG00000135250	7	105110702	105399310
ENSG00000091127	7	105439659	105522274
ENSG00000135249	7	105532114	105569209
ENSG00000185055	7	105565107	105600877
ENSG00000146776	7	105604770	105877402
ENSG00000128536	7	105876794	106036434
ENSG00000008282	7	106086670	106112620
ENSG00000105835	7	106248296	106291227
ENSG00000253276	7	106654358	106661160
ENSG00000105851	7	106865276	106908982
ENSG00000005249	7	107044625	107161813
ENSG00000105856	7	107168959	107202531
ENSG00000164597	7	107198798	107564517
ENSG00000172209	7	107470016	107478013
ENSG00000105865	7	107563482	107579485
ENSG00000288558	7	107563969	107623319
ENSG00000075790	7	107579955	107633141
ENSG00000091137	7	107660592	107717811
ENSG00000105879	7	107743071	107762081
ENSG00000091138	7	107764217	107803632
ENSG00000091140	7	107891134	107931732
ENSG00000091136	7	107921973	108004436
ENSG00000091128	7	108023546	108130369
ENSG00000091129	7	108147621	108456719
ENSG00000135241	7	108469924	108569752
ENSG00000177683	7	108541196	108569752
ENSG00000128590	7	108569778	108574852
ENSG00000184903	7	110662642	111562519
ENSG00000173114	7	111091004	111125456
ENSG00000128512	7	111725602	112206409
ENSG00000198839	7	112206617	112356521
ENSG00000006652	7	112422885	112481019
ENSG00000288640	7	112450458	112490943
ENSG00000288634	7	112450485	112450647
ENSG00000181016	7	112480851	112491420
ENSG00000146802	7	112762333	112790717
ENSG00000164603	7	112800367	112939889
ENSG00000164604	7	113078329	113087780
ENSG00000214194	7	113115909	113118584
ENSG00000154415	7	113874329	114075922
ENSG00000128573	7	114086184	114693774
ENSG00000135272	7	114921744	115020315
ENSG00000105967	7	115935146	116159898
ENSG00000135269	7	116210491	116258921
ENSG00000105971	7	116287378	116508547
ENSG00000105974	7	116524983	116561181
ENSG00000105976	7	116672049	116798393
ENSG00000198898	7	116811068	116947925
ENSG00000004866	7	116952978	117230814
ENSG00000288635	7	116954389	117119721
ENSG00000105989	7	117273511	117323394
ENSG00000001626	7	117287118	117715973
ENSG00000154438	7	117363220	117428125
ENSG00000077063	7	117710649	117874141
ENSG00000128534	7	118183974	118204037
ENSG00000106013	7	118214667	118496173
ENSG00000184408	7	120272810	120750339
ENSG00000106025	7	120786658	120858404
ENSG00000071243	7	120950716	120977218
ENSG00000106034	7	120988488	121299703
ENSG00000002745	7	121325365	121341254
ENSG00000196937	7	121347790	121398473
ENSG00000106278	7	121873087	122062039
ENSG00000008311	7	122064581	122144491
ENSG00000128610	7	122301301	122310737
ENSG00000081803	7	122318256	122886781
ENSG00000188050	7	122697733	122699119
ENSG00000235631	7	122701666	122702924
ENSG00000128519	7	122994702	122995702
ENSG00000081800	7	123113529	123200049
ENSG00000164675	7	123452167	123535079
ENSG00000128609	7	123536995	123557906
ENSG00000146809	7	123567008	123639483
ENSG00000170807	7	123655856	123665866
ENSG00000106299	7	123681936	123749183
ENSG00000106302	7	123828953	123877483
ENSG00000106304	7	123925235	123971416
ENSG00000234224	7	124030919	124033069
ENSG00000230268	7	124476315	124477666
ENSG00000170775	7	124743883	124766101
ENSG00000128513	7	124822384	124929985
ENSG00000179603	7	126437157	127253095
ENSG00000048405	7	127346788	127431926
ENSG00000179562	7	127579049	127593613
ENSG00000004059	7	127588357	127591707
ENSG00000106328	7	127591407	127603509
ENSG00000106331	7	127610290	127618144
ENSG00000197157	7	127652121	128092611
ENSG00000128594	7	127938257	128032282
ENSG00000174697	7	128241220	128257631
ENSG00000106344	7	128278491	128343973
ENSG00000224940	7	128350323	128361942
ENSG00000106348	7	128392275	128410011
ENSG00000135245	7	128455823	128458425
ENSG00000165055	7	128476727	128506604
ENSG00000205085	7	128671691	128687879
ENSG00000135248	7	128709059	128731745
ENSG00000128595	7	128739290	128773402
ENSG00000128617	7	128771753	128775796
ENSG00000128596	7	128790748	128822137
ENSG00000128591	7	128830290	128859277
ENSG00000135253	7	128862040	128910721
ENSG00000128524	7	128862814	128865851
ENSG00000272899	7	128866328	128872049
ENSG00000128604	7	128933427	128950391
ENSG00000064419	7	128954178	129055210
ENSG00000158457	7	129144688	129177458
ENSG00000128602	7	129188499	129213548
ENSG00000158467	7	129225018	129431843
ENSG00000128578	7	129434390	129488401
ENSG00000240204	7	129502496	129512920
ENSG00000106459	7	129611685	129757683
ENSG00000186591	7	129830730	129952990
ENSG00000091732	7	130018284	130051403
ENSG00000128607	7	130070532	130135722
ENSG00000146842	7	130164711	130207772
ENSG00000165120	7	130206342	130219345
ENSG00000158516	7	130266819	130289800
ENSG00000128510	7	130293116	130324182
ENSG00000158525	7	130344814	130368732
ENSG00000091704	7	130380337	130388116
ENSG00000106477	7	130393769	130442435
ENSG00000106484	7	130486169	130522767
ENSG00000158623	7	130505551	130668757
ENSG00000213265	7	130668641	130687434
ENSG00000266265	7	130730695	130734209
ENSG00000128585	7	131110094	131496634
ENSG00000128567	7	131500252	131558219
ENSG00000221866	7	132123338	132648690
ENSG00000106554	7	132784246	133082252
ENSG00000131558	7	133253052	134067139
ENSG00000155530	7	134127297	134264597
ENSG00000205060	7	134289203	134317119
ENSG00000085662	7	134441787	134459286
ENSG00000198074	7	134527473	134541905
ENSG00000227471	7	134548936	134579877
ENSG00000172331	7	134646782	134682321
ENSG00000122786	7	134744250	134970750
ENSG00000146856	7	134986494	135147965
ENSG00000122783	7	135092361	135171021
ENSG00000146859	7	135148026	135166521
ENSG00000105875	7	135183836	135211559
ENSG00000146857	7	135231977	135258668
ENSG00000080802	7	135361793	135510147
ENSG00000155561	7	135557698	135648759
ENSG00000243317	7	135662470	135702063
ENSG00000164707	7	135681229	135729260
ENSG00000189320	7	135728346	135748815
ENSG00000105887	7	135900133	135977458
ENSG00000181072	7	136868591	137020257
ENSG00000105894	7	137223703	137344360
ENSG00000157680	7	137381035	137847094
ENSG00000182158	7	137874977	138002121
ENSG00000122787	7	138002322	138118308
ENSG00000122779	7	138460191	138590025
ENSG00000157703	7	138594283	138701384
ENSG00000105929	7	138706287	138799674
ENSG00000214128	7	138797950	138838713
ENSG00000122778	7	138831379	138982086
ENSG00000146858	7	139021496	139036221
ENSG00000105939	7	139043513	139132124
ENSG00000105948	7	139133742	139191988
ENSG00000157741	7	139230354	139330429
ENSG00000164898	7	139339455	139347033
ENSG00000146963	7	139340357	139425498
ENSG00000269955	7	139341358	139422601
ENSG00000188883	7	139450623	139483721
ENSG00000236279	7	139523666	139544987
ENSG00000064393	7	139561568	139778018
ENSG00000059377	7	139777049	140020327
ENSG00000059378	7	140023740	140063346
ENSG00000006459	7	140084744	140177680
ENSG00000157800	7	140293691	140404435
ENSG00000146955	7	140404041	140427976
ENSG00000133606	7	140453031	140479554
ENSG00000146966	7	140518416	140673995
ENSG00000133597	7	140672883	140696263
ENSG00000090266	7	140690775	140723925
ENSG00000157764	7	140719325	140925201
ENSG00000090263	7	141002608	141015288
ENSG00000261115	7	141074036	141480382
ENSG00000006530	7	141551276	141657488
ENSG00000257093	7	141656726	141702187
ENSG00000214102	7	141702225	141731273
ENSG00000106028	7	141731897	141787924
ENSG00000127362	7	141764095	141765199
ENSG00000127364	7	141776672	141781693
ENSG00000127366	7	141790215	141791369
ENSG00000165076	7	141836298	141841489
ENSG00000237621	7	141887146	141888094
ENSG00000257335	7	141907811	142106749
ENSG00000258083	7	141916397	141920627
ENSG00000258227	7	141927355	141947009
ENSG00000257138	7	141972629	141973775
ENSG00000257743	7	142111716	142222326
ENSG00000258223	7	142252139	142258064
ENSG00000241657	7	142433893	142434396
ENSG00000204983	7	142749466	142753074
ENSG00000275896	7	142760396	142774566
ENSG00000106123	7	142854807	142872812
ENSG00000165125	7	142871206	142885783
ENSG00000127412	7	142904275	142933748
ENSG00000165131	7	142939341	142949917
ENSG00000197993	7	142941112	142962371
ENSG00000179468	7	143026198	143027134
ENSG00000225781	7	143052339	143053284
ENSG00000159763	7	143132075	143139748
ENSG00000236398	7	143183417	143184437
ENSG00000221937	7	143222035	143223081
ENSG00000197448	7	143244091	143272485
ENSG00000178826	7	143279935	143288242
ENSG00000106144	7	143288213	143307698
ENSG00000188037	7	143316109	143353746
ENSG00000159784	7	143353393	143362817
ENSG00000159840	7	143381074	143391113
ENSG00000146904	7	143390287	143408882
ENSG00000185899	7	143443451	143444411
ENSG00000221855	7	143477871	143478798
ENSG00000176510	7	143509254	143519471
ENSG00000271079	7	143571799	143574389
ENSG00000170379	7	143620950	143732462
ENSG00000283528	7	143639228	143647648
ENSG00000271321	7	143755087	143757698
ENSG00000198420	7	143850358	143903892
ENSG00000221910	7	143935231	143936188
ENSG00000213215	7	143954842	143997314
ENSG00000221813	7	144000318	144008795
ENSG00000221836	7	144048946	144058847
ENSG00000221933	7	144069809	144075872
ENSG00000221858	7	144086276	144098955
ENSG00000221989	7	144109581	144110541
ENSG00000221938	7	144123174	144131190
ENSG00000213214	7	144182886	144195881
ENSG00000288784	7	144183464	144186082
ENSG00000212807	7	144228242	144239607
ENSG00000243896	7	144254973	144264794
ENSG00000289604	7	144266672	144269290
ENSG00000221970	7	144312417	144322739
ENSG00000050327	7	144355286	144380634
ENSG00000106410	7	144396892	144403797
ENSG00000196511	7	144451939	144836421
ENSG00000174469	7	146116000	148421000
ENSG00000170279	7	148590764	148615862
ENSG00000055130	7	148697912	148801230
ENSG00000106462	7	148807255	148884627
ENSG00000155660	7	149003044	149028669
ENSG00000197362	7	149069489	149090786
ENSG00000204947	7	149102782	149126350
ENSG00000197024	7	149126414	149183044
ENSG00000170265	7	149195500	149226245
ENSG00000170260	7	149239649	149255958
ENSG00000204946	7	149262020	149297305
ENSG00000196453	7	149429028	149461069
ENSG00000181220	7	149472694	149497833
ENSG00000133619	7	149714779	149734936
ENSG00000181444	7	149764173	149776521
ENSG00000106479	7	149838373	149867481
ENSG00000171130	7	149872959	149927451
ENSG00000106526	7	150243914	150323928
ENSG00000127399	7	150323261	150338158
ENSG00000106538	7	150338312	150342146
ENSG00000214022	7	150368065	150374047
ENSG00000196456	7	150368788	150398636
ENSG00000284691	7	150400700	150412472
ENSG00000171115	7	150450622	150479397
ENSG00000179144	7	150514850	150521075
ENSG00000133574	7	150567240	150574514
ENSG00000133561	7	150625373	150632653
ENSG00000106560	7	150685645	150694765
ENSG00000213203	7	150716604	150724286
ENSG00000281887	7	150716666	150743648
ENSG00000196329	7	150722251	150750035
ENSG00000106565	7	150789453	150823879
ENSG00000002933	7	150799596	150805124
ENSG00000002726	7	150824625	150872467
ENSG00000055118	7	150944062	150978396
ENSG00000164867	7	150991015	151015655
ENSG00000181652	7	151012207	151024501
ENSG00000197150	7	151028420	151047784
ENSG00000213199	7	151048290	151052758
ENSG00000164885	7	151051515	151057954
ENSG00000164889	7	151057208	151076529
ENSG00000288608	7	151061926	151061980
ENSG00000164896	7	151076583	151080883
ENSG00000164897	7	151081080	151083535
ENSG00000133612	7	151085829	151144452
ENSG00000164900	7	151147667	151174747
ENSG00000146926	7	151175682	151187834
ENSG00000278685	7	151190871	151205498
ENSG00000285480	7	151207414	151210490
ENSG00000285292	7	151207835	151227168
ENSG00000033050	7	151211482	151227266
ENSG00000033100	7	151232481	151240981
ENSG00000082014	7	151238762	151277898
ENSG00000013374	7	151341702	151381099
ENSG00000187260	7	151375907	151410729
ENSG00000127377	7	151428291	151440815
ENSG00000106615	7	151465974	151520122
ENSG00000106617	7	151556008	151877565
ENSG00000106648	7	151956377	152019931
ENSG00000178234	7	152025624	152122349
ENSG00000055609	7	152134920	152436658
ENSG00000196584	7	152644769	152676203
ENSG00000133627	7	152759729	152855380
ENSG00000130226	7	153748131	154894287
ENSG00000157212	7	154943685	155003167
ENSG00000157219	7	155070317	155087394
ENSG00000186480	7	155296729	155311965
ENSG00000164778	7	155457553	155464833
ENSG00000146910	7	155474204	155555452
ENSG00000283128	7	155474254	155644408
ENSG00000184863	7	155644424	155781487
ENSG00000164690	7	155799978	155812465
ENSG00000105982	7	156640279	156677782
ENSG00000105983	7	156668944	156893227
ENSG00000146909	7	156949704	156973178
ENSG00000130675	7	156993899	157010670
ENSG00000009335	7	157138906	157269374
ENSG00000105993	7	157335379	157432976
ENSG00000155093	7	157539054	158587843
ENSG00000146918	7	158625609	158704867
ENSG00000117868	7	158730990	158830255
ENSG00000126870	7	158856544	158956749
ENSG00000106018	7	159027658	159144993
ENSG00000176269	8	166084	167026
ENSG00000172748	8	232118	265323
ENSG00000254104	8	261062	265323
ENSG00000147364	8	406426	477969
ENSG00000180190	8	451911	545783
ENSG00000104714	8	612794	738108
ENSG00000198010	8	737625	1708478
ENSG00000182372	8	1755776	1801713
ENSG00000283239	8	1763886	1958629
ENSG00000104728	8	1823330	1958644
ENSG00000176595	8	1973514	2006939
ENSG00000036448	8	2036917	2165554
ENSG00000183117	8	2935351	4994974
ENSG00000147316	8	6406590	6648510
ENSG00000091879	8	6499630	6563438
ENSG00000155189	8	6708332	6761606
ENSG00000275591	8	6805011	6835538
ENSG00000164825	8	6870590	6877945
ENSG00000164822	8	6924695	6926078
ENSG00000164821	8	6935818	6938315
ENSG00000206047	8	6977647	6980096
ENSG00000240247	8	6996764	6999208
ENSG00000239839	8	7015866	7018361
ENSG00000164816	8	7055249	7056742
ENSG00000230045	8	7256902	7259916
ENSG00000233132	8	7264524	7267538
ENSG00000223885	8	7279768	7282782
ENSG00000215373	8	7287390	7290404
ENSG00000233295	8	7295012	7298026
ENSG00000206034	8	7312720	7320098
ENSG00000230549	8	7332385	7333981
ENSG00000236125	8	7337113	7338709
ENSG00000215372	8	7355515	7385560
ENSG00000215371	8	7373112	7377502
ENSG00000177257	8	7414853	7416865
ENSG00000177243	8	7428886	7430350
ENSG00000164871	8	7442682	7463676
ENSG00000177023	8	7470306	7475084
ENSG00000187082	8	7482502	7486402
ENSG00000186599	8	7487677	7489595
ENSG00000198129	8	7495909	7509313
ENSG00000255251	8	7539625	7542452
ENSG00000285975	8	7556698	7559714
ENSG00000285687	8	7571993	7575008
ENSG00000285765	8	7579642	7582655
ENSG00000285814	8	7715441	7718455
ENSG00000285913	8	7723089	7726103
ENSG00000285620	8	7730737	7733751
ENSG00000285937	8	7738385	7741398
ENSG00000285720	8	7746032	7749046
ENSG00000285657	8	7751568	7756694
ENSG00000285607	8	7761328	7764342
ENSG00000285950	8	7766900	7772549
ENSG00000255378	8	7778589	7781415
ENSG00000186572	8	7811718	7815718
ENSG00000186562	8	7821002	7823882
ENSG00000186579	8	7825137	7829055
ENSG00000176782	8	7836434	7841244
ENSG00000178287	8	7847874	7868869
ENSG00000176797	8	7881390	7882665
ENSG00000171711	8	7894674	7896718
ENSG00000215356	8	7926335	7952415
ENSG00000237038	8	7971659	7973255
ENSG00000225327	8	7976391	7977987
ENSG00000205989	8	7990268	7997647
ENSG00000233115	8	8012340	8015354
ENSG00000215354	8	8019986	8023000
ENSG00000254229	8	8027634	8030648
ENSG00000275342	8	8317734	8387359
ENSG00000253958	8	8701930	8705629
ENSG00000147324	8	8783352	8893650
ENSG00000104626	8	9002145	9116748
ENSG00000173281	8	9136250	9151584
ENSG00000173273	8	9555904	9782348
ENSG00000175806	8	10054107	10449072
ENSG00000253649	8	10482876	10547626
ENSG00000184647	8	10525530	10554168
ENSG00000183638	8	10606347	10712189
ENSG00000171060	8	10672626	10700597
ENSG00000171056	8	10723568	10730692
ENSG00000258724	8	10725397	10839849
ENSG00000254093	8	10763574	10839906
ENSG00000171044	8	10895889	11201835
ENSG00000104643	8	11284448	11328148
ENSG00000177710	8	11331010	11332362
ENSG00000154319	8	11419200	11475910
ENSG00000136573	8	11486892	11564601
ENSG00000136574	8	11676783	11763225
ENSG00000154328	8	11769631	11787348
ENSG00000079459	8	11795563	11846087
ENSG00000164733	8	11842522	11911782
ENSG00000205884	8	11973935	11974601
ENSG00000205883	8	11982254	11984592
ENSG00000205882	8	11993172	12000754
ENSG00000233050	8	12064387	12071749
ENSG00000215343	8	12089336	12115518
ENSG00000226430	8	12132415	12134101
ENSG00000223443	8	12136433	12138851
ENSG00000254866	8	12150886	12158035
ENSG00000186523	8	12182094	12194170
ENSG00000232948	8	12310960	12318318
ENSG00000145002	8	12424406	12436410
ENSG00000154359	8	12721895	12756075
ENSG00000250305	8	12945640	13031505
ENSG00000164741	8	13083359	13604612
ENSG00000164743	8	13566867	13568290
ENSG00000185053	8	14084843	15238438
ENSG00000104723	8	15417213	15789605
ENSG00000038945	8	16107876	16567492
ENSG00000078579	8	16992164	17002354
ENSG00000155970	8	17026875	17125882
ENSG00000104219	8	17155972	17225788
ENSG00000198791	8	17224964	17247728
ENSG00000155975	8	17246894	17333476
ENSG00000003987	8	17294949	17413530
ENSG00000003989	8	17496973	17570575
ENSG00000104213	8	17576431	17644073
ENSG00000129422	8	17643301	17801547
ENSG00000104760	8	17841831	17910385
ENSG00000078674	8	17922744	18029998
ENSG00000104763	8	18055990	18085000
ENSG00000171428	8	18170397	18223748
ENSG00000156006	8	18391245	18401222
ENSG00000156011	8	18527301	19084732
ENSG00000104611	8	19313310	19406662
ENSG00000147408	8	19404154	19758032
ENSG00000104613	8	19817145	19857716
ENSG00000175445	8	19901715	19967655
ENSG00000036565	8	20144184	20183208
ENSG00000147416	8	20197321	20233402
ENSG00000061337	8	20246163	20303972
ENSG00000310650	8	20255053	20255281
ENSG00000168546	8	21690396	21812372
ENSG00000147443	8	21907459	21913962
ENSG00000130227	8	21919543	22006587
ENSG00000158806	8	22024079	22036899
ENSG00000158815	8	22042386	22048811
ENSG00000158856	8	22048993	22082529
ENSG00000158863	8	22089137	22104913
ENSG00000275074	8	22101006	22109446
ENSG00000168453	8	22114040	22133395
ENSG00000288677	8	22130456	22131012
ENSG00000168476	8	22138005	22141953
ENSG00000168481	8	22146822	22157086
ENSG00000168484	8	22156911	22164481
ENSG00000168487	8	22164897	22212328
ENSG00000168490	8	22219701	22232378
ENSG00000168495	8	22245076	22254603
ENSG00000197181	8	22275308	22358582
ENSG00000104635	8	22366725	22434131
ENSG00000120910	8	22440744	22544729
ENSG00000120896	8	22544984	22575790
ENSG00000120913	8	22578056	22598027
ENSG00000248235	8	22589272	22602086
ENSG00000241852	8	22599586	22604273
ENSG00000158941	8	22604627	22620966
ENSG00000147439	8	22610288	22669150
ENSG00000179388	8	22687657	22693482
ENSG00000134020	8	22710100	23000002
ENSG00000008853	8	22987220	23020725
ENSG00000120889	8	23020131	23069123
ENSG00000284956	8	23084401	23115538
ENSG00000173535	8	23102919	23122016
ENSG00000173530	8	23135586	23164032
ENSG00000104689	8	23183121	23225147
ENSG00000147457	8	23243628	23266158
ENSG00000104679	8	23270118	23296281
ENSG00000134013	8	23296895	23425330
ENSG00000197217	8	23385781	23457724
ENSG00000147454	8	23528857	23654352
ENSG00000167034	8	23678695	23682955
ENSG00000180053	8	23701738	23706758
ENSG00000159167	8	23841927	23854817
ENSG00000042980	8	24294011	24359016
ENSG00000134028	8	24384283	24406015
ENSG00000069206	8	24440928	24526972
ENSG00000104722	8	24913756	24919100
ENSG00000277586	8	24950953	24956723
ENSG00000147459	8	25184340	25418084
ENSG00000147437	8	25419256	25424656
ENSG00000104756	8	25427453	25458478
ENSG00000184661	8	25459197	25508493
ENSG00000221818	8	25841723	26045422
ENSG00000221914	8	26291505	26372694
ENSG00000104765	8	26383029	26505638
ENSG00000240694	8	26504684	26514094
ENSG00000092964	8	26514029	26658180
ENSG00000120907	8	26748121	26867382
ENSG00000015592	8	27230875	27258477
ENSG00000104228	8	27284882	27311291
ENSG00000120899	8	27311454	27459394
ENSG00000120903	8	27459754	27479885
ENSG00000120915	8	27490773	27578676
ENSG00000120885	8	27596915	27635087
ENSG00000168077	8	27633370	27698689
ENSG00000147419	8	27733314	27772657
ENSG00000171320	8	27771947	27812642
ENSG00000168078	8	27809530	27838084
ENSG00000168079	8	27869881	27992842
ENSG00000189233	8	28021274	28083944
ENSG00000134014	8	28089671	28191158
ENSG00000168081	8	28316978	28343375
ENSG00000186918	8	28345588	28402703
ENSG00000214050	8	28348285	28490317
ENSG00000104290	8	28493989	28574269
ENSG00000012232	8	28600467	28756563
ENSG00000104299	8	28760941	28890273
ENSG00000147421	8	28890290	29064766
ENSG00000197892	8	29067276	29263126
ENSG00000120875	8	29333062	29350730
ENSG00000133872	8	30062851	30083333
ENSG00000104660	8	30095399	30177210
ENSG00000177669	8	30118431	30144671
ENSG00000104671	8	30156317	30191447
ENSG00000157110	8	30383634	30572263
ENSG00000197265	8	30578316	30660848
ENSG00000253457	8	30638557	30647262
ENSG00000104687	8	30678059	30727979
ENSG00000104691	8	30729129	30767011
ENSG00000104695	8	30774094	30814316
ENSG00000133863	8	30831423	30913026
ENSG00000172733	8	30994700	31033717
ENSG00000165392	8	31033759	31176140
ENSG00000157168	8	31639220	32855668
ENSG00000286131	8	32647200	32647392
ENSG00000172728	8	33369344	33473212
ENSG00000129696	8	33473384	33513187
ENSG00000198042	8	33484694	33501284
ENSG00000133874	8	33547752	33567172
ENSG00000133878	8	33590663	33600178
ENSG00000156687	8	35235473	35796554
ENSG00000215262	8	36784322	36936127
ENSG00000183779	8	37695742	37700021
ENSG00000147475	8	37736585	37758424
ENSG00000147471	8	37762578	37782220
ENSG00000020181	8	37784189	37844898
ENSG00000104221	8	37843266	37849913
ENSG00000156675	8	37858616	37899515
ENSG00000169154	8	37934279	37940164
ENSG00000285880	8	37934338	37965955
ENSG00000188778	8	37962988	37966616
ENSG00000187840	8	38030492	38060382
ENSG00000129691	8	38105491	38144126
ENSG00000147465	8	38138569	38151104
ENSG00000175324	8	38161434	38176732
ENSG00000156735	8	38176531	38215429
ENSG00000085788	8	38225216	38283359
ENSG00000147535	8	38263093	38269521
ENSG00000147548	8	38269702	38383023
ENSG00000165046	8	38386202	38409529
ENSG00000077782	8	38400213	38468836
ENSG00000147526	8	38728155	38853030
ENSG00000169499	8	38901022	38973914
ENSG00000169495	8	38974142	38988665
ENSG00000169490	8	38988806	38996826
ENSG00000168615	8	38996752	39105449
ENSG00000197140	8	39106988	39284919
ENSG00000168619	8	39584487	39730067
ENSG00000104755	8	39743733	39838229
ENSG00000131203	8	39902273	39928890
ENSG00000188676	8	39934612	40016394
ENSG00000176907	8	40153480	40155312
ENSG00000165061	8	40530588	40897866
ENSG00000104332	8	41261954	41309513
ENSG00000147533	8	41488198	41511097
ENSG00000147536	8	41529209	41549907
ENSG00000158669	8	41577185	41625003
ENSG00000165066	8	41645175	41650819
ENSG00000029534	8	41653218	41896814
ENSG00000083168	8	41929477	42052000
ENSG00000070718	8	42152944	42171675
ENSG00000104368	8	42174716	42207711
ENSG00000104365	8	42271300	42332462
ENSG00000070501	8	42338452	42373515
ENSG00000104371	8	42373193	42384832
ENSG00000078668	8	42391622	42407495
ENSG00000168575	8	42416447	42542532
ENSG00000176209	8	42541130	42555197
ENSG00000147432	8	42697339	42738555
ENSG00000147434	8	42752618	42796394
ENSG00000131931	8	42836247	42843366
ENSG00000120925	8	42849635	42897311
ENSG00000168172	8	42896497	43030537
ENSG00000254673	8	43018422	43077336
ENSG00000168522	8	43034192	43085795
ENSG00000185900	8	43093496	43132735
ENSG00000165102	8	43140372	43202857
ENSG00000188877	8	43292481	43363520
ENSG00000164808	8	47260566	47737024
ENSG00000221869	8	47735632	47738166
ENSG00000253729	8	47772968	47960184
ENSG00000104738	8	47960183	47979183
ENSG00000169139	8	48008408	48067525
ENSG00000034239	8	48710787	48735313
ENSG00000019549	8	48917282	48921742
ENSG00000168333	8	49054309	49076095
ENSG00000147481	8	49909787	50796694
ENSG00000147485	8	51317300	51809464
ENSG00000168300	8	51785014	51900044
ENSG00000147488	8	52110413	52460985
ENSG00000196711	8	52534023	52565439
ENSG00000023287	8	52622456	52745845
ENSG00000288611	8	52915633	52943736
ENSG00000082556	8	53225722	53251742
ENSG00000047249	8	53715541	53843560
ENSG00000147509	8	53851793	53959305
ENSG00000187735	8	53966550	54022510
ENSG00000120992	8	54046365	54102037
ENSG00000137547	8	54135181	54149590
ENSG00000164736	8	54457926	54462316
ENSG00000104237	8	54509420	54871722
ENSG00000206579	8	55102026	55542056
ENSG00000167904	8	55696422	55773419
ENSG00000137574	8	55773063	55827249
ENSG00000254087	8	55879795	56014171
ENSG00000008988	8	56020032	56074577
ENSG00000172680	8	56112940	56113984
ENSG00000181690	8	56160907	56211359
ENSG00000170791	8	56211558	56218811
ENSG00000170786	8	56300003	56320778
ENSG00000181195	8	56436672	56448050
ENSG00000104331	8	56957929	56993895
ENSG00000169122	8	57993954	58204281
ENSG00000215114	8	58411346	58453629
ENSG00000167910	8	58490172	58500166
ENSG00000137575	8	58552922	58584382
ENSG00000035681	8	58582786	58659999
ENSG00000198846	8	58805410	59119312
ENSG00000178538	8	60185410	60281575
ENSG00000104388	8	60516888	60624282
ENSG00000171316	8	60678713	60868033
ENSG00000177182	8	61057156	61501647
ENSG00000198363	8	61491713	61714824
ENSG00000185942	8	62248589	63014008
ENSG00000137563	8	63014879	63039409
ENSG00000137561	8	63048137	63086199
ENSG00000185728	8	63168258	63212788
ENSG00000180828	8	64580363	64583629
ENSG00000172817	8	64586579	64799147
ENSG00000104442	8	65602452	65634219
ENSG00000066855	8	65643874	65800602
ENSG00000205268	8	65714332	65842575
ENSG00000147570	8	66021522	66102962
ENSG00000147573	8	66126870	66175752
ENSG00000147571	8	66175905	66178634
ENSG00000179041	8	66429012	66430735
ENSG00000285655	8	66430183	66445326
ENSG00000147576	8	66432457	66470471
ENSG00000285791	8	66432484	66518526
ENSG00000169085	8	66492324	66518526
ENSG00000185697	8	66562173	66614249
ENSG00000175073	8	66628485	66667265
ENSG00000288602	8	66667594	66860474
ENSG00000104205	8	66712482	66862024
ENSG00000178460	8	66870747	66922050
ENSG00000261787	8	66946489	66962628
ENSG00000178125	8	66964097	67056606
ENSG00000121022	8	67037577	67083785
ENSG00000104218	8	67062379	67196780
ENSG00000066777	8	67173509	67343963
ENSG00000165078	8	67421104	67746380
ENSG00000046889	8	67951773	68237034
ENSG00000165084	8	68330667	68819025
ENSG00000137573	8	69466616	69660937
ENSG00000137571	8	69667039	69835066
ENSG00000147596	8	70049061	70072864
ENSG00000140396	8	70109770	70456454
ENSG00000067167	8	70549163	70608583
ENSG00000147592	8	70619102	70669308
ENSG00000221947	8	70669329	70790373
ENSG00000104313	8	71197430	71592027
ENSG00000178860	8	71840937	71844503
ENSG00000104321	8	72019606	72090000
ENSG00000182674	8	72537218	72938351
ENSG00000147601	8	73008396	73048125
ENSG00000164764	8	73061424	73124090
ENSG00000274443	8	73241329	73259532
ENSG00000147604	8	73276476	73295791
ENSG00000121039	8	73294241	73325283
ENSG00000040341	8	73419989	73747710
ENSG00000258677	8	73688689	73878856
ENSG00000104343	8	73756074	73878915
ENSG00000154582	8	73930170	73972313
ENSG00000175606	8	73972435	73986516
ENSG00000154589	8	73991344	74032660
ENSG00000104369	8	74234698	74321609
ENSG00000104381	8	74320611	74518009
ENSG00000137558	8	74824476	74855031
ENSG00000121005	8	74984331	75034995
ENSG00000164749	8	75407912	75566842
ENSG00000091656	8	76681237	76867283
ENSG00000164751	8	76978796	77001046
ENSG00000171033	8	78516301	78605269
ENSG00000104427	8	78666048	78719767
ENSG00000104432	8	78675741	78805529
ENSG00000104435	8	79610917	79666177
ENSG00000164683	8	79762369	79767859
ENSG00000147586	8	79918399	80030378
ENSG00000276418	8	79918858	80080777
ENSG00000076554	8	80034743	80231234
ENSG00000205189	8	80485594	80526267
ENSG00000164684	8	80628449	80874783
ENSG00000076641	8	80967808	81112123
ENSG00000164687	8	81280265	81285733
ENSG00000147588	8	81440324	81447520
ENSG00000205186	8	81458251	81461581
ENSG00000170323	8	81474790	81483245
ENSG00000197416	8	81524972	81590141
ENSG00000133731	8	81656685	81686850
ENSG00000253598	8	81693629	81695060
ENSG00000104231	8	81701178	81732905
ENSG00000164695	8	81732446	81759517
ENSG00000104497	8	81799579	81842868
ENSG00000184672	8	84182785	84921846
ENSG00000133739	8	85107077	85146404
ENSG00000133740	8	85177105	85217160
ENSG00000176731	8	85213639	85220795
ENSG00000185015	8	85220585	85312093
ENSG00000133742	8	85327606	85379016
ENSG00000164879	8	85373434	85449047
ENSG00000104267	8	85463858	85481495
ENSG00000147614	8	85987321	86154230
ENSG00000147613	8	86047107	86088623
ENSG00000164893	8	86214061	86321148
ENSG00000123124	8	86342484	86478422
ENSG00000176623	8	86467053	86514359
ENSG00000085719	8	86514419	86561500
ENSG00000170289	8	86553975	86743677
ENSG00000176571	8	86866405	87615221
ENSG00000176566	8	87870745	87874017
ENSG00000156103	8	88032009	88328027
ENSG00000104312	8	89757731	89791849
ENSG00000164823	8	89901847	89927890
ENSG00000104320	8	89924513	90003230
ENSG00000104325	8	90001328	90072416
ENSG00000104327	8	90058606	90095477
ENSG00000180694	8	90621993	90791634
ENSG00000123119	8	90791113	90959395
ENSG00000253250	8	90958082	90985582
ENSG00000155099	8	90987559	91041009
ENSG00000155100	8	91070194	91087097
ENSG00000214954	8	91101830	91219259
ENSG00000147606	8	91209492	91398157
ENSG00000079102	8	91954970	92103416
ENSG00000205133	8	92883528	93017788
ENSG00000188343	8	93698559	93732884
ENSG00000183808	8	93728153	93741100
ENSG00000164953	8	93754838	93819236
ENSG00000164951	8	93857786	93926070
ENSG00000079112	8	94124379	94217305
ENSG00000164949	8	94249247	94262463
ENSG00000197275	8	94371958	94475136
ENSG00000265817	8	94378375	94436954
ENSG00000164944	8	94487687	94553531
ENSG00000104413	8	94640487	94707468
ENSG00000156162	8	94719675	94793838
ENSG00000164941	8	94813309	94881748
ENSG00000175305	8	94874345	94896682
ENSG00000156170	8	94895531	95116457
ENSG00000164938	8	94925970	94949402
ENSG00000175895	8	95115640	95156700
ENSG00000156172	8	95243174	95269432
ENSG00000156466	8	96142331	96160815
ENSG00000156467	8	96222945	96235623
ENSG00000156469	8	96238160	96261628
ENSG00000156471	8	96261883	96386080
ENSG00000169439	8	96493408	96613467
ENSG00000104324	8	96644980	97152038
ENSG00000180543	8	97273486	97277930
ENSG00000147649	8	97643610	97730262
ENSG00000104341	8	97775055	97854227
ENSG00000132561	8	97868838	98037358
ENSG00000156482	8	98016385	98046471
ENSG00000177459	8	98064269	98095514
ENSG00000132541	8	98085177	98117208
ENSG00000104356	8	98117284	98160179
ENSG00000104361	8	98189824	98294608
ENSG00000104375	8	98371226	98942829
ENSG00000156486	8	98426868	98433659
ENSG00000164920	8	98940114	98952338
ENSG00000132549	8	99013252	99877582
ENSG00000164919	8	99870613	99893764
ENSG00000132554	8	99960934	100131270
ENSG00000156509	8	100133349	100145828
ENSG00000147669	8	100150608	100154007
ENSG00000104450	8	100157851	100259280
ENSG00000034677	8	100234200	100336220
ENSG00000186106	8	100509750	100559791
ENSG00000174226	8	100572880	100663417
ENSG00000070756	8	100685814	100722811
ENSG00000164924	8	100914524	100953399
ENSG00000120963	8	101171212	101207087
ENSG00000083307	8	101492419	101669729
ENSG00000104490	8	101686540	102124909
ENSG00000048392	8	102204500	102239384
ENSG00000104517	8	102250603	102412885
ENSG00000155087	8	102551587	102561020
ENSG00000155090	8	102648779	102655731
ENSG00000155096	8	102823963	102893866
ENSG00000289653	8	102858044	102863862
ENSG00000155097	8	103021048	103073685
ENSG00000164929	8	103140368	103248403
ENSG00000164930	8	103298431	103332868
ENSG00000164932	8	103371495	103383817
ENSG00000164933	8	103398633	103415191
ENSG00000285982	8	103398656	103501897
ENSG00000164934	8	103414649	103443847
ENSG00000176406	8	103499636	104254700
ENSG00000147647	8	104327413	104467113
ENSG00000164935	8	104339085	104356691
ENSG00000147650	8	104487483	104589294
ENSG00000169946	8	104590731	105805815
ENSG00000164830	8	106270110	106752713
ENSG00000174429	8	106759004	106770253
ENSG00000154188	8	107249480	107498057
ENSG00000147655	8	107899314	108083793
ENSG00000104408	8	108162785	108443498
ENSG00000104412	8	108443599	108551895
ENSG00000164841	8	108606848	108787626
ENSG00000174417	8	109086583	109121567
ENSG00000120526	8	109138681	109334495
ENSG00000120533	8	109333553	109345956
ENSG00000205038	8	109362427	109537209
ENSG00000147654	8	109539619	109570074
ENSG00000289767	8	109539724	109539802
ENSG00000147642	8	109573976	109691801
ENSG00000164794	8	109963610	109975783
ENSG00000164796	8	112222926	113436941
ENSG00000104447	8	115408494	115809675
ENSG00000147677	8	116642128	116766927
ENSG00000147679	8	116766490	116850587
ENSG00000164754	8	116845932	116874926
ENSG00000205002	8	116938182	116948739
ENSG00000164756	8	116950271	117176716
ENSG00000164758	8	117520697	117540471
ENSG00000182197	8	117794488	118111901
ENSG00000177570	8	118189453	118622114
ENSG00000164761	8	118923555	118952253
ENSG00000184374	8	118995450	119113621
ENSG00000147676	8	119165032	119249905
ENSG00000136999	8	119416366	119424455
ENSG00000136960	8	119557076	119673682
ENSG00000064313	8	119730770	119832865
ENSG00000136982	8	119833942	119856024
ENSG00000155792	8	119873668	120051579
ENSG00000187955	8	120059778	120373575
ENSG00000172172	8	120380750	120445409
ENSG00000172167	8	120445388	120542135
ENSG00000172164	8	120535003	120813275
ENSG00000170961	8	121612114	121641551
ENSG00000178764	8	122781296	122974523
ENSG00000136986	8	123013168	123042408
ENSG00000156787	8	123041966	123152259
ENSG00000147689	8	123178958	123210081
ENSG00000189376	8	123218272	123241414
ENSG00000259305	8	123226187	123274286
ENSG00000165156	8	123246667	123275543
ENSG00000156802	8	123319848	123416352
ENSG00000156795	8	123416718	123470030
ENSG00000156804	8	123497887	123541275
ENSG00000175946	8	123643037	123653810
ENSG00000104537	8	123680792	123737444
ENSG00000176853	8	123768431	123815454
ENSG00000214814	8	123851985	124122190
ENSG00000164983	8	124305118	124372713
ENSG00000183665	8	124450818	124462152
ENSG00000170881	8	124474697	124488620
ENSG00000147687	8	124488483	124539460
ENSG00000147684	8	124539096	124580650
ENSG00000170873	8	124550770	124728950
ENSG00000180938	8	124973263	124992212
ENSG00000104549	8	124998465	125022296
ENSG00000164961	8	125024258	125091821
ENSG00000156831	8	125091671	125368072
ENSG00000173334	8	125430150	125438959
ENSG00000168672	8	126552437	126558486
ENSG00000212993	8	127322181	127420068
ENSG00000136997	8	127735432	127742953
ENSG00000147697	8	129748194	129786626
ENSG00000153310	8	129839591	130017506
ENSG00000153317	8	130052102	130444084
ENSG00000155897	8	130780298	131041589
ENSG00000132294	8	131904070	132013644
ENSG00000253117	8	132024214	132059387
ENSG00000258417	8	132024236	132085657
ENSG00000132297	8	132061139	132111161
ENSG00000184156	8	132120859	132481097
ENSG00000129295	8	132570131	132675624
ENSG00000165071	8	132685005	132760714
ENSG00000129292	8	132775309	132850005
ENSG00000042832	8	132866951	133134905
ENSG00000155926	8	133035383	133129218
ENSG00000104415	8	133190864	133231692
ENSG00000104419	8	133237169	133302024
ENSG00000008513	8	133454846	133572520
ENSG00000066827	8	134477249	134713177
ENSG00000131773	8	135456968	135656724
ENSG00000147724	8	138130021	138497269
ENSG00000169436	8	138588233	138914074
ENSG00000169427	8	139600836	139704148
ENSG00000167632	8	139726937	140458581
ENSG00000104472	8	140511286	140517156
ENSG00000123908	8	140520154	140635697
ENSG00000169398	8	140657898	141002218
ENSG00000105339	8	141117276	141195810
ENSG00000022567	8	141207164	141308387
ENSG00000204882	8	141356468	141367293
ENSG00000184489	8	141391495	141432458
ENSG00000226807	8	141433827	141507232
ENSG00000226490	8	141514636	141518739
ENSG00000171045	8	142212075	142403272
ENSG00000181790	8	142449428	142545011
ENSG00000198576	8	142611047	142614481
ENSG00000234616	8	142657458	142681970
ENSG00000167653	8	142670306	142682727
ENSG00000160886	8	142699986	142705192
ENSG00000130193	8	142727174	142736940
ENSG00000126233	8	142740939	142742416
ENSG00000197353	8	142750148	142753008
ENSG00000283992	8	142764332	142769830
ENSG00000284505	8	142764332	142778226
ENSG00000180155	8	142771195	142777891
ENSG00000167656	8	142784879	142786548
ENSG00000104499	8	142834169	142916508
ENSG00000160882	8	142871303	142880002
ENSG00000179142	8	142910422	142917945
ENSG00000160932	8	143012720	143023837
ENSG00000291309	8	143040837	143048359
ENSG00000261667	8	143080297	143083488
ENSG00000176956	8	143157912	143160713
ENSG00000277494	8	143213017	143217174
ENSG00000181638	8	143245994	143262707
ENSG00000264668	8	143247108	143276405
ENSG00000250571	8	143263191	143276939
ENSG00000185730	8	143289674	143299954
ENSG00000184428	8	143301451	143359981
ENSG00000158106	8	143368808	143384223
ENSG00000182759	8	143419180	143430734
ENSG00000014164	8	143437653	143541580
ENSG00000104518	8	143553205	143563064
ENSG00000204839	8	143566186	143573112
ENSG00000147813	8	143574780	143578651
ENSG00000104529	8	143579695	143599543
ENSG00000179886	8	143597829	143603226
ENSG00000104524	8	143603208	143609775
ENSG00000104522	8	143612615	143618050
ENSG00000183309	8	143635516	143656420
ENSG00000181135	8	143684450	143713900
ENSG00000255181	8	143706692	143708111
ENSG00000181085	8	143716277	143722460
ENSG00000180921	8	143723931	143740734
ENSG00000203499	8	143733508	143790647
ENSG00000180900	8	143790918	143815794
ENSG00000179950	8	143816342	143830711
ENSG00000185189	8	143833581	143841111
ENSG00000261150	8	143857322	143878470
ENSG00000178209	8	143915150	143977041
ENSG00000178685	8	143977149	144019932
ENSG00000178719	8	143990046	143994937
ENSG00000186583	8	144012273	144047116
ENSG00000178814	8	144051263	144064093
ENSG00000178896	8	144078558	144081410
ENSG00000290230	8	144078640	144084332
ENSG00000197858	8	144082335	144093151
ENSG00000179091	8	144095037	144097527
ENSG00000179526	8	144097511	144108126
ENSG00000179632	8	144103110	144107620
ENSG00000179698	8	144107724	144118330
ENSG00000235173	8	144137772	144140853
ENSG00000179832	8	144147973	144262472
ENSG00000261236	8	144262043	144291455
ENSG00000260428	8	144266444	144268483
ENSG00000185122	8	144291519	144314731
ENSG00000185000	8	144314582	144326918
ENSG00000261678	8	144330563	144336505
ENSG00000185803	8	144333955	144361449
ENSG00000261587	8	144352217	144354956
ENSG00000271698	8	144353226	144355611
ENSG00000182325	8	144355425	144359378
ENSG00000173137	8	144373099	144393245
ENSG00000071894	8	144393227	144409866
ENSG00000147804	8	144409740	144416896
ENSG00000160948	8	144423595	144429501
ENSG00000160949	8	144428761	144444490
ENSG00000187954	8	144447343	144462910
ENSG00000291316	8	144449580	144465432
ENSG00000291317	8	144463815	144466892
ENSG00000167702	8	144465938	144474204
ENSG00000160973	8	144473410	144475875
ENSG00000160972	8	144475987	144502128
ENSG00000167701	8	144502606	144507496
ENSG00000167700	8	144508261	144511319
ENSG00000160957	8	144511282	144517892
ENSG00000160959	8	144517955	144526246
ENSG00000254402	8	144522383	144527610
ENSG00000213563	8	144525731	144529134
ENSG00000147799	8	144529177	144685881
ENSG00000198169	8	144720513	144756419
ENSG00000196378	8	144770439	144788686
ENSG00000161016	8	144789763	144793504
ENSG00000197363	8	144798861	144813036
ENSG00000147789	8	144826892	144848548
ENSG00000170619	8	144837758	144854231
ENSG00000196150	8	144876495	144902219
ENSG00000170631	8	144929353	144950890
ENSG00000182307	8	145052404	145066687
ENSG00000181404	9	14467	73867
ENSG00000170122	9	116229	118419
ENSG00000172785	9	119286	179149
ENSG00000107099	9	214674	465532
ENSG00000107104	9	470287	746107
ENSG00000137090	9	841688	969092
ENSG00000064218	9	976371	991748
ENSG00000173253	9	1048998	1059535
ENSG00000080503	9	1980288	2193626
ENSG00000147852	9	2621180	2660058
ENSG00000080608	9	2715907	2844132
ENSG00000168263	9	2717508	2730039
ENSG00000080298	9	3218295	3526921
ENSG00000107249	9	3824125	4348394
ENSG00000106688	9	4490205	4587471
ENSG00000106686	9	4553384	4666676
ENSG00000205808	9	4662292	4665260
ENSG00000106993	9	4679554	4708401
ENSG00000147853	9	4709393	4742045
ENSG00000120158	9	4792879	4928574
ENSG00000096968	9	4984388	5129952
ENSG00000120210	9	4991976	5185670
ENSG00000120211	9	5231406	5235306
ENSG00000107014	9	5298696	5304718
ENSG00000107018	9	5334928	5339878
ENSG00000107020	9	5357959	5439254
ENSG00000120217	9	5450501	5470568
ENSG00000197646	9	5485743	5571284
ENSG00000107036	9	5628736	5778257
ENSG00000099219	9	5749830	5879539
ENSG00000183354	9	5881594	6008497
ENSG00000120215	9	5890871	5910608
ENSG00000137040	9	6011023	6015641
ENSG00000137033	9	6215134	6281598
ENSG00000170777	9	6328373	6331893
ENSG00000147854	9	6413149	6507058
ENSG00000178445	9	6532462	6645736
ENSG00000107077	9	6720861	7175650
ENSG00000137038	9	7796487	7888382
ENSG00000153707	9	8314244	10613004
ENSG00000107165	9	12333993	12710599
ENSG00000153714	9	12775003	12823062
ENSG00000107186	9	13100469	13279792
ENSG00000147862	9	14081841	14398985
ENSG00000175893	9	14586764	14694200
ENSG00000147869	9	14717325	14722742
ENSG00000164946	9	14734669	14910997
ENSG00000155158	9	15163620	15307362
ENSG00000164975	9	15422659	15465955
ENSG00000164985	9	15461996	15511204
ENSG00000164989	9	15552505	16061665
ENSG00000173068	9	16409501	16871944
ENSG00000044459	9	17134954	17503925
ENSG00000107295	9	17579058	17797131
ENSG00000178031	9	17906561	18910952
ENSG00000155875	9	18858904	19049360
ENSG00000155876	9	19049425	19051027
ENSG00000147874	9	19053139	19103122
ENSG00000147872	9	19108373	19149371
ENSG00000137154	9	19200285	19380301
ENSG00000137145	9	19230433	19374989
ENSG00000177076	9	19408942	19452507
ENSG00000155886	9	19507450	19789226
ENSG00000171843	9	20341667	20622528
ENSG00000188352	9	20658303	20999331
ENSG00000188921	9	20993512	21031654
ENSG00000171855	9	21077102	21077944
ENSG00000177047	9	21140630	21141834
ENSG00000137080	9	21165635	21166662
ENSG00000236637	9	21186616	21187589
ENSG00000214042	9	21201467	21202207
ENSG00000186803	9	21206179	21207145
ENSG00000147885	9	21216371	21217313
ENSG00000234829	9	21227241	21228224
ENSG00000228083	9	21239000	21240007
ENSG00000147873	9	21304324	21305315
ENSG00000198642	9	21320022	21335406
ENSG00000120235	9	21350251	21350958
ENSG00000233816	9	21367370	21368059
ENSG00000188379	9	21384253	21385400
ENSG00000120242	9	21409115	21410187
ENSG00000197919	9	21440437	21441318
ENSG00000184995	9	21480837	21482315
ENSG00000099810	9	21802612	21937653
ENSG00000147889	9	21966922	21995303
ENSG00000147883	9	22002898	22009327
ENSG00000176399	9	22446775	22468201
ENSG00000107105	9	23690097	23826354
ENSG00000205442	9	24542950	24545948
ENSG00000198680	9	25676967	25678446
ENSG00000120159	9	26837783	26892826
ENSG00000137055	9	26903357	26947497
ENSG00000096872	9	26947037	27066200
ENSG00000184434	9	26993134	27005711
ENSG00000120156	9	27109028	27232094
ENSG00000120160	9	27284652	27297152
ENSG00000120162	9	27325207	27529831
ENSG00000147896	9	27524288	27526500
ENSG00000147894	9	27535638	27573897
ENSG00000174482	9	27937615	29213915
ENSG00000122729	9	32384590	32485292
ENSG00000107201	9	32455300	32526350
ENSG00000288684	9	32455321	32552605
ENSG00000197579	9	32540542	32552613
ENSG00000235453	9	32551142	32568623
ENSG00000165264	9	32552901	32573191
ENSG00000122728	9	32629452	32635671
ENSG00000188133	9	32783533	32789203
ENSG00000137074	9	32886599	33025178
ENSG00000086061	9	33025201	33041860
ENSG00000122692	9	33041763	33081413
ENSG00000086062	9	33100491	33167401
ENSG00000122711	9	33218363	33248569
ENSG00000107262	9	33247818	33264722
ENSG00000086065	9	33264015	33282073
ENSG00000086102	9	33290426	33372469
ENSG00000165269	9	33383131	33437238
ENSG00000165272	9	33441154	33447598
ENSG00000165271	9	33461351	33473932
ENSG00000230453	9	33523520	33608850
ENSG00000010438	9	33750677	33799233
ENSG00000107341	9	33817158	33920403
ENSG00000137073	9	33921689	34049422
ENSG00000198876	9	34086382	34127401
ENSG00000165006	9	34179003	34252525
ENSG00000186638	9	34248325	34329284
ENSG00000164978	9	34329494	34343715
ENSG00000164976	9	34366621	34377152
ENSG00000164972	9	34379017	34397830
ENSG00000164970	9	34398182	34458593
ENSG00000122735	9	34457412	34520990
ENSG00000168913	9	34521041	34523176
ENSG00000122756	9	34551421	34593480
ENSG00000164967	9	34610484	34612607
ENSG00000137100	9	34613543	34620531
ENSG00000205143	9	34621047	34630505
ENSG00000147955	9	34631714	34637846
ENSG00000213930	9	34637365	34651756
ENSG00000258728	9	34646629	34661888
ENSG00000137070	9	34651580	34661904
ENSG00000213927	9	34661878	34664050
ENSG00000187186	9	34664161	34666124
ENSG00000172724	9	34689560	34691357
ENSG00000137077	9	34709003	34710169
ENSG00000205108	9	34719194	34729540
ENSG00000187791	9	34889060	34895799
ENSG00000122733	9	34957606	34982546
ENSG00000137094	9	34989639	34999405
ENSG00000174038	9	35041093	35045988
ENSG00000165280	9	35053926	35072727
ENSG00000288699	9	35065337	35074177
ENSG00000221829	9	35073791	35082446
ENSG00000165282	9	35085490	35096634
ENSG00000165283	9	35099467	35103197
ENSG00000005238	9	35104110	35116359
ENSG00000198722	9	35161827	35405341
ENSG00000198853	9	35489668	35562268
ENSG00000215187	9	35561829	35563916
ENSG00000107140	9	35605233	35610330
ENSG00000137101	9	35609963	35646812
ENSG00000137078	9	35649286	35650972
ENSG00000159884	9	35658275	35661526
ENSG00000137135	9	35658872	35675868
ENSG00000107159	9	35673896	35681161
ENSG00000198467	9	35681990	35691118
ENSG00000137076	9	35696923	35732214
ENSG00000107175	9	35732294	35738889
ENSG00000070610	9	35734575	35749988
ENSG00000107185	9	35748611	35759602
ENSG00000215183	9	35752988	35756615
ENSG00000159899	9	35791001	35809734
ENSG00000137098	9	35808043	35812274
ENSG00000137133	9	35812958	35815356
ENSG00000285645	9	35812958	35828734
ENSG00000137103	9	35814449	35865520
ENSG00000204930	9	35816389	35828749
ENSG00000168828	9	35869461	35870403
ENSG00000196196	9	35906200	35907138
ENSG00000235387	9	35909486	35937155
ENSG00000278889	9	35957106	35958156
ENSG00000243641	9	36002907	36003869
ENSG00000122707	9	36036894	36124459
ENSG00000122694	9	36136415	36163915
ENSG00000185972	9	36165749	36172386
ENSG00000122705	9	36190854	36304783
ENSG00000159921	9	36214439	36277044
ENSG00000137075	9	36336394	36487550
ENSG00000165304	9	36572072	36682133
ENSG00000196092	9	36833267	37034270
ENSG00000147905	9	37118629	37383820
ENSG00000137106	9	37422658	37463039
ENSG00000168795	9	37437685	37468852
ENSG00000137054	9	37481693	37503703
ENSG00000147912	9	37510890	37576394
ENSG00000256966	9	37512545	37592471
ENSG00000175768	9	37582644	37592621
ENSG00000255872	9	37588411	38068689
ENSG00000070601	9	37650860	37746906
ENSG00000165275	9	37753766	37780791
ENSG00000107371	9	37759232	37832119
ENSG00000122741	9	37800552	37880309
ENSG00000122696	9	37879398	37904389
ENSG00000107338	9	37915347	38069272
ENSG00000137124	9	38392621	38398663
ENSG00000137142	9	38406526	38424463
ENSG00000180071	9	38540565	38622530
ENSG00000283329	9	38694264	38720135
ENSG00000106714	9	39064708	39288613
ENSG00000204849	9	39355667	39361964
ENSG00000273514	9	41126433	41128683
ENSG00000215126	9	41131285	41199263
ENSG00000154529	9	41890312	42129554
ENSG00000185775	9	42183657	42189889
ENSG00000276581	9	60914405	60920655
ENSG00000276040	9	61190034	61196282
ENSG00000283378	9	61330715	61453032
ENSG00000204779	9	65282099	65285211
ENSG00000147996	9	65668803	65735825
ENSG00000184659	9	65737144	65738398
ENSG00000274349	9	66856424	66932143
ENSG00000275969	9	66986302	66992552
ENSG00000260691	9	67832763	67920554
ENSG00000196873	9	68232001	68300038
ENSG00000187559	9	68302865	68305086
ENSG00000154330	9	68328306	68535011
ENSG00000181778	9	68534938	68540886
ENSG00000107242	9	68705183	69009193
ENSG00000187866	9	68780063	68785568
ENSG00000165059	9	69012502	69014115
ENSG00000165060	9	69035728	69079078
ENSG00000285130	9	69035745	69255189
ENSG00000119139	9	69121262	69274643
ENSG00000135063	9	69324565	69392622
ENSG00000107282	9	69427530	69672394
ENSG00000188647	9	69709520	69760067
ENSG00000204711	9	69820782	69911157
ENSG00000165072	9	70043514	70226989
ENSG00000198887	9	70258268	70354876
ENSG00000119138	9	70384584	70414659
ENSG00000083067	9	70529058	71446979
ENSG00000135048	9	71681393	71816692
ENSG00000107362	9	71859898	71911242
ENSG00000155621	9	71911446	71986875
ENSG00000204669	9	72051374	72072723
ENSG00000119125	9	72114593	72257195
ENSG00000107372	9	72350311	72365787
ENSG00000165091	9	72521606	72838299
ENSG00000165092	9	72887943	73080455
ENSG00000135046	9	73148872	73170693
ENSG00000198963	9	74497327	74693179
ENSG00000119121	9	74722493	74888096
ENSG00000135045	9	74945945	74952923
ENSG00000156017	9	74980788	75028482
ENSG00000106733	9	75060568	75088833
ENSG00000134996	9	75088419	75149991
ENSG00000099139	9	75890637	76362977
ENSG00000135002	9	76385515	76394538
ENSG00000187210	9	76419848	76651205
ENSG00000106772	9	76611374	76906593
ENSG00000204612	9	77018704	77022374
ENSG00000197969	9	77177401	77421539
ENSG00000156049	9	77423077	77649212
ENSG00000156052	9	77716095	78032502
ENSG00000148019	9	78236035	78279692
ENSG00000135069	9	78297092	78356026
ENSG00000106829	9	79571771	79726884
ENSG00000196781	9	81582311	81689683
ENSG00000189357	9	81928426	81935000
ENSG00000186788	9	81943498	81950095
ENSG00000214929	9	81988770	81995255
ENSG00000165105	9	82979588	83063257
ENSG00000172159	9	83242988	83538739
ENSG00000148057	9	83623047	83644140
ENSG00000135018	9	83657384	83708234
ENSG00000165113	9	83737879	83829518
ENSG00000165115	9	83833758	83921560
ENSG00000165118	9	83936358	83956988
ENSG00000165119	9	83966672	83981588
ENSG00000178966	9	83980353	84004080
ENSG00000197506	9	84275455	84340760
ENSG00000148053	9	84668373	85096071
ENSG00000135049	9	85546534	85742146
ENSG00000135040	9	85941000	86028518
ENSG00000135052	9	86014135	86100288
ENSG00000187753	9	86220263	86259659
ENSG00000135070	9	86234715	86283104
ENSG00000083223	9	86287723	86354812
ENSG00000180447	9	86944360	86947508
ENSG00000196730	9	87497201	87709075
ENSG00000135047	9	87724049	87731471
ENSG00000177992	9	87882875	87888905
ENSG00000230246	9	87914486	87923659
ENSG00000283205	9	87956212	87956885
ENSG00000156345	9	87964903	87974818
ENSG00000177910	9	88129303	88138477
ENSG00000106723	9	88387432	88480351
ENSG00000130045	9	88534031	88584512
ENSG00000213694	9	88990861	89005330
ENSG00000148082	9	89005769	89180072
ENSG00000123975	9	89311153	89316717
ENSG00000187742	9	89318458	89367118
ENSG00000187764	9	89360779	89498203
ENSG00000130222	9	89604937	89609777
ENSG00000165023	9	90609830	90642903
ENSG00000165025	9	90801577	90898551
ENSG00000148090	9	91213803	91361974
ENSG00000165030	9	91408369	91483595
ENSG00000169071	9	91563089	91950280
ENSG00000090054	9	92000085	92115493
ENSG00000196305	9	92210197	92293856
ENSG00000198000	9	92297356	92325638
ENSG00000188312	9	92325623	92620531
ENSG00000106809	9	92383266	92406736
ENSG00000127083	9	92412032	92424483
ENSG00000106819	9	92456191	92492210
ENSG00000106823	9	92493552	92536738
ENSG00000127080	9	92612982	92670280
ENSG00000185963	9	92711361	92764868
ENSG00000127081	9	92843169	92878052
ENSG00000127084	9	92947408	93036240
ENSG00000157303	9	93058682	93085143
ENSG00000165233	9	93096151	93113286
ENSG00000131669	9	93121493	93134614
ENSG00000165238	9	93184120	93320574
ENSG00000188938	9	93431439	93453602
ENSG00000048828	9	93451646	93566401
ENSG00000197724	9	93576364	93679601
ENSG00000131668	9	93951625	93955409
ENSG00000158079	9	94030792	94109858
ENSG00000175787	9	94259278	94324662
ENSG00000130950	9	94318196	94328646
ENSG00000148110	9	94374401	94461044
ENSG00000130957	9	94558718	94593862
ENSG00000165140	9	94601141	94640325
ENSG00000148120	9	94726602	95151795
ENSG00000158169	9	95099052	95426798
ENSG00000185920	9	95442978	95517059
ENSG00000182150	9	95871262	96121156
ENSG00000130948	9	96235304	96302221
ENSG00000285269	9	96235329	96352060
ENSG00000130958	9	96312090	96383847
ENSG00000165244	9	96385836	96418472
ENSG00000130956	9	96450096	96491338
ENSG00000081377	9	96490239	96619871
ENSG00000158122	9	96639575	96655339
ENSG00000081386	9	96754551	96778131
ENSG00000196597	9	96781391	96875625
ENSG00000188152	9	96928308	96940255
ENSG00000136943	9	97025071	97156558
ENSG00000197816	9	97307302	97378753
ENSG00000196116	9	97411972	97496127
ENSG00000136842	9	97501178	97606819
ENSG00000136925	9	97600078	97633578
ENSG00000136937	9	97633400	97676994
ENSG00000136936	9	97653137	97697410
ENSG00000178919	9	97853224	97856719
ENSG00000136932	9	97894510	97922572
ENSG00000136929	9	97926789	97944858
ENSG00000136938	9	97983124	98017081
ENSG00000106785	9	98035240	98119406
ENSG00000095380	9	98056635	98084396
ENSG00000106789	9	98120973	98193208
ENSG00000095383	9	98198997	98256429
ENSG00000136928	9	98288085	98709741
ENSG00000165138	9	98729896	98796967
ENSG00000119514	9	98807611	98851269
ENSG00000204291	9	98942678	99071119
ENSG00000106799	9	99104036	99154397
ENSG00000119523	9	99216423	99221994
ENSG00000106803	9	99222062	99230698
ENSG00000119508	9	99821845	99866893
ENSG00000136874	9	99906652	99974536
ENSG00000023318	9	99978909	100099054
ENSG00000119509	9	100098376	100307197
ENSG00000136891	9	100301778	100352959
ENSG00000066697	9	100426691	100471526
ENSG00000251349	9	100442269	100577638
ENSG00000241697	9	100473082	100577638
ENSG00000170681	9	100578031	100590019
ENSG00000148123	9	101028687	101325339
ENSG00000136881	9	101351984	101385402
ENSG00000136897	9	101386114	101398667
ENSG00000136870	9	101398840	101414178
ENSG00000136872	9	101420558	101449666
ENSG00000165152	9	101470913	101533539
ENSG00000155827	9	101533819	101563350
ENSG00000198785	9	101569350	101738656
ENSG00000188386	9	101591602	101595023
ENSG00000155833	9	102995309	103018490
ENSG00000136824	9	104093693	104144490
ENSG00000186881	9	104504261	104505224
ENSG00000148136	9	104526251	104527211
ENSG00000204246	9	104535747	104536858
ENSG00000186943	9	104569166	104570132
ENSG00000277556	9	104598455	104599415
ENSG00000276119	9	104604669	104605629
ENSG00000136839	9	104617246	104618206
ENSG00000179055	9	104694516	104695464
ENSG00000136783	9	104747662	104760371
ENSG00000165028	9	104763725	104777766
ENSG00000165029	9	104781004	104928250
ENSG00000070214	9	105244517	105439875
ENSG00000106701	9	105447794	105552435
ENSG00000106692	9	105558120	105653822
ENSG00000186051	9	105656227	105665422
ENSG00000095209	9	105694338	105776631
ENSG00000148143	9	106862284	107013636
ENSG00000119318	9	107283135	107332194
ENSG00000136826	9	107484452	107490484
ENSG00000148156	9	108854586	108855988
ENSG00000187003	9	108862264	108863758
ENSG00000070061	9	108866896	108934416
ENSG00000119328	9	108934128	108950943
ENSG00000119326	9	108942567	109013647
ENSG00000106771	9	109015133	109119977
ENSG00000260230	9	109130291	109167251
ENSG00000095203	9	109171461	109321070
ENSG00000070159	9	109375462	109498345
ENSG00000157654	9	109498323	110172514
ENSG00000188959	9	110190046	110208180
ENSG00000136810	9	110243808	110256638
ENSG00000204193	9	110303474	110337893
ENSG00000165124	9	110365246	110580172
ENSG00000030304	9	110668654	110806560
ENSG00000198121	9	110871771	111038865
ENSG00000171133	9	111327227	111330226
ENSG00000136813	9	111359000	111484747
ENSG00000173258	9	111525052	111578140
ENSG00000106853	9	111546627	111599899
ENSG00000059769	9	111631315	111654354
ENSG00000244115	9	111631384	111670231
ENSG00000242616	9	111661338	111800689
ENSG00000165181	9	111686169	111795010
ENSG00000148154	9	111896770	111935386
ENSG00000106868	9	112040775	112175537
ENSG00000119314	9	112215069	112333697
ENSG00000119471	9	112380017	112485186
ENSG00000165185	9	112486825	112669399
ENSG00000148153	9	112683924	112718151
ENSG00000148158	9	112750722	112881673
ENSG00000119457	9	112878918	112890921
ENSG00000228623	9	112988127	113012244
ENSG00000136866	9	113038375	113056804
ENSG00000136867	9	113150949	113164142
ENSG00000119321	9	113161004	113221460
ENSG00000136868	9	113221189	113266937
ENSG00000176386	9	113223009	113275604
ENSG00000136875	9	113275635	113295344
ENSG00000165188	9	113297091	113303378
ENSG00000148225	9	113313220	113340339
ENSG00000119411	9	113349513	113371235
ENSG00000119431	9	113373213	113377475
ENSG00000148218	9	113386302	113401358
ENSG00000148229	9	113407230	113410725
ENSG00000157653	9	113410052	113429692
ENSG00000138835	9	113444729	113597745
ENSG00000157657	9	113876050	114056595
ENSG00000106927	9	114060125	114080972
ENSG00000136883	9	114086124	114099372
ENSG00000196739	9	114155484	114312513
ENSG00000229314	9	114322949	114326972
ENSG00000228278	9	114329775	114333743
ENSG00000106948	9	114334154	114394407
ENSG00000095397	9	114402076	114505532
ENSG00000136888	9	114587570	114598917
ENSG00000157693	9	114611204	114646424
ENSG00000230054	9	114656300	114662376
ENSG00000230601	9	114666432	114682194
ENSG00000181634	9	114784650	114806096
ENSG00000106952	9	114893341	114930598
ENSG00000041982	9	115019573	115118259
ENSG00000182752	9	116153558	116402323
ENSG00000148219	9	116423110	117415190
ENSG00000119401	9	116687296	116702495
ENSG00000285082	9	117704155	118083693
ENSG00000136869	9	117704168	117724737
ENSG00000078725	9	119153456	119369517
ENSG00000136861	9	120388873	120580180
ENSG00000106780	9	120600669	120714475
ENSG00000119402	9	120751976	120793440
ENSG00000214654	9	120792401	120801789
ENSG00000095261	9	120815494	120843390
ENSG00000119403	9	120854420	120894905
ENSG00000056558	9	120902391	120931877
ENSG00000106804	9	120932985	121075197
ENSG00000119397	9	121074658	121177788
ENSG00000119396	9	121178131	121223016
ENSG00000148180	9	121201322	121334723
ENSG00000148175	9	121328422	121370306
ENSG00000204136	9	121444986	121513401
ENSG00000136848	9	121567055	121785532
ENSG00000175764	9	121815672	122093608
ENSG00000119421	9	122100496	122159819
ENSG00000185681	9	122159901	122200090
ENSG00000106852	9	122202575	122229628
ENSG00000119446	9	122237620	122264857
ENSG00000148187	9	122264139	122331339
ENSG00000095303	9	122370528	122395879
ENSG00000136834	9	122476956	122477928
ENSG00000197233	9	122510800	122511745
ENSG00000239590	9	122519139	122520084
ENSG00000171505	9	122526356	122527295
ENSG00000171501	9	122553110	122554216
ENSG00000171496	9	122566265	122583386
ENSG00000165202	9	122614736	122615684
ENSG00000280094	9	122628123	122657629
ENSG00000173679	9	122661564	122662650
ENSG00000171481	9	122675128	122676106
ENSG00000136939	9	122723988	122724927
ENSG00000171459	9	122742301	122750785
ENSG00000148215	9	122788931	122789897
ENSG00000136940	9	122798387	122828646
ENSG00000165204	9	122800121	122801075
ENSG00000056586	9	122844554	122905515
ENSG00000186130	9	122908051	122913335
ENSG00000171448	9	122915546	122931567
ENSG00000011454	9	122940831	123163069
ENSG00000188394	9	123033648	123038692
ENSG00000165209	9	123109492	123269104
ENSG00000148204	9	123356168	123380326
ENSG00000119522	9	123379646	123930156
ENSG00000106689	9	124001668	124033303
ENSG00000119408	9	124257604	124412785
ENSG00000136930	9	124352997	124415478
ENSG00000180264	9	124450442	124478591
ENSG00000136931	9	124481229	124507458
ENSG00000148200	9	124517273	124771351
ENSG00000185585	9	124777097	124815711
ENSG00000136918	9	124853264	124859598
ENSG00000136942	9	124857871	124862019
ENSG00000136950	9	124862107	124877752
ENSG00000136935	9	124878273	124948494
ENSG00000173611	9	124942606	125143584
ENSG00000119414	9	125145006	125189941
ENSG00000136933	9	125189184	125234163
ENSG00000044574	9	125234738	125261717
ENSG00000165219	9	125261778	125367209
ENSG00000119487	9	125437379	125707268
ENSG00000167081	9	125746681	125967381
ENSG00000196814	9	126326492	126507049
ENSG00000136944	9	126613921	126701034
ENSG00000169155	9	126804986	126838212
ENSG00000177125	9	126860624	126885880
ENSG00000136828	9	126914759	127223168
ENSG00000136859	9	127087331	127122788
ENSG00000136895	9	127224263	127393685
ENSG00000136856	9	127397129	127408426
ENSG00000196152	9	127424372	127449730
ENSG00000197958	9	127447420	127452096
ENSG00000148356	9	127451467	127503505
ENSG00000136830	9	127505337	127579051
ENSG00000136854	9	127579368	127696029
ENSG00000187024	9	127690100	127724887
ENSG00000160401	9	127706977	127716004
ENSG00000167094	9	127716072	127731592
ENSG00000160404	9	127731514	127735357
ENSG00000095370	9	127738315	127778773
ENSG00000136807	9	127785250	127792873
ENSG00000136877	9	127794595	127815067
ENSG00000106991	9	127811128	127855234
ENSG00000106992	9	127866433	127878560
ENSG00000257524	9	127867848	127906024
ENSG00000160408	9	127885318	127906634
ENSG00000136840	9	127906917	127917059
ENSG00000167103	9	127920879	127930825
ENSG00000136908	9	127935088	127937881
ENSG00000167106	9	127939489	127981077
ENSG00000171169	9	128061231	128068208
ENSG00000148339	9	128068167	128109247
ENSG00000148334	9	128120691	128128464
ENSG00000148346	9	128149069	128153456
ENSG00000171159	9	128160217	128163930
ENSG00000148337	9	128161231	128204484
ENSG00000106976	9	128191653	128255256
ENSG00000167110	9	128255827	128276038
ENSG00000175854	9	128275377	128316125
ENSG00000167112	9	128305157	128322743
ENSG00000167113	9	128322481	128334075
ENSG00000167114	9	128340473	128363285
ENSG00000167118	9	128371339	128392019
ENSG00000167123	9	128411573	128437364
ENSG00000136811	9	128455179	128502164
ENSG00000119392	9	128504653	128543876
ENSG00000197694	9	128552556	128633665
ENSG00000119333	9	128633644	128656849
ENSG00000119335	9	128683422	128696402
ENSG00000160447	9	128702487	128720926
ENSG00000160446	9	128720860	128724148
ENSG00000160445	9	128729783	128772416
ENSG00000107021	9	128787225	128810434
ENSG00000167136	9	128818449	128822685
ENSG00000198917	9	128819649	128829840
ENSG00000286112	9	128819661	128881933
ENSG00000171097	9	128832935	128882558
ENSG00000136802	9	128882118	128918044
ENSG00000175287	9	128920964	128942053
ENSG00000251184	9	128941476	128957023
ENSG00000175283	9	128945528	128947605
ENSG00000095319	9	128947679	129007838
ENSG00000148341	9	128992786	129028371
ENSG00000148343	9	129036612	129072096
ENSG00000167130	9	129081095	129091163
ENSG00000095321	9	129092811	129111315
ENSG00000119383	9	129110548	129148948
ENSG00000235007	9	129139411	129260577
ENSG00000188483	9	129175550	129178263
ENSG00000148335	9	129587808	129636746
ENSG00000179058	9	129612223	129621103
ENSG00000148331	9	129634599	129642365
ENSG00000167157	9	129665522	129722676
ENSG00000148344	9	129738329	129753080
ENSG00000136816	9	129803129	129813642
ENSG00000136827	9	129812940	129824249
ENSG00000136819	9	129827192	129835865
ENSG00000136878	9	129834696	129881844
ENSG00000187239	9	129887177	130043245
ENSG00000148358	9	130053424	130140171
ENSG00000107130	9	130172313	130237739
ENSG00000148357	9	130265744	130434125
ENSG00000130707	9	130443280	130502363
ENSG00000107164	9	130578963	130638356
ENSG00000130711	9	130664592	130682988
ENSG00000130713	9	130693719	130707610
ENSG00000097007	9	130713041	130887677
ENSG00000288570	9	130713624	130713726
ENSG00000188710	9	130892705	130896814
ENSG00000130720	9	130900192	130941234
ENSG00000050555	9	131008876	131094475
ENSG00000126878	9	131096444	131123245
ENSG00000126883	9	131124866	131234669
ENSG00000126882	9	131258074	131278196
ENSG00000160539	9	131289457	131359024
ENSG00000288701	9	131373634	131500199
ENSG00000291303	9	131430127	131430220
ENSG00000288841	9	131432757	131446475
ENSG00000130714	9	131502787	131523808
ENSG00000130717	9	131523754	131531291
ENSG00000283526	9	131545518	131560895
ENSG00000107263	9	131576756	131740136
ENSG00000160563	9	131842103	132079898
ENSG00000196358	9	132161018	132244530
ENSG00000107290	9	132261354	132355119
ENSG00000125482	9	132375495	132406855
ENSG00000188523	9	132410041	132573321
ENSG00000125485	9	132536997	132670403
ENSG00000125492	9	132582069	132591653
ENSG00000125484	9	132670021	132694955
ENSG00000165695	9	132725571	132878779
ENSG00000165698	9	132878025	132890318
ENSG00000165699	9	132891346	132946876
ENSG00000165702	9	132943998	132991689
ENSG00000148308	9	133030673	133058505
ENSG00000170835	9	133061979	133071863
ENSG00000160271	9	133097655	133149442
ENSG00000285245	9	133098119	133163916
ENSG00000148288	9	133151018	133164247
ENSG00000171102	9	133205275	133209311
ENSG00000175164	9	133233276	133276026
ENSG00000148296	9	133328682	133336291
ENSG00000148297	9	133338310	133348142
ENSG00000148303	9	133347948	133351437
ENSG00000148290	9	133351067	133356678
ENSG00000148291	9	133356518	133362919
ENSG00000148248	9	133361448	133376235
ENSG00000198870	9	133376330	133406098
ENSG00000148300	9	133406024	133418098
ENSG00000160323	9	133414356	133459404
ENSG00000160325	9	133459963	133470850
ENSG00000160326	9	133462051	133479150
ENSG00000187616	9	133514584	133528614
ENSG00000197859	9	133532162	133575524
ENSG00000196990	9	133577074	133609422
ENSG00000123454	9	133634454	133659331
ENSG00000123453	9	133663526	133739978
ENSG00000160293	9	133761890	133992856
ENSG00000235106	9	134025427	134034668
ENSG00000169925	9	134030303	134068562
ENSG00000196363	9	134134344	134159973
ENSG00000186350	9	134317096	134440587
ENSG00000130635	9	134641722	134844845
ENSG00000160339	9	134880696	134890674
ENSG00000085265	9	134903230	134917984
ENSG00000130558	9	135075259	135121182
ENSG00000196422	9	135479071	135488899
ENSG00000160345	9	135494519	135501758
ENSG00000122140	9	135499968	135504678
ENSG00000160349	9	135521436	135526542
ENSG00000122136	9	135545502	135549971
ENSG00000122133	9	135561748	135566957
ENSG00000236543	9	135604343	135619895
ENSG00000204007	9	135623646	135641218
ENSG00000148386	9	135663307	135666963
ENSG00000165643	9	135693405	135704500
ENSG00000107147	9	135702171	135795510
ENSG00000130559	9	135808485	135907593
ENSG00000130560	9	135924659	135961402
ENSG00000148411	9	136006535	136095329
ENSG00000238227	9	136113065	136118948
ENSG00000107187	9	136196248	136205130
ENSG00000165661	9	136206330	136245833
ENSG00000260220	9	136249971	136306903
ENSG00000160360	9	136327423	136359610
ENSG00000213221	9	136359478	136363775
ENSG00000289701	9	136361902	136373646
ENSG00000187796	9	136363954	136373685
ENSG00000165684	9	136375565	136400228
ENSG00000165689	9	136401920	136410623
ENSG00000165688	9	136410628	136428008
ENSG00000148384	9	136428613	136439884
ENSG00000148396	9	136440094	136483845
ENSG00000148400	9	136494431	136546050
ENSG00000172889	9	136658282	136672686
ENSG00000169692	9	136673140	136687485
ENSG00000165716	9	136712300	136724744
ENSG00000187922	9	136738165	136743358
ENSG00000204003	9	136738165	136748455
ENSG00000267206	9	136744015	136748533
ENSG00000204001	9	136754384	136758545
ENSG00000177984	9	136759632	136766257
ENSG00000244187	9	136791301	136793319
ENSG00000272896	9	136791377	136800597
ENSG00000213213	9	136796336	136807743
ENSG00000196642	9	136807846	136841189
ENSG00000232434	9	136842476	136848803
ENSG00000054148	9	136847992	136851045
ENSG00000177943	9	136850941	136860804
ENSG00000107223	9	136862111	136866345
ENSG00000127191	9	136881901	136929223
ENSG00000159069	9	136938429	136950124
ENSG00000176919	9	136942530	136946982
ENSG00000184925	9	136949389	136956537
ENSG00000107317	9	136975051	136981752
ENSG00000284341	9	136977516	136985437
ENSG00000214402	9	136981902	136986412
ENSG00000310560	9	136992398	136994076
ENSG00000169583	9	136994606	136996731
ENSG00000107331	9	137007224	137028917
ENSG00000180549	9	137030172	137032827
ENSG00000279073	9	137031239	137040438
ENSG00000107281	9	137037575	137046702
ENSG00000054179	9	137048105	137054071
ENSG00000186193	9	137062125	137070595
ENSG00000197355	9	137077468	137084546
ENSG00000177239	9	137085915	137109191
ENSG00000176978	9	137110538	137118311
ENSG00000176884	9	137138344	137168767
ENSG00000184709	9	137168756	137170060
ENSG00000261793	9	137168852	137171986
ENSG00000185863	9	137170856	137172058
ENSG00000176248	9	137174782	137189030
ENSG00000176101	9	137188638	137190373
ENSG00000176058	9	137191615	137204195
ENSG00000187713	9	137204080	137205650
ENSG00000188566	9	137205660	137219373
ENSG00000284976	9	137217492	137219363
ENSG00000212864	9	137219575	137222314
ENSG00000197191	9	137225172	137226317
ENSG00000233198	9	137226906	137229642
ENSG00000198569	9	137230755	137236557
ENSG00000188229	9	137241276	137243715
ENSG00000188163	9	137243582	137247772
ENSG00000197768	9	137250606	137253485
ENSG00000188986	9	137255208	137273544
ENSG00000198113	9	137274852	137282643
ENSG00000198435	9	137299629	137302273
ENSG00000187609	9	137306892	137423913
ENSG00000188747	9	137422750	137434453
ENSG00000188833	9	137434360	137441883
ENSG00000165802	9	137447568	137459578
ENSG00000130653	9	137459950	137550562
ENSG00000182154	9	137550422	137552557
ENSG00000148399	9	137554434	137578938
ENSG00000165724	9	137582064	137590522
ENSG00000197070	9	137605617	137617861
ENSG00000181090	9	137618899	137870018
ENSG00000148408	9	137877780	138124626
ENSG00000261456	10	46886	74165
ENSG00000015171	10	130086	254773
ENSG00000151240	10	274199	689939
ENSG00000107929	10	803909	931823
ENSG00000107937	10	988407	1020003
ENSG00000148377	10	1018906	1025863
ENSG00000067064	10	1037730	1049366
ENSG00000047056	10	1049263	1160993
ENSG00000185736	10	1177306	1737527
ENSG00000067057	10	3066331	3140945
ENSG00000107959	10	3137726	3172843
ENSG00000067082	10	3775994	3785283
ENSG00000165568	10	4786627	4848064
ENSG00000187134	10	4944108	4983285
ENSG00000151632	10	4969794	5018033
ENSG00000196139	10	5035352	5108246
ENSG00000264006	10	5121762	5185192
ENSG00000198610	10	5195460	5220610
ENSG00000178473	10	5364964	5374694
ENSG00000178462	10	5393099	5404834
ENSG00000173848	10	5412541	5459060
ENSG00000178372	10	5498695	5499572
ENSG00000178363	10	5524959	5526773
ENSG00000196372	10	5638854	5666629
ENSG00000108021	10	5684729	5765724
ENSG00000057608	10	5763581	5842134
ENSG00000134461	10	5860932	5889996
ENSG00000134452	10	5890162	5937626
ENSG00000134470	10	5943503	5978189
ENSG00000134460	10	6010687	6062372
ENSG00000134453	10	6086896	6117459
ENSG00000170525	10	6144883	6254646
ENSG00000065675	10	6427134	6580857
ENSG00000198879	10	7158622	7411499
ENSG00000123243	10	7559268	7667023
ENSG00000151655	10	7699384	7758677
ENSG00000151657	10	7750960	7788003
ENSG00000165629	10	7788090	7807913
ENSG00000165632	10	7818495	8016633
ENSG00000107485	10	8045210	8075827
ENSG00000048740	10	10798395	11336677
ENSG00000148429	10	11460326	11611809
ENSG00000134463	10	11742355	11767364
ENSG00000148426	10	11823337	11872279
ENSG00000151461	10	11920018	12043172
ENSG00000181192	10	12068924	12125948
ENSG00000065665	10	12129635	12169963
ENSG00000165609	10	12164842	12196157
ENSG00000151465	10	12195908	12250597
ENSG00000183049	10	12349511	12835547
ENSG00000151468	10	12896623	13099654
ENSG00000123240	10	13099440	13159482
ENSG00000065328	10	13161524	13211112
ENSG00000165623	10	13220607	13234430
ENSG00000107537	10	13276852	13302414
ENSG00000086475	10	13317423	13348598
ENSG00000165626	10	13438482	13529289
ENSG00000165630	10	13586920	13668447
ENSG00000151474	10	13643704	14462144
ENSG00000065809	10	14518555	14774899
ENSG00000185267	10	14817773	14838577
ENSG00000187522	10	14838162	14871854
ENSG00000284024	10	14838162	14847001
ENSG00000152455	10	14878321	14906333
ENSG00000152457	10	14897357	14954434
ENSG00000197889	10	14954188	14988052
ENSG00000152463	10	15032225	15073855
ENSG00000176244	10	15073036	15088804
ENSG00000152464	10	15097071	15139820
ENSG00000152465	10	15102582	15168726
ENSG00000148468	10	15211322	15371311
ENSG00000077943	10	15513952	15720361
ENSG00000148481	10	15776913	15860555
ENSG00000165983	10	16436938	16515222
ENSG00000165985	10	16510761	16521887
ENSG00000148484	10	16567274	16817605
ENSG00000107611	10	16823964	17129972
ENSG00000107614	10	17137334	17202056
ENSG00000026025	10	17228239	17237597
ENSG00000148488	10	17315414	17454683
ENSG00000165996	10	17588299	17617568
ENSG00000136738	10	17644122	17735903
ENSG00000148483	10	17752199	17800870
ENSG00000260314	10	17809012	17911609
ENSG00000148482	10	17951823	18043294
ENSG00000165995	10	18140320	18543559
ENSG00000241058	10	18542899	18659287
ENSG00000165997	10	18659302	18681642
ENSG00000204740	10	19048797	19790403
ENSG00000120594	10	19815941	20289858
ENSG00000078114	10	20779971	21293013
ENSG00000180592	10	21513473	21526370
ENSG00000078403	10	21524582	21743632
ENSG00000136770	10	21756533	22003771
ENSG00000223601	10	22208473	22218020
ENSG00000148444	10	22315978	22320432
ENSG00000269897	10	22316386	22329544
ENSG00000168283	10	22321056	22331687
ENSG00000077327	10	22345443	22454226
ENSG00000150867	10	22534852	22714596
ENSG00000165309	10	22928011	23038525
ENSG00000148450	10	23095476	23140123
ENSG00000168267	10	23192303	23194247
ENSG00000179133	10	23202694	23344847
ENSG00000165312	10	23439073	23442379
ENSG00000120549	10	23694744	24547850
ENSG00000107863	10	24583607	24723999
ENSG00000099256	10	24810723	24952769
ENSG00000151023	10	24981977	25062331
ENSG00000185875	10	25016572	25026861
ENSG00000151025	10	25174732	25602231
ENSG00000095777	10	25934196	26212535
ENSG00000136750	10	26216249	26304560
ENSG00000077420	10	26438158	26568451
ENSG00000148459	10	26697439	26746800
ENSG00000136754	10	26745264	26861096
ENSG00000107890	10	26973791	27100522
ENSG00000136758	10	27107775	27155268
ENSG00000120539	10	27154423	27187955
ENSG00000107897	10	27168133	27243048
ENSG00000182077	10	27397119	27414370
ENSG00000099246	10	27504172	27545119
ENSG00000150051	10	27672872	27746396
ENSG00000169126	10	27775184	27999534
ENSG00000150054	10	28050991	28335292
ENSG00000095787	10	28532491	28623114
ENSG00000095739	10	28677508	28684892
ENSG00000120563	10	29289059	29318330
ENSG00000197321	10	29457330	29737125
ENSG00000165757	10	30012801	30115496
ENSG00000107951	10	30309799	30374450
ENSG00000107968	10	30433217	30462350
ENSG00000151033	10	30606219	30629764
ENSG00000183621	10	30820205	31032112
ENSG00000148516	10	31318493	31529816
ENSG00000165322	10	31805396	31928878
ENSG00000170759	10	32008999	32056456
ENSG00000120616	10	32267658	32378809
ENSG00000216937	10	32446101	32882876
ENSG00000150093	10	32750308	33005794
ENSG00000099250	10	33177490	33336264
ENSG00000148498	10	34109558	34815426
ENSG00000108094	10	35008463	35127008
ENSG00000095794	10	35126789	35212960
ENSG00000108100	10	35247023	35572671
ENSG00000177291	10	35605339	35608937
ENSG00000177283	10	35638245	35642298
ENSG00000148513	10	37125592	37232569
ENSG00000198105	10	37773569	37858109
ENSG00000175395	10	37916977	37976660
ENSG00000189180	10	38010293	38085093
ENSG00000075407	10	38094268	38150295
ENSG00000283930	10	38094366	38360100
ENSG00000196693	10	42572954	42638865
ENSG00000165733	10	42782634	42834939
ENSG00000165731	10	43077024	43130353
ENSG00000169826	10	43137829	43185361
ENSG00000198915	10	43194531	43267084
ENSG00000150201	10	43371633	43376337
ENSG00000169813	10	43385204	43437097
ENSG00000243660	10	43436828	43483183
ENSG00000196793	10	43552195	43574625
ENSG00000198298	10	43606411	43621708
ENSG00000169740	10	43643857	43649369
ENSG00000107562	10	44370157	44386495
ENSG00000187783	10	44911213	44937012
ENSG00000107551	10	44959405	44996008
ENSG00000165507	10	44970979	44978818
ENSG00000165512	10	45000260	45007208
ENSG00000256574	10	45302293	45315610
ENSG00000012779	10	45374148	45446123
ENSG00000165406	10	45454583	45594933
ENSG00000172671	10	45613372	45673049
ENSG00000172661	10	45727191	45792969
ENSG00000188234	10	45825592	45853877
ENSG00000265354	10	45972477	46006803
ENSG00000266412	10	46004865	46030672
ENSG00000263639	10	46033305	46048182
ENSG00000274209	10	46286343	46330729
ENSG00000264230	10	46375585	46391786
ENSG00000204174	10	46457652	46470426
ENSG00000204175	10	46541734	46557571
ENSG00000204176	10	46578215	46597109
ENSG00000204179	10	46911394	47002490
ENSG00000266524	10	47300058	47313582
ENSG00000263761	10	47322449	47327594
ENSG00000265203	10	47348361	47357883
ENSG00000265763	10	47356518	47384333
ENSG00000265190	10	47460160	47484177
ENSG00000189090	10	47487217	47491702
ENSG00000204172	10	47501786	47523793
ENSG00000277758	10	47744715	47763594
ENSG00000264717	10	47918660	47925738
ENSG00000276430	10	47995318	47999798
ENSG00000170324	10	48153086	48274915
ENSG00000107643	10	48306635	48439362
ENSG00000128805	10	48429880	48656267
ENSG00000128815	10	48684823	48982961
ENSG00000165383	10	48909478	48939842
ENSG00000165633	10	49014234	49115557
ENSG00000172538	10	49131152	49134023
ENSG00000204161	10	49153751	49188587
ENSG00000177354	10	49299135	49329926
ENSG00000165606	10	49364063	49398486
ENSG00000225830	10	49454166	49539540
ENSG00000070748	10	49609093	49667944
ENSG00000187714	10	49610308	49612722
ENSG00000178645	10	49679636	49710263
ENSG00000197444	10	49721384	49762394
ENSG00000227345	10	49815130	49970205
ENSG00000204152	10	49942029	49977627
ENSG00000178440	10	49942054	50011656
ENSG00000204149	10	49982188	50011656
ENSG00000099290	10	50067879	50136580
ENSG00000188611	10	50182776	50279722
ENSG00000198964	10	50305584	50625191
ENSG00000204147	10	50739316	50816497
ENSG00000148584	10	50799407	50885718
ENSG00000185532	10	50990886	52298425
ENSG00000177613	10	51695484	51699597
ENSG00000107984	10	52314272	52318044
ENSG00000165471	10	52758073	52773011
ENSG00000150275	10	53802769	55627944
ENSG00000122952	10	56352708	56361394
ENSG00000151151	10	58191515	58267962
ENSG00000122873	10	58269111	58291169
ENSG00000072401	10	58334972	58371522
ENSG00000108064	10	58385343	58401708
ENSG00000122870	10	58512754	58831437
ENSG00000165443	10	59176586	59247944
ENSG00000148541	10	59245809	59363183
ENSG00000165449	10	59649268	59736004
ENSG00000227877	10	59736690	59770947
ENSG00000108091	10	59788745	59907041
ENSG00000151150	10	60026296	60733537
ENSG00000170312	10	60778310	60796348
ENSG00000072422	10	60869436	61001456
ENSG00000196932	10	61406637	61453392
ENSG00000183346	10	61662918	61767381
ENSG00000150347	10	61901244	62096946
ENSG00000182010	10	62180804	62268902
ENSG00000138311	10	62374087	62482257
ENSG00000285837	10	62374190	62672013
ENSG00000181915	10	62804718	62808481
ENSG00000122877	10	62811994	62819169
ENSG00000148572	10	63133245	63156882
ENSG00000171988	10	63167219	63521852
ENSG00000165476	10	63521329	63625130
ENSG00000183230	10	65912455	67763639
ENSG00000198739	10	66926027	67101553
ENSG00000289325	10	66926306	66926348
ENSG00000108176	10	67796663	67850197
ENSG00000096717	10	67884645	67918394
ENSG00000148634	10	67921897	68075355
ENSG00000138347	10	68087895	68212019
ENSG00000179774	10	68230593	68232115
ENSG00000108187	10	68262012	68334116
ENSG00000096746	10	68331172	68344004
ENSG00000204130	10	68341105	68407383
ENSG00000138346	10	68414059	68472123
ENSG00000122912	10	68473077	68527541
ENSG00000138336	10	68560283	68698065
ENSG00000060339	10	68721010	68793910
ENSG00000165730	10	68827197	68895450
ENSG00000107625	10	68901197	68947350
ENSG00000165732	10	68956133	68985419
ENSG00000198954	10	68988730	69043546
ENSG00000122862	10	69087577	69105698
ENSG00000122958	10	69123510	69174414
ENSG00000156502	10	69180232	69209110
ENSG00000156510	10	69220290	69267571
ENSG00000156515	10	69269982	69403499
ENSG00000075073	10	69402883	69416925
ENSG00000099282	10	69451148	69507678
ENSG00000122859	10	69571483	69573513
ENSG00000171224	10	69630226	69633616
ENSG00000197467	10	69801873	69964277
ENSG00000099284	10	70052542	70112284
ENSG00000042286	10	70054659	70133271
ENSG00000156521	10	70137976	70146722
ENSG00000079332	10	70147287	70186286
ENSG00000180817	10	70202829	70233913
ENSG00000148734	10	70247327	70284013
ENSG00000172731	10	70298968	70382652
ENSG00000148730	10	70404128	70428620
ENSG00000156574	10	70431934	70447953
ENSG00000107719	10	70477656	70668756
ENSG00000180644	10	70596399	70602790
ENSG00000138316	10	70672365	70762443
ENSG00000166220	10	70771236	70785403
ENSG00000166224	10	70815897	70958723
ENSG00000166228	10	70882278	70888618
ENSG00000107731	10	71212521	71302887
ENSG00000198246	10	71319230	71381425
ENSG00000107736	10	71396882	71815949
ENSG00000214688	10	71711699	71737840
ENSG00000107738	10	71747554	71773610
ENSG00000197746	10	71816024	71851390
ENSG00000122863	10	71963536	72019149
ENSG00000107742	10	72059014	72089034
ENSG00000138303	10	72092151	72217655
ENSG00000166295	10	72215649	72235862
ENSG00000168209	10	72273917	72276041
ENSG00000148719	10	72332828	72355169
ENSG00000107745	10	72355295	72626136
ENSG00000156026	10	72692086	72887696
ENSG00000138315	10	72893571	72933038
ENSG00000138308	10	72913139	72954887
ENSG00000122884	10	73005809	73097110
ENSG00000122882	10	73101925	73169057
ENSG00000166321	10	73110373	73131830
ENSG00000138286	10	73168116	73244506
ENSG00000213551	10	73183360	73247321
ENSG00000182180	10	73248758	73252695
ENSG00000156042	10	73253760	73358870
ENSG00000138279	10	73365025	73414733
ENSG00000166343	10	73423577	73433569
ENSG00000107758	10	73436416	73496036
ENSG00000166348	10	73497536	73626119
ENSG00000177791	10	73631554	73642105
ENSG00000166317	10	73644879	73663805
ENSG00000172650	10	73674274	73698111
ENSG00000176986	10	73744346	73772175
ENSG00000196968	10	73772269	73780253
ENSG00000172586	10	73782037	73783654
ENSG00000214655	10	73785547	73801799
ENSG00000272916	10	73796512	73811653
ENSG00000166507	10	73801738	73811965
ENSG00000148660	10	73812499	73874643
ENSG00000122861	10	73909175	73917503
ENSG00000035403	10	73995191	74123075
ENSG00000185009	10	74120116	74151057
ENSG00000156110	10	74151183	74709965
ENSG00000156650	10	74824910	75032633
ENSG00000188716	10	75037470	75073657
ENSG00000293543	10	75094425	75109253
ENSG00000079393	10	75094430	75106501
ENSG00000293542	10	75094430	75109208
ENSG00000156671	10	75099584	75182130
ENSG00000165637	10	75209976	75231465
ENSG00000165644	10	75230307	75236090
ENSG00000165655	10	75397828	75402401
ENSG00000148655	10	75431444	76560170
ENSG00000156113	10	76869599	77638910
ENSG00000151208	10	77790776	77927222
ENSG00000148606	10	77953146	78029553
ENSG00000138326	10	78033721	78056815
ENSG00000108175	10	79068902	79316552
ENSG00000108179	10	79347459	79355352
ENSG00000165424	10	79351305	79445675
ENSG00000253626	10	79512531	79516442
ENSG00000185303	10	79555759	79611923
ENSG00000122852	10	79559385	79649710
ENSG00000188199	10	79703225	79714683
ENSG00000228570	10	79826737	79850880
ENSG00000133661	10	79936421	79983998
ENSG00000133678	10	80078639	80092864
ENSG00000189129	10	80131680	80147046
ENSG00000122359	10	80150887	80205715
ENSG00000151224	10	80269778	80290152
ENSG00000170788	10	80336103	80356762
ENSG00000133665	10	80344728	80369193
ENSG00000122378	10	80406441	80437117
ENSG00000108219	10	80453873	80533180
ENSG00000178217	10	80537900	80646562
ENSG00000185737	10	81874576	82987181
ENSG00000165678	10	84139480	84154843
ENSG00000188373	10	84173757	84185296
ENSG00000148600	10	84194512	84221691
ENSG00000204033	10	84220569	84225546
ENSG00000148602	10	84228871	84241548
ENSG00000148604	10	84230664	84260639
ENSG00000107771	10	84328540	84518523
ENSG00000182771	10	85599550	86366811
ENSG00000062650	10	86435254	86521845
ENSG00000122375	10	86654516	86666462
ENSG00000289258	10	86654516	86700022
ENSG00000122367	10	86666662	86736905
ENSG00000107779	10	86755749	86932827
ENSG00000173269	10	86935538	86969483
ENSG00000173267	10	86955751	86963266
ENSG00000148671	10	86968430	87007924
ENSG00000188100	10	87020236	87060611
ENSG00000148672	10	87050200	87095407
ENSG00000122376	10	87094004	87191480
ENSG00000184923	10	87225446	87236910
ENSG00000214562	10	87357718	87370697
ENSG00000107789	10	87504857	87555096
ENSG00000198682	10	87659611	87747710
ENSG00000138138	10	87744642	87842357
ENSG00000227268	10	87859156	87863535
ENSG00000171862	10	87862636	87971932
ENSG00000289051	10	87863557	87863656
ENSG00000184719	10	88273549	88584532
ENSG00000204022	10	88586751	88607882
ENSG00000182333	10	88664439	88678816
ENSG00000204021	10	88706247	88752778
ENSG00000204020	10	88759980	88779628
ENSG00000173239	10	88802728	88820548
ENSG00000152766	10	88819894	88851942
ENSG00000138134	10	88879361	88975155
ENSG00000107796	10	88934813	88991341
ENSG00000026103	10	88953811	89029607
ENSG00000138135	10	89205627	89207319
ENSG00000107798	10	89212828	89415369
ENSG00000119922	10	89283692	89309273
ENSG00000119917	10	89327305	89377475
ENSG00000204010	10	89378048	89385207
ENSG00000185745	10	89392544	89406489
ENSG00000152778	10	89414566	89421607
ENSG00000152779	10	89430172	89556703
ENSG00000152782	10	89579495	89645265
ENSG00000138182	10	89701579	89774941
ENSG00000148680	10	90740803	90858220
ENSG00000148688	10	90871485	90908555
ENSG00000148677	10	90912090	90921279
ENSG00000180628	10	91162337	91284339
ENSG00000165338	10	91409278	91514831
ENSG00000119938	10	91619286	91633073
ENSG00000107854	10	91798355	91866755
ENSG00000174721	10	91906494	91909508
ENSG00000095564	10	91923756	92031439
ENSG00000107864	10	92046690	92291630
ENSG00000198060	10	92291140	92354081
ENSG00000119912	10	92451682	92574098
ENSG00000138160	10	92574103	92655397
ENSG00000152804	10	92689891	92695649
ENSG00000138190	10	92826829	93059495
ENSG00000187553	10	93060796	93069542
ENSG00000095596	10	93073473	93077887
ENSG00000138119	10	93306427	93482336
ENSG00000138180	10	93496575	93529098
ENSG00000186188	10	93566651	93605842
ENSG00000138207	10	93590168	93603112
ENSG00000095464	10	93612531	93666012
ENSG00000148690	10	93667124	93703296
ENSG00000108231	10	93757838	93806274
ENSG00000176273	10	93893916	93956064
ENSG00000138193	10	93993805	94332825
ENSG00000173145	10	94320338	94362984
ENSG00000108239	10	94402375	94537454
ENSG00000119969	10	94545327	94613907
ENSG00000108242	10	94682858	94736243
ENSG00000276490	10	94688152	94853075
ENSG00000165841	10	94762534	94922266
ENSG00000138109	10	94938542	94990151
ENSG00000138115	10	95034357	95069605
ENSG00000173124	10	95194198	95228931
ENSG00000107438	10	95237567	95291128
ENSG00000095637	10	95311388	95561471
ENSG00000059573	10	95605935	95656887
ENSG00000119977	10	95659821	95694145
ENSG00000138185	10	95711750	95901435
ENSG00000270099	10	95860546	95924846
ENSG00000188649	10	95907601	96033747
ENSG00000107443	10	96043051	96060872
ENSG00000177853	10	96129693	96205290
ENSG00000095585	10	96189169	96272660
ENSG00000107447	10	96304407	96338566
ENSG00000197430	10	96343214	96359367
ENSG00000095587	10	96364606	96513960
ENSG00000077147	10	96518108	96587454
ENSG00000155629	10	96591880	96720904
ENSG00000196233	10	96831801	96995958
ENSG00000187122	10	96998036	97186123
ENSG00000269891	10	97153043	97292639
ENSG00000213390	10	97222168	97292675
ENSG00000165879	10	97319269	97321917
ENSG00000181274	10	97329253	97334731
ENSG00000052749	10	97356355	97426078
ENSG00000171314	10	97426103	97433446
ENSG00000171311	10	97428012	97446087
ENSG00000171307	10	97446139	97457936
ENSG00000155229	10	97458081	97499502
ENSG00000165886	10	97498850	97571208
ENSG00000165887	10	97572493	97583898
ENSG00000241935	10	97584321	97613831
ENSG00000249967	10	97584372	97673912
ENSG00000203942	10	97589719	97590936
ENSG00000171160	10	97614549	97634139
ENSG00000155252	10	97640667	97676816
ENSG00000119986	10	97672964	97687563
ENSG00000155254	10	97713171	97718152
ENSG00000155256	10	97737109	97760909
ENSG00000120057	10	97766749	97772289
ENSG00000155265	10	97821896	97871582
ENSG00000095713	10	97854709	98030830
ENSG00000166024	10	98134606	98245626
ENSG00000138131	10	98247684	98268652
ENSG00000119943	10	98379886	98415217
ENSG00000107521	10	98410937	98446968
ENSG00000289758	10	98414000	98446922
ENSG00000172987	10	98457075	99235880
ENSG00000119946	10	99329028	99394332
ENSG00000120053	10	99396867	99431467
ENSG00000119919	10	99532926	99536526
ENSG00000155287	10	99610507	99622795
ENSG00000285932	10	99651593	99732114
ENSG00000198018	10	99659413	99712491
ENSG00000014919	10	99694552	99732860
ENSG00000119929	10	99702556	99758007
ENSG00000023839	10	99782638	99853672
ENSG00000107554	10	99875574	100010051
ENSG00000120054	10	100041103	100081909
ENSG00000107566	10	100150092	100186064
ENSG00000213341	10	100188297	100229613
ENSG00000095485	10	100230022	100267687
ENSG00000196072	10	100272795	100286710
ENSG00000107593	10	100288147	100330266
ENSG00000099194	10	100346506	100364839
ENSG00000075290	10	100463007	100483746
ENSG00000075826	10	100484996	100519894
ENSG00000255339	10	100505626	100529883
ENSG00000166136	10	100523666	100530002
ENSG00000166135	10	100529070	100681898
ENSG00000075891	10	100735378	100829946
ENSG00000119906	10	100912961	100965136
ENSG00000055950	10	100968129	100990452
ENSG00000095539	10	100969491	100985873
ENSG00000107815	10	100987365	100994405
ENSG00000107816	10	100996537	101007854
ENSG00000186862	10	101007677	101032297
ENSG00000107819	10	101031227	101041246
ENSG00000107821	10	101061106	101068650
ENSG00000107807	10	101131009	101137791
ENSG00000138136	10	101226178	101230403
ENSG00000166167	10	101354028	101557326
ENSG00000166171	10	101570558	101609669
ENSG00000166169	10	101576049	101588275
ENSG00000107829	10	101610661	101695300
ENSG00000107831	10	101769815	101780373
ENSG00000107833	10	101781316	101783448
ENSG00000198408	10	101784441	101818622
ENSG00000120049	10	101825967	101844007
ENSG00000120029	10	101845597	102056264
ENSG00000166189	10	102065347	102068038
ENSG00000198728	10	102106487	102120453
ENSG00000148840	10	102132992	102150335
ENSG00000166197	10	102152168	102163877
ENSG00000119915	10	102226292	102229591
ENSG00000107859	10	102229752	102241514
ENSG00000107862	10	102245369	102382901
ENSG00000077150	10	102394108	102402531
ENSG00000059915	10	102402612	102421541
ENSG00000107872	10	102408833	102423144
ENSG00000107874	10	102423237	102432720
ENSG00000120055	10	102449617	102451550
ENSG00000138111	10	102461361	102477048
ENSG00000138107	10	102461879	102502746
ENSG00000107882	10	102503950	102633537
ENSG00000171206	10	102642392	102662791
ENSG00000138175	10	102673729	102714529
ENSG00000156398	10	102714474	102743494
ENSG00000166272	10	102743921	102834615
ENSG00000148795	10	102830458	102837508
ENSG00000166275	10	102854222	102864981
ENSG00000270316	10	102854270	102901901
ENSG00000214435	10	102869294	102901913
ENSG00000148842	10	102918121	103090224
ENSG00000076685	10	103086476	103277624
ENSG00000235376	10	103245885	103248018
ENSG00000148798	10	103277080	103290353
ENSG00000156374	10	103302794	103351152
ENSG00000148835	10	103367946	103389325
ENSG00000173915	10	103388972	103396494
ENSG00000148843	10	103396600	103446299
ENSG00000138172	10	103446775	103452782
ENSG00000185933	10	103453238	103458902
ENSG00000183128	10	103472802	103479242
ENSG00000107954	10	103493590	103595170
ENSG00000107957	10	103594025	103855775
ENSG00000107960	10	103856789	103918764
ENSG00000065613	10	103966914	104029244
ENSG00000065618	10	104030751	104086412
ENSG00000156384	10	104122056	104126387
ENSG00000197748	10	104129886	104232366
ENSG00000148834	10	104235354	104267606
ENSG00000065621	10	104268871	104304952
ENSG00000148841	10	104308499	104338814
ENSG00000120051	10	104353756	104455155
ENSG00000156395	10	104641288	105265244
ENSG00000108018	10	106573661	107164715
ENSG00000108039	10	109864489	109923576
ENSG00000148700	10	109996345	110135567
ENSG00000119950	10	110207544	110287918
ENSG00000119953	10	110289423	110305003
ENSG00000138166	10	110497905	110511546
ENSG00000108055	10	110567666	110606065
ENSG00000203867	10	110643872	110839473
ENSG00000150593	10	110871788	110900015
ENSG00000214413	10	110898728	110919373
ENSG00000108061	10	110917930	111017316
ENSG00000150594	10	111077027	111080909
ENSG00000119927	10	112147372	112215424
ENSG00000119913	10	112283398	112305049
ENSG00000197142	10	112372398	112428383
ENSG00000023041	10	112424414	112447633
ENSG00000151532	10	112446996	112818899
ENSG00000148737	10	112950013	113167680
ENSG00000148702	10	113550835	113592880
ENSG00000197893	10	113588712	113664123
ENSG00000165806	10	113679156	113731670
ENSG00000148735	10	113751260	113783431
ENSG00000198924	10	113834723	113854419
ENSG00000196865	10	113854473	113917196
ENSG00000043591	10	114043864	114046906
ENSG00000165813	10	114120860	114174239
ENSG00000095627	10	114179268	114232668
ENSG00000165816	10	114239244	114294491
ENSG00000169129	10	114293602	114405134
ENSG00000099204	10	114431108	114768063
ENSG00000151553	10	114821679	114899834
ENSG00000165832	10	114938192	114977679
ENSG00000107518	10	115092842	115949001
ENSG00000151892	10	116056923	116276805
ENSG00000182645	10	116324386	116380031
ENSG00000203837	10	116427845	116477966
ENSG00000175535	10	116545929	116567857
ENSG00000187021	10	116590383	116609177
ENSG00000266200	10	116620951	116645145
ENSG00000165863	10	116662206	116670314
ENSG00000165868	10	116671190	116850253
ENSG00000188316	10	116849479	116911790
ENSG00000187164	10	116881475	117126588
ENSG00000148704	10	117128519	117138631
ENSG00000186795	10	117196955	117210754
ENSG00000165646	10	117240828	117279433
ENSG00000165650	10	117277272	117376022
ENSG00000170370	10	117542443	117549548
ENSG00000107560	10	118004816	118046951
ENSG00000165669	10	118297923	118342333
ENSG00000119973	10	118589995	118596706
ENSG00000151893	10	118672229	118755251
ENSG00000188613	10	119029712	119042802
ENSG00000107581	10	119033668	119080869
ENSG00000119979	10	119104050	119137988
ENSG00000183605	10	119120953	119165726
ENSG00000165672	10	119167697	119178867
ENSG00000198873	10	119207536	119459760
ENSG00000148908	10	119499601	119543622
ENSG00000151923	10	119571800	119597183
ENSG00000151929	10	119650877	119677915
ENSG00000198825	10	119726021	119829970
ENSG00000197771	10	119827777	119892558
ENSG00000107651	10	119892591	119944659
ENSG00000203805	10	120456896	120592067
ENSG00000120008	10	120851173	120909526
ENSG00000066468	10	121478329	121598772
ENSG00000107669	10	121709391	121928803
ENSG00000107672	10	121953332	121975302
ENSG00000138162	10	121989161	122254562
ENSG00000138152	10	122271294	122338161
ENSG00000107679	10	122374220	122434369
ENSG00000254636	10	122454651	122457354
ENSG00000166033	10	122458549	122516003
ENSG00000187908	10	122560639	122643742
ENSG00000286135	10	122672848	122679496
ENSG00000183559	10	122697707	122699848
ENSG00000138161	10	122832156	122846177
ENSG00000286088	10	122832165	122879585
ENSG00000213185	10	122849076	122879643
ENSG00000203795	10	122910602	122913113
ENSG00000119965	10	122930899	122954339
ENSG00000179988	10	122954379	122997515
ENSG00000095574	10	122985330	123008828
ENSG00000196177	10	123008970	123058302
ENSG00000188620	10	123135955	123139425
ENSG00000188816	10	123142399	123150674
ENSG00000154473	10	123154363	123313146
ENSG00000154478	10	123666353	123697401
ENSG00000121898	10	123706205	123940269
ENSG00000182022	10	124006113	124093700
ENSG00000065154	10	124397296	124419762
ENSG00000229544	10	124445241	124450071
ENSG00000107902	10	124461787	124617890
ENSG00000258539	10	124617078	124791729
ENSG00000189319	10	124619290	124744477
ENSG00000203791	10	124748147	124791918
ENSG00000165660	10	124801783	124836672
ENSG00000019995	10	124942121	124988414
ENSG00000175029	10	124981655	125163008
ENSG00000175018	10	125576520	125683165
ENSG00000107938	10	125719513	125764234
ENSG00000154485	10	125753578	125775915
ENSG00000188690	10	125784978	125823290
ENSG00000107949	10	125823521	125854473
ENSG00000089876	10	125836332	125896516
ENSG00000203780	10	125896523	126009597
ENSG00000148848	10	126012379	126388504
ENSG00000154493	10	126424995	126798710
ENSG00000150760	10	126905386	127453805
ENSG00000188916	10	127135424	127196594
ENSG00000214285	10	127549307	127553542
ENSG00000186766	10	127737116	127741185
ENSG00000180745	10	127875986	127907300
ENSG00000132334	10	127906798	128085858
ENSG00000148773	10	128096657	128126460
ENSG00000170430	10	129466677	129770985
ENSG00000108001	10	129835231	129973055
ENSG00000237489	10	130020023	130110844
ENSG00000108010	10	130136361	130184523
ENSG00000176769	10	131092389	131311783
ENSG00000175470	10	131900719	132012793
ENSG00000176171	10	131959616	131981986
ENSG00000188385	10	132036334	132184860
ENSG00000151640	10	132186895	132205764
ENSG00000165752	10	132207481	132331896
ENSG00000148814	10	132332105	132381510
ENSG00000171813	10	132396388	132417865
ENSG00000068383	10	132537764	132783482
ENSG00000148826	10	132783177	132786151
ENSG00000171811	10	132806492	132942825
ENSG00000197177	10	133087812	133131677
ENSG00000171798	10	133159989	133226414
ENSG00000171794	10	133229350	133231560
ENSG00000151650	10	133235767	133241931
ENSG00000151651	10	133262414	133276911
ENSG00000130640	10	133278633	133318825
ENSG00000198546	10	133308883	133313165
ENSG00000283496	10	133309408	133352531
ENSG00000130643	10	133324070	133336982
ENSG00000165828	10	133347145	133354015
ENSG00000148803	10	133353950	133358798
ENSG00000127884	10	133362366	133373716
ENSG00000148832	10	133378959	133393945
ENSG00000254536	10	133380015	133420273
ENSG00000148824	10	133394069	133422767
ENSG00000203772	10	133420664	133424627
ENSG00000214279	10	133453926	133523560
ENSG00000130649	10	133520404	133561222
ENSG00000171772	10	133552820	133569837
ENSG00000225899	10	133623893	133626797
ENSG00000177951	11	167782	208697
ENSG00000188076	11	193076	194577
ENSG00000177947	11	196759	200263
ENSG00000177963	11	207476	215166
ENSG00000142082	11	215024	236933
ENSG00000185627	11	236946	252988
ENSG00000174885	11	278405	286693
ENSG00000142102	11	289076	297512
ENSG00000206013	11	298198	299535
ENSG00000185201	11	303653	309412
ENSG00000288681	11	308406	315274
ENSG00000142089	11	309008	329477
ENSG00000185885	11	309995	315277
ENSG00000182272	11	369455	382119
ENSG00000184363	11	392572	404910
ENSG00000185187	11	405709	417475
ENSG00000185101	11	417919	442074
ENSG00000174915	11	448266	501144
ENSG00000023191	11	494508	507397
ENSG00000174775	11	532240	537345
ENSG00000161328	11	536839	554927
ENSG00000185522	11	554848	560745
ENSG00000099849	11	560205	564069
ENSG00000070047	11	576168	612265
ENSG00000185507	11	612549	615985
ENSG00000099834	11	616403	626080
ENSG00000070031	11	626307	627238
ENSG00000069696	11	637267	640708
ENSG00000177030	11	644218	707120
ENSG00000177106	11	694436	727731
ENSG00000177042	11	695009	705030
ENSG00000177156	11	747397	765037
ENSG00000177225	11	767059	777509
ENSG00000184524	11	785898	790115
ENSG00000177542	11	790472	798323
ENSG00000288675	11	797509	799192
ENSG00000177595	11	798936	809755
ENSG00000177600	11	799412	812893
ENSG00000293685	11	803396	804421
ENSG00000177666	11	818905	825575
ENSG00000177685	11	826135	831995
ENSG00000177697	11	832700	839833
ENSG00000177700	11	837354	842729
ENSG00000214063	11	840684	867122
ENSG00000177830	11	866871	915581
ENSG00000183020	11	924879	1012247
ENSG00000184956	11	1012821	1036720
ENSG00000198788	11	1074873	1110513
ENSG00000215182	11	1157951	1201140
ENSG00000117983	11	1223064	1262174
ENSG00000078902	11	1264769	1310260
ENSG00000174672	11	1389897	1462691
ENSG00000182208	11	1469455	1501249
ENSG00000184545	11	1554049	1573078
ENSG00000205869	11	1584340	1585285
ENSG00000205867	11	1597175	1598296
ENSG00000196224	11	1607563	1608465
ENSG00000241598	11	1620956	1622140
ENSG00000185940	11	1629773	1630932
ENSG00000205864	11	1697193	1697757
ENSG00000244242	11	1732404	1750609
ENSG00000250644	11	1734819	1763956
ENSG00000117984	11	1752750	1764575
ENSG00000149043	11	1828305	1837523
ENSG00000130598	11	1838969	1841682
ENSG00000130592	11	1850902	1892269
ENSG00000283787	11	1888076	1917715
ENSG00000130595	11	1919454	1938713
ENSG00000214026	11	1947276	2014945
ENSG00000167244	11	2129110	2158598
ENSG00000284779	11	2129110	2149605
ENSG00000129965	11	2132536	2161211
ENSG00000254647	11	2159777	2161223
ENSG00000180176	11	2163927	2171970
ENSG00000183734	11	2268496	2271042
ENSG00000110665	11	2295626	2303182
ENSG00000064201	11	2301979	2318206
ENSG00000110651	11	2376164	2398081
ENSG00000184281	11	2400486	2403880
ENSG00000070985	11	2404513	2444521
ENSG00000053918	11	2444652	2849107
ENSG00000129757	11	2883211	2885777
ENSG00000110628	11	2899716	2925249
ENSG00000181649	11	2928271	2929595
ENSG00000205531	11	2944427	2992418
ENSG00000110619	11	3000918	3057648
ENSG00000021762	11	3087105	3166741
ENSG00000182170	11	3217942	3218815
ENSG00000184350	11	3225028	3232654
ENSG00000005801	11	3339259	3379224
ENSG00000167311	11	3638501	3643189
ENSG00000129744	11	3645104	3668550
ENSG00000129749	11	3665585	3671386
ENSG00000110713	11	3671081	3797794
ENSG00000148985	11	3797722	3835656
ENSG00000177105	11	3826976	3841348
ENSG00000167323	11	3854525	4093212
ENSG00000167325	11	4094705	4140688
ENSG00000284018	11	4233215	4234289
ENSG00000284306	11	4241639	4242708
ENSG00000283873	11	4287082	4288187
ENSG00000284546	11	4329788	4330866
ENSG00000284438	11	4338243	4339347
ENSG00000221996	11	4367261	4368388
ENSG00000132109	11	4384895	4393749
ENSG00000181963	11	4449293	4450363
ENSG00000196778	11	4482644	4493499
ENSG00000197790	11	4545189	4546146
ENSG00000226288	11	4581741	4593342
ENSG00000232268	11	4594037	4595015
ENSG00000167333	11	4597093	4608240
ENSG00000197428	11	4637475	4643062
ENSG00000180785	11	4643418	4655543
ENSG00000167332	11	4680169	4697861
ENSG00000197674	11	4690421	4697861
ENSG00000167346	11	4704782	4992433
ENSG00000280021	11	4768977	4769940
ENSG00000279270	11	4803431	4804382
ENSG00000176925	11	4821319	4822458
ENSG00000176922	11	4848235	4849210
ENSG00000176900	11	4881817	4882885
ENSG00000176895	11	4903781	4909464
ENSG00000176893	11	4912586	4919352
ENSG00000278870	11	4923372	4924341
ENSG00000205497	11	4942829	4947607
ENSG00000205496	11	4954770	4955715
ENSG00000176798	11	4994849	5005538
ENSG00000205495	11	5046524	5047463
ENSG00000176787	11	5058648	5059629
ENSG00000273085	11	5069570	5070499
ENSG00000171944	11	5128774	5138358
ENSG00000182070	11	5146822	5154759
ENSG00000176742	11	5199733	5200684
ENSG00000244734	11	5225462	5229397
ENSG00000223609	11	5232676	5243700
ENSG00000213934	11	5248202	5249861
ENSG00000284931	11	5248268	5254785
ENSG00000196565	11	5253186	5505607
ENSG00000239920	11	5254390	5678436
ENSG00000213931	11	5268343	5505654
ENSG00000183251	11	5301012	5301948
ENSG00000167355	11	5303442	5505654
ENSG00000279012	11	5323357	5324299
ENSG00000176239	11	5351506	5352448
ENSG00000184698	11	5383810	5393265
ENSG00000167360	11	5422109	5423208
ENSG00000167359	11	5440568	5441516
ENSG00000187918	11	5449321	5456520
ENSG00000181609	11	5488683	5489751
ENSG00000175520	11	5507298	5509960
ENSG00000175518	11	5514391	5518433
ENSG00000181616	11	5544487	5548542
ENSG00000187747	11	5580875	5581886
ENSG00000121236	11	5596107	5612960
ENSG00000258588	11	5596723	5644400
ENSG00000258659	11	5619762	5644400
ENSG00000132256	11	5663193	5938621
ENSG00000132274	11	5689608	5737091
ENSG00000181109	11	5726500	5727466
ENSG00000181023	11	5736446	5738525
ENSG00000181074	11	5754241	5755960
ENSG00000181017	11	5761151	5769082
ENSG00000181009	11	5776163	5783357
ENSG00000181001	11	5786469	5791267
ENSG00000180988	11	5808909	5821494
ENSG00000205409	11	5840926	5841954
ENSG00000183269	11	5856747	5857692
ENSG00000180974	11	5880627	5887081
ENSG00000277932	11	5893206	5902732
ENSG00000184478	11	5938749	5951349
ENSG00000188691	11	5967551	5968496
ENSG00000183313	11	5985890	5986987
ENSG00000183389	11	5999443	6006948
ENSG00000180934	11	6019334	6034340
ENSG00000180919	11	6107682	6108837
ENSG00000255307	11	6169353	6170328
ENSG00000175485	11	6199222	6200188
ENSG00000180878	11	6205555	6211137
ENSG00000051009	11	6211332	6234713
ENSG00000132259	11	6234763	6245924
ENSG00000110148	11	6259696	6272129
ENSG00000170955	11	6318944	6320624
ENSG00000166311	11	6390379	6395000
ENSG00000166313	11	6395109	6419517
ENSG00000110169	11	6426174	6442619
ENSG00000110171	11	6448611	6474461
ENSG00000132254	11	6474681	6481481
ENSG00000132286	11	6481444	6493043
ENSG00000283977	11	6481483	6508980
ENSG00000132275	11	6496504	6603640
ENSG00000179532	11	6497258	6593760
ENSG00000166333	11	6603706	6610876
ENSG00000166337	11	6606292	6612541
ENSG00000166340	11	6612766	6619450
ENSG00000166341	11	6621328	6655836
ENSG00000158042	11	6680362	6683413
ENSG00000188124	11	6765624	6771978
ENSG00000279486	11	6783018	6791560
ENSG00000184933	11	6791734	6799691
ENSG00000166363	11	6845681	6846638
ENSG00000170790	11	6863055	6874719
ENSG00000170782	11	6876623	6877621
ENSG00000166368	11	6891572	6892502
ENSG00000178358	11	6921000	6921996
ENSG00000149054	11	6926341	7001006
ENSG00000149050	11	6996641	7020387
ENSG00000158077	11	7020460	7072057
ENSG00000170748	11	7088996	7091150
ENSG00000170743	11	7238776	7469787
ENSG00000183801	11	7485352	7512899
ENSG00000166387	11	7513296	7658619
ENSG00000166394	11	7662863	7677224
ENSG00000183378	11	7689435	7706479
ENSG00000183303	11	7795972	7796944
ENSG00000182334	11	7824816	7830842
ENSG00000279000	11	7924590	7931270
ENSG00000170683	11	7937169	7941710
ENSG00000182261	11	7957535	7965449
ENSG00000175390	11	7970249	8001864
ENSG00000166402	11	8019191	8106245
ENSG00000166405	11	8092963	8169098
ENSG00000166407	11	8224307	8268809
ENSG00000130413	11	8391862	8594294
ENSG00000166436	11	8612035	8682696
ENSG00000166441	11	8682730	8714761
ENSG00000166444	11	8693341	8910953
ENSG00000166452	11	8911106	8922408
ENSG00000176029	11	8920074	8933008
ENSG00000176009	11	8937576	8943018
ENSG00000175348	11	8946990	8965013
ENSG00000175352	11	8965680	9005290
ENSG00000175356	11	9019474	9138116
ENSG00000184014	11	9138823	9265961
ENSG00000166471	11	9280652	9314689
ENSG00000205339	11	9384602	9448129
ENSG00000166478	11	9460317	9529157
ENSG00000166483	11	9573538	9593459
ENSG00000133789	11	9664056	9753300
ENSG00000133812	11	9776774	10304879
ENSG00000148926	11	10303006	10307399
ENSG00000133805	11	10308160	10507879
ENSG00000110315	11	10511520	10541336
ENSG00000133800	11	10555418	10611691
ENSG00000072952	11	10573075	10693990
ENSG00000198730	11	10750960	10801627
ENSG00000110321	11	10796815	10808949
ENSG00000236287	11	10812072	10858798
ENSG00000110328	11	11270862	11622433
ENSG00000254598	11	11351940	11353252
ENSG00000170242	11	11841421	11961889
ENSG00000050165	11	11956205	12009950
ENSG00000133816	11	12094006	12362142
ENSG00000197702	11	12377132	12549752
ENSG00000187079	11	12674369	12944753
ENSG00000189431	11	13009314	13012121
ENSG00000133794	11	13276645	13388050
ENSG00000148925	11	13387134	13464031
ENSG00000152266	11	13492052	13496183
ENSG00000197601	11	13667460	13732369
ENSG00000262655	11	13962370	14268135
ENSG00000133818	11	14277917	14364508
ENSG00000129083	11	14443355	14500029
ENSG00000256206	11	14493781	14520346
ENSG00000129084	11	14504209	14643637
ENSG00000152270	11	14643661	14874659
ENSG00000186104	11	14877347	14892264
ENSG00000175868	11	14904995	15083703
ENSG00000110680	11	14966620	14972359
ENSG00000188487	11	15112422	15247210
ENSG00000110693	11	15966447	16739593
ENSG00000110696	11	16613130	16758342
ENSG00000166689	11	16777295	17014591
ENSG00000110700	11	17066748	17077731
ENSG00000011405	11	17077728	17207988
ENSG00000070081	11	17208070	17349982
ENSG00000188211	11	17351675	17377343
ENSG00000187486	11	17364080	17389366
ENSG00000006071	11	17392496	17476896
ENSG00000006611	11	17493893	17544437
ENSG00000188162	11	17547257	17647152
ENSG00000129152	11	17719563	17722138
ENSG00000129159	11	17734722	17856813
ENSG00000129158	11	17788041	18013201
ENSG00000129167	11	18017553	18046271
ENSG00000166788	11	18069933	18106110
ENSG00000179826	11	18120953	18138490
ENSG00000179817	11	18172835	18174282
ENSG00000148965	11	18229729	18236862
ENSG00000255071	11	18231421	18248637
ENSG00000134339	11	18238234	18248670
ENSG00000173432	11	18266116	18271132
ENSG00000110756	11	18278666	18322525
ENSG00000110768	11	18322252	18367883
ENSG00000134333	11	18394345	18408427
ENSG00000166796	11	18412284	18452071
ENSG00000166800	11	18455821	18479603
ENSG00000074319	11	18468334	18526967
ENSG00000151116	11	18529605	18588749
ENSG00000247595	11	18588779	18610257
ENSG00000179119	11	18606397	18634793
ENSG00000151117	11	18693120	18705738
ENSG00000179057	11	18704310	18726232
ENSG00000110786	11	18727926	18792723
ENSG00000170255	11	18933497	18939416
ENSG00000183695	11	19054453	19060719
ENSG00000177054	11	19117097	19177714
ENSG00000129170	11	19175979	19210573
ENSG00000129173	11	19223992	19241686
ENSG00000166833	11	19349901	20121603
ENSG00000109851	11	20155023	20160479
ENSG00000109854	11	20355908	20384274
ENSG00000185238	11	20387523	20510858
ENSG00000165970	11	20599592	20659287
ENSG00000165973	11	20669130	21577713
ENSG00000171714	11	21782657	22283569
ENSG00000091664	11	22337851	22379505
ENSG00000183161	11	22622531	22625825
ENSG00000148935	11	22625507	22813805
ENSG00000198168	11	22812153	22830301
ENSG00000255359	11	22846920	22860478
ENSG00000187398	11	24496968	25082714
ENSG00000134343	11	26188785	26663361
ENSG00000169550	11	26559029	26572265
ENSG00000148942	11	26667018	26723429
ENSG00000176971	11	26994110	26997089
ENSG00000129151	11	27040696	27186652
ENSG00000109881	11	27329377	27363295
ENSG00000205213	11	27363977	27472830
ENSG00000148943	11	27476395	27506791
ENSG00000176697	11	27654891	27722060
ENSG00000121621	11	28020616	28108188
ENSG00000169519	11	28108246	28527043
ENSG00000182255	11	30008120	30017045
ENSG00000131808	11	30231012	30235263
ENSG00000152219	11	30323047	30338969
ENSG00000066382	11	30384491	30586929
ENSG00000170959	11	30830367	31369812
ENSG00000170946	11	31369797	31432837
ENSG00000148950	11	31432397	31509658
ENSG00000109911	11	31509743	31790326
ENSG00000007372	11	31784777	31817969
ENSG00000285283	11	31812389	32104667
ENSG00000049449	11	32090966	32107641
ENSG00000184937	11	32387773	32435887
ENSG00000149100	11	32583740	32606266
ENSG00000186714	11	32602244	32795369
ENSG00000135378	11	32829673	32858122
ENSG00000060749	11	32892809	32993318
ENSG00000121690	11	33015874	33033838
ENSG00000176148	11	33039415	33105945
ENSG00000176102	11	33077186	33162373
ENSG00000110422	11	33256670	33357025
ENSG00000110427	11	33376076	33674104
ENSG00000205177	11	33698259	33700828
ENSG00000284969	11	33698259	33722469
ENSG00000085063	11	33703008	33737295
ENSG00000110429	11	33739832	33774545
ENSG00000135363	11	33858561	33892078
ENSG00000135387	11	34051647	34103837
ENSG00000135372	11	34105581	34147672
ENSG00000166016	11	34150985	34358045
ENSG00000121691	11	34438707	34472063
ENSG00000135374	11	34478789	34525195
ENSG00000135373	11	34617042	34663388
ENSG00000149089	11	34853092	34916522
ENSG00000110435	11	34915827	35021341
ENSG00000026508	11	35138719	35232404
ENSG00000110436	11	35251203	35420065
ENSG00000149090	11	35431821	35530302
ENSG00000179431	11	35618458	35620867
ENSG00000166326	11	35662404	35818009
ENSG00000179241	11	35943979	36274288
ENSG00000110442	11	36269282	36289451
ENSG00000135362	11	36296118	36465211
ENSG00000175104	11	36483767	36510310
ENSG00000166349	11	36510346	36593158
ENSG00000175097	11	36575572	36598281
ENSG00000166352	11	36594367	36675697
ENSG00000148948	11	40113410	41459775
ENSG00000166181	11	43311953	43344533
ENSG00000052841	11	43358908	43494935
ENSG00000149084	11	43680507	43857743
ENSG00000166199	11	43880809	43920372
ENSG00000187479	11	43942635	43943880
ENSG00000205126	11	44047979	44059979
ENSG00000110455	11	44065914	44086592
ENSG00000151348	11	44095646	44284515
ENSG00000052850	11	44260438	44310141
ENSG00000085117	11	44564412	44621073
ENSG00000157570	11	44726320	44932429
ENSG00000175274	11	44885901	44951308
ENSG00000019485	11	45095804	45235112
ENSG00000019505	11	45240300	45286349
ENSG00000175264	11	45647687	45666098
ENSG00000181830	11	45804069	45813018
ENSG00000121671	11	45847116	45883250
ENSG00000121653	11	45885591	45906472
ENSG00000234776	11	45906511	45907274
ENSG00000121680	11	45909661	45918856
ENSG00000165905	11	45918144	45929378
ENSG00000135365	11	45929317	46121475
ENSG00000157613	11	46277634	46321424
ENSG00000149091	11	46332663	46380557
ENSG00000110492	11	46380746	46383839
ENSG00000180720	11	46383587	46391992
ENSG00000110497	11	46396412	46594244
ENSG00000180423	11	46601278	46617911
ENSG00000175224	11	46617249	46674820
ENSG00000175220	11	46677073	46700979
ENSG00000175213	11	46701009	46705915
ENSG00000180210	11	46719077	46768568
ENSG00000175216	11	46742766	46846310
ENSG00000134569	11	46856715	46918644
ENSG00000149179	11	46936687	47165537
ENSG00000149182	11	47135665	47177476
ENSG00000165912	11	47177509	47187489
ENSG00000134574	11	47214433	47240557
ENSG00000134575	11	47237596	47249290
ENSG00000025434	11	47248298	47269133
ENSG00000110514	11	47269159	47330040
ENSG00000134571	11	47331404	47352704
ENSG00000066336	11	47354858	47409371
ENSG00000165915	11	47407130	47416589
ENSG00000165916	11	47418763	47426490
ENSG00000165917	11	47436814	47449194
ENSG00000149187	11	47465931	47565571
ENSG00000213619	11	47565334	47584567
ENSG00000110536	11	47565428	47573463
ENSG00000123444	11	47572194	47578984
ENSG00000196666	11	47586205	47589197
ENSG00000172247	11	47589664	47595644
ENSG00000109919	11	47604337	47642700
ENSG00000165923	11	47659589	47715391
ENSG00000109920	11	47716492	47767462
ENSG00000030066	11	47777870	47848563
ENSG00000149177	11	47980412	48170841
ENSG00000175619	11	48216808	48217741
ENSG00000172208	11	48245102	48246017
ENSG00000176567	11	48263859	48264780
ENSG00000176555	11	48306221	48307154
ENSG00000176547	11	48324918	48325957
ENSG00000176540	11	48365483	48366467
ENSG00000237388	11	48488791	48489724
ENSG00000220948	11	48975496	48983887
ENSG00000182053	11	49027499	49038453
ENSG00000214891	11	49053712	49059114
ENSG00000086205	11	49145090	49208643
ENSG00000258817	11	49952389	49953421
ENSG00000221954	11	49981471	49982537
ENSG00000260811	11	50032872	50033796
ENSG00000185926	11	54603067	54604000
ENSG00000225997	11	54682875	54683826
ENSG00000221840	11	54706830	54707904
ENSG00000150244	11	55262153	55271116
ENSG00000181961	11	55343199	55344189
ENSG00000181958	11	55367972	55368920
ENSG00000181939	11	55554305	55555421
ENSG00000279514	11	55572126	55573062
ENSG00000172188	11	55602358	55607647
ENSG00000181927	11	55635111	55640311
ENSG00000174982	11	55648325	55652856
ENSG00000181903	11	55662199	55666197
ENSG00000186886	11	55723774	55729623
ENSG00000279761	11	55773436	55774384
ENSG00000186113	11	55795554	55796502
ENSG00000279395	11	55811365	55812478
ENSG00000186119	11	55819628	55820573
ENSG00000205030	11	55827217	55828156
ENSG00000205029	11	55838750	55839740
ENSG00000124900	11	55883295	55891812
ENSG00000187612	11	55913648	55914584
ENSG00000167825	11	55935454	55936402
ENSG00000174970	11	55965753	55969947
ENSG00000149133	11	55993679	55994627
ENSG00000181785	11	56027652	56038193
ENSG00000172154	11	56093306	56094242
ENSG00000181767	11	56103685	56107660
ENSG00000181761	11	56122371	56123313
ENSG00000167822	11	56134719	56140203
ENSG00000181752	11	56159392	56160319
ENSG00000174957	11	56176616	56177558
ENSG00000254658	11	56208983	56215224
ENSG00000181718	11	56231280	56234257
ENSG00000172489	11	56252252	56253224
ENSG00000181698	11	56274152	56276821
ENSG00000181693	11	56288460	56292256
ENSG00000280314	11	56315142	56320641
ENSG00000150261	11	56346037	56347000
ENSG00000172487	11	56354289	56361513
ENSG00000172199	11	56375622	56376555
ENSG00000272987	11	56412694	56413685
ENSG00000279961	11	56417256	56418234
ENSG00000284732	11	56459219	56473354
ENSG00000150269	11	56462467	56463403
ENSG00000174937	11	56469272	56473354
ENSG00000181371	11	56490433	56491372
ENSG00000255223	11	56542338	56543259
ENSG00000254834	11	56576772	56577723
ENSG00000255012	11	56609234	56614876
ENSG00000172464	11	56641487	56642441
ENSG00000172459	11	56663684	56664620
ENSG00000174914	11	56699093	56703886
ENSG00000172457	11	56741221	56748699
ENSG00000241356	11	56819571	56820518
ENSG00000181282	11	56971048	56971981
ENSG00000181273	11	56988912	56989845
ENSG00000183908	11	57181745	57191719
ENSG00000134817	11	57233575	57237252
ENSG00000149115	11	57299586	57325684
ENSG00000149136	11	57325980	57335954
ENSG00000109991	11	57338344	57374568
ENSG00000156575	11	57376767	57381152
ENSG00000186652	11	57386778	57393856
ENSG00000254979	11	57387363	57424061
ENSG00000134802	11	57406952	57457507
ENSG00000186907	11	57460482	57477536
ENSG00000149150	11	57484062	57515782
ENSG00000134809	11	57524759	57531033
ENSG00000214872	11	57537573	57550620
ENSG00000156587	11	57551654	57568286
ENSG00000149131	11	57597385	57619248
ENSG00000172409	11	57638603	57662757
ENSG00000166793	11	57645085	57649946
ENSG00000156599	11	57667431	57702262
ENSG00000156603	11	57703708	57712350
ENSG00000213593	11	57712363	57742989
ENSG00000288534	11	57712580	57818433
ENSG00000211450	11	57741489	57743556
ENSG00000254732	11	57741777	57804773
ENSG00000233436	11	57743512	57753150
ENSG00000198561	11	57753241	57819548
ENSG00000186509	11	58023879	58181618
ENSG00000279051	11	58030951	58031908
ENSG00000172377	11	58116740	58125532
ENSG00000186513	11	58189068	58194055
ENSG00000197887	11	58203202	58204144
ENSG00000280204	11	58212718	58216086
ENSG00000180475	11	58227880	58228920
ENSG00000172772	11	58266790	58268262
ENSG00000197786	11	58358122	58359071
ENSG00000172769	11	58402462	58406876
ENSG00000172365	11	58421236	58428123
ENSG00000172362	11	58438992	58442238
ENSG00000198283	11	58506805	58508107
ENSG00000110031	11	58526869	58578222
ENSG00000186660	11	58578474	58621676
ENSG00000255073	11	58579170	58624641
ENSG00000242689	11	58622658	58626828
ENSG00000149124	11	58640424	58732012
ENSG00000156689	11	58834063	58904217
ENSG00000166840	11	58905396	59043529
ENSG00000255151	11	59086305	59094788
ENSG00000189057	11	59107183	59128380
ENSG00000166801	11	59142701	59155044
ENSG00000110042	11	59171428	59208602
ENSG00000197629	11	59208508	59213476
ENSG00000176495	11	59358893	59371716
ENSG00000172324	11	59416967	59426415
ENSG00000172320	11	59436467	59451382
ENSG00000166884	11	59456959	59457907
ENSG00000254466	11	59473313	59479363
ENSG00000176200	11	59503574	59504513
ENSG00000172742	11	59511366	59520705
ENSG00000110048	11	59574396	59615794
ENSG00000166889	11	59636468	59669164
ENSG00000172289	11	59712914	59713847
ENSG00000166900	11	59713454	59838304
ENSG00000166902	11	59806136	59811379
ENSG00000134812	11	59829271	59845501
ENSG00000134827	11	59852798	59866491
ENSG00000285231	11	59878780	59896485
ENSG00000284873	11	59938430	59957483
ENSG00000285010	11	59963916	59970359
ENSG00000255393	11	59978018	60031097
ENSG00000149507	11	60040280	60053858
ENSG00000149516	11	60056585	60071117
ENSG00000149534	11	60088259	60098469
ENSG00000110077	11	60169928	60184668
ENSG00000110079	11	60185655	60318313
ENSG00000214787	11	60200268	60243164
ENSG00000166926	11	60327249	60396598
ENSG00000166927	11	60363735	60395956
ENSG00000166928	11	60378528	60417758
ENSG00000166930	11	60429570	60455216
ENSG00000156738	11	60455750	60470754
ENSG00000071203	11	60492694	60507537
ENSG00000204979	11	60515390	60542723
ENSG00000166959	11	60699574	60716629
ENSG00000214782	11	60724718	60745030
ENSG00000166961	11	60756861	60776735
ENSG00000172689	11	60785331	60801307
ENSG00000110104	11	60841979	60851097
ENSG00000183134	11	60850931	60855989
ENSG00000149506	11	60867540	60875695
ENSG00000110107	11	60890545	60906609
ENSG00000110108	11	60912519	60923445
ENSG00000006118	11	60924451	60937161
ENSG00000110446	11	60937058	60952655
ENSG00000013725	11	60971649	61020379
ENSG00000110448	11	61102464	61127954
ENSG00000167987	11	61111000	61167357
ENSG00000229859	11	61203305	61213100
ENSG00000229183	11	61222345	61231696
ENSG00000256713	11	61241173	61251446
ENSG00000167992	11	61255670	61295555
ENSG00000167986	11	61299445	61342598
ENSG00000149476	11	61333203	61354341
ENSG00000162144	11	61348451	61362345
ENSG00000149483	11	61361962	61377892
ENSG00000187049	11	61392391	61400410
ENSG00000149532	11	61402639	61430107
ENSG00000256591	11	61429218	61485824
ENSG00000167985	11	61430030	61473616
ENSG00000162148	11	61481118	61490933
ENSG00000204950	11	61508747	61511020
ENSG00000011347	11	61513712	61581203
ENSG00000134780	11	61680149	61747005
ENSG00000124920	11	61752591	61788520
ENSG00000134825	11	61768453	61792804
ENSG00000168496	11	61792723	61797240
ENSG00000134824	11	61792978	61867356
ENSG00000149485	11	61799622	61829320
ENSG00000221968	11	61873513	61892138
ENSG00000167994	11	61897230	61920291
ENSG00000167995	11	61949806	61965517
ENSG00000167996	11	61959716	61967642
ENSG00000149503	11	62123983	62155476
ENSG00000168515	11	62190214	62193541
ENSG00000124939	11	62208664	62213945
ENSG00000124935	11	62242208	62244814
ENSG00000110484	11	62270156	62273162
ENSG00000197745	11	62296279	62299077
ENSG00000162174	11	62337345	62393417
ENSG00000149021	11	62405101	62423197
ENSG00000124942	11	62433530	62556237
ENSG00000254772	11	62559591	62574088
ENSG00000255508	11	62559601	62591533
ENSG00000149016	11	62575043	62591639
ENSG00000149480	11	62593212	62601929
ENSG00000149499	11	62602214	62612980
ENSG00000149489	11	62611720	62615118
ENSG00000149541	11	62614991	62622182
ENSG00000089597	11	62624819	62646728
ENSG00000185085	11	62646846	62653318
ENSG00000255432	11	62649692	62665180
ENSG00000278615	11	62662813	62665253
ENSG00000162194	11	62662815	62672286
ENSG00000214756	11	62665307	62668498
ENSG00000204922	11	62670271	62674003
ENSG00000162191	11	62676496	62679334
ENSG00000177363	11	62686404	62689611
ENSG00000168000	11	62689287	62709863
ENSG00000234857	11	62690273	62727386
ENSG00000162188	11	62706398	62712085
ENSG00000214753	11	62712628	62727639
ENSG00000310599	11	62726883	62727267
ENSG00000162222	11	62727685	62740295
ENSG00000185670	11	62737170	62758837
ENSG00000168002	11	62761451	62766717
ENSG00000162227	11	62771305	62787344
ENSG00000168569	11	62771627	62792024
ENSG00000185475	11	62787373	62792168
ENSG00000162231	11	62792121	62806304
ENSG00000162236	11	62806858	62832078
ENSG00000283268	11	62832319	62832843
ENSG00000133316	11	62832340	62842230
ENSG00000168003	11	62855968	62888912
ENSG00000168539	11	62907826	62921879
ENSG00000197901	11	62936383	62984975
ENSG00000149452	11	62989152	63017563
ENSG00000197658	11	63077404	63144223
ENSG00000196600	11	63158435	63243790
ENSG00000184999	11	63268020	63311876
ENSG00000149742	11	63369215	63411800
ENSG00000168004	11	63461402	63491230
ENSG00000133317	11	63505964	63519769
ENSG00000133321	11	63529449	63549078
ENSG00000133328	11	63552768	63564159
ENSG00000176485	11	63569748	63616903
ENSG00000184743	11	63624085	63671923
ENSG00000133318	11	63681442	63759911
ENSG00000188070	11	63759890	63769754
ENSG00000168005	11	63813403	63827720
ENSG00000072518	11	63838850	63911022
ENSG00000167771	11	63910990	63919789
ENSG00000110583	11	63938667	63957326
ENSG00000176340	11	63974577	63976545
ENSG00000167770	11	63985851	64001813
ENSG00000133315	11	63998551	64166503
ENSG00000126500	11	64035755	64119405
ENSG00000168439	11	64185270	64204551
ENSG00000149781	11	64205924	64223898
ENSG00000149743	11	64223797	64226825
ENSG00000149761	11	64225939	64230688
ENSG00000110011	11	64230156	64234288
ENSG00000173511	11	64234404	64239266
ENSG00000173486	11	64241001	64244585
ENSG00000286264	11	64241093	64244585
ENSG00000173457	11	64244476	64246958
ENSG00000149782	11	64251496	64269426
ENSG00000002330	11	64269826	64291948
ENSG00000173264	11	64270060	64290692
ENSG00000182450	11	64291300	64300033
ENSG00000219435	11	64300336	64304772
ENSG00000173153	11	64305078	64317861
ENSG00000173113	11	64316458	64318088
ENSG00000126432	11	64317975	64321829
ENSG00000168071	11	64340195	64357536
ENSG00000162302	11	64359132	64372217
ENSG00000168065	11	64555630	64572877
ENSG00000197891	11	64590639	64602355
ENSG00000110076	11	64606172	64723204
ENSG00000068831	11	64726903	64745458
ENSG00000068976	11	64746387	64759992
ENSG00000168066	11	64764603	64778804
ENSG00000168067	11	64784916	64803247
ENSG00000133895	11	64803498	64811296
ENSG00000171219	11	64823049	64844737
ENSG00000110047	11	64851640	64888374
ENSG00000110046	11	64894529	64917251
ENSG00000068971	11	64917551	64934482
ENSG00000149735	11	64934469	64935896
ENSG00000168070	11	64937515	64972115
ENSG00000168062	11	64987943	64997020
ENSG00000213465	11	65013733	65024330
ENSG00000273003	11	65014180	65040572
ENSG00000110025	11	65027402	65040580
ENSG00000168061	11	65040895	65047322
ENSG00000168060	11	65044816	65058560
ENSG00000146670	11	65066297	65084166
ENSG00000162300	11	65084208	65088411
ENSG00000187066	11	65084972	65089377
ENSG00000149823	11	65089322	65111864
ENSG00000149809	11	65111843	65116679
ENSG00000174276	11	65116401	65117703
ENSG00000149806	11	65120180	65122223
ENSG00000162298	11	65121778	65146914
ENSG00000149792	11	65122181	65127373
ENSG00000204710	11	65166135	65173382
ENSG00000014216	11	65180564	65212008
ENSG00000014138	11	65261833	65305961
ENSG00000285816	11	65261926	65326545
ENSG00000149798	11	65298953	65322664
ENSG00000133884	11	65333790	65354264
ENSG00000173825	11	65354744	65357615
ENSG00000162241	11	65375184	65384552
ENSG00000126391	11	65386590	65413528
ENSG00000142186	11	65525042	65538713
ENSG00000168056	11	65538554	65558932
ENSG00000173465	11	65570457	65574205
ENSG00000176973	11	65572347	65574201
ENSG00000173442	11	65575941	65594091
ENSG00000173338	11	65592834	65595998
ENSG00000173327	11	65597147	65615384
ENSG00000197136	11	65615740	65637443
ENSG00000213445	11	65638084	65650932
ENSG00000173039	11	65653597	65663140
ENSG00000172977	11	65711990	65719606
ENSG00000172922	11	65713899	65720990
ENSG00000254470	11	65772721	65781710
ENSG00000172818	11	65786712	65797221
ENSG00000172757	11	65823020	65862028
ENSG00000172803	11	65833662	65856898
ENSG00000172732	11	65857124	65867655
ENSG00000172638	11	65866298	65878499
ENSG00000172543	11	65879807	65883743
ENSG00000172500	11	65883738	65888534
ENSG00000175602	11	65890671	65891637
ENSG00000175592	11	65892047	65900575
ENSG00000175573	11	65916808	65919139
ENSG00000175550	11	65919256	65921567
ENSG00000175513	11	65945478	65960219
ENSG00000175467	11	65961679	65980139
ENSG00000175376	11	65992007	66002474
ENSG00000175334	11	66001830	66004172
ENSG00000175315	11	66011504	66013507
ENSG00000175294	11	66016750	66026481
ENSG00000175229	11	66040746	66049504
ENSG00000087365	11	66050727	66069310
ENSG00000175115	11	66070015	66248640
ENSG00000174996	11	66257265	66267864
ENSG00000174903	11	66268584	66277494
ENSG00000174871	11	66278168	66285303
ENSG00000174851	11	66284251	66289690
ENSG00000179292	11	66291830	66299038
ENSG00000174807	11	66314492	66317046
ENSG00000174791	11	66330239	66336842
ENSG00000174744	11	66337330	66345138
ENSG00000174684	11	66345372	66347858
ENSG00000174669	11	66360099	66372478
ENSG00000174576	11	66421031	66426709
ENSG00000174547	11	66435073	66466740
ENSG00000174516	11	66466301	66479000
ENSG00000254986	11	66479988	66510190
ENSG00000256349	11	66509077	66533615
ENSG00000174483	11	66510604	66534662
ENSG00000174165	11	66520618	66546246
ENSG00000248746	11	66546393	66563336
ENSG00000174080	11	66563460	66568881
ENSG00000182791	11	66590174	66593065
ENSG00000173992	11	66592841	66606705
ENSG00000239306	11	66616592	66629936
ENSG00000248643	11	66616624	66646471
ENSG00000173933	11	66637769	66668382
ENSG00000173914	11	66664992	66677927
ENSG00000173898	11	66682494	66744672
ENSG00000173715	11	66744449	66843518
ENSG00000173653	11	66842833	66848161
ENSG00000173599	11	66848206	66958526
ENSG00000173621	11	66856544	66860477
ENSG00000173237	11	66975270	66977011
ENSG00000173227	11	67006770	67051112
ENSG00000173156	11	67056606	67072046
ENSG00000173120	11	67119245	67258084
ENSG00000173020	11	67266349	67286564
ENSG00000172932	11	67288653	67302488
ENSG00000172830	11	67303476	67312610
ENSG00000172613	11	67317869	67398414
ENSG00000175482	11	67345398	67356974
ENSG00000256514	11	67351570	67373586
ENSG00000175505	11	67364166	67374303
ENSG00000172531	11	67398174	67421185
ENSG00000175463	11	67398452	67410094
ENSG00000172508	11	67414966	67425615
ENSG00000175634	11	67428440	67435416
ENSG00000172725	11	67435508	67443830
ENSG00000213402	11	67435508	67437684
ENSG00000175514	11	67451299	67452731
ENSG00000175544	11	67452404	67461754
ENSG00000172663	11	67461708	67469293
ENSG00000110711	11	67468172	67492036
ENSG00000110697	11	67491073	67506265
ENSG00000167797	11	67506488	67508703
ENSG00000167791	11	67518910	67524519
ENSG00000084207	11	67583521	67592112
ENSG00000167792	11	67605651	67612556
ENSG00000167799	11	67627935	67630114
ENSG00000167800	11	67631301	67639769
ENSG00000132744	11	67642549	67650902
ENSG00000132746	11	67662153	67681226
ENSG00000110057	11	67991098	68004984
ENSG00000006534	11	68008541	68029284
ENSG00000110717	11	68030615	68036651
ENSG00000110719	11	68038975	68050901
ENSG00000110721	11	68052846	68121451
ENSG00000110066	11	68154861	68214136
ENSG00000171067	11	68261333	68272003
ENSG00000162337	11	68312428	68449277
ENSG00000110075	11	68460473	68615345
ENSG00000069482	11	68683018	68691207
ENSG00000132749	11	68705311	68751571
ENSG00000110090	11	68754618	68844412
ENSG00000197345	11	68862380	68903843
ENSG00000132740	11	68903861	68940604
ENSG00000172938	11	68980019	68980988
ENSG00000172935	11	69004374	69014409
ENSG00000162341	11	69048842	69136319
ENSG00000287725	11	69072913	69162442
ENSG00000284713	11	69155476	69162442
ENSG00000172927	11	69294112	69341684
ENSG00000110092	11	69641068	69654476
ENSG00000149716	11	69653070	69675418
ENSG00000162344	11	69698230	69704662
ENSG00000075388	11	69771020	69775346
ENSG00000186895	11	69809966	69819418
ENSG00000131620	11	69985905	70189545
ENSG00000168040	11	70203260	70220617
ENSG00000131626	11	70270653	70385314
ENSG00000085733	11	70397702	70436586
ENSG00000162105	11	70467803	71252846
ENSG00000172893	11	71428191	71452870
ENSG00000172890	11	71453107	71524109
ENSG00000244411	11	71527265	71528671
ENSG00000241233	11	71538023	71539211
ENSG00000254997	11	71548418	71549610
ENSG00000204572	11	71565561	71566737
ENSG00000204571	11	71581853	71603355
ENSG00000289716	11	71804995	71928658
ENSG00000184276	11	71833198	71837712
ENSG00000254469	11	71865502	71928919
ENSG00000225805	11	71878451	71884563
ENSG00000137522	11	71929003	71997599
ENSG00000137496	11	71998611	72007317
ENSG00000137497	11	72002858	72080695
ENSG00000184154	11	72080284	72096897
ENSG00000284922	11	72080329	72110784
ENSG00000149357	11	72085518	72103395
ENSG00000284844	11	72103504	72111548
ENSG00000110200	11	72106368	72113690
ENSG00000110203	11	72114867	72141087
ENSG00000110195	11	72189527	72199331
ENSG00000165457	11	72216599	72221959
ENSG00000165458	11	72223522	72239186
ENSG00000165462	11	72239075	72245666
ENSG00000162129	11	72285493	72434682
ENSG00000186642	11	72576139	72674593
ENSG00000186635	11	72682434	72794049
ENSG00000214530	11	72753214	72794049
ENSG00000168010	11	72814136	72845038
ENSG00000137478	11	72836040	73142487
ENSG00000175591	11	73216662	73242429
ENSG00000171631	11	73264496	73305105
ENSG00000110237	11	73308274	73370788
ENSG00000054967	11	73376323	73397476
ENSG00000054965	11	73400485	73598255
ENSG00000021300	11	73646176	73662821
ENSG00000175582	11	73675636	73761467
ENSG00000175581	11	73787295	73865655
ENSG00000181924	11	73869844	73876984
ENSG00000175575	11	73876697	73931130
ENSG00000187726	11	73951012	73970368
ENSG00000175567	11	73973429	73983544
ENSG00000175564	11	74000275	74009243
ENSG00000168014	11	74012716	74171212
ENSG00000214517	11	74171081	74254716
ENSG00000149380	11	74235799	74311687
ENSG00000165434	11	74330313	74398475
ENSG00000175538	11	74454839	74467745
ENSG00000175536	11	74490501	74493732
ENSG00000077514	11	74493849	74669119
ENSG00000054938	11	74696427	74731627
ENSG00000166439	11	74748830	74842415
ENSG00000166435	11	74807737	74949202
ENSG00000118363	11	74949257	74981635
ENSG00000162139	11	74984359	75020681
ENSG00000171561	11	75081751	75096878
ENSG00000137491	11	75100561	75214683
ENSG00000261594	11	75240772	75243706
ENSG00000137486	11	75260120	75352295
ENSG00000149273	11	75394325	75422306
ENSG00000149243	11	75422392	75433205
ENSG00000158555	11	75434636	75525987
ENSG00000149257	11	75561562	75575648
ENSG00000171533	11	75586914	75669189
ENSG00000166391	11	75717811	75732965
ENSG00000062282	11	75759510	75813867
ENSG00000198382	11	75815172	76144261
ENSG00000085741	11	76186323	76210764
ENSG00000137492	11	76349811	76381146
ENSG00000179240	11	76381301	76414621
ENSG00000158636	11	76444885	76553627
ENSG00000137507	11	76657522	76670870
ENSG00000182704	11	76781401	76798159
ENSG00000078124	11	76860857	77026799
ENSG00000198488	11	77034391	77041975
ENSG00000149260	11	77066959	77126157
ENSG00000254550	11	77102838	77103333
ENSG00000137474	11	77128204	77215243
ENSG00000178795	11	77216553	77301689
ENSG00000149269	11	77321546	77474637
ENSG00000074201	11	77514934	77637815
ENSG00000178301	11	77589389	77635774
ENSG00000048649	11	77660007	77821022
ENSG00000087884	11	77821098	77918695
ENSG00000149262	11	77874416	77994876
ENSG00000151364	11	78015713	78046193
ENSG00000259112	11	78016969	78079867
ENSG00000151365	11	78063658	78068353
ENSG00000151366	11	78068295	78081873
ENSG00000159063	11	78095242	78139662
ENSG00000188997	11	78171231	78188646
ENSG00000118369	11	78188795	78215234
ENSG00000033327	11	78215291	78418350
ENSG00000137513	11	78435537	78575196
ENSG00000149256	11	78652827	79441032
ENSG00000182103	11	82729938	82733866
ENSG00000137509	11	82822379	82970586
ENSG00000165490	11	82899973	82958788
ENSG00000137502	11	82973131	83071931
ENSG00000165494	11	83156986	83187453
ENSG00000137494	11	83193703	83260696
ENSG00000137500	11	83245624	83286392
ENSG00000150672	11	83455010	85628401
ENSG00000171204	11	85628554	85638967
ENSG00000171202	11	85647954	85656549
ENSG00000137504	11	85657740	85682910
ENSG00000179071	11	85683846	85686197
ENSG00000137501	11	85694222	85811184
ENSG00000150676	11	85828905	85920023
ENSG00000073921	11	85957155	86069884
ENSG00000074266	11	86201210	86279813
ENSG00000149196	11	86302179	86346248
ENSG00000149201	11	86374734	86423111
ENSG00000151376	11	86438749	86672638
ENSG00000150687	11	86791057	86954153
ENSG00000174804	11	86945677	86955471
ENSG00000166575	11	87037822	87328826
ENSG00000123892	11	88106128	88175514
ENSG00000109861	11	88265067	88359686
ENSG00000168959	11	88504574	89065992
ENSG00000077498	11	89177873	89295761
ENSG00000086991	11	89321827	89498189
ENSG00000214414	11	89710297	89717874
ENSG00000168930	11	89797653	89808577
ENSG00000189253	11	89870143	89878489
ENSG00000223417	11	89911109	89922247
ENSG00000233802	11	89924062	89933065
ENSG00000204450	11	89966035	89974074
ENSG00000204449	11	90031104	90042027
ENSG00000255009	11	90085948	90087133
ENSG00000077616	11	90131513	90192896
ENSG00000110172	11	90182173	90223138
ENSG00000165323	11	92224649	92896475
ENSG00000134640	11	92969649	92985068
ENSG00000180773	11	93143977	93197995
ENSG00000165325	11	93329969	93438489
ENSG00000166002	11	93478466	93543766
ENSG00000166004	11	93661640	93730360
ENSG00000166012	11	93729946	93784393
ENSG00000182919	11	93741564	93770086
ENSG00000284057	11	93741662	93812380
ENSG00000042429	11	93784225	93814965
ENSG00000214376	11	93818230	93850643
ENSG00000181333	11	94021352	94114210
ENSG00000110218	11	94128826	94185021
ENSG00000183560	11	94304578	94308148
ENSG00000123901	11	94377314	94401430
ENSG00000020922	11	94415568	94512678
ENSG00000168876	11	94493977	94501937
ENSG00000257057	11	94512429	94532202
ENSG00000134627	11	94543838	94621423
ENSG00000196371	11	94543919	94549897
ENSG00000166025	11	94706429	94876750
ENSG00000150316	11	94962618	94975717
ENSG00000186280	11	94973707	94999790
ENSG00000235268	11	95025256	95027598
ENSG00000255855	11	95048140	95051340
ENSG00000263465	11	95066917	95071227
ENSG00000149218	11	95089564	95134195
ENSG00000149212	11	95165511	95232543
ENSG00000077458	11	95768951	95790411
ENSG00000166037	11	95789963	95837072
ENSG00000087053	11	95821764	95925317
ENSG00000184384	11	95976596	96343257
ENSG00000149231	11	96349239	96389958
ENSG00000183340	11	96389987	96507576
ENSG00000149972	11	99020947	100358887
ENSG00000165895	11	100687162	100993943
ENSG00000082175	11	101029622	101129819
ENSG00000137672	11	101447435	101872564
ENSG00000187151	11	101890658	102026458
ENSG00000110318	11	101914995	102001064
ENSG00000137691	11	102047400	102085139
ENSG00000137693	11	102109966	102233536
ENSG00000023445	11	102317449	102339405
ENSG00000110330	11	102347206	102378682
ENSG00000152558	11	102396327	102470386
ENSG00000137673	11	102520506	102530855
ENSG00000137674	11	102576830	102625334
ENSG00000137675	11	102691485	102705780
ENSG00000118113	11	102711794	102727052
ENSG00000166670	11	102770500	102780630
ENSG00000196611	11	102789399	102798169
ENSG00000149968	11	102835799	102843617
ENSG00000262406	11	102862732	102874992
ENSG00000137745	11	102942992	102955742
ENSG00000137692	11	103050684	103092205
ENSG00000187240	11	103109349	103479865
ENSG00000170962	11	103865043	104164393
ENSG00000170967	11	104036638	104039198
ENSG00000204403	11	104885716	104898672
ENSG00000196954	11	104942864	104969368
ENSG00000137757	11	104991930	105023171
ENSG00000137752	11	105023579	105035252
ENSG00000204397	11	105039090	105101433
ENSG00000255501	11	105137712	105531699
ENSG00000152578	11	105609533	105982092
ENSG00000170903	11	105995621	106022412
ENSG00000182359	11	106047226	106077461
ENSG00000149313	11	106075499	106098710
ENSG00000152402	11	106674017	107018540
ENSG00000152404	11	107320140	107457845
ENSG00000137760	11	107502724	107565766
ENSG00000110675	11	107591077	107666973
ENSG00000170290	11	107706976	107719705
ENSG00000110660	11	107790453	107928295
ENSG00000179331	11	107928446	107968145
ENSG00000166266	11	108008819	108107783
ENSG00000075239	11	108116693	108148959
ENSG00000149308	11	108155265	108222661
ENSG00000149311	11	108222786	108369104
ENSG00000166323	11	108308517	108467538
ENSG00000178202	11	108472104	108498605
ENSG00000110723	11	108505433	108593782
ENSG00000178105	11	108665051	108941001
ENSG00000185742	11	109422132	109488876
ENSG00000137710	11	109864293	110297619
ENSG00000149289	11	110093371	110171843
ENSG00000137714	11	110429297	110464916
ENSG00000137727	11	110577040	110713191
ENSG00000150750	11	111245723	111286403
ENSG00000214290	11	111298544	111308737
ENSG00000110777	11	111352253	111455632
ENSG00000137707	11	111467524	111514369
ENSG00000183644	11	111514761	111537045
ENSG00000204381	11	111540278	111565627
ENSG00000170145	11	111602381	111730857
ENSG00000137713	11	111726906	111766715
ENSG00000086848	11	111782193	111872407
ENSG00000258529	11	111786284	111879427
ENSG00000255561	11	111873945	111881245
ENSG00000137720	11	111878933	111885977
ENSG00000109846	11	111908237	111923724
ENSG00000170276	11	111912157	111915100
ENSG00000254445	11	111912734	111926873
ENSG00000149300	11	111918030	111926875
ENSG00000150764	11	111927142	112023093
ENSG00000150768	11	112025031	112064406
ENSG00000150773	11	112052483	112074276
ENSG00000150776	11	112074084	112085154
ENSG00000150779	11	112082728	112086801
ENSG00000204370	11	112086359	112120018
ENSG00000255292	11	112086901	112193807
ENSG00000150782	11	112142699	112164393
ENSG00000150783	11	112167311	112173059
ENSG00000197580	11	112175470	112225897
ENSG00000150787	11	112226057	112270451
ENSG00000188771	11	112248151	112260862
ENSG00000149294	11	112961273	113278438
ENSG00000149292	11	113314541	113383546
ENSG00000170209	11	113387772	113400587
ENSG00000149295	11	113409019	113476404
ENSG00000166682	11	113687541	113706392
ENSG00000086827	11	113729792	113773773
ENSG00000228607	11	113779794	113780487
ENSG00000048028	11	113797868	113875617
ENSG00000149305	11	113904794	113949081
ENSG00000166736	11	113975073	113990315
ENSG00000109906	11	114058333	114256767
ENSG00000166741	11	114257763	114360041
ENSG00000180425	11	114391441	114400513
ENSG00000076053	11	114400028	114414205
ENSG00000255663	11	114400680	114443934
ENSG00000076043	11	114439357	114468151
ENSG00000095110	11	114518840	114559890
ENSG00000137634	11	114570589	114678257
ENSG00000204361	11	114678507	114707071
ENSG00000182985	11	115169216	115504959
ENSG00000137656	11	116748168	116773041
ENSG00000109917	11	116773797	116788479
ENSG00000110243	11	116789012	116793028
ENSG00000110244	11	116820698	116823429
ENSG00000110245	11	116827017	116835256
ENSG00000118137	11	116834675	116842067
ENSG00000160584	11	116843400	117098465
ENSG00000168092	11	117144276	117176896
ENSG00000149577	11	117178728	117197454
ENSG00000149591	11	117197507	117207466
ENSG00000160613	11	117202586	117232630
ENSG00000167257	11	117232152	117287431
ENSG00000186318	11	117285230	117316293
ENSG00000110274	11	117314555	117413618
ENSG00000177103	11	117427770	117817527
ENSG00000137731	11	117800837	117828736
ENSG00000255245	11	117820161	117876669
ENSG00000137726	11	117833021	117877677
ENSG00000137747	11	117900639	117929461
ENSG00000110324	11	117986368	118003039
ENSG00000255274	11	118003632	118088301
ENSG00000137648	11	118076984	118125512
ENSG00000177098	11	118133375	118152908
ENSG00000149575	11	118162804	118176655
ENSG00000160593	11	118193723	118226325
ENSG00000160588	11	118226688	118252377
ENSG00000149573	11	118253414	118264538
ENSG00000198851	11	118304699	118316177
ENSG00000167286	11	118334535	118342715
ENSG00000160654	11	118344336	118355163
ENSG00000110344	11	118359576	118399213
ENSG00000167283	11	118401343	118433280
ENSG00000285827	11	118401600	118482739
ENSG00000118058	11	118436454	118526834
ENSG00000172425	11	118527312	118531199
ENSG00000149582	11	118530634	118548275
ENSG00000118096	11	118544379	118572972
ENSG00000095139	11	118572382	118603035
ENSG00000019144	11	118606394	118658040
ENSG00000118094	11	118657263	118679696
ENSG00000110367	11	118747761	118791228
ENSG00000160683	11	118883866	118897789
ENSG00000186174	11	118893873	118925928
ENSG00000110375	11	118925162	118958561
ENSG00000176302	11	118971621	118981289
ENSG00000186166	11	118998049	119015813
ENSG00000118181	11	119014663	119018726
ENSG00000196655	11	119018731	119025456
ENSG00000137700	11	119023749	119030908
ENSG00000149428	11	119044183	119057254
ENSG00000160695	11	119067787	119082755
ENSG00000256269	11	119084859	119093922
ENSG00000188486	11	119093872	119095467
ENSG00000172269	11	119095977	119108333
ENSG00000172375	11	119102196	119118546
ENSG00000172273	11	119121507	119136061
ENSG00000172350	11	119149027	119162655
ENSG00000160703	11	119166479	119184019
ENSG00000172367	11	119185455	119190229
ENSG00000248712	11	119190053	119206268
ENSG00000110395	11	119206034	119313928
ENSG00000076706	11	119307970	119321523
ENSG00000173456	11	119334525	119337311
ENSG00000223953	11	119338940	119340942
ENSG00000235718	11	119338940	119346707
ENSG00000036672	11	119355213	119381722
ENSG00000154096	11	119415474	119424987
ENSG00000110400	11	119623406	119729490
ENSG00000137699	11	120111284	120185531
ENSG00000184232	11	120210726	120231207
ENSG00000137709	11	120236638	120320042
ENSG00000181264	11	120325178	120335124
ENSG00000196914	11	120336236	120489939
ENSG00000149403	11	120511707	120988908
ENSG00000154114	11	121024068	121092084
ENSG00000285509	11	121024123	121113110
ENSG00000109927	11	121101241	121191492
ENSG00000109929	11	121292679	121313412
ENSG00000137642	11	121451579	121633765
ENSG00000259571	11	122115338	122116217
ENSG00000154127	11	122655720	122814475
ENSG00000109943	11	122829480	122872645
ENSG00000109944	11	122882681	122963867
ENSG00000188909	11	122977568	122981836
ENSG00000109971	11	123057483	123063232
ENSG00000166250	11	123069623	123196699
ENSG00000023171	11	123358249	123627776
ENSG00000166257	11	123629185	123655246
ENSG00000166261	11	123723041	123742515
ENSG00000221931	11	123753578	123754520
ENSG00000196099	11	123805406	123806351
ENSG00000204300	11	123882918	123885672
ENSG00000181518	11	123902165	123909231
ENSG00000171014	11	123939615	123940575
ENSG00000181499	11	123942865	123943840
ENSG00000196248	11	123976659	123977783
ENSG00000198674	11	123994161	123995163
ENSG00000254737	11	124012995	124018734
ENSG00000236981	11	124023011	124023950
ENSG00000234560	11	124026796	124030636
ENSG00000182634	11	124036011	124041327
ENSG00000110002	11	124115402	124147723
ENSG00000197309	11	124183343	124188782
ENSG00000255425	11	124211705	124215830
ENSG00000181214	11	124224730	124225668
ENSG00000197849	11	124241093	124254366
ENSG00000255298	11	124256374	124266226
ENSG00000196341	11	124302829	124315101
ENSG00000279116	11	124319260	124320199
ENSG00000284680	11	124382392	124384501
ENSG00000284609	11	124395532	124399026
ENSG00000280090	11	124423940	124424873
ENSG00000197125	11	124437443	124445698
ENSG00000170953	11	124539633	124545335
ENSG00000196119	11	124566658	124582944
ENSG00000154143	11	124611426	124620358
ENSG00000154144	11	124622790	124648642
ENSG00000110013	11	124633111	124695709
ENSG00000064199	11	124673325	124698314
ENSG00000154146	11	124739937	124749344
ENSG00000019102	11	124747470	124752276
ENSG00000149564	11	124752581	124762325
ENSG00000120458	11	124764682	124800708
ENSG00000154134	11	124865411	124881473
ENSG00000154133	11	124883664	124898502
ENSG00000165478	11	124919203	124936433
ENSG00000221932	11	124919248	124920679
ENSG00000149548	11	124954054	125041651
ENSG00000134955	11	125063065	125090518
ENSG00000150433	11	125094377	125111872
ENSG00000165495	11	125164535	125434289
ENSG00000149557	11	125442879	125592580
ENSG00000149547	11	125536606	125585037
ENSG00000134910	11	125591710	125625222
ENSG00000149554	11	125625161	125676257
ENSG00000134940	11	125671520	125680876
ENSG00000171053	11	125746277	125749869
ENSG00000196844	11	125776111	125778830
ENSG00000236027	11	125788125	125791602
ENSG00000237353	11	125833314	125840074
ENSG00000198331	11	125883612	125900848
ENSG00000110060	11	125892345	125903229
ENSG00000109832	11	125903346	125943704
ENSG00000283703	11	125946042	125958649
ENSG00000064309	11	125955794	126063337
ENSG00000165526	11	126201790	126211694
ENSG00000197798	11	126211685	126265164
ENSG00000182934	11	126255130	126269146
ENSG00000110074	11	126269022	126281758
ENSG00000150455	11	126282495	126298847
ENSG00000110063	11	126303969	126350007
ENSG00000110080	11	126354675	126442295
ENSG00000149571	11	126423356	127003462
ENSG00000134954	11	128458759	128587613
ENSG00000151702	11	128686533	128813269
ENSG00000151704	11	128836313	128874673
ENSG00000120457	11	128890451	128922735
ENSG00000120471	11	128934729	128943401
ENSG00000134909	11	128965058	129279326
ENSG00000043039	11	129375759	129452281
ENSG00000151715	11	129815784	129862081
ENSG00000170322	11	129863085	129895592
ENSG00000170325	11	129899704	130002862
ENSG00000084234	11	130068145	130144813
ENSG00000149418	11	130159739	130210370
ENSG00000196323	11	130226675	130314919
ENSG00000134917	11	130404921	130428734
ENSG00000166106	11	130448633	130476647
ENSG00000120451	11	130866248	130916507
ENSG00000182667	11	131370476	132336824
ENSG00000183715	11	132414975	133532541
ENSG00000166118	11	133840629	133845540
ENSG00000080854	11	133896436	133957024
ENSG00000166086	11	134068996	134152073
ENSG00000151503	11	134149037	134225506
ENSG00000151502	11	134224611	134247796
ENSG00000151500	11	134247919	134253375
ENSG00000151498	11	134253508	134267496
ENSG00000166105	11	134274243	134319581
ENSG00000149328	11	134331884	134378343
ENSG00000109956	11	134378502	134412252
ENSG00000120645	12	66754	178457
ENSG00000111181	12	190067	220146
ENSG00000010379	12	220619	264197
ENSG00000073614	12	279550	389591
ENSG00000120647	12	389271	442647
ENSG00000139044	12	459921	563511
ENSG00000171840	12	562850	663755
ENSG00000060237	12	752534	911454
ENSG00000002016	12	910868	990055
ENSG00000082805	12	989996	1495935
ENSG00000111186	12	1529852	1647245
ENSG00000171823	12	1561839	1594855
ENSG00000006831	12	1688572	1788685
ENSG00000151062	12	1791961	1918668
ENSG00000166159	12	1820265	1836755
ENSG00000151065	12	1939623	2004560
ENSG00000151067	12	1970688	2697952
ENSG00000004478	12	2794288	2806412
ENSG00000111203	12	2812620	2862891
ENSG00000053702	12	2824881	2835546
ENSG00000283297	12	2849024	2857064
ENSG00000111206	12	2857674	2877199
ENSG00000171792	12	2876256	2890263
ENSG00000078246	12	2877221	2941144
ENSG00000197905	12	2959029	3040678
ENSG00000011105	12	3071179	3286566
ENSG00000111218	12	3381347	3593979
ENSG00000130038	12	3606631	3764821
ENSG00000111224	12	3791045	3873461
ENSG00000118971	12	4269753	4306935
ENSG00000285901	12	4273760	4405492
ENSG00000078237	12	4307761	4360030
ENSG00000118972	12	4368225	4379715
ENSG00000111241	12	4428153	4445818
ENSG00000047621	12	4487733	4538521
ENSG00000111247	12	4538773	4560256
ENSG00000010219	12	4562185	4616766
ENSG00000272921	12	4604942	4662645
ENSG00000111254	12	4613381	4649074
ENSG00000139180	12	4649093	4701400
ENSG00000255639	12	4649099	4774186
ENSG00000130035	12	4719868	4851929
ENSG00000151079	12	4809332	4813320
ENSG00000111262	12	4909903	4918258
ENSG00000130037	12	5043877	5052615
ENSG00000185652	12	5432086	5521538
ENSG00000047617	12	5531867	5946234
ENSG00000110799	12	5948875	6124772
ENSG00000010278	12	6199713	6238273
ENSG00000008323	12	6310165	6328936
ENSG00000067182	12	6328755	6342116
ENSG00000111319	12	6345122	6383919
ENSG00000111321	12	6375043	6391573
ENSG00000139193	12	6444931	6451720
ENSG00000139192	12	6451688	6466519
ENSG00000139190	12	6462235	6470950
ENSG00000111639	12	6490202	6493858
ENSG00000010292	12	6493354	6531972
ENSG00000111640	12	6534010	6538932
ENSG00000010295	12	6538959	6556104
ENSG00000111641	12	6556861	6568693
ENSG00000285238	12	6556884	6607369
ENSG00000111642	12	6570079	6614984
ENSG00000184574	12	6618833	6636446
ENSG00000111644	12	6638073	6647443
ENSG00000111653	12	6650280	6663182
ENSG00000126746	12	6665035	6689574
ENSG00000139200	12	6693789	6700861
ENSG00000111652	12	6724012	6732464
ENSG00000089693	12	6747984	6768934
ENSG00000159335	12	6765514	6770954
ENSG00000089692	12	6772358	6778457
ENSG00000010610	12	6786856	6820809
ENSG00000250510	12	6821622	6829974
ENSG00000110811	12	6828218	6839869
ENSG00000111664	12	6839952	6847395
ENSG00000111665	12	6844721	6852355
ENSG00000111667	12	6852096	6866634
ENSG00000111669	12	6867117	6878515
ENSG00000111671	12	6870932	6889360
ENSG00000010626	12	6873453	6914245
ENSG00000111674	12	6913743	6923972
ENSG00000111676	12	6924452	6942324
ENSG00000111678	12	6942917	6946011
ENSG00000111679	12	6946415	6961318
ENSG00000215021	12	6965325	6970843
ENSG00000126749	12	6970763	6979941
ENSG00000290146	12	6970919	6997430
ENSG00000111684	12	6972025	7018781
ENSG00000182326	12	6988257	7071283
ENSG00000159403	12	7080211	7092875
ENSG00000139178	12	7089585	7109247
ENSG00000139194	12	7115734	7128893
ENSG00000139182	12	7128075	7158947
ENSG00000139197	12	7188651	7218576
ENSG00000215009	12	7304070	7328721
ENSG00000177675	12	7346683	7479899
ENSG00000177575	12	7469415	7503913
ENSG00000111701	12	7649398	7665910
ENSG00000184344	12	7689782	7695809
ENSG00000187569	12	7711396	7717563
ENSG00000198178	12	7724644	7751622
ENSG00000205857	12	7765214	7774123
ENSG00000111704	12	7787792	7799155
ENSG00000173262	12	7812510	7891204
ENSG00000059804	12	7919226	8019009
ENSG00000065970	12	8032672	8055524
ENSG00000171860	12	8056842	8066442
ENSG00000089818	12	8076937	8097883
ENSG00000111729	12	8123615	8138609
ENSG00000284393	12	8138138	8175322
ENSG00000196946	12	8157013	8188539
ENSG00000171847	12	8221258	8227623
ENSG00000205846	12	8455948	8479781
ENSG00000166527	12	8509473	8522643
ENSG00000166523	12	8533271	8541081
ENSG00000111732	12	8602153	8613244
ENSG00000197614	12	8637344	8672521
ENSG00000166532	12	8681481	8783097
ENSG00000166535	12	8822464	8887003
ENSG00000111752	12	8913822	8944862
ENSG00000003056	12	8940356	8951858
ENSG00000139187	12	8950042	9165629
ENSG00000175899	12	9067662	9116231
ENSG00000126838	12	9148838	9208412
ENSG00000111796	12	9593886	9607951
ENSG00000069493	12	9664967	9699555
ENSG00000293488	12	9702180	9740385
ENSG00000110848	12	9752484	9760903
ENSG00000150045	12	9827418	9845009
ENSG00000110852	12	9852367	9870637
ENSG00000256797	12	9881487	9895835
ENSG00000188393	12	9898671	9932372
ENSG00000172322	12	9951259	9996104
ENSG00000165682	12	9985640	10013426
ENSG00000256660	12	10010625	10018804
ENSG00000197992	12	10030676	10066033
ENSG00000150048	12	10064395	10115557
ENSG00000172243	12	10116764	10130271
ENSG00000173391	12	10156238	10172145
ENSG00000165685	12	10170510	10191809
ENSG00000139112	12	10212456	10223134
ENSG00000134539	12	10226056	10329610
ENSG00000213809	12	10371336	10391876
ENSG00000255819	12	10372351	10410148
ENSG00000183542	12	10403056	10409759
ENSG00000205810	12	10412307	10420597
ENSG00000255641	12	10412310	10436003
ENSG00000205809	12	10426852	10442302
ENSG00000134545	12	10440409	10454687
ENSG00000180574	12	10505600	10523137
ENSG00000111196	12	10603391	10613618
ENSG00000060140	12	10616639	10674320
ENSG00000060138	12	10693262	10723691
ENSG00000121377	12	10801530	10802629
ENSG00000121314	12	10806049	10807288
ENSG00000121381	12	10809092	10810170
ENSG00000231887	12	10824958	11171610
ENSG00000121318	12	10825217	10826360
ENSG00000111215	12	10845843	11171602
ENSG00000275778	12	10845847	11171600
ENSG00000212128	12	10907924	10909564
ENSG00000134551	12	10929051	10934847
ENSG00000212127	12	10937406	11171575
ENSG00000212126	12	10985911	10986914
ENSG00000255837	12	10995959	10998306
ENSG00000212124	12	11021617	11022622
ENSG00000256436	12	11030385	11031409
ENSG00000226761	12	11061363	11062296
ENSG00000255374	12	11091285	11092315
ENSG00000256188	12	11132956	11134646
ENSG00000256537	12	11171154	11211469
ENSG00000186136	12	11185991	11186939
ENSG00000197870	12	11265912	11269912
ENSG00000230657	12	11307075	11310440
ENSG00000251655	12	11351821	11355593
ENSG00000121335	12	11391538	11501043
ENSG00000139083	12	11649612	11895388
ENSG00000121380	12	12049842	12211086
ENSG00000070018	12	12116023	12267195
ENSG00000111261	12	12320180	12350485
ENSG00000165714	12	12357055	12482334
ENSG00000111266	12	12473280	12563149
ENSG00000111269	12	12611810	12645377
ENSG00000183150	12	12660045	12715992
ENSG00000111276	12	12685496	12722375
ENSG00000178878	12	12725915	12829977
ENSG00000213782	12	12813314	12829984
ENSG00000013588	12	12890780	12917939
ENSG00000111291	12	12940573	12952218
ENSG00000013583	12	12974865	13000312
ENSG00000084444	12	13044183	13142523
ENSG00000111305	12	13083530	13103685
ENSG00000289766	12	13088782	13103486
ENSG00000134531	12	13196527	13219943
ENSG00000273079	12	13437940	13982140
ENSG00000293563	12	13979926	13980897
ENSG00000171681	12	14365437	14502933
ENSG00000121316	12	14503658	14567930
ENSG00000070019	12	14612630	14696654
ENSG00000197837	12	14767997	14771133
ENSG00000246705	12	14774403	14778004
ENSG00000084463	12	14783593	14803512
ENSG00000182993	12	14802862	14906588
ENSG00000179256	12	14804063	14814191
ENSG00000111339	12	14822376	14843632
ENSG00000111341	12	14879366	14905247
ENSG00000139055	12	14912598	14938559
ENSG00000111348	12	14942007	14961987
ENSG00000139053	12	14949825	14982701
ENSG00000134533	12	15107781	15390487
ENSG00000151490	12	15322255	15602177
ENSG00000151491	12	15617904	15882332
ENSG00000023734	12	15881998	15904450
ENSG00000023697	12	15911218	16037383
ENSG00000188991	12	16188483	16277687
ENSG00000008394	12	16270830	16609261
ENSG00000048540	12	16547745	16613170
ENSG00000111404	12	18080867	18320109
ENSG00000139144	12	18242945	18648418
ENSG00000139151	12	18683167	18738102
ENSG00000177938	12	18738117	18742922
ENSG00000052126	12	19129511	19376405
ENSG00000139154	12	19404043	19720803
ENSG00000172572	12	20368320	20688585
ENSG00000139155	12	20695330	20753388
ENSG00000111700	12	20806643	20918232
ENSG00000257046	12	20815672	21090247
ENSG00000257062	12	21047177	21176897
ENSG00000134538	12	21127860	21298067
ENSG00000084453	12	21264598	21419678
ENSG00000121351	12	21354957	21379982
ENSG00000121350	12	21437589	21471252
ENSG00000004700	12	21464718	21501671
ENSG00000111711	12	21501779	21518410
ENSG00000134548	12	21526294	21541251
ENSG00000111713	12	21531543	21604953
ENSG00000285854	12	21536201	21657800
ENSG00000111716	12	21635337	21757892
ENSG00000121361	12	21763937	21775617
ENSG00000069431	12	21797387	21942545
ENSG00000111726	12	22046172	22065676
ENSG00000111728	12	22063771	22437043
ENSG00000111731	12	22448565	22544576
ENSG00000139163	12	22625073	22690667
ENSG00000134532	12	23529502	24562546
ENSG00000060982	12	24809942	24949558
ENSG00000118308	12	25004340	25108491
ENSG00000118307	12	25107807	25195172
ENSG00000205707	12	25192433	25209955
ENSG00000133703	12	25205244	25326475
ENSG00000152936	12	25409305	25648660
ENSG00000123094	12	25958066	26079894
ENSG00000123095	12	26117176	26125108
ENSG00000123096	12	26121989	26299292
ENSG00000123104	12	26335350	26833241
ENSG00000064102	12	26904248	26938333
ENSG00000111790	12	26938399	26966665
ENSG00000064115	12	26954296	27014509
ENSG00000152944	12	27022542	27066345
ENSG00000214700	12	27081055	27084594
ENSG00000211455	12	27243966	27325963
ENSG00000029153	12	27332799	27425291
ENSG00000165935	12	27446734	27502875
ENSG00000110841	12	27523429	27696304
ENSG00000174236	12	27696445	27697598
ENSG00000061794	12	27710794	27756303
ENSG00000205693	12	27762289	27780238
ENSG00000087448	12	27779413	27803042
ENSG00000087494	12	27958082	27972757
ENSG00000123106	12	28133247	28581513
ENSG00000064763	12	29149014	29341132
ENSG00000087502	12	29334761	29381208
ENSG00000187950	12	29412472	29497688
ENSG00000133687	12	29500824	29784761
ENSG00000133704	12	30628979	30695910
ENSG00000110888	12	30709506	30823304
ENSG00000110900	12	30926426	30996604
ENSG00000013573	12	31073280	31104813
ENSG00000139146	12	31280421	31327060
ENSG00000170456	12	31377498	31591203
ENSG00000233381	12	31614455	31652097
ENSG00000139160	12	31647158	31673116
ENSG00000151743	12	31670839	31729218
ENSG00000300510	12	31749389	31755318
ENSG00000188375	12	31791183	31792300
ENSG00000174718	12	31959368	31993116
ENSG00000151746	12	32106641	32383635
ENSG00000139132	12	32399316	32646052
ENSG00000087470	12	32679198	32745652
ENSG00000139131	12	32725783	32755950
ENSG00000057294	12	32790743	32896821
ENSG00000110975	12	33373510	33439998
ENSG00000139133	12	34022459	34035298
ENSG00000175548	12	38316752	38329725
ENSG00000139117	12	38646820	38907432
ENSG00000139116	12	39293226	39443720
ENSG00000173208	12	39547562	39619992
ENSG00000180116	12	39626165	39908302
ENSG00000151229	12	39755023	40106096
ENSG00000188906	12	40196742	40369287
ENSG00000205592	12	40393393	40570834
ENSG00000018236	12	40692429	41073456
ENSG00000165966	12	41188232	41574747
ENSG00000151233	12	42081843	42144890
ENSG00000015153	12	42157102	42238370
ENSG00000134283	12	42238416	42459717
ENSG00000139168	12	42303155	42326259
ENSG00000139174	12	42456751	42590357
ENSG00000173157	12	43352765	43552215
ENSG00000129317	12	43718990	43759195
ENSG00000198001	12	43758936	43798309
ENSG00000151239	12	43793458	43806330
ENSG00000139173	12	43835747	44389764
ENSG00000184613	12	44507417	44921891
ENSG00000185610	12	45011943	45051107
ENSG00000177119	12	45215985	45482282
ENSG00000189079	12	45728908	45908042
ENSG00000139218	12	45919129	45992122
ENSG00000111371	12	46183052	46270072
ENSG00000134294	12	46358183	46372834
ENSG00000139209	12	46763640	46832502
ENSG00000139211	12	47075705	47080931
ENSG00000179715	12	47077943	47236669
ENSG00000005175	12	47660812	47706040
ENSG00000111405	12	47709732	47725569
ENSG00000079337	12	47734178	47771042
ENSG00000211584	12	47753914	47782753
ENSG00000061273	12	47782720	47833134
ENSG00000111424	12	47841535	47943050
ENSG00000134291	12	47963541	47970506
ENSG00000139219	12	47972965	48004691
ENSG00000079387	12	48039782	48106318
ENSG00000152556	12	48105137	48152489
ENSG00000177981	12	48147787	48181215
ENSG00000177875	12	48183642	48185928
ENSG00000172640	12	48202337	48203294
ENSG00000187166	12	48328978	48330281
ENSG00000167528	12	48337178	48351416
ENSG00000139223	12	48472557	48473624
ENSG00000177627	12	48482496	48496526
ENSG00000284723	12	48525630	48526572
ENSG00000198678	12	48559880	48562958
ENSG00000167531	12	48567682	48571867
ENSG00000139620	12	48653209	48682267
ENSG00000129315	12	48687599	48717000
ENSG00000257987	12	48727433	48765792
ENSG00000174233	12	48766189	48789908
ENSG00000167535	12	48813792	48828944
ENSG00000174243	12	48829754	48852844
ENSG00000172602	12	48857132	48865872
ENSG00000134287	12	48903139	48957533
ENSG00000272822	12	48903501	48957367
ENSG00000139537	12	48904103	48931842
ENSG00000134285	12	48921516	48927911
ENSG00000169884	12	48965183	48972671
ENSG00000125084	12	48978320	48982622
ENSG00000181418	12	48995147	48999377
ENSG00000181929	12	49002270	49018822
ENSG00000288710	12	49002272	49024077
ENSG00000167548	12	49018973	49060796
ENSG00000167550	12	49064673	49070129
ENSG00000139549	12	49086654	49094809
ENSG00000139636	12	49096548	49110902
ENSG00000123416	12	49127778	49131400
ENSG00000167552	12	49184144	49189326
ENSG00000167553	12	49188734	49274602
ENSG00000135406	12	49295139	49298688
ENSG00000135451	12	49323163	49331737
ENSG00000186897	12	49332407	49337229
ENSG00000178401	12	49345605	49357548
ENSG00000123352	12	49366238	49528440
ENSG00000135519	12	49539018	49558348
ENSG00000187778	12	49556542	49568152
ENSG00000110844	12	49568216	49644668
ENSG00000135436	12	49582883	49605641
ENSG00000161791	12	49636497	49708167
ENSG00000139644	12	49707723	49764937
ENSG00000167566	12	49790613	49828752
ENSG00000186666	12	49836041	49843135
ENSG00000135472	12	49866894	49904219
ENSG00000167580	12	49950734	49958883
ENSG00000161798	12	49961226	49965684
ENSG00000086159	12	49967192	49977154
ENSG00000161800	12	49976921	50033138
ENSG00000110881	12	50057349	50083623
ENSG00000066117	12	50085194	50101872
ENSG00000167588	12	50103980	50129650
ENSG00000178449	12	50111980	50120465
ENSG00000139624	12	50129287	50167535
ENSG00000050405	12	50175786	50283552
ENSG00000185958	12	50326228	50396624
ENSG00000161813	12	50392381	50480009
ENSG00000066084	12	50504960	50748659
ENSG00000123268	12	50763708	50821164
ENSG00000186452	12	50842918	50887886
ENSG00000185432	12	50923470	50932512
ENSG00000289695	12	50924967	50970702
ENSG00000110911	12	50952058	51028568
ENSG00000214511	12	50952536	50970862
ENSG00000050426	12	51047960	51068963
ENSG00000110925	12	51061203	51083666
ENSG00000135457	12	51093654	51173139
ENSG00000184271	12	51186934	51218088
ENSG00000183283	12	51238722	51272166
ENSG00000170545	12	51244556	51270519
ENSG00000110934	12	51281036	51324670
ENSG00000139610	12	51328440	51346806
ENSG00000139629	12	51351245	51392869
ENSG00000050438	12	51391315	51515765
ENSG00000196876	12	51590264	51812866
ENSG00000284730	12	51813919	51814927
ENSG00000261308	12	51817897	51848731
ENSG00000167612	12	51888007	51891729
ENSG00000139567	12	51906906	51923363
ENSG00000135503	12	51951673	51997084
ENSG00000161835	12	52006939	52015895
ENSG00000123358	12	52022830	52059511
ENSG00000123395	12	52069244	52077497
ENSG00000284791	12	52079702	52108257
ENSG00000167767	12	52168994	52192313
ENSG00000135480	12	52232518	52252188
ENSG00000170442	12	52249298	52309165
ENSG00000205426	12	52285911	52291536
ENSG00000170523	12	52314299	52321400
ENSG00000135443	12	52360004	52367483
ENSG00000161849	12	52377810	52385654
ENSG00000161850	12	52393929	52406337
ENSG00000170454	12	52424068	52434382
ENSG00000185479	12	52446649	52452156
ENSG00000170465	12	52468514	52473807
ENSG00000205420	12	52487174	52493267
ENSG00000186081	12	52514573	52520532
ENSG00000139648	12	52543907	52553147
ENSG00000170484	12	52565149	52573845
ENSG00000170486	12	52585587	52601540
ENSG00000186049	12	52607568	52618561
ENSG00000172867	12	52644556	52652213
ENSG00000167768	12	52674734	52680409
ENSG00000189182	12	52689624	52703526
ENSG00000185069	12	52768153	52777347
ENSG00000186442	12	52789683	52796119
ENSG00000170477	12	52806547	52814118
ENSG00000185640	12	52821406	52834314
ENSG00000170423	12	52837802	52849094
ENSG00000170421	12	52897180	52949956
ENSG00000111057	12	52945686	52952913
ENSG00000063046	12	53006261	53042232
ENSG00000111077	12	53046967	53064623
ENSG00000167778	12	53064314	53079416
ENSG00000167779	12	53097434	53102347
ENSG00000167780	12	53103455	53124540
ENSG00000139631	12	53157661	53180935
ENSG00000139651	12	53180553	53195144
ENSG00000139626	12	53191316	53207312
ENSG00000172819	12	53210564	53232982
ENSG00000283536	12	53241898	53242724
ENSG00000182544	12	53251249	53254408
ENSG00000135476	12	53268246	53293645
ENSG00000123349	12	53295289	53299457
ENSG00000139637	12	53299693	53307183
ENSG00000094914	12	53307454	53324866
ENSG00000170374	12	53326573	53345317
ENSG00000185591	12	53380133	53416448
ENSG00000135409	12	53423670	53431674
ENSG00000205352	12	53441306	53446662
ENSG00000197111	12	53451898	53484620
ENSG00000139625	12	53479667	53500065
ENSG00000139546	12	53500919	53506433
ENSG00000139574	12	53506682	53507493
ENSG00000267281	12	53506689	53625981
ENSG00000170653	12	53507854	53626414
ENSG00000135390	12	53626513	53678660
ENSG00000012822	12	53708515	53727747
ENSG00000123364	12	53938716	53946546
ENSG00000123407	12	53954901	53958958
ENSG00000123388	12	53973124	53977645
ENSG00000180818	12	53985063	53990281
ENSG00000273049	12	53985843	54034890
ENSG00000197757	12	53990622	54030825
ENSG00000180806	12	53994893	54003339
ENSG00000037965	12	54008909	54012771
ENSG00000198353	12	54015895	54056032
ENSG00000172789	12	54033046	54035363
ENSG00000123415	12	54121275	54189010
ENSG00000094916	12	54230940	54280143
ENSG00000135486	12	54280191	54287090
ENSG00000123405	12	54292105	54301261
ENSG00000111481	12	54301200	54351850
ENSG00000139572	12	54362443	54364495
ENSG00000161642	12	54369127	54391340
ENSG00000161638	12	54395259	54419517
ENSG00000170627	12	54455948	54473604
ENSG00000123338	12	54497711	54548245
ENSG00000123360	12	54549549	54579243
ENSG00000135447	12	54575385	54588846
ENSG00000135413	12	54630809	54634897
ENSG00000161634	12	54644587	54648495
ENSG00000172551	12	54830516	54896010
ENSG00000135426	12	54948013	54989106
ENSG00000123307	12	55019966	55030019
ENSG00000170605	12	55126404	55132752
ENSG00000179919	12	55221023	55221977
ENSG00000197706	12	55244607	55256627
ENSG00000188324	12	55293986	55296571
ENSG00000205330	12	55314341	55322366
ENSG00000205329	12	55330041	55332689
ENSG00000187857	12	55362973	55369281
ENSG00000205328	12	55400527	55401469
ENSG00000185821	12	55426252	55427194
ENSG00000179695	12	55444067	55453349
ENSG00000184954	12	55469198	55470140
ENSG00000205327	12	55492376	55493318
ENSG00000179626	12	55549600	55555834
ENSG00000179615	12	55572466	55575614
ENSG00000175398	12	55636890	55637835
ENSG00000135424	12	55679137	55716406
ENSG00000170439	12	55681443	55695750
ENSG00000135441	12	55715909	55720089
ENSG00000258311	12	55716034	55724705
ENSG00000135437	12	55720365	55724716
ENSG00000135404	12	55723509	55737369
ENSG00000135414	12	55743120	55757266
ENSG00000205323	12	55751193	55817914
ENSG00000257390	12	55757273	55827548
ENSG00000123353	12	55818032	55824099
ENSG00000135392	12	55818837	55830826
ENSG00000123342	12	55835431	55843007
ENSG00000170473	12	55901411	55932620
ENSG00000065357	12	55927317	55954029
ENSG00000185664	12	55954102	55973319
ENSG00000123374	12	55966779	55972791
ENSG00000111540	12	55973857	55996685
ENSG00000139531	12	55996853	56006643
ENSG00000123411	12	56007390	56038437
ENSG00000197728	12	56041349	56044699
ENSG00000065361	12	56076797	56103507
ENSG00000257411	12	56101329	56109291
ENSG00000170515	12	56104347	56116331
ENSG00000229117	12	56116583	56117969
ENSG00000135482	12	56118241	56127516
ENSG00000139641	12	56118248	56150109
ENSG00000196465	12	56151964	56159649
ENSG00000092841	12	56158320	56166574
ENSG00000139613	12	56162357	56189589
ENSG00000181852	12	56202177	56224277
ENSG00000139579	12	56221976	56229862
ENSG00000139540	12	56230037	56238216
ENSG00000139645	12	56237805	56258667
ENSG00000135469	12	56266844	56271738
ENSG00000062485	12	56271697	56300397
ENSG00000144785	12	56285914	56316061
ENSG00000257727	12	56308022	56316365
ENSG00000135473	12	56316221	56334055
ENSG00000110944	12	56334172	56340412
ENSG00000170581	12	56338354	56360285
ENSG00000175336	12	56360563	56362864
ENSG00000111602	12	56416361	56449459
ENSG00000135517	12	56449500	56469168
ENSG00000285528	12	56449698	56488172
ENSG00000176422	12	56468535	56479710
ENSG00000135423	12	56470943	56488416
ENSG00000076067	12	56521805	56617039
ENSG00000076108	12	56595594	56636916
ENSG00000110955	12	56637488	56646081
ENSG00000110958	12	56651661	56688410
ENSG00000196531	12	56712303	56731630
ENSG00000285625	12	56714610	56741537
ENSG00000198056	12	56730436	56752386
ENSG00000025423	12	56751815	56788411
ENSG00000170426	12	56923131	56934410
ENSG00000139547	12	56950085	56959376
ENSG00000166856	12	56994485	56998891
ENSG00000166860	12	56998834	57006562
ENSG00000166863	12	57009998	57028885
ENSG00000166866	12	57025260	57051200
ENSG00000166881	12	57055639	57088065
ENSG00000166886	12	57088881	57095478
ENSG00000166888	12	57095401	57132141
ENSG00000123384	12	57128474	57213396
ENSG00000182379	12	57216778	57226451
ENSG00000182199	12	57226552	57234937
ENSG00000185633	12	57234539	57242752
ENSG00000185482	12	57243451	57251197
ENSG00000258830	12	57249607	57296486
ENSG00000179912	12	57253760	57431053
ENSG00000175189	12	57434698	57452069
ENSG00000139269	12	57452321	57459282
ENSG00000111087	12	57459781	57472270
ENSG00000123329	12	57472258	57488833
ENSG00000166986	12	57475443	57517704
ENSG00000175197	12	57516582	57523632
ENSG00000285133	12	57517710	57520482
ENSG00000166987	12	57520708	57530616
ENSG00000175203	12	57529565	57547258
ENSG00000155980	12	57546024	57586635
ENSG00000166908	12	57591159	57603420
ENSG00000178498	12	57604482	57609806
ENSG00000240771	12	57610109	57617247
ENSG00000287908	12	57615278	57626127
ENSG00000135454	12	57623407	57633244
ENSG00000135506	12	57693839	57728344
ENSG00000135439	12	57723759	57742211
ENSG00000135452	12	57738011	57751385
ENSG00000135446	12	57746041	57756015
ENSG00000139266	12	57754938	57760413
ENSG00000111012	12	57762332	57768988
ENSG00000037897	12	57768469	57772133
ENSG00000123427	12	57771490	57782546
ENSG00000257921	12	57772658	57797556
ENSG00000123297	12	57782729	57828657
ENSG00000135407	12	57797374	57818736
ENSG00000175215	12	57819923	57846978
ENSG00000166896	12	57906037	57959150
ENSG00000139263	12	58868788	58920588
ENSG00000118596	12	59595950	59789857
ENSG00000198673	12	61707339	62279152
ENSG00000135655	12	62260072	62417433
ENSG00000061987	12	62466797	62600478
ENSG00000111110	12	62564637	62935165
ENSG00000166148	12	63142757	63151208
ENSG00000177990	12	63558911	63668941
ENSG00000118600	12	63779805	63809794
ENSG00000196935	12	63843754	64162219
ENSG00000174206	12	64182927	64222311
ENSG00000185306	12	64264760	64390783
ENSG00000184575	12	64404166	64451132
ENSG00000183735	12	64452088	64502118
ENSG00000153179	12	64506999	64697569
ENSG00000135677	12	64713440	64759451
ENSG00000111490	12	64759482	64881035
ENSG00000288591	12	64759494	64977511
ENSG00000156076	12	65050563	65121584
ENSG00000174106	12	65169340	65248487
ENSG00000174099	12	65278540	65505158
ENSG00000149948	12	65824222	65966293
ENSG00000139233	12	66114521	66130763
ENSG00000228144	12	66123915	66169987
ENSG00000155957	12	66135844	66170076
ENSG00000090376	12	66188993	66254624
ENSG00000127311	12	66302450	66343645
ENSG00000155974	12	66347429	67069164
ENSG00000111530	12	67269275	67319955
ENSG00000127334	12	67647911	67665408
ENSG00000111537	12	68154766	68159750
ENSG00000111536	12	68201347	68225815
ENSG00000127318	12	68248240	68253606
ENSG00000111554	12	68272441	68332398
ENSG00000127314	12	68610408	68671903
ENSG00000111581	12	68686949	68745811
ENSG00000175782	12	68746078	68793976
ENSG00000135679	12	68808139	68845546
ENSG00000135678	12	68842190	68971572
ENSG00000111605	12	69239541	69279831
ENSG00000090382	12	69348379	69354239
ENSG00000127337	12	69359667	69398007
ENSG00000166225	12	69470347	69579795
ENSG00000166226	12	69585421	69601582
ENSG00000198812	12	69608562	69610909
ENSG00000127325	12	69643358	69699478
ENSG00000127328	12	69738783	69823206
ENSG00000258052	12	69801667	69855365
ENSG00000166268	12	69825220	69959099
ENSG00000111596	12	70242979	70354995
ENSG00000135643	12	70366202	70434294
ENSG00000127329	12	70515868	70637442
ENSG00000153233	12	70638065	70920844
ENSG00000127324	12	71124452	71441900
ENSG00000139292	12	71439793	71586312
ENSG00000133858	12	71606410	71667727
ENSG00000173451	12	71663966	71680646
ENSG00000258064	12	71674202	71698970
ENSG00000139291	12	71686061	71705049
ENSG00000080371	12	71754833	71800288
ENSG00000121749	12	71839705	71927250
ENSG00000139287	12	71938843	72186620
ENSG00000072657	12	72087264	72670760
ENSG00000253719	12	74537833	74545432
ENSG00000166006	12	75038575	75209878
ENSG00000180881	12	75275977	75390952
ENSG00000173401	12	75334668	75370562
ENSG00000180481	12	75391047	75432694
ENSG00000139278	12	75480750	75503865
ENSG00000111615	12	75490861	75511678
ENSG00000139289	12	76025445	76032562
ENSG00000187109	12	76032985	76085626
ENSG00000179941	12	76344472	76348449
ENSG00000091039	12	76351317	76559842
ENSG00000186908	12	76763991	76853942
ENSG00000175183	12	76843863	76879640
ENSG00000165891	12	77021243	77065581
ENSG00000067798	12	77324639	78213293
ENSG00000067715	12	78863648	79452011
ENSG00000177425	12	79574977	79691399
ENSG00000058272	12	79772138	79935462
ENSG00000165899	12	80099535	80380882
ENSG00000139304	12	80402176	80680275
ENSG00000111046	12	80707532	80709672
ENSG00000111049	12	80716904	80719673
ENSG00000111052	12	80792518	80937977
ENSG00000111058	12	80936412	81261212
ENSG00000139220	12	81257973	81759555
ENSG00000133773	12	82223679	82358807
ENSG00000127720	12	82358497	82479241
ENSG00000179104	12	82686878	83134872
ENSG00000072041	12	84859489	84913631
ENSG00000231738	12	85014309	85036279
ENSG00000133640	12	85036312	85264459
ENSG00000180318	12	85280089	85302553
ENSG00000198774	12	85800701	85836591
ENSG00000133636	12	85874160	85882994
ENSG00000182050	12	85955664	86838906
ENSG00000165805	12	87980033	88034039
ENSG00000133641	12	88033844	88050162
ENSG00000198707	12	88049014	88142101
ENSG00000139324	12	88142179	88199889
ENSG00000049130	12	88492787	88580853
ENSG00000139318	12	89347233	89352509
ENSG00000139323	12	89357867	89526203
ENSG00000259075	12	89519406	89526264
ENSG00000257594	12	89519410	89524798
ENSG00000070961	12	89588047	89709644
ENSG00000197651	12	90905620	90955178
ENSG00000083782	12	90963680	91005028
ENSG00000139330	12	91050489	91058026
ENSG00000139329	12	91102524	91111684
ENSG00000011465	12	91140482	91183219
ENSG00000133639	12	92140276	92145856
ENSG00000187510	12	92702841	92772457
ENSG00000102189	12	92770635	92929363
ENSG00000173598	12	93377881	93410299
ENSG00000177889	12	93405671	93442265
ENSG00000198015	12	93442356	93516216
ENSG00000120833	12	93569806	93586597
ENSG00000169372	12	93677373	93894842
ENSG00000136040	12	94148553	94307677
ENSG00000173588	12	94305948	94459990
ENSG00000057704	12	94567120	94650616
ENSG00000184752	12	94877057	95003750
ENSG00000120798	12	95020227	95073643
ENSG00000180263	12	95076747	95217511
ENSG00000028203	12	95217744	95305321
ENSG00000111142	12	95473518	95515937
ENSG00000136014	12	95515924	95553343
ENSG00000074527	12	95657527	95791375
ENSG00000139343	12	95858760	95903830
ENSG00000165972	12	95867046	95942682
ENSG00000139344	12	95943044	95968832
ENSG00000084110	12	95972660	95996367
ENSG00000111144	12	96000296	96043525
ENSG00000111145	12	96193976	96269837
ENSG00000059758	12	96278225	96400599
ENSG00000188596	12	96489569	96875557
ENSG00000139350	12	96907222	96957825
ENSG00000120802	12	98515481	98550353
ENSG00000075415	12	98574409	98606381
ENSG00000166130	12	98613403	98645115
ENSG00000120868	12	98645147	98735435
ENSG00000185046	12	98726455	99984966
ENSG00000180219	12	99647751	99650116
ENSG00000111647	12	100028453	100142891
ENSG00000075089	12	100199120	100241867
ENSG00000166153	12	100203667	100267096
ENSG00000136021	12	100266828	100341995
ENSG00000179520	12	100356840	100422057
ENSG00000012504	12	100455068	100564416
ENSG00000139354	12	100573641	100628290
ENSG00000151572	12	100717219	101128650
ENSG00000256870	12	101155186	101210245
ENSG00000120800	12	101280093	101386620
ENSG00000120805	12	101365307	101407796
ENSG00000166211	12	101474912	101487137
ENSG00000196091	12	101568351	101688687
ENSG00000111666	12	101696945	101778463
ENSG00000139351	12	101728644	101739536
ENSG00000111670	12	101744030	101830986
ENSG00000136048	12	101877288	102012138
ENSG00000120860	12	102011735	102062151
ENSG00000075188	12	102069967	102120260
ENSG00000185480	12	102120120	102197533
ENSG00000183395	12	102196457	102197835
ENSG00000017427	12	102395872	102481859
ENSG00000171759	12	102836887	102958412
ENSG00000139352	12	102957665	102960515
ENSG00000179088	12	103237589	103501756
ENSG00000136011	12	103587265	103766847
ENSG00000111696	12	103770451	103841317
ENSG00000166598	12	103930105	103955908
ENSG00000204954	12	103940761	103966121
ENSG00000139372	12	103965797	103988876
ENSG00000120820	12	103985828	104064470
ENSG00000111727	12	104064518	104106527
ENSG00000120837	12	104117078	104138295
ENSG00000198431	12	104215771	104352788
ENSG00000255150	12	104303737	104305207
ENSG00000171310	12	104455293	104762016
ENSG00000136052	12	104801799	104958761
ENSG00000151131	12	104986294	105074199
ENSG00000136010	12	105019782	105107645
ENSG00000136051	12	105107322	105169403
ENSG00000136044	12	105172483	105236230
ENSG00000235162	12	105235288	105412884
ENSG00000074590	12	106063343	106139147
ENSG00000136026	12	106236446	106304281
ENSG00000166046	12	106301927	106347706
ENSG00000013503	12	106357691	106511224
ENSG00000111783	12	106582689	106762805
ENSG00000111785	12	106774320	106889318
ENSG00000151135	12	106955665	106978884
ENSG00000120832	12	106973118	106987175
ENSG00000008405	12	106991362	107093859
ENSG00000151136	12	107318419	107659644
ENSG00000136045	12	107685758	107713464
ENSG00000110851	12	107732865	107761329
ENSG00000187855	12	107774702	107776646
ENSG00000075035	12	108129126	108250539
ENSG00000174600	12	108288042	108339336
ENSG00000198855	12	108513708	108525839
ENSG00000075856	12	108522212	108561402
ENSG00000136003	12	108562547	108569386
ENSG00000183160	12	108589849	108598322
ENSG00000110876	12	108620411	108633896
ENSG00000110880	12	108645107	108760601
ENSG00000084112	12	108778189	108857639
ENSG00000110887	12	108858930	108901054
ENSG00000166111	12	108907739	109021070
ENSG00000135093	12	109023087	109088025
ENSG00000189046	12	109085152	109098464
ENSG00000076248	12	109097567	109126727
ENSG00000076555	12	109116318	109268228
ENSG00000139445	12	109277976	109309291
ENSG00000174527	12	109347898	109455525
ENSG00000110906	12	109448653	109477361
ENSG00000151148	12	109477373	109536707
ENSG00000139428	12	109553713	109573582
ENSG00000110921	12	109573253	109600611
ENSG00000139438	12	109713817	109770497
ENSG00000111199	12	109783085	109833544
ENSG00000139433	12	109850941	109880551
ENSG00000139437	12	109900262	109983843
ENSG00000139436	12	109929790	109996391
ENSG00000076513	12	109999184	110039765
ENSG00000174456	12	110020351	110073638
ENSG00000122970	12	110124312	110218797
ENSG00000174437	12	110280601	110351095
ENSG00000196510	12	110372504	110403742
ENSG00000111229	12	110434434	110450424
ENSG00000111231	12	110452471	110469270
ENSG00000204856	12	110468403	110492198
ENSG00000111237	12	110469901	110502134
ENSG00000151164	12	110501477	110533558
ENSG00000196850	12	110533243	110583385
ENSG00000204852	12	110614025	110663589
ENSG00000122986	12	110627834	110704952
ENSG00000186298	12	110708364	110742941
ENSG00000173093	12	110846767	110907537
ENSG00000111245	12	110909994	110921445
ENSG00000111249	12	111033721	111350556
ENSG00000198324	12	111360649	111369175
ENSG00000111252	12	111404984	111451625
ENSG00000204842	12	111443483	111599678
ENSG00000089234	12	111642143	111686007
ENSG00000111271	12	111686035	111757147
ENSG00000257767	12	111753888	111791420
ENSG00000111275	12	111766885	111817534
ENSG00000089022	12	111841996	111902224
ENSG00000292259	12	111842235	111842370
ENSG00000198270	12	111893712	112014273
ENSG00000089248	12	112012813	112026068
ENSG00000111300	12	112026687	112109436
ENSG00000135148	12	112125512	112153612
ENSG00000173064	12	112160186	112382445
ENSG00000089009	12	112403953	112418846
ENSG00000179295	12	112418349	112509920
ENSG00000089169	12	112570378	112898883
ENSG00000089127	12	112905854	112933221
ENSG00000111331	12	112938049	112976462
ENSG00000111335	12	112978385	113011725
ENSG00000135144	12	113056677	113098030
ENSG00000111344	12	113096513	113136264
ENSG00000186710	12	113149707	113159528
ENSG00000123064	12	113157171	113185510
ENSG00000139405	12	113185043	113193655
ENSG00000166578	12	113192307	113221105
ENSG00000186815	12	113221048	113301327
ENSG00000089060	12	113298757	113359504
ENSG00000151176	12	113358541	113391631
ENSG00000135094	12	113392421	113426303
ENSG00000139410	12	113409796	113438397
ENSG00000089116	12	113462031	113472282
ENSG00000122965	12	113795723	113966369
ENSG00000089225	12	114353909	114409105
ENSG00000135111	12	114670253	114684416
ENSG00000123066	12	115957903	116277721
ENSG00000258102	12	116548103	116576608
ENSG00000111412	12	116710169	116738084
ENSG00000135119	12	116738176	116853633
ENSG00000135116	12	116856142	116881449
ENSG00000174989	12	116910837	117032500
ENSG00000088992	12	117038921	117099481
ENSG00000135108	12	117141973	117190529
ENSG00000089250	12	117208140	117452172
ENSG00000171435	12	117453010	117969146
ENSG00000111445	12	118013586	118033547
ENSG00000176871	12	118030628	118062432
ENSG00000176834	12	118063591	118136028
ENSG00000089220	12	118136064	118150566
ENSG00000135090	12	118149799	118372941
ENSG00000111707	12	118376502	118418965
ENSG00000139767	12	118981353	119163053
ENSG00000152137	12	119171553	119224857
ENSG00000183273	12	119334696	119541049
ENSG00000224982	12	119593557	119643077
ENSG00000111725	12	119667860	119681631
ENSG00000122966	12	119685106	119877340
ENSG00000135127	12	119988860	120094498
ENSG00000111737	12	120094326	120117504
ENSG00000089154	12	120127200	120194978
ENSG00000089157	12	120196696	120201237
ENSG00000089159	12	120210437	120265802
ENSG00000089163	12	120292160	120313251
ENSG00000170890	12	120322113	120327787
ENSG00000135097	12	120341327	120370230
ENSG00000111775	12	120438088	120440744
ENSG00000111780	12	120438196	120460008
ENSG00000170855	12	120443063	120446417
ENSG00000257218	12	120446442	120463751
ENSG00000111786	12	120456136	120495948
ENSG00000088986	12	120468449	120498915
ENSG00000110871	12	120502668	120534436
ENSG00000022840	12	120533478	120577594
ENSG00000288623	12	120534695	120534959
ENSG00000167272	12	120573576	120581413
ENSG00000157782	12	120640561	120667329
ENSG00000110917	12	120686798	120704287
ENSG00000175970	12	120710424	120723642
ENSG00000122971	12	120725772	120740011
ENSG00000157837	12	120762508	120904416
ENSG00000135100	12	120978541	121002514
ENSG00000157895	12	121000484	121016506
ENSG00000135114	12	121017761	121039248
ENSG00000089041	12	121132783	121188034
ENSG00000135124	12	121209959	121234114
ENSG00000110931	12	121217101	121298310
ENSG00000089053	12	121308241	121399898
ENSG00000170633	12	121400076	121446468
ENSG00000089094	12	121429094	121582288
ENSG00000276045	12	121626507	121643111
ENSG00000139714	12	121648740	121672658
ENSG00000188735	12	121712723	121783003
ENSG00000139725	12	121768281	121803405
ENSG00000139718	12	121803856	121832658
ENSG00000158104	12	121839118	121863598
ENSG00000110801	12	121888723	121918299
ENSG00000256950	12	121888807	121921472
ENSG00000158023	12	121918553	122003929
ENSG00000110987	12	122019420	122062046
ENSG00000175727	12	122078664	122147346
ENSG00000158113	12	122167736	122203473
ENSG00000204671	12	122172027	122174223
ENSG00000176383	12	122203679	122208954
ENSG00000184047	12	122207392	122226085
ENSG00000284934	12	122207660	122227536
ENSG00000256861	12	122207777	122266425
ENSG00000139719	12	122229562	122266504
ENSG00000130779	12	122271430	122422780
ENSG00000033030	12	122471598	122501004
ENSG00000111011	12	122503452	122527102
ENSG00000184445	12	122527244	122628184
ENSG00000182782	12	122701291	122703359
ENSG00000255398	12	122714754	122716813
ENSG00000196917	12	122726074	122730846
ENSG00000139726	12	122752822	122771396
ENSG00000130783	12	122774515	122827530
ENSG00000130787	12	122834451	122862963
ENSG00000139722	12	122865326	122896142
ENSG00000150967	12	122918476	122981651
ENSG00000111325	12	122974578	122980046
ENSG00000182196	12	122980043	122983482
ENSG00000090975	12	122983478	123151668
ENSG00000051825	12	123152318	123244016
ENSG00000130921	12	123232140	123258081
ENSG00000111328	12	123250110	123272336
ENSG00000139697	12	123289107	123365222
ENSG00000183955	12	123384085	123409355
ENSG00000150977	12	123409256	123436758
ENSG00000184209	12	123458076	123473156
ENSG00000188026	12	123467800	123534419
ENSG00000086598	12	123584512	123598584
ENSG00000111364	12	123602071	123620945
ENSG00000111361	12	123620404	123633768
ENSG00000111358	12	123633737	123662606
ENSG00000168778	12	123671108	123708405
ENSG00000185344	12	123712332	123761762
ENSG00000197653	12	123761876	123935722
ENSG00000119242	12	123918658	123974255
ENSG00000179195	12	123971743	124015447
ENSG00000178882	12	123973239	124316026
ENSG00000196498	12	124324405	124567649
ENSG00000073060	12	124776854	124882670
ENSG00000150991	12	124910295	124939926
ENSG00000150990	12	124946822	124989142
ENSG00000184992	12	124993615	125031233
ENSG00000081760	12	125065362	125144566
ENSG00000139364	12	125186384	125662379
ENSG00000181234	12	128267161	128707913
ENSG00000139370	12	128793191	128824041
ENSG00000151948	12	128853425	128984970
ENSG00000151952	12	129071723	129904212
ENSG00000111432	12	130162457	130165742
ENSG00000125207	12	130337861	130372639
ENSG00000060709	12	130396129	130768230
ENSG00000111450	12	130789595	130839299
ENSG00000132341	12	130871991	130877680
ENSG00000111452	12	130953033	131142468
ENSG00000061936	12	131711077	131799740
ENSG00000198598	12	131828391	131853862
ENSG00000177169	12	131894594	131923163
ENSG00000177192	12	131929198	131945898
ENSG00000183495	12	131949796	132080462
ENSG00000185163	12	132136589	132144356
ENSG00000184967	12	132144406	132152475
ENSG00000182870	12	132195853	132329618
ENSG00000112787	12	132489549	132585190
ENSG00000204583	12	132603094	132610585
ENSG00000187848	12	132618769	132622390
ENSG00000177084	12	132623751	132687378
ENSG00000176894	12	132687569	132708578
ENSG00000247077	12	132710780	132722736
ENSG00000176915	12	132725498	132762096
ENSG00000090615	12	132768900	132829145
ENSG00000072609	12	132822185	132956306
ENSG00000196458	12	132918304	132956332
ENSG00000198393	12	132986183	133032954
ENSG00000198040	12	133037260	133063306
ENSG00000196387	12	133080386	133107983
ENSG00000214029	12	133104777	133130487
ENSG00000256223	12	133130347	133159467
ENSG00000256825	12	133130982	133202371
ENSG00000090612	12	133181407	133214834
ENSG00000227059	12	133218310	133235879
ENSG00000198033	13	19173768	19181826
ENSG00000132958	13	19422874	19561627
ENSG00000121390	13	19568247	19783021
ENSG00000196199	13	19633629	19673443
ENSG00000132950	13	19823480	19864937
ENSG00000121741	13	19958671	20091858
ENSG00000121743	13	20138250	20161617
ENSG00000165474	13	20187461	20192982
ENSG00000121742	13	20221960	20232452
ENSG00000165475	13	20403664	20525895
ENSG00000032742	13	20566598	20691699
ENSG00000172458	13	20702125	20723101
ENSG00000150456	13	20722387	20773993
ENSG00000132953	13	20777327	20903050
ENSG00000150457	13	20973027	21061607
ENSG00000150459	13	21140117	21149454
ENSG00000165480	13	21152059	21176607
ENSG00000173141	13	21176323	21179144
ENSG00000180776	13	21348782	21459469
ENSG00000165487	13	21492689	21604218
ENSG00000102678	13	21671065	21704504
ENSG00000102683	13	23160009	23325960
ENSG00000151835	13	23288687	23433765
ENSG00000127863	13	23570192	23676107
ENSG00000027001	13	23729998	23889450
ENSG00000205863	13	23891096	23897504
ENSG00000182957	13	23979675	24307076
ENSG00000273167	13	23979698	24321033
ENSG00000240654	13	24307164	24322537
ENSG00000102699	13	24420929	24512927
ENSG00000075673	13	24680406	24712553
ENSG00000132972	13	24764167	24879923
ENSG00000151849	13	24882274	24922891
ENSG00000151846	13	25096134	25099256
ENSG00000165566	13	25161677	25172290
ENSG00000139505	13	25245493	25287548
ENSG00000139496	13	25301521	25365392
ENSG00000132932	13	25371895	26025853
ENSG00000180730	13	26044495	26052025
ENSG00000127870	13	26132110	26222551
ENSG00000132964	13	26253889	26420994
ENSG00000132970	13	26557648	26688950
ENSG00000132975	13	26755198	26761030
ENSG00000152484	13	27066144	27171887
ENSG00000122026	13	27251281	27266552
ENSG00000122035	13	27270784	27275194
ENSG00000122034	13	27424582	27435825
ENSG00000122033	13	27429821	27450615
ENSG00000139517	13	27545909	27621356
ENSG00000186184	13	27620740	27744239
ENSG00000169840	13	27792481	27794770
ENSG00000139515	13	27919992	27926315
ENSG00000165556	13	27959644	27975985
ENSG00000183463	13	27977715	27988695
ENSG00000122025	13	28003272	28100594
ENSG00000152520	13	28138191	28295337
ENSG00000102755	13	28299538	28495290
ENSG00000132963	13	28659038	28681319
ENSG00000139508	13	28659980	28719020
ENSG00000132938	13	28819904	29505949
ENSG00000139514	13	29509408	29595794
ENSG00000122042	13	29764272	29850712
ENSG00000102781	13	30202628	30307556
ENSG00000236444	13	30422486	30429760
ENSG00000189403	13	30456702	30618874
ENSG00000132952	13	30617691	30660772
ENSG00000132965	13	30713476	30765074
ENSG00000102802	13	30906198	30925576
ENSG00000175664	13	30932637	30982524
ENSG00000120694	13	31134874	31162390
ENSG00000187676	13	31199958	31332278
ENSG00000133105	13	31739524	31803391
ENSG00000073910	13	31846711	32299127
ENSG00000189167	13	32303697	32315365
ENSG00000139618	13	32315084	32400270
ENSG00000139597	13	32400721	32428332
ENSG00000244754	13	32432415	32539158
ENSG00000083642	13	32586313	32778322
ENSG00000133116	13	33016414	33066145
ENSG00000133121	13	33103135	33350687
ENSG00000133119	13	33818047	34031336
ENSG00000172915	13	34942268	35673024
ENSG00000180660	13	35473417	35478766
ENSG00000133083	13	35768650	36132166
ENSG00000120669	13	36168215	36214590
ENSG00000250709	13	36168792	36297844
ENSG00000242715	13	36222002	36297875
ENSG00000133104	13	36301636	36370219
ENSG00000133101	13	36431509	36442961
ENSG00000180440	13	36673796	36698459
ENSG00000133111	13	36819186	36848171
ENSG00000120693	13	36844829	36920889
ENSG00000120697	13	36949562	37000765
ENSG00000120699	13	36998814	37025883
ENSG00000102710	13	37006025	37059730
ENSG00000180138	13	37103257	37105666
ENSG00000133110	13	37562580	37598857
ENSG00000133107	13	37632061	37870346
ENSG00000120686	13	38349526	38363621
ENSG00000150893	13	38687068	38887133
ENSG00000133115	13	38965923	38990873
ENSG00000120685	13	39009858	39038123
ENSG00000188811	13	39038299	39050111
ENSG00000183722	13	39209114	39603737
ENSG00000133103	13	39655625	39791668
ENSG00000150907	13	40555665	40667614
ENSG00000102738	13	40727692	40771353
ENSG00000102743	13	40789407	40812462
ENSG00000120690	13	40931239	41061694
ENSG00000120688	13	41060605	41084014
ENSG00000165572	13	41127567	41132804
ENSG00000120696	13	41189832	41194571
ENSG00000120662	13	41216143	41311833
ENSG00000172766	13	41311223	41377163
ENSG00000102760	13	41456947	41470885
ENSG00000102763	13	41566832	41961145
ENSG00000102780	13	42040034	42256580
ENSG00000023516	13	42271468	42323285
ENSG00000120659	13	42562734	42608015
ENSG00000179813	13	42781546	42793377
ENSG00000133106	13	42886385	42992394
ENSG00000120675	13	43023201	43114215
ENSG00000120658	13	43213002	43787330
ENSG00000151773	13	43823907	43880037
ENSG00000179630	13	43878915	43895094
ENSG00000281883	13	43883798	44028528
ENSG00000151778	13	44372084	44397718
ENSG00000102804	13	44432141	44577435
ENSG00000083635	13	44937962	44989495
ENSG00000133114	13	44989527	45037671
ENSG00000188342	13	45120438	45284910
ENSG00000180332	13	45192851	45201047
ENSG00000133112	13	45320397	45341286
ENSG00000174032	13	45393314	45434699
ENSG00000136152	13	45464876	45536703
ENSG00000165837	13	45534520	45615741
ENSG00000174015	13	45702318	45714561
ENSG00000215475	13	45777240	45851769
ENSG00000123200	13	45954362	46052783
ENSG00000080618	13	46052956	46105109
ENSG00000136167	13	46125918	46211873
ENSG00000173988	13	46211926	46277117
ENSG00000102445	13	46334679	46438192
ENSG00000136141	13	46553128	46753268
ENSG00000139684	13	46770318	46799774
ENSG00000102468	13	46831544	46897093
ENSG00000136143	13	47745734	48037970
ENSG00000136146	13	48001821	48095152
ENSG00000136159	13	48037512	48054198
ENSG00000136156	13	48232610	48270359
ENSG00000139687	13	48303708	48599438
ENSG00000139679	13	48327362	48444706
ENSG00000136161	13	48488856	48536008
ENSG00000152207	13	48653707	48711229
ENSG00000102531	13	48975791	49209781
ENSG00000102539	13	49220116	49225203
ENSG00000102543	13	49247861	49293492
ENSG00000102547	13	49308627	49444344
ENSG00000136169	13	49443792	49495005
ENSG00000136147	13	49495093	49528991
ENSG00000136144	13	49531937	49586742
ENSG00000152213	13	49628462	49634844
ENSG00000123179	13	49660672	49691615
ENSG00000102753	13	49697742	49793070
ENSG00000123178	13	49912700	49936515
ENSG00000204977	13	49935918	50020483
ENSG00000198553	13	50015252	50022367
ENSG00000186047	13	50519362	50843941
ENSG00000136104	13	50909744	51024122
ENSG00000226792	13	51082117	51200254
ENSG00000150510	13	51221942	51284243
ENSG00000253309	13	51335771	51364737
ENSG00000102786	13	51354075	51454266
ENSG00000139668	13	51583877	51767711
ENSG00000102796	13	51751928	51804189
ENSG00000285444	13	51763949	51845161
ENSG00000281106	13	51813345	51845274
ENSG00000123171	13	51861967	51866234
ENSG00000123191	13	51930434	52012200
ENSG00000253710	13	52011710	52079234
ENSG00000253797	13	52024689	52034198
ENSG00000197168	13	52033609	52129096
ENSG00000136098	13	52130731	52159857
ENSG00000136114	13	52360300	52416375
ENSG00000136100	13	52411115	52450690
ENSG00000136108	13	52455427	52476642
ENSG00000139675	13	52642429	52643775
ENSG00000165416	13	52652445	52700911
ENSG00000136110	13	52703196	52740144
ENSG00000136099	13	52842887	52848643
ENSG00000102837	13	53028764	53053265
ENSG00000204919	13	57140916	57143941
ENSG00000229665	13	57140916	57157084
ENSG00000204918	13	57147486	57150511
ENSG00000227151	13	57160630	57163655
ENSG00000234278	13	57167195	57170220
ENSG00000118946	13	57631427	57729313
ENSG00000139734	13	59665581	60163971
ENSG00000083544	13	60396455	60573881
ENSG00000280165	13	61408963	61415851
ENSG00000197991	13	61409856	61427851
ENSG00000237378	13	63746739	63751082
ENSG00000285566	13	63832359	63833055
ENSG00000184226	13	66302832	67230457
ENSG00000150361	13	69700451	70108495
ENSG00000276644	13	71437918	71867366
ENSG00000204899	13	72708355	72727831
ENSG00000136122	13	72727747	72756200
ENSG00000083520	13	72752167	72782114
ENSG00000083535	13	72781639	73018647
ENSG00000102554	13	73054974	73077588
ENSG00000118922	13	73686020	74168333
ENSG00000136111	13	75283486	75482662
ENSG00000188243	13	75525212	75549441
ENSG00000118939	13	75549481	75610086
ENSG00000136153	13	75620432	75859872
ENSG00000178695	13	76880173	76886407
ENSG00000102794	13	76948509	76958640
ENSG00000102805	13	76990658	77063030
ENSG00000283208	13	76992076	77129591
ENSG00000005812	13	76992596	77027213
ENSG00000005810	13	77042472	77327107
ENSG00000288716	13	77326903	77326990
ENSG00000136155	13	77535603	77646772
ENSG00000139737	13	77697685	77764616
ENSG00000136160	13	77895479	77975531
ENSG00000152192	13	78598360	78603554
ENSG00000152193	13	78612771	78659193
ENSG00000139746	13	79311811	79406479
ENSG00000102471	13	79481148	79556079
ENSG00000136158	13	80335516	80342985
ENSG00000178235	13	83877203	83882476
ENSG00000184564	13	85790681	85806685
ENSG00000165300	13	87671353	87696274
ENSG00000179399	13	91398583	92873684
ENSG00000183098	13	93226805	94408022
ENSG00000080166	13	94436809	94479684
ENSG00000088451	13	94574039	94596288
ENSG00000152749	13	94601786	94653093
ENSG00000125285	13	94709620	94712547
ENSG00000125257	13	95019829	95301824
ENSG00000134873	13	95433592	95603308
ENSG00000134874	13	95578200	95644742
ENSG00000102580	13	95676598	95794990
ENSG00000102595	13	95801578	96053484
ENSG00000185352	13	96090097	96839564
ENSG00000165621	13	96985711	96994732
ENSG00000139793	13	97221432	97399382
ENSG00000125249	13	97433712	97469130
ENSG00000065150	13	97953656	98024804
ENSG00000152767	13	98142163	98455178
ENSG00000139797	13	98175783	98177271
ENSG00000102572	13	98445183	98577942
ENSG00000088386	13	98683691	98752882
ENSG00000088387	13	98793427	99087451
ENSG00000134882	13	99200756	99386506
ENSG00000125245	13	99254729	99261746
ENSG00000169508	13	99291818	99307476
ENSG00000125304	13	99446309	99564050
ENSG00000125246	13	99606629	99909461
ENSG00000139800	13	99962962	99971769
ENSG00000043355	13	99981264	99986767
ENSG00000175198	13	100089013	100530439
ENSG00000134864	13	100525256	100589530
ENSG00000125247	13	100603623	100675635
ENSG00000102452	13	101053771	101416517
ENSG00000198542	13	101452432	101721410
ENSG00000102466	13	101710802	102402459
ENSG00000134900	13	102596934	102679960
ENSG00000139780	13	102684833	102695046
ENSG00000175820	13	102729365	102759074
ENSG00000151287	13	102765814	102775377
ENSG00000134901	13	102784279	102800320
ENSG00000134897	13	102799099	102841750
ENSG00000270181	13	102799108	102875996
ENSG00000134899	13	102845829	102875997
ENSG00000250878	13	102880038	102896035
ENSG00000125255	13	103043996	103066419
ENSG00000182346	13	105465865	105491036
ENSG00000125266	13	106489743	106535671
ENSG00000134884	13	106541671	106568167
ENSG00000204442	13	107163508	107867498
ENSG00000174405	13	108207437	108218375
ENSG00000139826	13	108218165	108234491
ENSG00000102524	13	108251238	108308486
ENSG00000041515	13	108596150	109208007
ENSG00000185950	13	109752693	109786636
ENSG00000187498	13	110148961	110307204
ENSG00000134871	13	110305776	110513211
ENSG00000139832	13	110523064	110562129
ENSG00000213995	13	110615503	110643088
ENSG00000134905	13	110641407	110713605
ENSG00000153487	13	110712734	110748946
ENSG00000088448	13	110878537	110915211
ENSG00000102606	13	111114557	111305739
ENSG00000153495	13	111316182	111344251
ENSG00000182968	13	112067147	112071708
ENSG00000153498	13	112376307	112434697
ENSG00000126216	13	112485003	112588207
ENSG00000068650	13	112689909	112887179
ENSG00000126217	13	112894328	113100414
ENSG00000057593	13	113105760	113120687
ENSG00000126218	13	113122769	113149533
ENSG00000126231	13	113158386	113173627
ENSG00000126226	13	113177115	113209460
ENSG00000139842	13	113208191	113267110
ENSG00000185896	13	113297086	113324415
ENSG00000139835	13	113320005	113364167
ENSG00000153531	13	113399609	113453916
ENSG00000150401	13	113455287	113490986
ENSG00000150403	13	113490717	113554592
ENSG00000198176	13	113584523	113641511
ENSG00000186009	13	113648802	113658200
ENSG00000185974	13	113667217	113740561
ENSG00000184497	13	113759192	113816997
ENSG00000183087	13	113820466	113864125
ENSG00000283199	13	113953703	113974078
ENSG00000185989	13	113977781	114132777
ENSG00000283361	13	114154689	114223087
ENSG00000130177	13	114234854	114273447
ENSG00000169062	13	114281440	114305819
ENSG00000198824	13	114314480	114337628
ENSG00000257115	14	18601115	18602099
ENSG00000222036	14	18967432	19003754
ENSG00000187537	14	19402484	19434343
ENSG00000258453	14	19712934	19713885
ENSG00000176294	14	19719013	19830255
ENSG00000182652	14	19743569	19749471
ENSG00000176299	14	19773502	19783698
ENSG00000176290	14	19868195	19869145
ENSG00000165762	14	19875140	19883934
ENSG00000176281	14	19920605	19921580
ENSG00000155249	14	19930915	19936759
ENSG00000169488	14	19975589	19976567
ENSG00000196383	14	19999911	20004762
ENSG00000169484	14	20014141	20019309
ENSG00000176253	14	20029397	20036040
ENSG00000176246	14	20060043	20060985
ENSG00000176230	14	20110737	20122201
ENSG00000184394	14	20138818	20145473
ENSG00000196832	14	20190894	20201077
ENSG00000176219	14	20223708	20224704
ENSG00000258806	14	20229400	20230348
ENSG00000176198	14	20239284	20244351
ENSG00000136319	14	20256556	20305970
ENSG00000100814	14	20311351	20333319
ENSG00000129484	14	20343539	20362076
ENSG00000129566	14	20365665	20413509
ENSG00000185271	14	20425850	20436171
ENSG00000092094	14	20446399	20455091
ENSG00000100823	14	20454523	20458038
ENSG00000165782	14	20457654	20461619
ENSG00000198805	14	20461990	20477096
ENSG00000182545	14	20505535	20513886
ENSG00000188655	14	20556091	20561051
ENSG00000173464	14	20582890	20609886
ENSG00000259060	14	20582890	20609797
ENSG00000258436	14	20590071	20591378
ENSG00000181803	14	20640694	20641693
ENSG00000258818	14	20681071	20701218
ENSG00000214274	14	20682864	20698973
ENSG00000259171	14	20684585	20700578
ENSG00000181562	14	20745885	20748382
ENSG00000181552	14	20768402	20770950
ENSG00000169413	14	20781029	20783795
ENSG00000129538	14	20801226	20802886
ENSG00000169397	14	20882392	20892350
ENSG00000169385	14	20955343	20956438
ENSG00000165792	14	20989773	20997037
ENSG00000165794	14	20999253	21001873
ENSG00000165795	14	21016582	21071096
ENSG00000179636	14	21024084	21036278
ENSG00000206150	14	21032816	21034809
ENSG00000165799	14	21042314	21044236
ENSG00000173431	14	21057820	21058457
ENSG00000165801	14	21069624	21090271
ENSG00000165804	14	21089466	21104724
ENSG00000232070	14	21098809	21103726
ENSG00000169327	14	21148368	21159062
ENSG00000092199	14	21207373	21269794
ENSG00000092200	14	21280081	21351303
ENSG00000092201	14	21351287	21384044
ENSG00000100888	14	21385192	21456128
ENSG00000129472	14	21458702	21476975
ENSG00000092203	14	21476595	21504236
ENSG00000165819	14	21498125	21511432
ENSG00000165821	14	21521078	21537232
ENSG00000169208	14	21568518	21580078
ENSG00000255582	14	21633834	21634942
ENSG00000221977	14	21653833	21667644
ENSG00000276240	14	21667884	21673820
ENSG00000129562	14	22564900	22589247
ENSG00000100439	14	22598241	22612965
ENSG00000255804	14	22630927	22644354
ENSG00000155463	14	22766520	22776357
ENSG00000155465	14	22773220	22829822
ENSG00000172590	14	22829869	22836026
ENSG00000157227	14	22836530	22849043
ENSG00000197324	14	22871707	22881715
ENSG00000139890	14	22883134	22887688
ENSG00000100461	14	22893202	22919184
ENSG00000100462	14	22920106	22929460
ENSG00000092036	14	22946226	22957163
ENSG00000259132	14	22946268	22982260
ENSG00000129474	14	22971175	22982649
ENSG00000100802	14	22985892	23010531
ENSG00000100804	14	23016538	23035241
ENSG00000222028	14	23042210	23044062
ENSG00000139880	14	23047060	23057670
ENSG00000100813	14	23058559	23095616
ENSG00000179933	14	23094690	23100458
ENSG00000283654	14	23099060	23105020
ENSG00000092067	14	23117034	23120258
ENSG00000092068	14	23125293	23183685
ENSG00000215277	14	23185314	23273479
ENSG00000290292	14	23258695	23299798
ENSG00000235194	14	23295650	23302952
ENSG00000129473	14	23298788	23313071
ENSG00000258643	14	23306831	23326177
ENSG00000100836	14	23321445	23326178
ENSG00000092096	14	23346312	23352914
ENSG00000100842	14	23353246	23366289
ENSG00000166090	14	23372807	23376405
ENSG00000166091	14	23376625	23379774
ENSG00000197616	14	23380204	23408947
ENSG00000092054	14	23412730	23436139
ENSG00000129460	14	23469462	23510026
ENSG00000136367	14	23520849	23556194
ENSG00000259431	14	23555986	23560780
ENSG00000213983	14	23559553	23569509
ENSG00000092051	14	23568033	23578858
ENSG00000100867	14	23630113	23645641
ENSG00000157326	14	23953711	23969281
ENSG00000187630	14	23969872	24006410
ENSG00000186648	14	24051385	24069736
ENSG00000100884	14	24070835	24078102
ENSG00000129535	14	24078660	24115028
ENSG00000100889	14	24094051	24110600
ENSG00000100897	14	24114008	24125617
ENSG00000259371	14	24120954	24131831
ENSG00000139914	14	24130657	24132851
ENSG00000092010	14	24136140	24138969
ENSG00000100908	14	24138956	24142025
ENSG00000100911	14	24143358	24147572
ENSG00000092098	14	24146681	24160662
ENSG00000259529	14	24147546	24166454
ENSG00000213928	14	24161099	24168045
ENSG00000100918	14	24171851	24180925
ENSG00000196497	14	24180041	24188992
ENSG00000259522	14	24180393	24190418
ENSG00000100926	14	24189138	24196289
ENSG00000254692	14	24189155	24213475
ENSG00000139908	14	24205694	24208364
ENSG00000254505	14	24209579	24213832
ENSG00000213920	14	24213937	24216072
ENSG00000255526	14	24213953	24232354
ENSG00000129559	14	24216800	24232541
ENSG00000100938	14	24232209	24239248
ENSG00000092330	14	24234007	24242668
ENSG00000092295	14	24249112	24264434
ENSG00000100949	14	24265466	24271622
ENSG00000157379	14	24290592	24300138
ENSG00000196943	14	24299823	24309126
ENSG00000136305	14	24305185	24311456
ENSG00000213906	14	24305732	24312055
ENSG00000213903	14	24311186	24318038
ENSG00000129467	14	24318089	24335210
ENSG00000129465	14	24336023	24340024
ENSG00000100968	14	24365671	24379615
ENSG00000205978	14	24398859	24419306
ENSG00000100441	14	24423050	24441848
ENSG00000139899	14	24423884	24430974
ENSG00000100445	14	24439649	24442907
ENSG00000092009	14	24505351	24508273
ENSG00000100448	14	24573516	24576252
ENSG00000100450	14	24606478	24609823
ENSG00000100453	14	24630952	24634279
ENSG00000168952	14	24809452	25050335
ENSG00000139910	14	26443088	26598304
ENSG00000176165	14	28764327	28770279
ENSG00000184304	14	29576477	30191900
ENSG00000092140	14	30559102	30620169
ENSG00000092108	14	30622260	30738340
ENSG00000100473	14	30874436	30895503
ENSG00000196792	14	30893559	31026555
ENSG00000100478	14	31024920	31130998
ENSG00000092148	14	31100113	31208383
ENSG00000129493	14	31290634	31420609
ENSG00000203546	14	31334310	31457443
ENSG00000129480	14	31430254	31457515
ENSG00000214943	14	31482873	31488041
ENSG00000151413	14	31489954	31861306
ENSG00000100852	14	32075792	32159730
ENSG00000151320	14	32203574	32837686
ENSG00000151322	14	32934394	33820865
ENSG00000129521	14	33924219	34462776
ENSG00000165389	14	34432622	34462275
ENSG00000129518	14	34515936	34539795
ENSG00000129515	14	34561091	34630210
ENSG00000165410	14	34706999	34714948
ENSG00000198604	14	34752026	34875649
ENSG00000100883	14	34981955	35029688
ENSG00000151327	14	35045115	35116632
ENSG00000092020	14	35085465	35122549
ENSG00000100890	14	35121840	35278540
ENSG00000258790	14	35122547	35317476
ENSG00000100902	14	35278594	35318736
ENSG00000100906	14	35401077	35404751
ENSG00000168348	14	35534162	35537056
ENSG00000174373	14	35538350	35809327
ENSG00000100916	14	35826297	35932327
ENSG00000151332	14	36298229	36320682
ENSG00000257520	14	36473205	36521151
ENSG00000136352	14	36516390	36521151
ENSG00000136327	14	36580002	36582616
ENSG00000198807	14	36657566	36679364
ENSG00000183032	14	36677919	37172745
ENSG00000151338	14	37197879	37580254
ENSG00000129514	14	37468433	37596061
ENSG00000139865	14	37595380	38041444
ENSG00000139874	14	38207893	38213069
ENSG00000176435	14	38253998	38256095
ENSG00000100934	14	39031915	39109648
ENSG00000092208	14	39114283	39139039
ENSG00000182400	14	39140361	39170534
ENSG00000100941	14	39174874	39183434
ENSG00000150527	14	39230229	39388523
ENSG00000165355	14	39396372	39432479
ENSG00000165379	14	41606658	41904551
ENSG00000189139	14	44504147	44507285
ENSG00000179476	14	44897198	44907259
ENSG00000179454	14	44924322	45042324
ENSG00000198718	14	44962181	45074433
ENSG00000185246	14	45084072	45116284
ENSG00000100442	14	45112186	45135321
ENSG00000187790	14	45135907	45200892
ENSG00000129534	14	45203123	45253544
ENSG00000165496	14	46651008	46651783
ENSG00000139915	14	46836518	47675607
ENSG00000213741	14	49500450	49599166
ENSG00000165501	14	49598478	49614675
ENSG00000165502	14	49600813	49620651
ENSG00000168282	14	49620797	49633314
ENSG00000165506	14	49623699	49635286
ENSG00000100479	14	49643553	49688424
ENSG00000197776	14	49693098	49753638
ENSG00000165516	14	49767538	49828904
ENSG00000165525	14	49780953	49853057
ENSG00000165527	14	49892606	49897204
ENSG00000100483	14	50108629	50116602
ENSG00000100485	14	50116799	50231932
ENSG00000087299	14	50237561	50312245
ENSG00000125375	14	50311514	50356758
ENSG00000100490	14	50326263	50416463
ENSG00000012983	14	50417843	50561128
ENSG00000198513	14	50532507	50634019
ENSG00000151748	14	50626614	50668602
ENSG00000100503	14	50719761	50832040
ENSG00000100504	14	50857889	50944736
ENSG00000131969	14	50872044	50904972
ENSG00000100505	14	50975252	51096086
ENSG00000139921	14	51240150	51259061
ENSG00000139926	14	51396645	51730729
ENSG00000186469	14	51826193	51979344
ENSG00000087302	14	51989439	52012739
ENSG00000087303	14	52001785	52069276
ENSG00000168229	14	52267665	52276726
ENSG00000125384	14	52314224	52329824
ENSG00000087301	14	52429470	52553565
ENSG00000180998	14	52552821	52637715
ENSG00000197930	14	52639913	52696027
ENSG00000100519	14	52707154	52728607
ENSG00000198252	14	52730041	52775010
ENSG00000100522	14	52770974	52791702
ENSG00000073712	14	52856941	52952437
ENSG00000100523	14	53036743	53153355
ENSG00000125378	14	53944480	53958763
ENSG00000100526	14	54396847	54420223
ENSG00000100528	14	54411950	54441469
ENSG00000197045	14	54474464	54489079
ENSG00000100532	14	54509810	54542764
ENSG00000020577	14	54566115	54793314
ENSG00000131979	14	54841959	54903282
ENSG00000198554	14	54938947	55027452
ENSG00000180008	14	55027114	55049491
ENSG00000168175	14	55051645	55070196
ENSG00000131981	14	55121350	55148029
ENSG00000126787	14	55132270	55191629
ENSG00000178974	14	55271342	55384225
ENSG00000258469	14	55271376	55299505
ENSG00000126775	14	55366389	55411833
ENSG00000182521	14	55414208	55456728
ENSG00000126777	14	55559070	55701528
ENSG00000139946	14	56117812	56301748
ENSG00000070269	14	56488352	56650608
ENSG00000165588	14	56799808	56816794
ENSG00000070367	14	57200505	57268976
ENSG00000053770	14	57268444	57298744
ENSG00000139977	14	57390502	57415908
ENSG00000100557	14	57452917	57493979
ENSG00000151812	14	57563818	57982196
ENSG00000139971	14	57999733	58298141
ENSG00000131966	14	58199995	58238759
ENSG00000100567	14	58244738	58272098
ENSG00000032219	14	58298382	58373997
ENSG00000196860	14	58395926	58408704
ENSG00000100575	14	58398506	58427664
ENSG00000100578	14	58427383	58551299
ENSG00000165617	14	58633965	58648614
ENSG00000100592	14	59188644	59371407
ENSG00000126790	14	59318591	59484452
ENSG00000181619	14	59429020	59465382
ENSG00000050130	14	59484180	59505412
ENSG00000151838	14	59504537	59576814
ENSG00000139970	14	59595974	59870852
ENSG00000131951	14	59919711	60066819
ENSG00000126773	14	60091908	60171379
ENSG00000100612	14	60140806	60169858
ENSG00000100614	14	60245750	60299225
ENSG00000179008	14	60396467	60515545
ENSG00000184302	14	60509144	60512852
ENSG00000126778	14	60643419	60658261
ENSG00000100625	14	60709537	60724364
ENSG00000020426	14	60734731	60973864
ENSG00000126814	14	60971439	60981696
ENSG00000139974	14	60981104	61114318
ENSG00000027075	14	61187557	61550982
ENSG00000182107	14	61277368	61281763
ENSG00000310561	14	61321952	61322036
ENSG00000258989	14	61529126	61657966
ENSG00000100644	14	61695355	61748531
ENSG00000023608	14	61762317	61796445
ENSG00000139973	14	61811847	62112552
ENSG00000289503	14	62075338	62128423
ENSG00000140015	14	62699462	63102039
ENSG00000126785	14	63204112	63293520
ENSG00000179600	14	63312833	63318937
ENSG00000154001	14	63368859	63543412
ENSG00000140006	14	63581586	63642082
ENSG00000126821	14	63684199	63728338
ENSG00000054654	14	63761897	64228144
ENSG00000140009	14	64084230	64338114
ENSG00000100714	14	64388029	64463459
ENSG00000089775	14	64430816	64505234
ENSG00000179841	14	64465273	64474505
ENSG00000126804	14	64502150	64533692
ENSG00000126803	14	64535903	64546175
ENSG00000165807	14	64549888	64590098
ENSG00000126822	14	64704100	64750251
ENSG00000070182	14	64746281	64880021
ENSG00000258289	14	64914359	64957316
ENSG00000125954	14	64914483	65061805
ENSG00000176153	14	64939150	64942748
ENSG00000139998	14	64945812	64973228
ENSG00000257365	14	64986835	65062660
ENSG00000125952	14	65005396	65102697
ENSG00000033170	14	65285125	65747184
ENSG00000196553	14	66411702	66498679
ENSG00000171723	14	66507405	67181808
ENSG00000172717	14	67189326	67228552
ENSG00000072415	14	67240711	67336063
ENSG00000100554	14	67294369	67360267
ENSG00000134001	14	67359991	67394397
ENSG00000100558	14	67385650	67412238
ENSG00000198133	14	67447082	67533880
ENSG00000054690	14	67533061	67589727
ENSG00000100564	14	67581953	67600318
ENSG00000081181	14	67619855	67667330
ENSG00000100568	14	67635305	67674922
ENSG00000258466	14	67659818	67690369
ENSG00000072042	14	67676790	67695795
ENSG00000139988	14	67701884	67734453
ENSG00000072121	14	67727372	67816592
ENSG00000182185	14	67819739	68730220
ENSG00000185650	14	68787653	68796271
ENSG00000072110	14	68873641	68980279
ENSG00000139990	14	69050879	69153181
ENSG00000081177	14	69191472	69244022
ENSG00000100626	14	69259275	69387205
ENSG00000100632	14	69380121	69398604
ENSG00000029364	14	69398013	69463646
ENSG00000175985	14	69484690	69531553
ENSG00000267909	14	69569496	69574892
ENSG00000100647	14	69611565	69715146
ENSG00000100650	14	69726820	69773906
ENSG00000100652	14	69768053	69797667
ENSG00000198732	14	69854129	70092754
ENSG00000100678	14	70044213	70189482
ENSG00000133983	14	70325079	70416986
ENSG00000258644	14	70326062	70417076
ENSG00000213463	14	70366497	70417104
ENSG00000139985	14	70417105	70460455
ENSG00000134007	14	70522356	70535017
ENSG00000133997	14	70581251	70600692
ENSG00000133985	14	70641490	70682244
ENSG00000006432	14	70722524	70809568
ENSG00000100731	14	70907366	71115384
ENSG00000197555	14	71320275	71741232
ENSG00000182732	14	71931977	72566532
ENSG00000205683	14	72609032	72894119
ENSG00000119599	14	72926356	72962100
ENSG00000165861	14	72969443	73027142
ENSG00000119707	14	73058305	73123901
ENSG00000080815	14	73136416	73223693
ENSG00000100767	14	73236336	73345510
ENSG00000133961	14	73274144	73466169
ENSG00000187105	14	73478482	73558949
ENSG00000170468	14	73490931	73520136
ENSG00000184227	14	73537120	73543799
ENSG00000119673	14	73567618	73588887
ENSG00000177465	14	73591658	73595768
ENSG00000205669	14	73610943	73619890
ENSG00000119661	14	73644873	73703734
ENSG00000176903	14	73711781	73714386
ENSG00000156030	14	73715120	73790287
ENSG00000140043	14	73851790	73885728
ENSG00000258653	14	73851969	73932280
ENSG00000119725	14	73886199	73932523
ENSG00000156050	14	73931499	73950416
ENSG00000119723	14	73949924	73963672
ENSG00000187097	14	73956686	74019401
ENSG00000119636	14	74019339	74082865
ENSG00000119711	14	74055995	74084494
ENSG00000205659	14	74084941	74201495
ENSG00000119614	14	74239447	74262740
ENSG00000119688	14	74285267	74303070
ENSG00000133980	14	74303067	74360013
ENSG00000183379	14	74405892	74426327
ENSG00000119655	14	74427117	74494179
ENSG00000165898	14	74493719	74499760
ENSG00000119681	14	74498161	74612380
ENSG00000119682	14	74653435	74713119
ENSG00000119616	14	74713142	74750708
ENSG00000119596	14	74763287	74859437
ENSG00000119608	14	74852869	74876156
ENSG00000119689	14	74881889	74903968
ENSG00000198208	14	74903949	74923310
ENSG00000119630	14	74940963	74955628
ENSG00000119718	14	75002887	75013119
ENSG00000119684	14	75013222	75051534
ENSG00000119640	14	75052935	75069488
ENSG00000119703	14	75064107	75119504
ENSG00000119638	14	75079351	75127346
ENSG00000170348	14	75131104	75176654
ENSG00000170345	14	75278819	75283192
ENSG00000140044	14	75427714	75474113
ENSG00000156127	14	75522453	75546995
ENSG00000119686	14	75578589	75663216
ENSG00000119685	14	75633623	75955086
ENSG00000133935	14	75648077	75661572
ENSG00000119650	14	75902134	76084613
ENSG00000119699	14	75958064	75983028
ENSG00000089916	14	76151903	76254344
ENSG00000119715	14	76310710	76501839
ENSG00000071246	14	76760940	76783017
ENSG00000013523	14	76781731	76826248
ENSG00000100565	14	76826370	76870306
ENSG00000119669	14	77024541	77028710
ENSG00000198894	14	77098124	77117289
ENSG00000259164	14	77098309	77225464
ENSG00000165548	14	77116566	77259500
ENSG00000177108	14	77131264	77143034
ENSG00000165553	14	77265481	77271213
ENSG00000009830	14	77274954	77320900
ENSG00000100577	14	77320994	77344023
ENSG00000100580	14	77335022	77377350
ENSG00000100583	14	77376687	77392374
ENSG00000165555	14	77394019	77423525
ENSG00000151445	14	77426672	77457954
ENSG00000100591	14	77457741	77469484
ENSG00000100593	14	77474392	77499410
ENSG00000100596	14	77505995	77616783
ENSG00000100601	14	77672399	77708040
ENSG00000119705	14	77708043	77761106
ENSG00000100603	14	77709017	77761209
ENSG00000063761	14	77800057	77937190
ENSG00000021645	14	78170371	79868293
ENSG00000211448	14	80197524	80387759
ENSG00000100629	14	80476967	80959519
ENSG00000165409	14	80954987	81146308
ENSG00000165417	14	81175450	81221379
ENSG00000140022	14	81260650	81436519
ENSG00000071537	14	81471545	81533884
ENSG00000185070	14	85530015	85654430
ENSG00000054983	14	87837818	87993667
ENSG00000140030	14	88005127	88014813
ENSG00000100433	14	88180101	88326909
ENSG00000042317	14	88384922	88472531
ENSG00000070778	14	88465776	88555021
ENSG00000100722	14	88562946	88627598
ENSG00000165521	14	88612238	88792996
ENSG00000165533	14	88824151	88881081
ENSG00000053254	14	89124869	89619498
ENSG00000140025	14	89794667	89954779
ENSG00000042088	14	89954937	90044822
ENSG00000152315	14	90061988	90185857
ENSG00000100764	14	90256504	90275431
ENSG00000119720	14	90267858	90332127
ENSG00000198668	14	90396500	90408270
ENSG00000165914	14	90524562	90816527
ENSG00000100784	14	90847859	91060687
ENSG00000133943	14	91060042	91226932
ENSG00000119714	14	91232528	91264779
ENSG00000015133	14	91271321	91417892
ENSG00000100796	14	91457137	91510558
ENSG00000133962	14	91580694	91780709
ENSG00000165929	14	91779744	91867538
ENSG00000140092	14	91869408	91948066
ENSG00000100815	14	91965989	92040904
ENSG00000066427	14	92044480	92106627
ENSG00000183648	14	92115818	92121980
ENSG00000165934	14	92121510	92172147
ENSG00000140090	14	92322579	92501483
ENSG00000100599	14	92513431	92688996
ENSG00000293569	14	92619984	92627968
ENSG00000100600	14	92703792	92751133
ENSG00000066455	14	92794201	92841368
ENSG00000100604	14	92922628	92935295
ENSG00000100605	14	92927108	93116460
ENSG00000165943	14	93182174	93184932
ENSG00000153485	14	93184949	93188465
ENSG00000259066	14	93184971	93218588
ENSG00000170270	14	93190871	93207141
ENSG00000012963	14	93207235	93229228
ENSG00000011114	14	93237548	93333094
ENSG00000133958	14	93333217	93710828
ENSG00000187581	14	93347180	93351449
ENSG00000175785	14	93718296	93789097
ENSG00000140067	14	93918892	93929610
ENSG00000100628	14	93933781	93978833
ENSG00000175699	14	93987164	94008865
ENSG00000089723	14	94026327	94049620
ENSG00000089737	14	94048285	94081218
ENSG00000165948	14	94081269	94103848
ENSG00000165949	14	94104834	94116702
ENSG00000119632	14	94125578	94130255
ENSG00000119698	14	94146126	94280238
ENSG00000140093	14	94278765	94293322
ENSG00000170099	14	94304243	94323403
ENSG00000258597	14	94364314	94366700
ENSG00000197249	14	94376743	94391026
ENSG00000186910	14	94440597	94452830
ENSG00000170054	14	94462715	94481127
ENSG00000165953	14	94487272	94517846
ENSG00000100665	14	94561388	94570997
ENSG00000188488	14	94561397	94597044
ENSG00000273259	14	94592056	94624648
ENSG00000196136	14	94598859	94627002
ENSG00000133937	14	94766507	94770130
ENSG00000100697	14	95086226	95158012
ENSG00000165959	14	95181938	95320060
ENSG00000176438	14	95407264	95516856
ENSG00000182512	14	95533501	95544726
ENSG00000213231	14	95686395	95692640
ENSG00000100721	14	95694154	95714198
ENSG00000250366	14	95866585	95925873
ENSG00000227051	14	96039321	96095500
ENSG00000168398	14	96204524	96249492
ENSG00000258691	14	96204842	96263931
ENSG00000100739	14	96255814	96268969
ENSG00000066739	14	96279193	96363424
ENSG00000100744	14	96363450	96388158
ENSG00000140057	14	96392095	96490033
ENSG00000090060	14	96501431	96567120
ENSG00000100749	14	96797302	96954848
ENSG00000127152	14	99169285	99272199
ENSG00000183576	14	99395059	99480929
ENSG00000090061	14	99481167	99535046
ENSG00000205476	14	99500188	99604267
ENSG00000182218	14	99645120	99680571
ENSG00000036530	14	99684197	99727321
ENSG00000066629	14	99737691	99942062
ENSG00000196405	14	99971442	100144238
ENSG00000168350	14	100143955	100159690
ENSG00000100811	14	100238296	100282790
ENSG00000197119	14	100291114	100306549
ENSG00000140107	14	100323154	100330423
ENSG00000140105	14	100333780	100376807
ENSG00000176473	14	100376416	100530308
ENSG00000183092	14	100537145	100587432
ENSG00000185559	14	100725703	100738226
ENSG00000254656	14	100879751	100903724
ENSG00000197406	14	101560137	101563454
ENSG00000078304	14	101761637	101928955
ENSG00000197102	14	101964517	102056445
ENSG00000080824	14	102080736	102139775
ENSG00000140153	14	102139501	102224849
ENSG00000080823	14	102224498	102305195
ENSG00000022976	14	102317375	102344640
ENSG00000100865	14	102341100	102362918
ENSG00000196663	14	102362931	102502479
ENSG00000156381	14	102501765	102509826
ENSG00000089902	14	102592647	102743674
ENSG00000131323	14	102777324	102911502
ENSG00000166126	14	102922637	102933598
ENSG00000198752	14	102932378	103057609
ENSG00000283071	14	103084172	103090033
ENSG00000205436	14	103094536	103110573
ENSG00000185215	14	103121263	103137443
ENSG00000100664	14	103333542	103345027
ENSG00000291313	14	103334235	103335934
ENSG00000075413	14	103385359	103503837
ENSG00000166165	14	103519658	103523169
ENSG00000166166	14	103521580	103537075
ENSG00000166170	14	103556543	103576761
ENSG00000126214	14	103561894	103714251
ENSG00000256053	14	103562353	103613950
ENSG00000256500	14	103562960	103685926
ENSG00000126215	14	103697567	103715506
ENSG00000100711	14	103715723	103733671
ENSG00000088808	14	103733175	103847618
ENSG00000156411	14	103912275	103929160
ENSG00000156414	14	103928422	104052684
ENSG00000227729	14	103940424	103942563
ENSG00000166183	14	104085535	104115584
ENSG00000066735	14	104136452	104180897
ENSG00000258986	14	104474676	104605649
ENSG00000184601	14	104579548	104590517
ENSG00000203485	14	104681144	104722537
ENSG00000185100	14	104724172	104747525
ENSG00000184990	14	104753120	104768496
ENSG00000142208	14	104769346	104799936
ENSG00000179627	14	104799413	104804714
ENSG00000099814	14	104864496	104896772
ENSG00000166428	14	104924711	104937786
ENSG00000185567	14	104937242	104978376
ENSG00000140104	14	104985756	105010484
ENSG00000170779	14	105008530	105033830
ENSG00000183484	14	105048656	105065942
ENSG00000184916	14	105140980	105168921
ENSG00000183828	14	105172935	105181325
ENSG00000185024	14	105209275	105315591
ENSG00000184887	14	105248531	105251127
ENSG00000179364	14	105300561	105398149
ENSG00000226174	14	105398523	105450108
ENSG00000182979	14	105419806	105470739
ENSG00000182809	14	105472938	105480172
ENSG00000213145	14	105480344	105488949
ENSG00000257341	14	105487197	105492269
ENSG00000185347	14	105489853	105501131
ENSG00000184986	14	105525994	105530207
ENSG00000277322	15	20531854	20541802
ENSG00000230031	15	20835370	20866316
ENSG00000278522	15	21405399	21440501
ENSG00000280709	15	21552793	21653278
ENSG00000182974	15	21637907	21638994
ENSG00000279408	15	21651842	21652970
ENSG00000233917	15	21846327	21877737
ENSG00000285472	15	22015231	22095859
ENSG00000274102	15	22070239	22083223
ENSG00000183706	15	22094520	22095864
ENSG00000277865	15	22458901	22469228
ENSG00000170113	15	22773061	22829791
ENSG00000140157	15	22838623	22869364
ENSG00000273749	15	22867050	22981065
ENSG00000275835	15	22983023	23039647
ENSG00000273976	15	23127064	23136824
ENSG00000273756	15	23324533	23334198
ENSG00000261739	15	23354746	23368343
ENSG00000174450	15	23439036	23447247
ENSG00000179455	15	23565672	23630077
ENSG00000254585	15	23643547	23647869
ENSG00000182636	15	23685398	23687307
ENSG00000185823	15	24675773	24683395
ENSG00000128739	15	24823625	24978725
ENSG00000273173	15	24954918	24977852
ENSG00000214265	15	24955032	25000278
ENSG00000114062	15	25333726	25439124
ENSG00000206190	15	25677271	25865186
ENSG00000166206	15	26543550	26939541
ENSG00000186297	15	26866707	26949210
ENSG00000182256	15	26971058	27541986
ENSG00000104044	15	27754857	28099666
ENSG00000128731	15	28111038	28322181
ENSG00000237850	15	28347849	28358086
ENSG00000153684	15	28378619	28392023
ENSG00000183629	15	28519609	28533016
ENSG00000227717	15	28553566	28563781
ENSG00000188626	15	28698581	28738386
ENSG00000261649	15	28841830	28848677
ENSG00000034053	15	28884447	29118319
ENSG00000104059	15	29117711	29571434
ENSG00000185115	15	29264987	29269824
ENSG00000104067	15	29699165	29969080
ENSG00000179938	15	30082953	30096692
ENSG00000261247	15	30135049	30148750
ENSG00000166664	15	30360564	30393860
ENSG00000186399	15	30400560	30414262
ENSG00000178115	15	30552048	30565686
ENSG00000261794	15	30604026	30617754
ENSG00000285077	15	30624492	30649531
ENSG00000284906	15	30624546	30773004
ENSG00000198690	15	30890557	30946211
ENSG00000166912	15	30918717	30991981
ENSG00000134160	15	31001063	31161162
ENSG00000169926	15	31326685	31435667
ENSG00000169918	15	31475396	31870791
ENSG00000175344	15	31923436	32173020
ENSG00000249931	15	32389597	32403294
ENSG00000206127	15	32441912	32455636
ENSG00000232653	15	32593454	32607312
ENSG00000288864	15	32613858	32697097
ENSG00000198826	15	32615142	32641336
ENSG00000166922	15	32641383	32697615
ENSG00000166923	15	32716996	32745108
ENSG00000248905	15	32765542	33194729
ENSG00000198838	15	33310945	33866123
ENSG00000169857	15	33836370	34075157
ENSG00000184984	15	33968258	34067460
ENSG00000134153	15	34075968	34101931
ENSG00000182405	15	34102081	34108688
ENSG00000134152	15	34140363	34210121
ENSG00000128463	15	34224995	34230163
ENSG00000140199	15	34229782	34338062
ENSG00000182117	15	34339157	34343182
ENSG00000184507	15	34343313	34357739
ENSG00000176454	15	34358631	34367708
ENSG00000175265	15	34378933	34437853
ENSG00000215252	15	34525082	34588505
ENSG00000159248	15	34751030	34755005
ENSG00000159251	15	34790105	34795914
ENSG00000021776	15	34851648	34969832
ENSG00000198146	15	34978339	34989481
ENSG00000134146	15	35079810	35546413
ENSG00000255192	15	35083408	35085297
ENSG00000186073	15	36579609	36810250
ENSG00000134138	15	36889202	37102648
ENSG00000166069	15	37921856	37967726
ENSG00000166068	15	38252074	38358504
ENSG00000171262	15	38454105	38487712
ENSG00000172575	15	38488101	38565577
ENSG00000137801	15	39580128	39599468
ENSG00000150667	15	39588355	39782860
ENSG00000166073	15	39799001	39920978
ENSG00000128829	15	39934060	40036658
ENSG00000140319	15	40032983	40039188
ENSG00000104081	15	40087887	40108930
ENSG00000156970	15	40160982	40221139
ENSG00000137843	15	40217426	40277491
ENSG00000259288	15	40218498	40264892
ENSG00000137841	15	40278174	40307967
ENSG00000230778	15	40278370	40283066
ENSG00000259330	15	40323690	40326717
ENSG00000188549	15	40331450	40340956
ENSG00000233041	15	40351023	40357624
ENSG00000140323	15	40358217	40378623
ENSG00000128944	15	40382719	40395661
ENSG00000128928	15	40405483	40435958
ENSG00000140320	15	40436609	40468244
ENSG00000169105	15	40470982	40473160
ENSG00000128891	15	40519517	40565056
ENSG00000166133	15	40569287	40575173
ENSG00000137812	15	40594000	40664344
ENSG00000051180	15	40694772	40732346
ENSG00000137824	15	40720653	40755853
ENSG00000137880	15	40764041	40767874
ENSG00000104129	15	40765159	40807500
ENSG00000188277	15	40769978	40772451
ENSG00000166140	15	40807084	40815086
ENSG00000166143	15	40814729	40829397
ENSG00000166145	15	40843511	40860276
ENSG00000104140	15	40872212	40874247
ENSG00000104142	15	40894410	40903977
ENSG00000128917	15	40929331	40939083
ENSG00000128965	15	40952960	40957480
ENSG00000128908	15	40978878	41116570
ENSG00000178997	15	41182723	41230759
ENSG00000187446	15	41230822	41281890
ENSG00000285920	15	41284005	41380998
ENSG00000104147	15	41306410	41332682
ENSG00000137804	15	41320792	41381369
ENSG00000137806	15	41387216	41409405
ENSG00000137815	15	41408406	41483565
ENSG00000137825	15	41493358	41503556
ENSG00000062524	15	41503632	41513889
ENSG00000103932	15	41516555	41544283
ENSG00000092445	15	41557673	41584336
ENSG00000174197	15	41621132	41773083
ENSG00000137802	15	41774432	41827857
ENSG00000243789	15	41828065	41837591
ENSG00000168970	15	41828093	41848157
ENSG00000243708	15	41837773	41848149
ENSG00000137877	15	41848144	41894055
ENSG00000103966	15	41895926	41972616
ENSG00000188089	15	41981392	42051192
ENSG00000159337	15	42067007	42094567
ENSG00000168907	15	42139032	42156661
ENSG00000166887	15	42158699	42208328
ENSG00000103978	15	42209665	42274130
ENSG00000214013	15	42273194	42353668
ENSG00000258461	15	42348101	42412319
ENSG00000092529	15	42359492	42412951
ENSG00000103994	15	42412821	42491152
ENSG00000092531	15	42491231	42545360
ENSG00000285942	15	42497393	42548788
ENSG00000180979	15	42534625	42548804
ENSG00000137814	15	42548826	42572265
ENSG00000159433	15	42575572	42721000
ENSG00000140326	15	42723542	42737158
ENSG00000128881	15	42738728	42920852
ENSG00000159459	15	42942895	43106143
ENSG00000137842	15	43123277	43185146
ENSG00000285117	15	43179713	43206483
ENSG00000166946	15	43185116	43197179
ENSG00000166947	15	43191349	43221055
ENSG00000104055	15	43232588	43266935
ENSG00000159495	15	43276269	43302257
ENSG00000168806	15	43323647	43330584
ENSG00000168803	15	43329652	43355420
ENSG00000140265	15	43357918	43371060
ENSG00000137822	15	43369219	43409773
ENSG00000067369	15	43403059	43510730
ENSG00000166963	15	43510944	43531622
ENSG00000168781	15	43533460	43590230
ENSG00000237289	15	43593052	43604903
ENSG00000242866	15	43597890	43618802
ENSG00000284772	15	43614206	43632285
ENSG00000166762	15	43628501	43668120
ENSG00000223572	15	43692884	43702503
ENSG00000167004	15	43746362	43773281
ENSG00000128886	15	43772603	43777317
ENSG00000262560	15	43772615	43799135
ENSG00000140264	15	43777085	43796091
ENSG00000310796	15	43792264	43804429
ENSG00000184716	15	43794160	43800525
ENSG00000242028	15	43796140	43804576
ENSG00000140259	15	43801383	43824743
ENSG00000092470	15	43824496	43868416
ENSG00000171877	15	43870759	44195280
ENSG00000166734	15	44288697	44415760
ENSG00000137770	15	44427185	44529040
ENSG00000104131	15	44537053	44564633
ENSG00000104133	15	44554434	44663690
ENSG00000229474	15	44665721	44711386
ENSG00000166710	15	44711251	44718853
ENSG00000185880	15	44728984	44767831
ENSG00000167014	15	44956685	44979231
ENSG00000140263	15	45023114	45077187
ENSG00000140279	15	45092648	45114187
ENSG00000140274	15	45114323	45118423
ENSG00000140254	15	45117362	45130613
ENSG00000137857	15	45129448	45165578
ENSG00000138606	15	45165570	45201177
ENSG00000137860	15	45252225	45277848
ENSG00000171766	15	45333477	45402329
ENSG00000171763	15	45402323	45421417
ENSG00000166920	15	45430577	45448763
ENSG00000104154	15	45479604	45522836
ENSG00000104164	15	45587106	45615947
ENSG00000260170	15	45587349	45676316
ENSG00000137767	15	45631146	45691301
ENSG00000137872	15	47184077	47774230
ENSG00000188467	15	48120988	48142700
ENSG00000104177	15	48134630	48178377
ENSG00000233932	15	48177873	48203760
ENSG00000074803	15	48178390	48304080
ENSG00000128951	15	48331009	48343375
ENSG00000166147	15	48408014	48645793
ENSG00000103995	15	48712926	48811148
ENSG00000185634	15	48823739	48963927
ENSG00000255302	15	48878083	48880175
ENSG00000138593	15	48988474	49046570
ENSG00000166200	15	49106066	49155663
ENSG00000156958	15	49155654	49367871
ENSG00000166262	15	49326960	49620958
ENSG00000140285	15	49423168	49488777
ENSG00000104047	15	49620923	49656360
ENSG00000104043	15	49858236	50182949
ENSG00000140284	15	50182194	50236452
ENSG00000140287	15	50241945	50265967
ENSG00000104064	15	50275387	50355442
ENSG00000138592	15	50423582	50514423
ENSG00000170236	15	50494016	50546710
ENSG00000092439	15	50552471	50686847
ENSG00000288645	15	50648800	50686719
ENSG00000138600	15	50702264	50765950
ENSG00000081014	15	50908666	51005901
ENSG00000183578	15	51053487	51105278
ENSG00000137869	15	51208055	51338608
ENSG00000186417	15	51341496	51408007
ENSG00000104093	15	51447709	51622983
ENSG00000104112	15	51681437	51721028
ENSG00000140280	15	51722644	51751587
ENSG00000128872	15	51751562	51816365
ENSG00000138594	15	51829624	51947297
ENSG00000166477	15	51937786	51971924
ENSG00000069956	15	51952104	52067377
ENSG00000289025	15	52045844	52045901
ENSG00000137875	15	52109261	52112777
ENSG00000069966	15	52115098	52191394
ENSG00000128833	15	52192307	52295817
ENSG00000197535	15	52307279	52529250
ENSG00000128989	15	52547043	52569885
ENSG00000047346	15	52581315	52709826
ENSG00000169856	15	52755051	52791080
ENSG00000166415	15	53513739	53762880
ENSG00000137766	15	53978199	54631746
ENSG00000137876	15	55180795	55197078
ENSG00000069974	15	55202964	55319176
ENSG00000225973	15	55317084	55319421
ENSG00000069943	15	55318942	55355650
ENSG00000260916	15	55319685	55408512
ENSG00000261652	15	55408478	55418800
ENSG00000256061	15	55410523	55508236
ENSG00000171016	15	55538882	55588996
ENSG00000166450	15	55611542	55743205
ENSG00000069869	15	55826915	55993662
ENSG00000181827	15	56087278	56245105
ENSG00000151575	15	56243969	56445999
ENSG00000138587	15	56421542	56465170
ENSG00000137871	15	56630162	56734088
ENSG00000285253	15	56652486	56918573
ENSG00000140262	15	56918097	57299709
ENSG00000128849	15	57375965	57551744
ENSG00000263155	15	57591887	57685678
ENSG00000137878	15	57591906	57714747
ENSG00000255529	15	57706639	57782764
ENSG00000128918	15	57953422	58497868
ENSG00000103569	15	58138167	58185917
ENSG00000166035	15	58410378	58570451
ENSG00000137845	15	58588807	58749873
ENSG00000128923	15	58771115	58861902
ENSG00000157450	15	58865173	59097510
ENSG00000137776	15	58879044	58934014
ENSG00000157456	15	59105064	59126032
ENSG00000157483	15	59132407	59373123
ENSG00000171989	15	59206841	59208590
ENSG00000157470	15	59372677	59523696
ENSG00000140297	15	59555941	59658702
ENSG00000140307	15	59638056	59657543
ENSG00000140299	15	59659144	59689489
ENSG00000171956	15	60004232	60061732
ENSG00000182718	15	60347132	60402885
ENSG00000128915	15	60419606	60479162
ENSG00000069667	15	60488282	61229304
ENSG00000129003	15	61852387	62060484
ENSG00000198535	15	62066975	62070919
ENSG00000205502	15	62158334	62165721
ENSG00000171914	15	62390487	62844633
ENSG00000140416	15	63042128	63071917
ENSG00000103642	15	63121812	63142063
ENSG00000185088	15	63125857	63158023
ENSG00000166128	15	63189528	63268169
ENSG00000138613	15	63276016	63309128
ENSG00000074410	15	63321376	63382254
ENSG00000140455	15	63504499	63594642
ENSG00000197361	15	63597197	63609032
ENSG00000103657	15	63608616	63833999
ENSG00000035664	15	63907031	64072035
ENSG00000166797	15	64072111	64094264
ENSG00000028528	15	64094121	64146573
ENSG00000157734	15	64151599	64157483
ENSG00000166794	15	64155738	64163161
ENSG00000169118	15	64165523	64356556
ENSG00000259316	15	64181178	64381442
ENSG00000166803	15	64364127	64387689
ENSG00000103671	15	64387746	64458655
ENSG00000180357	15	64460547	64686070
ENSG00000180304	15	64686831	64703283
ENSG00000166831	15	64739884	64775862
ENSG00000140451	15	64815627	64825679
ENSG00000241839	15	64839229	64868004
ENSG00000249240	15	64841881	64930922
ENSG00000166839	15	64911851	64979847
ENSG00000090487	15	64954564	64990314
ENSG00000103707	15	64990827	65029654
ENSG00000186198	15	65045130	65053399
ENSG00000103710	15	65053335	65076692
ENSG00000234438	15	65076744	65079950
ENSG00000246922	15	65091764	65115202
ENSG00000090470	15	65117377	65133838
ENSG00000166855	15	65148217	65185645
ENSG00000138615	15	65194758	65211493
ENSG00000138617	15	65231396	65300620
ENSG00000174498	15	65327125	65378089
ENSG00000103742	15	65381477	65423085
ENSG00000074603	15	65442461	65517759
ENSG00000074696	15	65530416	65578355
ENSG00000138614	15	65578751	65611617
ENSG00000074621	15	65611364	65662036
ENSG00000174485	15	65658044	65792309
ENSG00000103769	15	65726052	65894234
ENSG00000157890	15	65895077	66253813
ENSG00000166938	15	66293215	66333908
ENSG00000075131	15	66336189	66386758
ENSG00000169032	15	66386814	66491658
ENSG00000174446	15	66487637	66497825
ENSG00000174444	15	66498013	66524534
ENSG00000174442	15	66504957	66550132
ENSG00000188501	15	66547177	66566005
ENSG00000137834	15	66701222	66782862
ENSG00000166949	15	67063761	67195175
ENSG00000103591	15	67200460	67255197
ENSG00000103599	15	67254774	67502262
ENSG00000189227	15	67521103	67530148
ENSG00000137764	15	67542609	67807125
ENSG00000188779	15	67819702	67834584
ENSG00000033800	15	68054258	68198605
ENSG00000260007	15	68184030	68229720
ENSG00000129007	15	68189786	68206089
ENSG00000128973	15	68206975	68257213
ENSG00000169018	15	68277723	68296014
ENSG00000137809	15	68296530	68432218
ENSG00000103647	15	68578553	68727808
ENSG00000140350	15	68778532	68820926
ENSG00000258484	15	68818219	68946986
ENSG00000290203	15	68930502	69062745
ENSG00000255346	15	69014688	69062764
ENSG00000138604	15	69160538	69272219
ENSG00000137819	15	69298886	69410268
ENSG00000137807	15	69414244	69448429
ENSG00000137818	15	69452654	69456207
ENSG00000140332	15	70047772	70098178
ENSG00000137831	15	70654552	70763572
ENSG00000166173	15	70829128	70854785
ENSG00000137821	15	70853237	71071704
ENSG00000129028	15	70881328	70892572
ENSG00000187720	15	71096950	71783385
ENSG00000278570	15	71792636	71818261
ENSG00000066933	15	71822289	72118579
ENSG00000166192	15	72114256	72143694
ENSG00000175318	15	72159804	72197832
ENSG00000067225	15	72199022	72231821
ENSG00000137817	15	72241174	72273001
ENSG00000273025	15	72266744	72319948
ENSG00000140488	15	72284725	72320624
ENSG00000260729	15	72284725	72375983
ENSG00000213614	15	72340917	72376422
ENSG00000187806	15	72398300	72408369
ENSG00000166233	15	72474306	72602989
ENSG00000215186	15	72654695	72669601
ENSG00000175202	15	72675789	72686623
ENSG00000140463	15	72686179	72742008
ENSG00000159322	15	72735949	72785848
ENSG00000067141	15	73051643	73305207
ENSG00000138622	15	73319857	73368960
ENSG00000183324	15	73443145	73560022
ENSG00000156642	15	73546510	73634136
ENSG00000103855	15	73683964	73714521
ENSG00000205363	15	73735438	73753359
ENSG00000167139	15	73873562	73889216
ENSG00000129038	15	73925987	73952139
ENSG00000067221	15	73978924	73994624
ENSG00000140464	15	73994671	74047829
ENSG00000159289	15	74069855	74082552
ENSG00000167178	15	74100309	74138542
ENSG00000129009	15	74172412	74176874
ENSG00000137868	15	74179464	74212269
ENSG00000140481	15	74202703	74336474
ENSG00000140459	15	74337744	74367886
ENSG00000138623	15	74409287	74433967
ENSG00000138629	15	74445185	74461191
ENSG00000179361	15	74541186	74598133
ENSG00000179335	15	74598498	74645470
ENSG00000179151	15	74630555	74696294
ENSG00000140465	15	74719540	74738471
ENSG00000140505	15	74748793	74756609
ENSG00000103653	15	74782021	74804179
ENSG00000140506	15	74812714	74825760
ENSG00000213578	15	74826592	74831804
ENSG00000140474	15	74836114	74843348
ENSG00000140497	15	74843726	74873376
ENSG00000178802	15	74890003	74902221
ENSG00000178761	15	74892173	74907333
ENSG00000178741	15	74919592	74939353
ENSG00000178718	15	74954416	74956774
ENSG00000198794	15	74957217	75021499
ENSG00000138621	15	75023548	75117464
ENSG00000167173	15	75195621	75212171
ENSG00000167195	15	75258332	75273457
ENSG00000140478	15	75282833	75295532
ENSG00000140365	15	75335998	75343226
ENSG00000140398	15	75346876	75357117
ENSG00000140400	15	75355205	75368658
ENSG00000169375	15	75369377	75455844
ENSG00000169410	15	75463249	75579585
ENSG00000169371	15	75597264	75626471
ENSG00000177971	15	75639083	75648708
ENSG00000173548	15	75647795	75662303
ENSG00000173546	15	75674320	75712858
ENSG00000182950	15	75724033	75727690
ENSG00000140367	15	75843108	75901118
ENSG00000167196	15	75903851	75942513
ENSG00000169752	15	75935190	76059802
ENSG00000169758	15	76059914	76229123
ENSG00000140374	15	76188199	76311732
ENSG00000159556	15	76336722	76342477
ENSG00000140386	15	76347902	76905972
ENSG00000117906	15	76931647	76954395
ENSG00000140368	15	76993323	77037477
ENSG00000140391	15	77041402	77083986
ENSG00000173517	15	77100654	77420303
ENSG00000140382	15	77419828	77496556
ENSG00000169783	15	77613025	77820902
ENSG00000167202	15	77984034	78077754
ENSG00000183476	15	78077806	78104372
ENSG00000136425	15	78102298	78131567
ENSG00000166411	15	78131496	78171947
ENSG00000103740	15	78167466	78245690
ENSG00000140403	15	78264084	78282198
ENSG00000140395	15	78269373	78306575
ENSG00000166426	15	78340258	78348252
ENSG00000136381	15	78437429	78501455
ENSG00000188266	15	78507381	78537659
ENSG00000041357	15	78540087	78560797
ENSG00000169684	15	78565482	78596445
ENSG00000080644	15	78593050	78621333
ENSG00000117971	15	78621939	78727756
ENSG00000136378	15	78759202	78811525
ENSG00000185787	15	78810485	78903202
ENSG00000103811	15	78921056	78949576
ENSG00000058335	15	78959904	79090932
ENSG00000166557	15	79219932	79427434
ENSG00000235711	15	79282710	79298241
ENSG00000169330	15	79431001	79472306
ENSG00000136371	15	79833583	79897381
ENSG00000259332	15	79845148	79923756
ENSG00000140379	15	79960890	79971245
ENSG00000086666	15	80058892	80140294
ENSG00000103876	15	80152290	80186992
ENSG00000259417	15	80195479	80252270
ENSG00000172379	15	80404097	80597939
ENSG00000136379	15	80679682	80757137
ENSG00000103888	15	80779261	80951778
ENSG00000117899	15	80946287	80989850
ENSG00000140406	15	81000921	81005790
ENSG00000288625	15	81002140	81002281
ENSG00000156206	15	81007031	81149181
ENSG00000172349	15	81159573	81314060
ENSG00000172345	15	81309051	81324185
ENSG00000188869	15	81331086	81374221
ENSG00000183496	15	82041776	82046174
ENSG00000140598	15	82130204	82262775
ENSG00000188659	15	82262743	82284932
ENSG00000278662	15	82339991	82349477
ENSG00000197978	15	82429814	82439155
ENSG00000182774	15	82536590	82540624
ENSG00000260836	15	82536786	82573196
ENSG00000214575	15	82543199	82648863
ENSG00000103723	15	82659279	82710114
ENSG00000186628	15	82755360	82806150
ENSG00000156232	15	82809579	82836110
ENSG00000103942	15	82834662	82986155
ENSG00000169612	15	82986197	82991059
ENSG00000169609	15	82988362	83011649
ENSG00000064726	15	83016421	83067414
ENSG00000136404	15	83107367	83161070
ENSG00000166503	15	83112736	83208426
ENSG00000169594	15	83255882	83284666
ENSG00000140600	15	83447226	83618749
ENSG00000156218	15	83653651	84039844
ENSG00000184206	15	84235771	84245360
ENSG00000176371	15	84600984	84627798
ENSG00000177082	15	84639281	84654345
ENSG00000197696	15	84655127	84661273
ENSG00000140612	15	84669527	84716468
ENSG00000166716	15	84748346	84806447
ENSG00000136383	15	84817174	84875710
ENSG00000156222	15	84884567	84975693
ENSG00000073417	15	84980438	85139246
ENSG00000170776	15	85380569	85749360
ENSG00000183655	15	85759324	85794950
ENSG00000273540	15	86079869	87049171
ENSG00000140538	15	87859749	88256995
ENSG00000259494	15	88459126	88467640
ENSG00000173867	15	88459499	88546587
ENSG00000181991	15	88467411	88525284
ENSG00000140543	15	88494438	88547323
ENSG00000181026	15	88620068	88632283
ENSG00000172183	15	88635603	88656485
ENSG00000157766	15	88803425	88875355
ENSG00000140511	15	88877287	88895599
ENSG00000140545	15	88898681	88913581
ENSG00000140526	15	89087457	89202357
ENSG00000140522	15	89209867	89222579
ENSG00000140525	15	89243852	89318093
ENSG00000140521	15	89305196	89334974
ENSG00000291307	15	89330206	89333811
ENSG00000140519	15	89451993	89496817
ENSG00000140534	15	89575453	89631058
ENSG00000166813	15	89608787	89663100
ENSG00000166819	15	89664363	89679468
ENSG00000166821	15	89677762	89690788
ENSG00000140527	15	89690808	89743641
ENSG00000166823	15	89749873	89751303
ENSG00000188095	15	89760589	89778756
ENSG00000166825	15	89784873	89815403
ENSG00000157823	15	89830597	89894640
ENSG00000250021	15	89834306	89912884
ENSG00000242498	15	89895004	89912968
ENSG00000140548	15	89999178	90082208
ENSG00000182054	15	90083043	90102513
ENSG00000185033	15	90160602	90229681
ENSG00000185043	15	90229937	90234117
ENSG00000183208	15	90233469	90245813
ENSG00000284626	15	90234198	90265464
ENSG00000213471	15	90249528	90265484
ENSG00000261147	15	90249554	90272210
ENSG00000182768	15	90265641	90284636
ENSG00000275674	15	90266315	90314501
ENSG00000196391	15	90352238	90369148
ENSG00000140575	15	90388205	90502241
ENSG00000140577	15	90529879	90645347
ENSG00000197299	15	90717338	90816168
ENSG00000140564	15	90868586	90883566
ENSG00000182511	15	90883693	90896373
ENSG00000196547	15	90902216	90922587
ENSG00000184508	15	90911794	90935198
ENSG00000140553	15	90930178	90954095
ENSG00000166965	15	90954823	90964811
ENSG00000198901	15	90966036	90995631
ENSG00000284946	15	90966188	91022568
ENSG00000184056	15	90997633	91022616
ENSG00000185518	15	91099698	91302567
ENSG00000176463	15	91853298	92172437
ENSG00000140557	15	92393842	92468730
ENSG00000185442	15	92617440	92809886
ENSG00000173575	15	92886201	93027998
ENSG00000182175	15	93035269	93089292
ENSG00000140563	15	94231166	94483954
ENSG00000185551	15	96325795	96340265
ENSG00000140450	15	97960698	97973840
ENSG00000140443	15	98648537	98964532
ENSG00000183571	15	98966718	99007794
ENSG00000182253	15	99098215	99135850
ENSG00000103852	15	99136321	99251234
ENSG00000168904	15	99250935	99390731
ENSG00000068305	15	99565370	99716490
ENSG00000183060	15	99715695	99733563
ENSG00000140470	15	99971435	100342007
ENSG00000154227	15	100400393	100544997
ENSG00000140471	15	100559367	100603232
ENSG00000183475	15	100602516	100651705
ENSG00000184254	15	100861922	100916762
ENSG00000154237	15	100918891	101078259
ENSG00000131873	15	101145638	101252341
ENSG00000131871	15	101270327	101277502
ENSG00000131876	15	101281506	101295307
ENSG00000140479	15	101289782	101525204
ENSG00000184277	15	101555711	101652403
ENSG00000185418	15	101653573	101724567
ENSG00000184140	15	101803507	101806889
ENSG00000182854	15	101812200	101820199
ENSG00000177693	15	101922040	101923115
ENSG00000161980	16	44354	53665
ENSG00000161981	16	53815	60011
ENSG00000007384	16	58056	78178
ENSG00000103152	16	77005	136891
ENSG00000103148	16	79385	138722
ENSG00000130656	16	142726	154505
ENSG00000206177	16	153890	166772
ENSG00000188536	16	172019	173912
ENSG00000206172	16	176658	177529
ENSG00000086506	16	180435	181183
ENSG00000007392	16	188941	229487
ENSG00000167930	16	234519	272185
ENSG00000076344	16	268299	275982
ENSG00000242173	16	280384	283012
ENSG00000185615	16	283150	287217
ENSG00000103126	16	287438	352736
ENSG00000086504	16	365447	371291
ENSG00000129925	16	370777	387115
ENSG00000103202	16	396723	410369
ENSG00000242612	16	401832	412494
ENSG00000090565	16	425591	523014
ENSG00000103326	16	527696	554638
ENSG00000161992	16	559686	565534
ENSG00000007541	16	566993	584123
ENSG00000257108	16	566998	569497
ENSG00000197562	16	589005	629350
ENSG00000127578	16	629237	634119
ENSG00000130731	16	634410	636380
ENSG00000172366	16	636815	648477
ENSG00000161996	16	649285	667839
ENSG00000140983	16	668079	674176
ENSG00000103269	16	675603	678277
ENSG00000103266	16	679978	682872
ENSG00000161999	16	681664	684530
ENSG00000127580	16	684612	690446
ENSG00000127585	16	692496	705862
ENSG00000103260	16	715091	719798
ENSG00000103254	16	720579	722592
ENSG00000162004	16	722579	726956
ENSG00000103253	16	726492	735527
ENSG00000103245	16	729719	741331
ENSG00000102854	16	760727	768868
ENSG00000162006	16	769426	782056
ENSG00000007376	16	784972	788408
ENSG00000127586	16	788044	800739
ENSG00000127588	16	798018	800772
ENSG00000103227	16	853616	981320
ENSG00000005513	16	981442	986981
ENSG00000162009	16	1063865	1081472
ENSG00000184471	16	1088224	1099403
ENSG00000196557	16	1153097	1224171
ENSG00000116176	16	1221649	1225795
ENSG00000197253	16	1227270	1233727
ENSG00000172236	16	1239264	1242557
ENSG00000095917	16	1256057	1259010
ENSG00000103275	16	1291355	1327020
ENSG00000007516	16	1333636	1349441
ENSG00000007520	16	1349234	1351900
ENSG00000090581	16	1351922	1365739
ENSG00000059145	16	1363203	1414753
ENSG00000174109	16	1419750	1420758
ENSG00000284395	16	1431076	1434443
ENSG00000197599	16	1434381	1444558
ENSG00000103249	16	1444932	1475106
ENSG00000251692	16	1485884	1488983
ENSG00000100726	16	1493327	1512553
ENSG00000187535	16	1510425	1612084
ENSG00000131634	16	1528672	1555582
ENSG00000007545	16	1612335	1677910
ENSG00000261732	16	1632257	1686717
ENSG00000206053	16	1678254	1702861
ENSG00000138834	16	1706164	1770376
ENSG00000103024	16	1770315	1771748
ENSG00000074071	16	1771887	1773489
ENSG00000197774	16	1772281	1781710
ENSG00000162032	16	1776708	1793702
ENSG00000095906	16	1782930	1789191
ENSG00000099769	16	1790225	1794973
ENSG00000063854	16	1795618	1827189
ENSG00000180185	16	1826965	1842055
ENSG00000162039	16	1833984	1884296
ENSG00000162040	16	1911473	1918417
ENSG00000198736	16	1935683	1943272
ENSG00000140986	16	1943789	1957608
ENSG00000140990	16	1959498	1962107
ENSG00000140988	16	1961985	1965512
ENSG00000179580	16	1966821	1968977
ENSG00000183751	16	1971970	1983058
ENSG00000196408	16	1978910	1984638
ENSG00000127554	16	1983697	1987751
ENSG00000127561	16	1989635	1994277
ENSG00000167962	16	1997652	2009823
ENSG00000183971	16	2009924	2020757
ENSG00000065054	16	2025354	2039028
ENSG00000065057	16	2039812	2047868
ENSG00000103197	16	2047343	2089493
ENSG00000008710	16	2088706	2135900
ENSG00000167964	16	2140801	2154167
ENSG00000131653	16	2155690	2178131
ENSG00000167971	16	2177178	2196790
ENSG00000167965	16	2204246	2209455
ENSG00000182685	16	2209250	2210907
ENSG00000184207	16	2211591	2214848
ENSG00000167967	16	2223438	2235745
ENSG00000167968	16	2235814	2238713
ENSG00000167969	16	2239374	2252302
ENSG00000205937	16	2253114	2268415
ENSG00000167972	16	2275876	2340790
ENSG00000162063	16	2429392	2458915
ENSG00000162062	16	2460083	2464965
ENSG00000162068	16	2471284	2474147
ENSG00000162065	16	2475049	2509673
ENSG00000260272	16	2496030	2520220
ENSG00000185883	16	2513711	2520220
ENSG00000259784	16	2513963	2527957
ENSG00000162066	16	2520338	2531424
ENSG00000205923	16	2530033	2531419
ENSG00000140992	16	2537967	2603192
ENSG00000167977	16	2682514	2709032
ENSG00000172382	16	2712417	2721272
ENSG00000167978	16	2752006	2772540
ENSG00000103363	16	2771411	2777322
ENSG00000103355	16	2783924	2787950
ENSG00000215148	16	2798468	2805306
ENSG00000007038	16	2817128	2826306
ENSG00000162078	16	2830160	2839587
ENSG00000005001	16	2852726	2858679
ENSG00000162076	16	2882866	2903101
ENSG00000059122	16	2911597	2951210
ENSG00000131650	16	2963623	2968382
ENSG00000127564	16	2968022	2980815
ENSG00000162073	16	2969240	2973486
ENSG00000262152	16	2988254	3002297
ENSG00000289281	16	3004130	3004861
ENSG00000213937	16	3012921	3014507
ENSG00000184697	16	3014703	3020073
ENSG00000006327	16	3018443	3022387
ENSG00000131652	16	3022539	3027757
ENSG00000103145	16	3022623	3024314
ENSG00000162069	16	3027680	3036995
ENSG00000008516	16	3046060	3060731
ENSG00000008517	16	3064299	3082194
ENSG00000130182	16	3088886	3099372
ENSG00000122386	16	3112548	3120529
ENSG00000085644	16	3129775	3142806
ENSG00000168124	16	3188202	3224781
ENSG00000010539	16	3222322	3236223
ENSG00000103313	16	3240390	3256956
ENSG00000006194	16	3263798	3301707
ENSG00000140993	16	3298388	3305731
ENSG00000162086	16	3305383	3320005
ENSG00000168158	16	3355887	3357308
ENSG00000285329	16	3365097	3479552
ENSG00000140987	16	3382079	3401485
ENSG00000103343	16	3401192	3409480
ENSG00000167981	16	3432412	3443541
ENSG00000122390	16	3443621	3486963
ENSG00000215131	16	3493482	3495491
ENSG00000103351	16	3500974	3540655
ENSG00000167984	16	3538088	3577405
ENSG00000188827	16	3579652	3611619
ENSG00000213918	16	3611676	3680145
ENSG00000126602	16	3651637	3717597
ENSG00000005339	16	3725052	3880736
ENSG00000162104	16	3953385	4116495
ENSG00000185739	16	4189367	4242285
ENSG00000090447	16	4257184	4273077
ENSG00000126603	16	4314759	4339599
ENSG00000217930	16	4330376	4355609
ENSG00000103426	16	4340249	4420496
ENSG00000262246	16	4354540	4425707
ENSG00000168140	16	4371839	4383540
ENSG00000103423	16	4425803	4460595
ENSG00000153406	16	4461671	4495765
ENSG00000103415	16	4474244	4510665
ENSG00000089486	16	4510617	4538835
ENSG00000205832	16	4556334	4600774
ENSG00000153443	16	4608877	4615048
ENSG00000102858	16	4616491	4690979
ENSG00000168101	16	4693560	4695863
ENSG00000168096	16	4696498	4734390
ENSG00000166246	16	4734313	4749398
ENSG00000103199	16	4748237	4767626
ENSG00000140623	16	4777604	4788400
ENSG00000267795	16	4788374	4796733
ENSG00000067836	16	4796960	4802928
ENSG00000140632	16	4803200	4847345
ENSG00000118900	16	4846663	4882403
ENSG00000118898	16	4879447	4960743
ENSG00000103184	16	4958288	5019159
ENSG00000103174	16	5024754	5034143
ENSG00000033011	16	5033700	5087381
ENSG00000153446	16	5042770	5066169
ENSG00000118894	16	5084111	5097911
ENSG00000078328	16	5239800	7713342
ENSG00000232258	16	8537603	8590513
ENSG00000067365	16	8621653	8665134
ENSG00000183044	16	8674594	8784577
ENSG00000184857	16	8778231	8797765
ENSG00000140650	16	8788821	8862536
ENSG00000153048	16	8852940	8870943
ENSG00000283516	16	8875702	8885355
ENSG00000187555	16	8892092	8975330
ENSG00000182831	16	9091592	9121637
ENSG00000183454	16	9753402	10183497
ENSG00000166669	16	10326432	10483642
ENSG00000213853	16	10528420	10580859
ENSG00000153060	16	10627499	10694932
ENSG00000103274	16	10743784	10769814
ENSG00000166676	16	10760917	10818796
ENSG00000179583	16	10866220	10943023
ENSG00000182108	16	10928889	10942483
ENSG00000038532	16	10944506	11189747
ENSG00000185338	16	11246398	11256558
ENSG00000175643	16	11249617	11381664
ENSG00000178279	16	11267746	11269535
ENSG00000178257	16	11273197	11273631
ENSG00000122304	16	11275630	11276490
ENSG00000175646	16	11280834	11281400
ENSG00000188897	16	11359843	11527249
ENSG00000189067	16	11546222	11640271
ENSG00000184602	16	11668025	11679166
ENSG00000153066	16	11679071	11743705
ENSG00000122299	16	11750584	11797265
ENSG00000171490	16	11833848	11851588
ENSG00000103342	16	11868126	11916084
ENSG00000234719	16	11927257	11976645
ENSG00000048462	16	11965136	11968070
ENSG00000048471	16	11976692	12574289
ENSG00000103381	16	12651852	12803889
ENSG00000237515	16	12901590	13240418
ENSG00000175595	16	13920136	13952350
ENSG00000186260	16	14071056	14266780
ENSG00000140694	16	14435697	14632730
ENSG00000103429	16	14632811	14669254
ENSG00000069764	16	14672380	14694495
ENSG00000224712	16	14703409	14726344
ENSG00000254852	16	14742531	14765464
ENSG00000103512	16	14833689	14896160
ENSG00000183426	16	14922800	14952062
ENSG00000179889	16	14974589	15153673
ENSG00000157045	16	15037851	15056084
ENSG00000085721	16	15059962	15094313
ENSG00000183793	16	15363626	15381049
ENSG00000156968	16	15395745	15413273
ENSG00000261130	16	15395752	15515350
ENSG00000166780	16	15434473	15625030
ENSG00000166783	16	15594300	15643211
ENSG00000072864	16	15643265	15734693
ENSG00000133392	16	15703133	15858440
ENSG00000133393	16	15865717	15888646
ENSG00000103222	16	15949136	16143259
ENSG00000091262	16	16149563	16223639
ENSG00000103226	16	16232504	16300808
ENSG00000183889	16	16317442	16350610
ENSG00000214967	16	16371205	16393974
ENSG00000103489	16	17101767	17470979
ENSG00000214940	16	18317917	18336738
ENSG00000233024	16	18358084	18379333
ENSG00000185164	16	18417323	18562213
ENSG00000134419	16	18775363	18790422
ENSG00000260342	16	18788061	18801521
ENSG00000170540	16	18791607	18801574
ENSG00000157106	16	18804858	18926461
ENSG00000170537	16	18983926	19063949
ENSG00000167186	16	19067562	19082192
ENSG00000205730	16	19113930	19121631
ENSG00000103528	16	19167969	19268336
ENSG00000261210	16	19285729	19322147
ENSG00000103534	16	19410426	19499119
ENSG00000006007	16	19501679	19522134
ENSG00000103540	16	19523806	19553410
ENSG00000103544	16	19555238	19706795
ENSG00000103550	16	19657342	19718753
ENSG00000174628	16	19716454	19858469
ENSG00000167191	16	19856689	19886175
ENSG00000180269	16	20028237	20073892
ENSG00000169347	16	20309572	20328414
ENSG00000169344	16	20331487	20356404
ENSG00000169340	16	20359173	20404739
ENSG00000183549	16	20409306	20441339
ENSG00000183747	16	20444010	20487671
ENSG00000066813	16	20533997	20576444
ENSG00000005187	16	20610241	20797845
ENSG00000166743	16	20623231	20698892
ENSG00000066654	16	20702814	20742086
ENSG00000196678	16	20780191	20900351
ENSG00000005189	16	20806155	20850128
ENSG00000188215	16	20854895	20900402
ENSG00000102897	16	20899819	20925013
ENSG00000158486	16	20932480	21159443
ENSG00000011638	16	21158303	21181332
ENSG00000103310	16	21197448	21214512
ENSG00000175311	16	21233671	21253852
ENSG00000103316	16	21238295	21303085
ENSG00000169246	16	21402235	21448569
ENSG00000197006	16	21597216	21657473
ENSG00000140749	16	21639548	21652640
ENSG00000155719	16	21663966	21761937
ENSG00000185864	16	21834561	21880829
ENSG00000140740	16	21952634	21990816
ENSG00000155714	16	21983863	22001118
ENSG00000185716	16	22007636	22087536
ENSG00000175267	16	22092506	22156966
ENSG00000183921	16	22162490	22192210
ENSG00000103319	16	22206250	22288740
ENSG00000058600	16	22297371	22335103
ENSG00000140743	16	22345934	22437167
ENSG00000243716	16	22479119	22536542
ENSG00000122254	16	22814160	23012186
ENSG00000103404	16	23061404	23149468
ENSG00000166828	16	23182675	23216885
ENSG00000168447	16	23278229	23381301
ENSG00000168434	16	23388491	23453212
ENSG00000103365	16	23462211	23521997
ENSG00000103356	16	23520752	23557733
ENSG00000103353	16	23557555	23574396
ENSG00000004779	16	23580950	23596330
ENSG00000083093	16	23603156	23641344
ENSG00000166847	16	23641378	23677474
ENSG00000166851	16	23677654	23690374
ENSG00000134398	16	23688115	23713257
ENSG00000166869	16	23754616	23759060
ENSG00000166501	16	23835937	24220613
ENSG00000006116	16	24256192	24362414
ENSG00000122257	16	24537691	24572865
ENSG00000090905	16	24610207	24827634
ENSG00000158865	16	24845839	24911630
ENSG00000140750	16	24917801	25015668
ENSG00000205629	16	25111702	25178234
ENSG00000103375	16	25215729	25228938
ENSG00000155592	16	25235999	25257861
ENSG00000182601	16	25691957	26137687
ENSG00000234186	16	27066925	27069168
ENSG00000155666	16	27203474	27225989
ENSG00000169189	16	27222304	27268790
ENSG00000077238	16	27313460	27365560
ENSG00000103522	16	27402172	27452052
ENSG00000077235	16	27459553	27549962
ENSG00000047578	16	27550131	27780373
ENSG00000169181	16	27787524	28063756
ENSG00000169180	16	28097974	28212067
ENSG00000188322	16	28259244	28323851
ENSG00000198156	16	28342515	28363510
ENSG00000205609	16	28376674	28403853
ENSG00000233232	16	28456320	28472338
ENSG00000261832	16	28456369	28492100
ENSG00000188603	16	28474109	28495577
ENSG00000184730	16	28494633	28498966
ENSG00000197272	16	28499358	28512053
ENSG00000176046	16	28532706	28539070
ENSG00000176476	16	28538174	28591794
ENSG00000197165	16	28589686	28599915
ENSG00000196502	16	28604995	28612505
ENSG00000255524	16	28637652	28658746
ENSG00000184110	16	28688556	28745940
ENSG00000196993	16	28751785	28772866
ENSG00000168488	16	28822981	28837239
ENSG00000178952	16	28841616	28846421
ENSG00000178188	16	28846582	28875105
ENSG00000196296	16	28878381	28904513
ENSG00000177548	16	28898738	28936528
ENSG00000177455	16	28931963	28939344
ENSG00000176953	16	28950805	28967094
ENSG00000169682	16	28974124	28984550
ENSG00000213658	16	28984806	28990786
ENSG00000254206	16	29381308	29406713
ENSG00000261740	16	29443228	29454653
ENSG00000183336	16	29453585	29455014
ENSG00000181625	16	29454499	29458225
ENSG00000213648	16	29458991	29464981
ENSG00000169203	16	29483532	29508597
ENSG00000103485	16	29662955	29698706
ENSG00000197471	16	29662955	29670878
ENSG00000185905	16	29742461	29746081
ENSG00000174992	16	29760589	29783887
ENSG00000079616	16	29790135	29805390
ENSG00000103495	16	29805635	29811178
ENSG00000167371	16	29811380	29815894
ENSG00000280893	16	29812259	29820094
ENSG00000280789	16	29816084	29822491
ENSG00000281348	16	29817237	29830629
ENSG00000013364	16	29820392	29848041
ENSG00000103502	16	29857472	29863416
ENSG00000174938	16	29871157	29899584
ENSG00000174939	16	29900361	29919866
ENSG00000174943	16	29903875	29926238
ENSG00000149932	16	29940883	29973054
ENSG00000149930	16	29973673	29992264
ENSG00000149929	16	29992312	29996128
ENSG00000169592	16	29994981	30005796
ENSG00000149927	16	30005505	30023272
ENSG00000167194	16	30023196	30027738
ENSG00000149926	16	30024423	30052980
ENSG00000285043	16	30053099	30071528
ENSG00000149925	16	30064162	30070459
ENSG00000149923	16	30075965	30085393
ENSG00000149922	16	30085791	30091935
ENSG00000090238	16	30092312	30096917
ENSG00000102886	16	30104808	30114036
ENSG00000102882	16	30114102	30123508
ENSG00000102879	16	30182796	30189087
ENSG00000169627	16	30192926	30194308
ENSG00000132207	16	30193873	30197568
ENSG00000261052	16	30198057	30204326
ENSG00000198064	16	30222891	30255270
ENSG00000169217	16	30341363	30355853
ENSG00000169221	16	30357100	30370531
ENSG00000180209	16	30370330	30377993
ENSG00000180035	16	30378104	30400110
ENSG00000180096	16	30378133	30395993
ENSG00000179965	16	30407141	30431110
ENSG00000179958	16	30413031	30430164
ENSG00000179918	16	30443629	30445876
ENSG00000005844	16	30472656	30523569
ENSG00000169957	16	30523999	30527330
ENSG00000261459	16	30525921	30534854
ENSG00000169955	16	30529532	30535349
ENSG00000169951	16	30553762	30558526
ENSG00000229809	16	30569279	30572736
ENSG00000197162	16	30573738	30585808
ENSG00000156853	16	30602556	30624014
ENSG00000289491	16	30610209	30610353
ENSG00000156858	16	30650694	30656429
ENSG00000156860	16	30658429	30670812
ENSG00000080603	16	30698126	30741411
ENSG00000282034	16	30704065	30745171
ENSG00000281991	16	30737878	30745198
ENSG00000156873	16	30748243	30761178
ENSG00000196118	16	30757421	30762223
ENSG00000103549	16	30761559	30780423
ENSG00000102870	16	30778454	30787216
ENSG00000099385	16	30818693	30894304
ENSG00000150281	16	30896605	30903549
ENSG00000099364	16	30923053	30948785
ENSG00000175938	16	30949053	30956513
ENSG00000099381	16	30957292	30984666
ENSG00000099377	16	30985027	30989156
ENSG00000099365	16	30989254	31010899
ENSG00000103496	16	31032887	31042977
ENSG00000167394	16	31059770	31074242
ENSG00000167395	16	31074392	31084198
ENSG00000151006	16	31083435	31089630
ENSG00000255439	16	31083437	31094958
ENSG00000167397	16	31090258	31095982
ENSG00000103507	16	31106105	31113466
ENSG00000103510	16	31114487	31131398
ENSG00000052344	16	31131431	31135729
ENSG00000178226	16	31138924	31150215
ENSG00000089280	16	31180129	31196965
ENSG00000103490	16	31201484	31203452
ENSG00000177238	16	31214015	31231539
ENSG00000169900	16	31215960	31217164
ENSG00000169896	16	31259952	31332894
ENSG00000140678	16	31355132	31383001
ENSG00000156886	16	31393256	31426507
ENSG00000156885	16	31427729	31428435
ENSG00000176723	16	31432591	31444325
ENSG00000140691	16	31458078	31467174
ENSG00000140682	16	31471583	31478729
ENSG00000140675	16	31483000	31490862
ENSG00000140688	16	31489463	31509311
ENSG00000169877	16	31512936	31528810
ENSG00000197302	16	31713225	31794892
ENSG00000185947	16	31873781	31918057
ENSG00000205456	16	32253284	32255936
ENSG00000183632	16	32673526	32676167
ENSG00000205457	16	33194224	33196860
ENSG00000275034	16	33304304	33306947
ENSG00000261509	16	33360839	33363480
ENSG00000278848	16	33459610	33462251
ENSG00000284209	16	34351497	34381112
ENSG00000171241	16	46578563	46621406
ENSG00000069329	16	46656130	46689520
ENSG00000091651	16	46689299	46698401
ENSG00000140795	16	46701566	46790409
ENSG00000155330	16	46796601	46831478
ENSG00000166123	16	46882855	46931301
ENSG00000069345	16	46955360	46973711
ENSG00000171208	16	47077701	47144030
ENSG00000129636	16	47154385	47464151
ENSG00000102893	16	47461121	47701526
ENSG00000140798	16	48080880	48156020
ENSG00000121270	16	48165771	48247570
ENSG00000102910	16	48244248	48363124
ENSG00000196470	16	48356362	48448404
ENSG00000102921	16	48538724	48620150
ENSG00000102924	16	49277685	49281881
ENSG00000166152	16	49373802	49399433
ENSG00000102935	16	49487522	49857921
ENSG00000205423	16	50024408	50042801
ENSG00000155393	16	50065958	50107274
ENSG00000121274	16	50152899	50235312
ENSG00000121281	16	50244697	50318609
ENSG00000166164	16	50313485	50369061
ENSG00000140807	16	50548310	50649251
ENSG00000167208	16	50666298	50681745
ENSG00000167207	16	50693215	50733350
ENSG00000083799	16	50742030	50801937
ENSG00000103449	16	51135839	51152685
ENSG00000224578	16	51553434	51647134
ENSG00000103460	16	52436415	52547804
ENSG00000277639	16	53035688	53052899
ENSG00000177200	16	53054966	53329152
ENSG00000103479	16	53433975	53491670
ENSG00000166971	16	53490500	53504413
ENSG00000103494	16	53598151	53703940
ENSG00000140718	16	53701690	54158514
ENSG00000177508	16	54283279	54287471
ENSG00000176842	16	54930777	54934487
ENSG00000159387	16	55323972	55330771
ENSG00000087245	16	55389698	55508060
ENSG00000087253	16	55508992	55586668
ENSG00000256812	16	55566682	55567689
ENSG00000103546	16	55655959	55707647
ENSG00000198848	16	55802843	55833339
ENSG00000159398	16	55846152	55956033
ENSG00000087258	16	56189658	56357446
ENSG00000159461	16	56361447	56425600
ENSG00000167005	16	56428471	56452201
ENSG00000288725	16	56430554	56501499
ENSG00000087263	16	56451506	56479124
ENSG00000125124	16	56465638	56582669
ENSG00000102891	16	56565071	56569110
ENSG00000087250	16	56589072	56591095
ENSG00000125148	16	56608128	56609505
ENSG00000169715	16	56625473	56627114
ENSG00000205364	16	56632483	56633988
ENSG00000205362	16	56638200	56640089
ENSG00000169688	16	56651883	56653206
ENSG00000198417	16	56657638	56660700
ENSG00000125144	16	56666728	56668074
ENSG00000205358	16	56669658	56671137
ENSG00000187193	16	56682056	56686112
ENSG00000102900	16	56730093	56850288
ENSG00000070915	16	56865201	56915852
ENSG00000051108	16	56930813	56946493
ENSG00000087237	16	56961920	56983847
ENSG00000140853	16	56989483	57084240
ENSG00000140848	16	57092515	57148371
ENSG00000172775	16	57152464	57186177
ENSG00000159579	16	57186135	57242507
ENSG00000102931	16	57245096	57259832
ENSG00000102934	16	57248545	57284685
ENSG00000102962	16	57357923	57366193
ENSG00000006210	16	57372455	57385046
ENSG00000102970	16	57404765	57416065
ENSG00000005194	16	57428167	57447422
ENSG00000088682	16	57447423	57461277
ENSG00000102978	16	57462646	57472012
ENSG00000125170	16	57471915	57487384
ENSG00000135736	16	57511803	57537165
ENSG00000159618	16	57528583	57591683
ENSG00000205336	16	57610650	57665582
ENSG00000182885	16	57668104	57689380
ENSG00000159625	16	57694788	57731807
ENSG00000140854	16	57735667	57758273
ENSG00000140859	16	57755666	57863055
ENSG00000070729	16	57881890	57971130
ENSG00000159648	16	57976433	57988118
ENSG00000166188	16	57994671	58000720
ENSG00000103005	16	57999544	58021620
ENSG00000102996	16	58025553	58046903
ENSG00000070761	16	58113165	58129431
ENSG00000070770	16	58157905	58198193
ENSG00000103021	16	58231155	58283838
ENSG00000103023	16	58279995	58295049
ENSG00000181938	16	58295078	58406149
ENSG00000103034	16	58462844	58513630
ENSG00000103037	16	58515477	58523844
ENSG00000125107	16	58518544	58629887
ENSG00000103042	16	58663013	58684772
ENSG00000125166	16	58686131	58734368
ENSG00000150394	16	61647240	62037037
ENSG00000140937	16	64943751	65126114
ENSG00000179776	16	66366586	66404786
ENSG00000166546	16	66426945	66493531
ENSG00000260851	16	66469810	66517314
ENSG00000166548	16	66508001	66552546
ENSG00000217555	16	66552561	66566253
ENSG00000254788	16	66552585	66579137
ENSG00000089505	16	66566391	66579139
ENSG00000140932	16	66579430	66588282
ENSG00000140931	16	66603872	66613894
ENSG00000183723	16	66614748	66696858
ENSG00000135720	16	66720891	66751858
ENSG00000249961	16	66754638	66801622
ENSG00000159593	16	66802872	66873258
ENSG00000168748	16	66844412	66854155
ENSG00000172840	16	66878587	66895756
ENSG00000166589	16	66908120	66919189
ENSG00000166592	16	66921680	66926310
ENSG00000166595	16	66931936	66934931
ENSG00000172831	16	66934431	66945098
ENSG00000172828	16	66961217	66975164
ENSG00000172824	16	66988572	67010419
ENSG00000067955	16	67028982	67101060
ENSG00000125149	16	67109939	67148546
ENSG00000237172	16	67142021	67151262
ENSG00000102871	16	67153967	67163762
ENSG00000135722	16	67159930	67164572
ENSG00000265690	16	67163383	67165817
ENSG00000102878	16	67164679	67169947
ENSG00000140939	16	67170152	67176191
ENSG00000196123	16	67175597	67184230
ENSG00000179044	16	67184311	67190244
ENSG00000205250	16	67192115	67198921
ENSG00000102890	16	67199103	67204031
ENSG00000168701	16	67227101	67229283
ENSG00000135723	16	67229385	67247541
ENSG00000135740	16	67237681	67272193
ENSG00000196155	16	67277508	67289501
ENSG00000168676	16	67289426	67326768
ENSG00000159708	16	67326796	67385223
ENSG00000159713	16	67389025	67393520
ENSG00000159714	16	67394150	67416835
ENSG00000176387	16	67430650	67437555
ENSG00000159720	16	67437521	67481229
ENSG00000159723	16	67482569	67483554
ENSG00000039523	16	67518416	67546790
ENSG00000102974	16	67561829	67639191
ENSG00000159753	16	67644986	67657571
ENSG00000102977	16	67657510	67660812
ENSG00000102981	16	67660348	67664268
ENSG00000124074	16	67662943	67667956
ENSG00000159761	16	67666800	67668759
ENSG00000141098	16	67674525	67719354
ENSG00000141084	16	67723068	67806565
ENSG00000102904	16	67806763	67832150
ENSG00000102901	16	67828155	67847813
ENSG00000168286	16	67842318	67844197
ENSG00000102898	16	67844367	67872571
ENSG00000038358	16	67873047	67884522
ENSG00000188038	16	67884866	67888857
ENSG00000159792	16	67893242	67929678
ENSG00000141086	16	67927638	67932367
ENSG00000261884	16	67929612	67936019
ENSG00000205220	16	67934502	67936867
ENSG00000213398	16	67939148	67944683
ENSG00000124067	16	67943472	67969603
ENSG00000141096	16	67975659	67980556
ENSG00000167261	16	67987390	68000626
ENSG00000167264	16	67987744	68079346
ENSG00000263201	16	68013434	68015913
ENSG00000182810	16	68020914	68023234
ENSG00000072736	16	68084749	68229261
ENSG00000103067	16	68225972	68238104
ENSG00000103066	16	68245302	68261065
ENSG00000103064	16	68264171	68301855
ENSG00000103061	16	68284496	68310970
ENSG00000132600	16	68310914	68360854
ENSG00000103056	16	68358325	68448552
ENSG00000184939	16	68530088	68577888
ENSG00000062038	16	68636187	68727470
ENSG00000039068	16	68737240	68835545
ENSG00000103047	16	68843515	69086518
ENSG00000103044	16	69105639	69121462
ENSG00000286140	16	69117663	69132590
ENSG00000168802	16	69118007	69132851
ENSG00000141076	16	69131289	69231132
ENSG00000168807	16	69187138	69309054
ENSG00000260914	16	69299680	69322702
ENSG00000132612	16	69311297	69326941
ENSG00000213380	16	69320138	69339922
ENSG00000258429	16	69321989	69330615
ENSG00000272617	16	69328642	69334873
ENSG00000260371	16	69335089	69356308
ENSG00000259900	16	69335274	69351732
ENSG00000132603	16	69337994	69343109
ENSG00000157315	16	69343016	69351813
ENSG00000132604	16	69355462	69408573
ENSG00000103018	16	69398400	69480780
ENSG00000102908	16	69565092	69704668
ENSG00000181019	16	69691308	69726670
ENSG00000141101	16	69741869	69754945
ENSG00000198373	16	69762279	69944555
ENSG00000157322	16	69950703	69964454
ENSG00000090857	16	70114223	70162539
ENSG00000157335	16	70173320	70187363
ENSG00000223496	16	70246776	70251942
ENSG00000090861	16	70251981	70289709
ENSG00000157349	16	70289661	70335994
ENSG00000260537	16	70299192	70372584
ENSG00000168872	16	70346859	70379989
ENSG00000157350	16	70375975	70439265
ENSG00000157353	16	70454396	70480277
ENSG00000103051	16	70480565	70523584
ENSG00000189091	16	70523780	70577672
ENSG00000157368	16	70579866	70661558
ENSG00000132613	16	70661202	70686088
ENSG00000103043	16	70687434	70801180
ENSG00000157423	16	70802082	71230737
ENSG00000180917	16	71280071	71289717
ENSG00000172137	16	71358711	71391060
ENSG00000260734	16	71429978	71442056
ENSG00000167377	16	71447595	71463097
ENSG00000261611	16	71447598	71489313
ENSG00000157429	16	71464553	71565504
ENSG00000140835	16	71525231	71541952
ENSG00000198650	16	71565658	71577098
ENSG00000140832	16	71626148	71642116
ENSG00000040199	16	71637832	71724703
ENSG00000166747	16	71728998	71809203
ENSG00000224470	16	71808437	71885270
ENSG00000182149	16	71845968	71931201
ENSG00000102984	16	71859674	71895338
ENSG00000277481	16	71929536	72000404
ENSG00000102967	16	72008586	72027666
ENSG00000310525	16	72038097	72093559
ENSG00000257017	16	72054476	72061073
ENSG00000261701	16	72063146	72077248
ENSG00000140830	16	72084851	72094433
ENSG00000140829	16	72093611	72112914
ENSG00000118557	16	72111572	72176880
ENSG00000140836	16	72782883	73891873
ENSG00000103035	16	74296779	74306292
ENSG00000196436	16	74376304	74392117
ENSG00000140839	16	74408629	74424181
ENSG00000090863	16	74447425	74607146
ENSG00000168411	16	74621391	74666914
ENSG00000168404	16	74671853	74701172
ENSG00000103089	16	74712953	74774839
ENSG00000103091	16	74862163	75000175
ENSG00000186187	16	74999005	75110996
ENSG00000166816	16	75111853	75116801
ENSG00000184517	16	75148492	75172256
ENSG00000168928	16	75204097	75207177
ENSG00000168925	16	75218979	75226340
ENSG00000050820	16	75228179	75268055
ENSG00000153774	16	75293696	75434217
ENSG00000261717	16	75412682	75464708
ENSG00000166822	16	75443052	75465499
ENSG00000183196	16	75472050	75495480
ENSG00000135702	16	75528528	75536119
ENSG00000260092	16	75528530	75545430
ENSG00000205084	16	75536571	75556291
ENSG00000034713	16	75566348	75594461
ENSG00000065457	16	75596866	75623303
ENSG00000065427	16	75624158	75648665
ENSG00000166848	16	75647723	75761874
ENSG00000284484	16	75660225	75677011
ENSG00000282757	16	75693891	75701463
ENSG00000283755	16	75714129	75726492
ENSG00000152910	16	76277270	76560759
ENSG00000287694	16	76277286	76819626
ENSG00000103111	16	77190833	77202400
ENSG00000205078	16	77199398	77213217
ENSG00000140873	16	77247811	77435036
ENSG00000140876	16	77722472	77776044
ENSG00000171724	16	77788525	77980109
ENSG00000166509	16	78022513	78066763
ENSG00000186153	16	78099398	79212669
ENSG00000178573	16	79583126	79600739
ENSG00000168589	16	80540732	80550815
ENSG00000166446	16	80597905	80804613
ENSG00000286221	16	80828734	81006896
ENSG00000103121	16	80966446	81020272
ENSG00000166451	16	81006504	81033560
ENSG00000284512	16	81022314	81096286
ENSG00000166454	16	81035807	81047352
ENSG00000166455	16	81053193	81077269
ENSG00000260643	16	81053585	81096298
ENSG00000140905	16	81078230	81096428
ENSG00000166473	16	81100873	81220372
ENSG00000135697	16	81238574	81291228
ENSG00000261609	16	81314930	81390886
ENSG00000153815	16	81444798	81711764
ENSG00000197943	16	81738246	81962687
ENSG00000184860	16	81988853	82011502
ENSG00000086696	16	82008117	82098536
ENSG00000135698	16	82131919	82170230
ENSG00000140945	16	82626963	83800642
ENSG00000230989	16	83719309	83819739
ENSG00000103150	16	83899055	83951447
ENSG00000140961	16	83931309	83966335
ENSG00000103154	16	83968242	84002778
ENSG00000166558	16	84009556	84043145
ENSG00000140943	16	84052701	84116968
ENSG00000310590	16	84101968	84101998
ENSG00000103160	16	84122131	84145216
ENSG00000154099	16	84145259	84178771
ENSG00000103168	16	84177844	84187072
ENSG00000140955	16	84191111	84197170
ENSG00000168418	16	84218655	84240018
ENSG00000103175	16	84294613	84329855
ENSG00000064270	16	84368474	84465781
ENSG00000140950	16	84476343	84565286
ENSG00000103187	16	84565594	84618138
ENSG00000135686	16	84643423	84667839
ENSG00000103194	16	84699940	84779928
ENSG00000103196	16	84819973	84920770
ENSG00000153786	16	84973742	85011543
ENSG00000135709	16	85027707	85094232
ENSG00000153789	16	85098356	85112488
ENSG00000131149	16	85169523	85676206
ENSG00000131153	16	85673162	85690075
ENSG00000154102	16	85690082	85751145
ENSG00000131148	16	85771756	85800195
ENSG00000131143	16	85798631	85810197
ENSG00000140968	16	85899114	85922608
ENSG00000103241	16	86509695	86515424
ENSG00000103248	16	86530176	86555237
ENSG00000176692	16	86566827	86569730
ENSG00000176678	16	86576338	86583480
ENSG00000260456	16	87083560	87317433
ENSG00000131152	16	87302874	87334275
ENSG00000103264	16	87326985	87392144
ENSG00000140941	16	87383951	87405092
ENSG00000140948	16	87406244	87493032
ENSG00000154118	16	87601833	87698377
ENSG00000104731	16	87696483	87766000
ENSG00000103257	16	87830014	87869516
ENSG00000174990	16	87881544	87936605
ENSG00000172530	16	87949125	88083444
ENSG00000225614	16	88382957	88440759
ENSG00000179588	16	88453206	88537033
ENSG00000158545	16	88570386	88631968
ENSG00000124391	16	88638569	88640470
ENSG00000051523	16	88643273	88651085
ENSG00000167508	16	88651932	88663168
ENSG00000185669	16	88674990	88686515
ENSG00000158717	16	88696492	88706426
ENSG00000174177	16	88706468	88717855
ENSG00000103335	16	88715336	88785253
ENSG00000167513	16	88803775	88809260
ENSG00000198931	16	88808321	88811972
ENSG00000141012	16	88813731	88857834
ENSG00000167515	16	88856218	88862688
ENSG00000205022	16	88863331	88866662
ENSG00000129993	16	88874856	88977209
ENSG00000176715	16	89088373	89164123
ENSG00000129910	16	89171740	89195494
ENSG00000259803	16	89195456	89201694
ENSG00000170100	16	89217681	89237143
ENSG00000167522	16	89267617	89490708
ENSG00000288715	16	89317044	89418294
ENSG00000197912	16	89490717	89557770
ENSG00000167526	16	89560635	89567836
ENSG00000178773	16	89575728	89597249
ENSG00000015413	16	89613306	89638458
ENSG00000131165	16	89640814	89657740
ENSG00000167523	16	89657738	89671289
ENSG00000185324	16	89680735	89696374
ENSG00000158792	16	89696355	89701735
ENSG00000075399	16	89707126	89721881
ENSG00000158805	16	89720398	89740927
ENSG00000187741	16	89726681	89816979
ENSG00000204991	16	89818177	89871322
ENSG00000141002	16	89873212	89913629
ENSG00000258839	16	89912117	89920979
ENSG00000198211	16	89919163	89936094
ENSG00000258947	16	89921390	89938763
ENSG00000140995	16	89948012	89968081
ENSG00000003249	16	90004646	90019892
ENSG00000141013	16	90019627	90045371
ENSG00000126856	16	90056564	90092074
ENSG00000268320	17	137567	139069
ENSG00000272636	17	142787	181693
ENSG00000181031	17	210128	386378
ENSG00000187624	17	410300	431064
ENSG00000183688	17	439976	445941
ENSG00000141252	17	508501	721719
ENSG00000167695	17	732410	743011
ENSG00000179409	17	742838	754001
ENSG00000167699	17	757095	782343
ENSG00000171861	17	782340	792512
ENSG00000167693	17	799308	979818
ENSG00000177370	17	997088	1003673
ENSG00000159842	17	1003517	1229740
ENSG00000205899	17	1270442	1271817
ENSG00000184811	17	1279552	1300980
ENSG00000108953	17	1344273	1400328
ENSG00000167193	17	1420687	1463164
ENSG00000197879	17	1464184	1492709
ENSG00000132376	17	1494569	1516761
ENSG00000174238	17	1517716	1562863
ENSG00000167703	17	1569266	1630105
ENSG00000074660	17	1633846	1646124
ENSG00000167705	17	1646136	1650085
ENSG00000174231	17	1650622	1684911
ENSG00000185561	17	1688596	1710641
ENSG00000167716	17	1716521	1738601
ENSG00000167711	17	1742067	1755273
ENSG00000132386	17	1761956	1777629
ENSG00000186532	17	1779483	1830636
ENSG00000132383	17	1829700	1900084
ENSG00000185924	17	1934675	2025357
ENSG00000108963	17	2030134	2043900
ENSG00000262664	17	2042020	2043900
ENSG00000177374	17	2054152	2063243
ENSG00000070366	17	2059837	2303936
ENSG00000167720	17	2303381	2326658
ENSG00000167721	17	2322374	2337967
ENSG00000141258	17	2337486	2381060
ENSG00000070444	17	2384071	2401144
ENSG00000127804	17	2405560	2511906
ENSG00000007168	17	2593181	2685629
ENSG00000132361	17	2689384	2712665
ENSG00000277200	17	2720799	2749925
ENSG00000132359	17	2755627	3037743
ENSG00000262628	17	3062667	3063609
ENSG00000184166	17	3088482	3104424
ENSG00000183024	17	3126608	3127553
ENSG00000262085	17	3153888	3154884
ENSG00000172150	17	3197517	3198450
ENSG00000172146	17	3207537	3218898
ENSG00000221882	17	3276175	3386330
ENSG00000180090	17	3291015	3298362
ENSG00000180042	17	3385928	3386876
ENSG00000180016	17	3397102	3398412
ENSG00000159961	17	3411368	3424072
ENSG00000127780	17	3432868	3433843
ENSG00000141255	17	3440009	3513854
ENSG00000108381	17	3472372	3503407
ENSG00000167723	17	3510500	3557814
ENSG00000196689	17	3565442	3609882
ENSG00000262304	17	3585147	3636251
ENSG00000197417	17	3607431	3636639
ENSG00000040531	17	3636444	3663105
ENSG00000213977	17	3659749	3668681
ENSG00000257950	17	3663061	3696196
ENSG00000127774	17	3668792	3672837
ENSG00000083454	17	3669761	3696400
ENSG00000083457	17	3714626	3801227
ENSG00000177602	17	3723901	3726701
ENSG00000074356	17	3802156	3846265
ENSG00000004660	17	3860313	3894893
ENSG00000108405	17	3896590	3916582
ENSG00000074370	17	3923864	3964501
ENSG00000074755	17	4004430	4143630
ENSG00000167740	17	4143166	4188685
ENSG00000185722	17	4163819	4263997
ENSG00000132388	17	4269219	4366680
ENSG00000182557	17	4433938	4488210
ENSG00000183018	17	4498837	4539038
ENSG00000132382	17	4538895	4555405
ENSG00000167741	17	4556340	4560820
ENSG00000188176	17	4583997	4608800
ENSG00000161905	17	4629734	4642296
ENSG00000141456	17	4669772	4704339
ENSG00000141480	17	4710391	4721502
ENSG00000161920	17	4731409	4733612
ENSG00000161921	17	4732913	4740066
ENSG00000141497	17	4739106	4746121
ENSG00000142484	17	4771833	4783222
ENSG00000182853	17	4785279	4790408
ENSG00000182327	17	4788925	4790736
ENSG00000142507	17	4796142	4798505
ENSG00000262165	17	4801157	4807015
ENSG00000129219	17	4807072	4823436
ENSG00000141503	17	4833145	4898067
ENSG00000108556	17	4897767	4934440
ENSG00000205710	17	4899416	4902936
ENSG00000185245	17	4932259	4935025
ENSG00000108528	17	4934568	4940158
ENSG00000108523	17	4939995	4945225
ENSG00000108518	17	4945650	4950519
ENSG00000108515	17	4948032	4957134
ENSG00000091640	17	4959224	4967837
ENSG00000108509	17	4967990	4987686
ENSG00000196388	17	4988128	4999119
ENSG00000129250	17	4997627	5028403
ENSG00000132517	17	5032598	5052011
ENSG00000180787	17	5078239	5096378
ENSG00000167840	17	5105267	5123164
ENSG00000129204	17	5116030	5175036
ENSG00000180626	17	5174017	5191909
ENSG00000161929	17	5208913	5234871
ENSG00000029725	17	5282256	5386873
ENSG00000108559	17	5359639	5420166
ENSG00000129197	17	5419064	5432890
ENSG00000108561	17	5432623	5448832
ENSG00000005100	17	5440915	5469033
ENSG00000072849	17	5471252	5486819
ENSG00000167842	17	5486283	5492082
ENSG00000091592	17	5499413	5619426
ENSG00000286190	17	5499425	5501015
ENSG00000285471	17	5772924	6080794
ENSG00000179314	17	6057805	6124429
ENSG00000129221	17	6393691	6435201
ENSG00000129195	17	6443542	6451471
ENSG00000091622	17	6451261	6556569
ENSG00000198920	17	6578029	6640743
ENSG00000282936	17	6578029	6640713
ENSG00000129235	17	6640710	6646376
ENSG00000108590	17	6643309	6652292
ENSG00000256806	17	6651760	6693204
ENSG00000141485	17	6684713	6713379
ENSG00000132530	17	6755373	6775649
ENSG00000177294	17	6776208	6797103
ENSG00000167858	17	6789131	6831763
ENSG00000108839	17	6996047	7010756
ENSG00000219200	17	7012410	7014537
ENSG00000161939	17	7012633	7017522
ENSG00000258315	17	7014478	7017546
ENSG00000161940	17	7023048	7030292
ENSG00000174327	17	7035979	7041033
ENSG00000174326	17	7041603	7044094
ENSG00000132514	17	7074535	7081168
ENSG00000161944	17	7100164	7116605
ENSG00000141505	17	7172425	7179668
ENSG00000132535	17	7187185	7219838
ENSG00000072778	17	7217123	7225275
ENSG00000004975	17	7225336	7234540
ENSG00000040633	17	7235027	7239724
ENSG00000170296	17	7240006	7242488
ENSG00000262526	17	7240425	7244637
ENSG00000175826	17	7243581	7252843
ENSG00000262302	17	7246827	7262091
ENSG00000170291	17	7250816	7260167
ENSG00000181885	17	7257357	7264018
ENSG00000181856	17	7281662	7289243
ENSG00000006047	17	7288251	7294752
ENSG00000132507	17	7306942	7312508
ENSG00000132522	17	7309468	7315566
ENSG00000261915	17	7312659	7319176
ENSG00000215041	17	7315626	7329395
ENSG00000072818	17	7332958	7351480
ENSG00000213859	17	7351887	7354946
ENSG00000182896	17	7355121	7357221
ENSG00000174292	17	7380532	7389781
ENSG00000187838	17	7389725	7397056
ENSG00000262481	17	7389732	7404099
ENSG00000205544	17	7402772	7404140
ENSG00000169992	17	7404682	7419862
ENSG00000181323	17	7420321	7421639
ENSG00000184560	17	7425561	7427570
ENSG00000283439	17	7428855	7432822
ENSG00000286007	17	7428859	7436280
ENSG00000181284	17	7435342	7437681
ENSG00000161958	17	7438126	7444939
ENSG00000170175	17	7445002	7457712
ENSG00000174282	17	7459364	7484280
ENSG00000259224	17	7481444	7483498
ENSG00000181222	17	7484364	7514618
ENSG00000239697	17	7548506	7557892
ENSG00000248871	17	7549097	7561603
ENSG00000161955	17	7558249	7561662
ENSG00000161956	17	7561865	7571971
ENSG00000277957	17	7563285	7578717
ENSG00000161960	17	7572716	7579009
ENSG00000129226	17	7579378	7582517
ENSG00000129255	17	7583212	7594421
ENSG00000129194	17	7588176	7590103
ENSG00000129245	17	7591228	7614918
ENSG00000129214	17	7613944	7633471
ENSG00000141504	17	7626232	7627881
ENSG00000129244	17	7646625	7657773
ENSG00000141510	17	7661777	7687548
ENSG00000141499	17	7686069	7703507
ENSG00000108947	17	7705170	7711374
ENSG00000183914	17	7717726	7833744
ENSG00000132510	17	7834191	7854810
ENSG00000167874	17	7855055	7856116
ENSG00000183011	17	7856679	7885240
ENSG00000182224	17	7857694	7862284
ENSG00000170004	17	7884785	7912762
ENSG00000179859	17	7913236	7916379
ENSG00000170049	17	7920954	7929858
ENSG00000262730	17	7925929	7930624
ENSG00000170043	17	7930343	7932125
ENSG00000170037	17	7932099	7949955
ENSG00000132518	17	8002613	8020344
ENSG00000179593	17	8039009	8049136
ENSG00000179477	17	8068592	8087718
ENSG00000179148	17	8095898	8119049
ENSG00000179111	17	8120590	8124116
ENSG00000179094	17	8140465	8156508
ENSG00000263620	17	8150814	8162977
ENSG00000220205	17	8159147	8163586
ENSG00000179029	17	8172438	8176410
ENSG00000196544	17	8188343	8190182
ENSG00000178999	17	8204333	8210640
ENSG00000178971	17	8224813	8248077
ENSG00000178921	17	8247616	8271152
ENSG00000125434	17	8287760	8295412
ENSG00000108961	17	8288629	8290094
ENSG00000198844	17	8310220	8323205
ENSG00000184650	17	8339838	8346050
ENSG00000184619	17	8356900	8376740
ENSG00000263809	17	8368636	8383189
ENSG00000161970	17	8377498	8384064
ENSG00000189051	17	8390700	8397829
ENSG00000166579	17	8408526	8501109
ENSG00000133026	17	8474203	8632305
ENSG00000161973	17	8729928	8745972
ENSG00000183318	17	8747522	8758561
ENSG00000185156	17	8797108	8799367
ENSG00000276231	17	8802720	8867698
ENSG00000141506	17	8878909	8966010
ENSG00000065320	17	9003078	9244002
ENSG00000170310	17	9250147	9576593
ENSG00000166596	17	9576625	9643457
ENSG00000154914	17	9644661	9729776
ENSG00000184544	17	9771432	9791595
ENSG00000214978	17	9800606	9822081
ENSG00000065325	17	9822204	9894165
ENSG00000109047	17	9896318	9905582
ENSG00000007237	17	9910604	10198914
ENSG00000006788	17	10300863	10373132
ENSG00000133020	17	10390320	10421952
ENSG00000264424	17	10443288	10469561
ENSG00000109061	17	10491025	10518721
ENSG00000125414	17	10521145	10549702
ENSG00000109063	17	10628524	10657311
ENSG00000133028	17	10672472	10698377
ENSG00000170222	17	10697245	10713288
ENSG00000187824	17	10699013	10730382
ENSG00000263429	17	10794906	10804106
ENSG00000233670	17	10822468	10838108
ENSG00000188803	17	11240536	11564065
ENSG00000007174	17	11598455	11969750
ENSG00000154957	17	11956200	11997496
ENSG00000065559	17	12020806	12143832
ENSG00000141052	17	12665888	12768951
ENSG00000006740	17	12789461	12991645
ENSG00000006744	17	12991266	13018067
ENSG00000153976	17	13493166	13601958
ENSG00000006695	17	14069488	14231738
ENSG00000223510	17	14235671	14236864
ENSG00000125430	17	14301023	14349406
ENSG00000109099	17	15176314	15272294
ENSG00000125409	17	15303809	15341634
ENSG00000239704	17	15433935	15475735
ENSG00000259024	17	15436019	15563563
ENSG00000175106	17	15502262	15563597
ENSG00000241322	17	15565482	15619706
ENSG00000251537	17	15571489	15651655
ENSG00000221926	17	15627948	15684313
ENSG00000255104	17	15699550	15745942
ENSG00000187607	17	15699575	15720789
ENSG00000214946	17	15732245	15746164
ENSG00000170425	17	15945091	15976469
ENSG00000214941	17	15976217	15999719
ENSG00000011295	17	15999384	16068418
ENSG00000141027	17	16029063	16218187
ENSG00000108474	17	16217179	16351799
ENSG00000166582	17	16340009	16353663
ENSG00000170315	17	16378896	16382747
ENSG00000187688	17	16407463	16437863
ENSG00000181350	17	16441491	16492239
ENSG00000141040	17	16546952	16569220
ENSG00000197566	17	16620732	16653862
ENSG00000170160	17	16689535	16777976
ENSG00000266302	17	16690259	16804455
ENSG00000240505	17	16929814	16972120
ENSG00000133030	17	17042379	17217681
ENSG00000179598	17	17200620	17206371
ENSG00000264187	17	17202647	17237187
ENSG00000154803	17	17212198	17237328
ENSG00000141030	17	17244684	17281313
ENSG00000205309	17	17303314	17347665
ENSG00000141026	17	17476979	17494486
ENSG00000108551	17	17494191	17496404
ENSG00000133027	17	17505557	17592107
ENSG00000108557	17	17681321	17811455
ENSG00000072310	17	17810397	17837037
ENSG00000175662	17	17843505	17972472
ENSG00000171962	17	17972811	18016891
ENSG00000171953	17	17977407	18040835
ENSG00000141034	17	18039369	18068407
ENSG00000108591	17	18087874	18107981
ENSG00000091536	17	18108754	18179804
ENSG00000091542	17	18183032	18209956
ENSG00000131899	17	18225540	18244878
ENSG00000177731	17	18244780	18260422
ENSG00000177427	17	18259525	18266554
ENSG00000177302	17	18271426	18315027
ENSG00000176994	17	18315291	18328058
ENSG00000176974	17	18327684	18363564
ENSG00000214860	17	18377672	18389654
ENSG00000171916	17	18476735	18494947
ENSG00000189375	17	18634245	18644429
ENSG00000240445	17	18667627	18682316
ENSG00000171931	17	18744024	18779351
ENSG00000171928	17	18781109	18806774
ENSG00000141127	17	18840083	18931289
ENSG00000154025	17	18949744	19022597
ENSG00000188522	17	18968787	19004841
ENSG00000154016	17	19020654	19047145
ENSG00000189152	17	19127533	19162276
ENSG00000072134	17	19214835	19336717
ENSG00000108641	17	19334306	19378195
ENSG00000166484	17	19377719	19383546
ENSG00000166482	17	19383429	19387205
ENSG00000128482	17	19410957	19417283
ENSG00000142494	17	19495383	19579046
ENSG00000072210	17	19647289	19685883
ENSG00000180638	17	19677388	19718981
ENSG00000108602	17	19737982	19748945
ENSG00000083290	17	19770827	19867967
ENSG00000108599	17	19904300	19978345
ENSG00000128487	17	20008863	20319028
ENSG00000170298	17	20449393	20467550
ENSG00000214819	17	20579722	20580913
ENSG00000188013	17	20589056	20590702
ENSG00000124422	17	20999591	21043762
ENSG00000109016	17	21123362	21194143
ENSG00000178307	17	21193988	21214622
ENSG00000274180	17	21238868	21253450
ENSG00000034152	17	21284670	21315242
ENSG00000184185	17	21376207	21419872
ENSG00000260458	17	21692521	21704614
ENSG00000109046	17	27294046	27315940
ENSG00000141068	17	27456034	27626440
ENSG00000266728	17	27623362	27640779
ENSG00000168961	17	27629796	27649563
ENSG00000007171	17	27755281	27800760
ENSG00000266202	17	27798804	27893367
ENSG00000232859	17	27878312	27894754
ENSG00000087095	17	28041707	28196383
ENSG00000109084	17	28319095	28332673
ENSG00000109083	17	28328317	28335491
ENSG00000109079	17	28335570	28349945
ENSG00000004142	17	28343131	28357625
ENSG00000244045	17	28357634	28363685
ENSG00000274529	17	28363504	28365201
ENSG00000273171	17	28364286	28368014
ENSG00000004139	17	28364354	28404051
ENSG00000109072	17	28366412	28373093
ENSG00000076351	17	28394640	28407199
ENSG00000167524	17	28455750	28614212
ENSG00000007216	17	28473273	28497784
ENSG00000109101	17	28506241	28538902
ENSG00000109103	17	28546703	28552657
ENSG00000087111	17	28553381	28571796
ENSG00000109107	17	28573113	28576950
ENSG00000076382	17	28577563	28599054
ENSG00000258472	17	28580010	28614187
ENSG00000007202	17	28614438	28645456
ENSG00000132581	17	28648344	28662191
ENSG00000109111	17	28661918	28702684
ENSG00000167525	17	28703194	28712315
ENSG00000109113	17	28713543	28719596
ENSG00000198242	17	28719938	28724367
ENSG00000160606	17	28723433	28727937
ENSG00000160602	17	28725895	28743457
ENSG00000076604	17	28743976	28772896
ENSG00000173065	17	28755964	28855234
ENSG00000132591	17	28854981	28861069
ENSG00000132589	17	28879333	28897743
ENSG00000167536	17	28897779	28903089
ENSG00000109118	17	28905245	28951773
ENSG00000179761	17	28950511	29057585
ENSG00000063015	17	28954899	29006442
ENSG00000196535	17	29071117	29180459
ENSG00000108255	17	29246857	29254496
ENSG00000108256	17	29255837	29294156
ENSG00000160551	17	29390334	29551905
ENSG00000168792	17	29560545	29567104
ENSG00000167543	17	29566050	29582342
ENSG00000108262	17	29573473	29594056
ENSG00000198720	17	29589767	29614763
ENSG00000167549	17	29614753	29622925
ENSG00000141298	17	29625936	29930278
ENSG00000176927	17	29929198	30108454
ENSG00000126653	17	30115519	30186477
ENSG00000108576	17	30194256	30238484
ENSG00000108578	17	30248191	30292154
ENSG00000182271	17	30310986	30334100
ENSG00000108582	17	30378543	30469991
ENSG00000108587	17	30477360	30528311
ENSG00000176390	17	30769386	30824748
ENSG00000176208	17	30831943	30895873
ENSG00000172171	17	30897334	30906764
ENSG00000184060	17	30906342	30959947
ENSG00000181481	17	30970511	30999913
ENSG00000196712	17	31094881	31382118
ENSG00000126861	17	31272011	31297541
ENSG00000185862	17	31302869	31314423
ENSG00000265118	17	31305211	31318833
ENSG00000126860	17	31316408	31321756
ENSG00000131242	17	31391603	31538213
ENSG00000172301	17	31851869	31859293
ENSG00000108651	17	31860896	31901753
ENSG00000178691	17	31936992	32001110
ENSG00000185158	17	32007365	32053506
ENSG00000126858	17	32142433	32253393
ENSG00000141314	17	32265785	32338570
ENSG00000108666	17	32324560	32350025
ENSG00000010244	17	32350120	32381887
ENSG00000108671	17	32444377	32483321
ENSG00000176749	17	32486154	32491255
ENSG00000176658	17	32492520	32877202
ENSG00000290320	17	32895431	32906588
ENSG00000006042	17	32917422	32945261
ENSG00000141316	17	32970374	32997879
ENSG00000108684	17	33013085	34174966
ENSG00000108691	17	34255272	34257210
ENSG00000108688	17	34270219	34272244
ENSG00000172156	17	34285733	34288336
ENSG00000108700	17	34319433	34321404
ENSG00000181374	17	34356436	34358612
ENSG00000108702	17	34360326	34363235
ENSG00000181291	17	34579485	34639320
ENSG00000132141	17	34927840	34981080
ENSG00000198783	17	34961538	34963779
ENSG00000005156	17	34980460	35009745
ENSG00000092871	17	35005988	35089901
ENSG00000267618	17	35011347	35121495
ENSG00000185379	17	35092219	35121524
ENSG00000073598	17	35121613	35130734
ENSG00000073536	17	35125554	35142315
ENSG00000141161	17	35146493	35189348
ENSG00000164729	17	35192518	35194395
ENSG00000166750	17	35243041	35273657
ENSG00000172716	17	35350303	35373703
ENSG00000172123	17	35409337	35433477
ENSG00000154760	17	35435094	35449768
ENSG00000205045	17	35464247	35537772
ENSG00000236320	17	35543983	35560821
ENSG00000108733	17	35574793	35578865
ENSG00000006125	17	35578044	35726419
ENSG00000270885	17	35731637	35743523
ENSG00000270765	17	35744509	35753262
ENSG00000271447	17	35756247	35795721
ENSG00000270806	17	35760885	35765081
ENSG00000270647	17	35809473	35864617
ENSG00000270379	17	35854944	35868893
ENSG00000271503	17	35871489	35880795
ENSG00000278023	17	35918064	35930796
ENSG00000275722	17	35934516	35943715
ENSG00000275152	17	35976190	35981582
ENSG00000276409	17	35983286	35987035
ENSG00000275688	17	35983654	36001623
ENSG00000275718	17	35988461	36002121
ENSG00000274736	17	36013054	36017981
ENSG00000275385	17	36064226	36072034
ENSG00000277632	17	36088254	36090171
ENSG00000275302	17	36103586	36105629
ENSG00000274808	17	36165681	36176638
ENSG00000276085	17	36194867	36196760
ENSG00000276070	17	36210922	36212880
ENSG00000274933	17	36253454	36264572
ENSG00000260287	17	36323882	36334761
ENSG00000274226	17	36377529	36388437
ENSG00000275954	17	36428610	36439568
ENSG00000273611	17	36486627	36499312
ENSG00000278259	17	36495116	36545891
ENSG00000277161	17	36534979	36542356
ENSG00000278311	17	36544886	36589868
ENSG00000278535	17	36591780	36600811
ENSG00000278619	17	36601569	36621638
ENSG00000273706	17	36936782	36944614
ENSG00000275700	17	36948923	37056876
ENSG00000278540	17	37084990	37406855
ENSG00000278505	17	37375983	37392710
ENSG00000276234	17	37406729	37479809
ENSG00000276023	17	37488395	37513834
ENSG00000275066	17	37514793	37609492
ENSG00000278053	17	37609737	37643532
ENSG00000275410	17	37686429	37745097
ENSG00000273513	17	37924413	37935373
ENSG00000274512	17	37978152	37989391
ENSG00000274419	17	38003974	38014910
ENSG00000278299	17	38057691	38068636
ENSG00000278599	17	38127949	38138870
ENSG00000274611	17	38181657	38194019
ENSG00000278845	17	38297021	38324142
ENSG00000277399	17	38324569	38343958
ENSG00000274211	17	38351842	38405595
ENSG00000275832	17	38419258	38512387
ENSG00000277363	17	38530029	38605954
ENSG00000273604	17	38671701	38674959
ENSG00000275023	17	38705242	38729801
ENSG00000277972	17	38730149	38735607
ENSG00000277258	17	38733063	38752557
ENSG00000277791	17	38752724	38803071
ENSG00000276293	17	38765689	38800128
ENSG00000273559	17	38800439	38825648
ENSG00000275489	17	38835084	38841440
ENSG00000125691	17	38847858	38868646
ENSG00000002834	17	38869183	38921773
ENSG00000263874	17	38925563	38929383
ENSG00000204952	17	38936430	38967409
ENSG00000161381	17	39063311	39154396
ENSG00000141748	17	39156892	39167486
ENSG00000067191	17	39173451	39197879
ENSG00000108298	17	39200280	39204842
ENSG00000141750	17	39210538	39225947
ENSG00000108306	17	39252661	39402525
ENSG00000125686	17	39404251	39451308
ENSG00000167258	17	39461435	39567561
ENSG00000171532	17	39603534	39609779
ENSG00000131771	17	39626738	39636628
ENSG00000131748	17	39637056	39664203
ENSG00000173991	17	39664988	39666556
ENSG00000141744	17	39667979	39670486
ENSG00000161395	17	39671118	39696799
ENSG00000141736	17	39687912	39730428
ENSG00000141741	17	39728494	39730557
ENSG00000141738	17	39737488	39747294
ENSG00000161405	17	39757713	39864370
ENSG00000186075	17	39868200	39877898
ENSG00000073605	17	39904593	39919856
ENSG00000172057	17	39919925	39982188
ENSG00000204913	17	39927723	39946540
ENSG00000167914	17	39953261	39977877
ENSG00000108344	17	39980798	39997962
ENSG00000108342	17	40015359	40017818
ENSG00000008838	17	40019095	40061217
ENSG00000126351	17	40058288	40093869
ENSG00000126368	17	40092791	40100632
ENSG00000188895	17	40121635	40136937
ENSG00000108349	17	40140276	40177003
ENSG00000108352	17	40177008	40195658
ENSG00000171475	17	40218741	40284138
ENSG00000094804	17	40287829	40304659
ENSG00000131759	17	40309163	40357645
ENSG00000183153	17	40360650	40364739
ENSG00000131747	17	40388519	40417943
ENSG00000141753	17	40442911	40460824
ENSG00000131746	17	40475826	40501632
ENSG00000126353	17	40551079	40565480
ENSG00000073584	17	40624960	40648669
ENSG00000264058	17	40627354	40665143
ENSG00000213424	17	40654663	40665183
ENSG00000167916	17	40697989	40703760
ENSG00000204897	17	40748019	40755333
ENSG00000186393	17	40766236	40772203
ENSG00000171446	17	40776806	40782552
ENSG00000173908	17	40792194	40799961
ENSG00000186395	17	40817782	40822616
ENSG00000187242	17	40860941	40867225
ENSG00000171431	17	40872783	40885251
ENSG00000108244	17	40922694	40937648
ENSG00000196859	17	40958390	40966950
ENSG00000204889	17	40977713	40987137
ENSG00000212899	17	40993428	40994166
ENSG00000212900	17	40999191	40999908
ENSG00000212901	17	41008519	41019326
ENSG00000221852	17	41026024	41027210
ENSG00000204887	17	41029349	41030197
ENSG00000221880	17	41033882	41034876
ENSG00000188581	17	41040539	41041452
ENSG00000212725	17	41046539	41047318
ENSG00000214518	17	41054496	41055232
ENSG00000212724	17	41059238	41060116
ENSG00000213417	17	41065114	41065881
ENSG00000240871	17	41084148	41085146
ENSG00000204880	17	41096979	41098144
ENSG00000241241	17	41101500	41102211
ENSG00000212722	17	41105387	41106490
ENSG00000212721	17	41117179	41118375
ENSG00000213416	17	41123089	41124184
ENSG00000198090	17	41139431	41140546
ENSG00000198271	17	41148922	41149827
ENSG00000171396	17	41159647	41160750
ENSG00000196156	17	41167229	41168223
ENSG00000244537	17	41177444	41178223
ENSG00000198443	17	41184098	41184913
ENSG00000240542	17	41189885	41190641
ENSG00000239886	17	41226646	41227654
ENSG00000204873	17	41232447	41233456
ENSG00000187272	17	41237997	41239006
ENSG00000241595	17	41249685	41250655
ENSG00000198083	17	41255382	41256366
ENSG00000212659	17	41265376	41265862
ENSG00000180386	17	41275696	41276209
ENSG00000212658	17	41301824	41302853
ENSG00000212657	17	41307698	41309311
ENSG00000186860	17	41314910	41315712
ENSG00000006059	17	41345663	41350830
ENSG00000131738	17	41363496	41369815
ENSG00000131737	17	41377667	41382308
ENSG00000094796	17	41393719	41397613
ENSG00000108417	17	41420545	41424587
ENSG00000171360	17	41436152	41440985
ENSG00000108759	17	41459511	41467388
ENSG00000197079	17	41476708	41481153
ENSG00000126337	17	41486134	41492548
ENSG00000171401	17	41500979	41505760
ENSG00000171346	17	41513743	41522531
ENSG00000171345	17	41523611	41528372
ENSG00000171403	17	41565834	41572061
ENSG00000186847	17	41582277	41586898
ENSG00000186832	17	41609776	41615901
ENSG00000128422	17	41619435	41624844
ENSG00000173812	17	41688881	41693625
ENSG00000184502	17	41710997	41715975
ENSG00000173805	17	41717740	41734648
ENSG00000173801	17	41750885	41797800
ENSG00000141696	17	41801942	41812752
ENSG00000141756	17	41812077	41823223
ENSG00000141698	17	41823970	41836273
ENSG00000161594	17	41835683	41848386
ENSG00000178502	17	41848511	41865432
ENSG00000131473	17	41866914	41930553
ENSG00000204815	17	41930597	41966505
ENSG00000173786	17	41966727	41977742
ENSG00000168259	17	41974003	42021378
ENSG00000168256	17	42011380	42025646
ENSG00000187595	17	42025574	42098481
ENSG00000267221	17	42038230	42050603
ENSG00000108771	17	42101402	42112737
ENSG00000108773	17	42113107	42121384
ENSG00000267261	17	42119672	42154918
ENSG00000260325	17	42122802	42123354
ENSG00000108774	17	42124974	42155046
ENSG00000089558	17	42156889	42181148
ENSG00000161610	17	42184058	42185454
ENSG00000167925	17	42188797	42194515
ENSG00000173757	17	42199174	42288635
ENSG00000126561	17	42287545	42311945
ENSG00000168610	17	42313320	42388576
ENSG00000177469	17	42402447	42423324
ENSG00000033627	17	42458821	42522584
ENSG00000108784	17	42536214	42544451
ENSG00000108786	17	42552918	42555219
ENSG00000068120	17	42561465	42566279
ENSG00000108788	17	42567065	42573241
ENSG00000131470	17	42572308	42577833
ENSG00000141699	17	42579506	42610625
ENSG00000131462	17	42609409	42615255
ENSG00000037042	17	42659221	42667009
ENSG00000068137	17	42667912	42677066
ENSG00000184451	17	42678887	42683919
ENSG00000108797	17	42682366	42699995
ENSG00000108799	17	42700268	42745071
ENSG00000131477	17	42758445	42763539
ENSG00000131475	17	42773437	42779602
ENSG00000126562	17	42780591	42797068
ENSG00000183978	17	42793152	42798721
ENSG00000176563	17	42798798	42811589
ENSG00000126581	17	42809106	42833352
ENSG00000131467	17	42824383	42843762
ENSG00000131480	17	42844572	42850709
ENSG00000131471	17	42851128	42858132
ENSG00000131482	17	42900720	42923504
ENSG00000266967	17	42950422	42964500
ENSG00000108825	17	42950524	42980530
ENSG00000267060	17	42968033	42980504
ENSG00000198863	17	42980550	42995144
ENSG00000131469	17	42998263	43002975
ENSG00000108828	17	42999180	43025125
ENSG00000068079	17	43006738	43014640
ENSG00000108830	17	43025208	43047511
ENSG00000012048	17	43044290	43170247
ENSG00000188554	17	43170315	43211692
ENSG00000184988	17	43211833	43220043
ENSG00000236383	17	43216939	43305399
ENSG00000175906	17	43398148	43408662
ENSG00000067596	17	43483863	43610340
ENSG00000175832	17	43527839	43579622
ENSG00000005102	17	43640070	43661931
ENSG00000167941	17	43753736	43758793
ENSG00000108861	17	43763627	43779002
ENSG00000231256	17	43780424	43787622
ENSG00000161647	17	43800793	43833205
ENSG00000161649	17	43847112	43863641
ENSG00000108852	17	43875350	43909713
ENSG00000108849	17	43940802	43952446
ENSG00000131096	17	43952731	44004471
ENSG00000161653	17	44004579	44011215
ENSG00000091947	17	44008984	44023948
ENSG00000161654	17	44033929	44067621
ENSG00000141349	17	44070618	44094680
ENSG00000108840	17	44076744	44123704
ENSG00000125319	17	44141901	44162483
ENSG00000161664	17	44170445	44179375
ENSG00000168591	17	44186953	44191933
ENSG00000087152	17	44191802	44200963
ENSG00000108312	17	44205031	44221628
ENSG00000004939	17	44248388	44268164
ENSG00000108309	17	44307943	44318677
ENSG00000013306	17	44316819	44326641
ENSG00000030582	17	44345106	44353108
ENSG00000161682	17	44353213	44363877
ENSG00000005961	17	44372175	44389651
ENSG00000186566	17	44395279	44503641
ENSG00000180340	17	44557482	44561264
ENSG00000180336	17	44656361	44690310
ENSG00000180329	17	44671061	44689833
ENSG00000161692	17	44708593	44752271
ENSG00000073670	17	44758960	44781848
ENSG00000182963	17	44798446	44831498
ENSG00000131097	17	44844761	44850482
ENSG00000108883	17	44849946	44899631
ENSG00000167131	17	44889232	44905392
ENSG00000131095	17	44903157	44916939
ENSG00000214447	17	44903431	44905392
ENSG00000186185	17	44924705	44947783
ENSG00000136448	17	44957990	45109018
ENSG00000131094	17	44958931	44968371
ENSG00000172992	17	45023336	45061139
ENSG00000161714	17	45108957	45133356
ENSG00000181513	17	45132595	45144183
ENSG00000186834	17	45148473	45152101
ENSG00000168517	17	45160693	45170703
ENSG00000184922	17	45220734	45247321
ENSG00000184361	17	45254386	45262118
ENSG00000006062	17	45263117	45317114
ENSG00000159314	17	45393896	45434423
ENSG00000225190	17	45435898	45490988
ENSG00000263715	17	45620342	45835828
ENSG00000120088	17	45784275	45835830
ENSG00000185294	17	45844879	45847069
ENSG00000186868	17	45894276	46028336
ENSG00000256762	17	45999248	45999696
ENSG00000120071	17	46029914	46225391
ENSG00000228696	17	46271627	46361795
ENSG00000176681	17	46292731	46338079
ENSG00000185829	17	46431429	46579727
ENSG00000238083	17	46511506	46556912
ENSG00000073969	17	46590659	46757681
ENSG00000108379	17	46762491	46833156
ENSG00000158955	17	46833199	46886732
ENSG00000108433	17	46923073	46975526
ENSG00000262633	17	46923131	47049934
ENSG00000179673	17	46978154	46979255
ENSG00000004897	17	47117701	47189424
ENSG00000198336	17	47188901	47227762
ENSG00000259207	17	47253647	47323220
ENSG00000259753	17	47253895	47344294
ENSG00000178852	17	47323288	47441314
ENSG00000141279	17	47522940	47624709
ENSG00000108424	17	47649474	47685507
ENSG00000198933	17	47694028	47712065
ENSG00000073861	17	47733234	47746128
ENSG00000006025	17	47807361	47821892
ENSG00000159111	17	47823270	47831547
ENSG00000141294	17	47831632	47837721
ENSG00000141295	17	47837681	47842127
ENSG00000189120	17	47844906	47855876
ENSG00000167182	17	47896148	47928966
ENSG00000108439	17	47941504	47964356
ENSG00000167183	17	47950849	47960485
ENSG00000108465	17	47967808	47981789
ENSG00000005243	17	48026140	48038032
ENSG00000082641	17	48047887	48088649
ENSG00000108468	17	48070050	48107850
ENSG00000002919	17	48103355	48128228
ENSG00000141293	17	48133431	48430277
ENSG00000120094	17	48528524	48531013
ENSG00000173917	17	48540892	48545117
ENSG00000120093	17	48548868	48604914
ENSG00000182742	17	48575505	48578431
ENSG00000120075	17	48591255	48594181
ENSG00000108511	17	48595523	48605013
ENSG00000260027	17	48607220	48633574
ENSG00000120068	17	48611375	48618005
ENSG00000170689	17	48621154	48626578
ENSG00000229637	17	48720811	48724769
ENSG00000159182	17	48721717	48723084
ENSG00000159184	17	48724748	48729078
ENSG00000170703	17	48762232	48817231
ENSG00000136436	17	48830969	48872912
ENSG00000159199	17	48892763	48895877
ENSG00000159202	17	48908366	48929064
ENSG00000159210	17	48928970	48944844
ENSG00000159224	17	48958552	48968598
ENSG00000159217	17	48997223	49056150
ENSG00000167080	17	49132458	49178649
ENSG00000167083	17	49202789	49210612
ENSG00000108798	17	49210386	49224186
ENSG00000173868	17	49223344	49230833
ENSG00000198740	17	49289204	49362475
ENSG00000167085	17	49404007	49436247
ENSG00000064300	17	49495284	49515022
ENSG00000182575	17	49575714	49583829
ENSG00000121067	17	49598882	49678203
ENSG00000121073	17	49682020	49709016
ENSG00000121104	17	49710330	49789182
ENSG00000136504	17	49788622	49835028
ENSG00000176358	17	49838298	49848073
ENSG00000108813	17	49968586	49974961
ENSG00000064195	17	49990003	49995226
ENSG00000005884	17	50055966	50090935
ENSG00000005882	17	50094735	50120278
ENSG00000167100	17	50110038	50130162
ENSG00000108819	17	50133730	50151022
ENSG00000108823	17	50164212	50175937
ENSG00000108821	17	50184099	50201706
ENSG00000167105	17	50271404	50281918
ENSG00000015532	17	50346078	50363140
ENSG00000108826	17	50367291	50373209
ENSG00000154920	17	50373213	50383860
ENSG00000108829	17	50375057	50398229
ENSG00000167107	17	50426156	50474847
ENSG00000136457	17	50464476	50468978
ENSG00000136444	17	50478768	50486373
ENSG00000136449	17	50508407	50531503
ENSG00000049283	17	50532541	50543752
ENSG00000006282	17	50543056	50558368
ENSG00000006283	17	50560713	50627476
ENSG00000108846	17	50634607	50692633
ENSG00000154945	17	50693195	50707922
ENSG00000108848	17	50719563	50756221
ENSG00000167117	17	50760958	50767572
ENSG00000173714	17	50834648	50842355
ENSG00000141232	17	50861309	50867980
ENSG00000008294	17	50962172	51120928
ENSG00000239672	17	51152947	51162739
ENSG00000011052	17	51153588	51171746
ENSG00000243678	17	51163011	51184299
ENSG00000011258	17	51177417	51261116
ENSG00000011260	17	51260475	51297938
ENSG00000154975	17	51630311	52160030
ENSG00000141200	17	53822925	53825195
ENSG00000141198	17	54899385	54963843
ENSG00000166260	17	54919448	54968710
ENSG00000166263	17	54968711	55173634
ENSG00000108924	17	55264917	55325189
ENSG00000108960	17	55392612	55421988
ENSG00000261873	17	55449854	55511454
ENSG00000166292	17	55718737	55732123
ENSG00000141179	17	55750962	55854859
ENSG00000153930	17	55882299	56517018
ENSG00000183691	17	56593697	56595613
ENSG00000214226	17	56791911	56838775
ENSG00000153933	17	56833168	56869569
ENSG00000121060	17	56836385	56914082
ENSG00000121058	17	56938196	56961112
ENSG00000121064	17	56978105	57006787
ENSG00000121057	17	57085090	57122667
ENSG00000153944	17	57255849	57684691
ENSG00000166329	17	57744493	57745301
ENSG00000181610	17	57834779	57850078
ENSG00000180891	17	57861229	57955853
ENSG00000136451	17	57971545	57988391
ENSG00000266086	17	57989036	58007248
ENSG00000136450	17	57996887	58007348
ENSG00000264364	17	58082823	58095544
ENSG00000141194	17	58148382	58159587
ENSG00000255713	17	58166980	58171413
ENSG00000121053	17	58192724	58205176
ENSG00000011143	17	58205348	58219607
ENSG00000167419	17	58218546	58268520
ENSG00000005381	17	58269853	58280937
ENSG00000005379	17	58301226	58328825
ENSG00000213246	17	58345173	58353101
ENSG00000285897	17	58345204	58417597
ENSG00000108375	17	58353669	58417737
ENSG00000176160	17	58420165	58488410
ENSG00000108389	17	58489527	58517907
ENSG00000108387	17	58519967	58544370
ENSG00000121101	17	58556676	58692057
ENSG00000266826	17	58660422	58692057
ENSG00000108384	17	58692567	58735613
ENSG00000175175	17	58755849	58985181
ENSG00000108395	17	58982631	59106923
ENSG00000182628	17	59109855	59155262
ENSG00000068489	17	59155730	59206711
ENSG00000265303	17	59197564	59215228
ENSG00000167447	17	59209398	59215251
ENSG00000153982	17	59220465	59275972
ENSG00000175155	17	59331589	59401731
ENSG00000108406	17	59565556	59611565
ENSG00000141367	17	59619604	59696958
ENSG00000141378	17	59674634	59707640
ENSG00000062716	17	59707190	59842257
ENSG00000108423	17	59859036	59892953
ENSG00000108443	17	59893033	59963338
ENSG00000189050	17	59896779	59964779
ENSG00000267318	17	59940906	59973103
ENSG00000068097	17	60041006	60078935
ENSG00000167434	17	60147836	60178087
ENSG00000170832	17	60177182	60422472
ENSG00000141371	17	60392427	60431428
ENSG00000062725	17	60443156	60526244
ENSG00000170836	17	60599733	60666295
ENSG00000141376	17	60677451	61392840
ENSG00000121068	17	61399628	61409468
ENSG00000121075	17	61451904	61485112
ENSG00000253506	17	61590419	61591221
ENSG00000136492	17	61679137	61863563
ENSG00000108506	17	61865365	61928018
ENSG00000108510	17	61942544	62065367
ENSG00000172421	17	62343939	62416482
ENSG00000087995	17	62423864	62453387
ENSG00000146872	17	62458656	62615483
ENSG00000011028	17	62627415	62693599
ENSG00000173838	17	62701312	62808346
ENSG00000170921	17	62966199	63427705
ENSG00000008283	17	63432296	63447110
ENSG00000159640	17	63477056	63498382
ENSG00000264813	17	63484821	63521850
ENSG00000173826	17	63523308	63548989
ENSG00000136485	17	63550220	63594288
ENSG00000288894	17	63550601	63608349
ENSG00000136463	17	63600877	63612025
ENSG00000198909	17	63622377	63696312
ENSG00000266173	17	63682334	63742007
ENSG00000136490	17	63695881	63701185
ENSG00000125695	17	63702843	63752099
ENSG00000108588	17	63745248	63776353
ENSG00000198231	17	63773601	63820453
ENSG00000108592	17	63819111	63830014
ENSG00000087191	17	63827080	63832246
ENSG00000108604	17	63832076	63843067
ENSG00000213218	17	63872005	63873771
ENSG00000136487	17	63880203	63881972
ENSG00000136488	17	63894904	63896669
ENSG00000204414	17	63909594	63911350
ENSG00000259384	17	63917198	63918841
ENSG00000285947	17	63917201	63931387
ENSG00000007312	17	63928736	63932631
ENSG00000007314	17	63938552	63972920
ENSG00000224383	17	63998342	64004307
ENSG00000108622	17	64002592	64020642
ENSG00000178607	17	64039078	64130821
ENSG00000136478	17	64147225	64263295
ENSG00000261371	17	64319413	64431596
ENSG00000271605	17	64449035	64492772
ENSG00000256525	17	64477704	64497073
ENSG00000108654	17	64498251	64508201
ENSG00000258890	17	64506751	64542463
ENSG00000108854	17	64542280	64662358
ENSG00000176809	17	64854128	64919490
ENSG00000120063	17	65009287	65056841
ENSG00000108370	17	65100810	65227705
ENSG00000168646	17	65528559	65562069
ENSG00000266076	17	65538100	65641035
ENSG00000154240	17	65635535	66192253
ENSG00000091583	17	66211541	66256527
ENSG00000154229	17	66302565	66810745
ENSG00000075429	17	66835115	66894753
ENSG00000075461	17	66964492	67035680
ENSG00000108878	17	67044529	67058018
ENSG00000198265	17	67070442	67245991
ENSG00000197170	17	67337914	67366677
ENSG00000154217	17	67377256	67697258
ENSG00000130935	17	67717808	67744533
ENSG00000171634	17	67825486	67984380
ENSG00000186665	17	67991097	67996475
ENSG00000182481	17	68035515	68047366
ENSG00000196704	17	68205429	68258830
ENSG00000141337	17	68259168	68422733
ENSG00000108932	17	68267024	68291269
ENSG00000070540	17	68420946	68457565
ENSG00000108946	17	68511738	68551321
ENSG00000108950	17	68535111	68601409
ENSG00000141338	17	68866050	68955472
ENSG00000154258	17	68974486	69061089
ENSG00000154262	17	69074253	69143344
ENSG00000154263	17	69147212	69244848
ENSG00000154265	17	69244309	69327285
ENSG00000108984	17	69414681	69553867
ENSG00000153822	17	70053427	70135610
ENSG00000123700	17	70168300	70180046
ENSG00000125398	17	72121011	72126418
ENSG00000133195	17	72645945	73092725
ENSG00000180616	17	73164251	73176635
ENSG00000166685	17	73193027	73218532
ENSG00000133193	17	73207351	73236755
ENSG00000141219	17	73232231	73248964
ENSG00000187959	17	73242099	73262354
ENSG00000179604	17	73281329	73312007
ENSG00000069188	17	73334382	73645259
ENSG00000172809	17	74202839	74212854
ENSG00000141540	17	74213497	74262024
ENSG00000171595	17	74274228	74314888
ENSG00000196169	17	74326186	74355837
ENSG00000204347	17	74355749	74361910
ENSG00000257008	17	74367456	74372602
ENSG00000170412	17	74424849	74459122
ENSG00000167851	17	74466385	74506384
ENSG00000178789	17	74518998	74531489
ENSG00000167850	17	74534360	74546176
ENSG00000284690	17	74560699	74567345
ENSG00000204345	17	74579363	74592285
ENSG00000186407	17	74609876	74623859
ENSG00000172794	17	74670576	74747339
ENSG00000186074	17	74694306	74713004
ENSG00000109062	17	74748605	74769362
ENSG00000109065	17	74769695	74776386
ENSG00000109066	17	74776475	74839766
ENSG00000161509	17	74842020	74861774
ENSG00000161513	17	74862492	74873041
ENSG00000172782	17	74877279	74893783
ENSG00000182040	17	74916081	74923258
ENSG00000183034	17	74922948	74933914
ENSG00000182938	17	74935827	74949995
ENSG00000167861	17	74950737	74973168
ENSG00000109089	17	74987578	75005802
ENSG00000167862	17	75012655	75021268
ENSG00000180901	17	75032573	75065891
ENSG00000167863	17	75038616	75047720
ENSG00000170190	17	75077224	75107422
ENSG00000125449	17	75109939	75130274
ENSG00000125458	17	75130223	75131808
ENSG00000189159	17	75135241	75168283
ENSG00000188612	17	75165584	75182993
ENSG00000125450	17	75205480	75235761
ENSG00000125447	17	75236593	75262365
ENSG00000125445	17	75261660	75270710
ENSG00000125457	17	75266226	75271239
ENSG00000125454	17	75272010	75289970
ENSG00000177885	17	75318070	75405722
ENSG00000177728	17	75441157	75500454
ENSG00000177303	17	75500259	75515623
ENSG00000182173	17	75515942	75524750
ENSG00000073350	17	75525078	75575217
ENSG00000266714	17	75587798	75626851
ENSG00000108469	17	75626837	75667199
ENSG00000204323	17	75628366	75642572
ENSG00000259120	17	75646241	75647977
ENSG00000161526	17	75667228	75708064
ENSG00000132470	17	75721188	75757823
ENSG00000108479	17	75751468	75765253
ENSG00000132475	17	75776432	75785895
ENSG00000132478	17	75784797	75825801
ENSG00000092929	17	75827030	75845355
ENSG00000132471	17	75845697	75856509
ENSG00000132481	17	75874159	75878639
ENSG00000141569	17	75879536	75897020
ENSG00000204316	17	75898640	75905099
ENSG00000267426	17	75898643	75930131
ENSG00000188878	17	75908210	75941142
ENSG00000161533	17	75941505	75979461
ENSG00000257949	17	75979210	76000589
ENSG00000261408	17	75979229	76006001
ENSG00000250506	17	76000642	76006001
ENSG00000167880	17	76004377	76027467
ENSG00000167881	17	76037987	76072720
ENSG00000186919	17	76071959	76083668
ENSG00000182687	17	76074771	76077539
ENSG00000182473	17	76080993	76121578
ENSG00000129654	17	76136331	76141258
ENSG00000141576	17	76142458	76240664
ENSG00000185262	17	76265195	76271300
ENSG00000129646	17	76274047	76308284
ENSG00000161542	17	76309476	76384523
ENSG00000176170	17	76376582	76387862
ENSG00000175931	17	76389454	76453228
ENSG00000129673	17	76452747	76470124
ENSG00000129667	17	76470882	76501792
ENSG00000161544	17	76527354	76551177
ENSG00000214140	17	76527584	76553580
ENSG00000284526	17	76563708	76569726
ENSG00000070731	17	76564422	76586958
ENSG00000070526	17	76624226	76643909
ENSG00000182534	17	76672549	76711093
ENSG00000070495	17	76712828	76726786
ENSG00000181038	17	76725979	76735418
ENSG00000267168	17	76732976	76738524
ENSG00000161547	17	76734113	76737921
ENSG00000092931	17	76735863	76789876
ENSG00000167889	17	76868132	76950395
ENSG00000129657	17	77088747	77217103
ENSG00000184640	17	77280567	77500598
ENSG00000078687	17	77958611	78108824
ENSG00000141524	17	78107395	78132581
ENSG00000167895	17	78130768	78142970
ENSG00000187997	17	78146354	78166299
ENSG00000108639	17	78168543	78176007
ENSG00000167900	17	78172777	78187235
ENSG00000183077	17	78186658	78207705
ENSG00000089685	17	78214184	78225638
ENSG00000204278	17	78231285	78240989
ENSG00000184557	17	78356776	78360932
ENSG00000087157	17	78378635	78425116
ENSG00000187775	17	78423695	78577398
ENSG00000108669	17	78674046	78782331
ENSG00000055483	17	78787379	78841443
ENSG00000035862	17	78852975	78925398
ENSG00000178404	17	78890577	78903219
ENSG00000108679	17	78970306	78979971
ENSG00000171302	17	78991705	79009869
ENSG00000173918	17	79022727	79049790
ENSG00000167280	17	79074768	79091969
ENSG00000167281	17	79089343	79611319
ENSG00000182156	17	79728807	79742932
ENSG00000173894	17	79778133	79788396
ENSG00000141570	17	79792130	79801685
ENSG00000141582	17	79833154	79839488
ENSG00000167291	17	79932341	80035889
ENSG00000141519	17	80035998	80100615
ENSG00000171298	17	80101524	80119883
ENSG00000141543	17	80132698	80147153
ENSG00000141527	17	80169990	80216075
ENSG00000181523	17	80206714	80220930
ENSG00000181045	17	80219697	80253511
ENSG00000173821	17	80260805	80398796
ENSG00000173818	17	80415145	80438088
ENSG00000171246	17	80466832	80477845
ENSG00000141564	17	80544817	80966373
ENSG00000289764	17	80545073	80545136
ENSG00000176108	17	80991596	81031358
ENSG00000175866	17	81035120	81117436
ENSG00000181409	17	81110485	81166230
ENSG00000225180	17	81165505	81183168
ENSG00000141577	17	81189581	81223016
ENSG00000167302	17	81228275	81239097
ENSG00000224877	17	81239303	81241312
ENSG00000157637	17	81244809	81295569
ENSG00000266074	17	81395448	81466333
ENSG00000184009	17	81509411	81523849
ENSG00000186765	17	81528370	81542417
ENSG00000185504	17	81539883	81553963
ENSG00000182446	17	81556885	81648467
ENSG00000182612	17	81637169	81648756
ENSG00000185527	17	81650457	81663114
ENSG00000204237	17	81665031	81666637
ENSG00000185298	17	81666696	81673906
ENSG00000214087	17	81681158	81683799
ENSG00000185359	17	81683324	81703140
ENSG00000262814	17	81703355	81711114
ENSG00000262660	17	81703369	81720541
ENSG00000183048	17	81711949	81721971
ENSG00000215644	17	81803103	81814025
ENSG00000225663	17	81821788	81833304
ENSG00000182676	17	81833486	81835058
ENSG00000185624	17	81843156	81860858
ENSG00000141522	17	81867717	81871380
ENSG00000183684	17	81887828	81891837
ENSG00000141552	17	81890667	81900993
ENSG00000183979	17	81900743	81902907
ENSG00000185813	17	81900956	81911509
ENSG00000187531	17	81911937	81921325
ENSG00000197063	17	81918268	81927771
ENSG00000183010	17	81932376	81942414
ENSG00000185105	17	81939643	81947235
ENSG00000185269	17	81952505	81963330
ENSG00000169696	17	81976805	82018700
ENSG00000169689	17	82018588	82024109
ENSG00000169683	17	82023267	82031155
ENSG00000169750	17	82031190	82034220
ENSG00000169738	17	82035134	82037779
ENSG00000169733	17	82047900	82051873
ENSG00000169727	17	82050689	82058065
ENSG00000169718	17	82057504	82066208
ENSG00000169710	17	82076898	82098296
ENSG00000176155	17	82101456	82212887
ENSG00000141526	17	82217876	82261178
ENSG00000141551	17	82239021	82273732
ENSG00000173762	17	82313562	82317627
ENSG00000141574	17	82321022	82335520
ENSG00000182459	17	82359244	82363777
ENSG00000181408	17	82368264	82377711
ENSG00000181396	17	82389208	82418639
ENSG00000169660	17	82418316	82442649
ENSG00000178927	17	82440349	82450831
ENSG00000141562	17	82458178	82490544
ENSG00000141568	17	82519246	82644664
ENSG00000141580	17	82614560	82648555
ENSG00000141542	17	82654541	82698736
ENSG00000141560	17	82716691	82730875
ENSG00000167363	17	82735147	82751200
ENSG00000141556	17	82751843	82945920
ENSG00000141579	17	82829432	82840032
ENSG00000175711	17	82942147	83051831
ENSG00000176845	17	83079581	83095127
ENSG00000173213	18	47219	73547
ENSG00000101557	18	158326	214631
ENSG00000079134	18	214247	268067
ENSG00000158270	18	316735	500750
ENSG00000177143	18	580378	582116
ENSG00000079101	18	596981	650336
ENSG00000176890	18	657125	676615
ENSG00000132199	18	667669	712724
ENSG00000176105	18	721585	813278
ENSG00000141433	18	904396	912174
ENSG00000101574	18	2537520	2571518
ENSG00000080986	18	2571518	2616637
ENSG00000101596	18	2655654	2805400
ENSG00000132205	18	2846788	2916005
ENSG00000101577	18	2885269	3013358
ENSG00000101605	18	3066691	3220212
ENSG00000101608	18	3247479	3256732
ENSG00000118680	18	3261477	3278463
ENSG00000177426	18	3411606	3459980
ENSG00000170579	18	3494441	4455309
ENSG00000231824	18	5142909	5197695
ENSG00000198081	18	5285880	5297055
ENSG00000082397	18	5392377	5630702
ENSG00000206432	18	5882070	5896086
ENSG00000154655	18	5952758	6415479
ENSG00000088756	18	6729666	6915718
ENSG00000101680	18	6941740	7117861
ENSG00000206422	18	7231087	7232046
ENSG00000173482	18	7566780	8406956
ENSG00000206418	18	8609403	8639385
ENSG00000168502	18	8705226	8832782
ENSG00000178127	18	9102431	9134572
ENSG00000101745	18	9136226	9285987
ENSG00000128791	18	9334616	9402426
ENSG00000017797	18	9474989	9538116
ENSG00000154845	18	9546789	9615242
ENSG00000168461	18	9708216	9862553
ENSG00000168454	18	9885764	9889277
ENSG00000101558	18	9913914	9960023
ENSG00000154856	18	10454587	10489951
ENSG00000134265	18	10525903	10553251
ENSG00000154864	18	10666481	11149593
ENSG00000236396	18	11609594	11610614
ENSG00000141404	18	11689241	11885687
ENSG00000255112	18	11851411	11854446
ENSG00000154889	18	11882620	11909182
ENSG00000141401	18	11981023	12032179
ENSG00000181626	18	12093727	12129766
ENSG00000176194	18	12254163	12277597
ENSG00000176014	18	12307285	12345786
ENSG00000141385	18	12328869	12377475
ENSG00000141391	18	12407894	12432256
ENSG00000134278	18	12446510	12658131
ENSG00000128789	18	12658041	12728947
ENSG00000101624	18	12660736	12702779
ENSG00000175354	18	12785476	12929645
ENSG00000085415	18	12947131	12987715
ENSG00000101639	18	12991281	13125055
ENSG00000168675	18	13216171	13652757
ENSG00000177150	18	13662463	13726665
ENSG00000101654	18	13726580	13764558
ENSG00000176136	18	13824147	13827325
ENSG00000185231	18	13882039	13915709
ENSG00000175322	18	14020700	14132492
ENSG00000183206	18	14507337	14543602
ENSG00000180777	18	14728270	14854669
ENSG00000067900	18	20944610	21111884
ENSG00000293575	18	21111057	21111141
ENSG00000141449	18	21242198	21526114
ENSG00000141446	18	21529039	21600968
ENSG00000167088	18	21612264	21633526
ENSG00000158201	18	21650893	21704880
ENSG00000101752	18	21704955	21870955
ENSG00000141448	18	22168835	22204156
ENSG00000212710	18	22413597	22417917
ENSG00000101773	18	22798259	23027563
ENSG00000134508	18	23134562	23260472
ENSG00000134490	18	23197142	23437978
ENSG00000101782	18	23453263	23486605
ENSG00000141452	18	23503458	23533183
ENSG00000141458	18	23506182	23586971
ENSG00000154065	18	23598924	23663560
ENSG00000053747	18	23689412	23957477
ENSG00000168234	18	23992771	24135972
ENSG00000154040	18	24138959	24161605
ENSG00000141447	18	24162043	24397910
ENSG00000154059	18	24426632	24453539
ENSG00000134489	18	24460629	24480796
ENSG00000198795	18	25061922	25352318
ENSG00000141380	18	26016251	26091219
ENSG00000154611	18	26133850	26193357
ENSG00000141384	18	26226384	26391687
ENSG00000134504	18	26454908	26657403
ENSG00000171885	18	26851705	26865822
ENSG00000154080	18	26906479	27185394
ENSG00000170558	18	27932877	28178026
ENSG00000134762	18	30989363	31042978
ENSG00000134755	18	31058543	31102602
ENSG00000134765	18	31129234	31162983
ENSG00000134760	18	31318123	31359248
ENSG00000175065	18	31376775	31414981
ENSG00000134757	18	31447739	31478704
ENSG00000046604	18	31497622	31551353
ENSG00000118271	18	31557006	31606587
ENSG00000118276	18	31621682	31685838
ENSG00000141437	18	31759582	31760882
ENSG00000153339	18	31829185	31953138
ENSG00000101695	18	32018172	32090800
ENSG00000134758	18	32091848	32132126
ENSG00000141441	18	32124873	32470884
ENSG00000141434	18	32185067	32222607
ENSG00000197705	18	32672597	32773025
ENSG00000166960	18	32937400	33441103
ENSG00000141431	18	33578217	33751197
ENSG00000101746	18	33851098	34224954
ENSG00000134769	18	34493205	34891846
ENSG00000166974	18	34976926	35143472
ENSG00000186812	18	35240506	35267135
ENSG00000186814	18	35251056	35290270
ENSG00000172466	18	35332225	35345504
ENSG00000186496	18	35366692	35381748
ENSG00000267140	18	35443869	35497942
ENSG00000153391	18	35452228	35498046
ENSG00000141429	18	35580890	35713372
ENSG00000141428	18	35972598	36010348
ENSG00000141425	18	35982917	36067653
ENSG00000141424	18	36108529	36129829
ENSG00000134759	18	36129442	36180559
ENSG00000075643	18	36186892	36272159
ENSG00000134775	18	36297242	36780222
ENSG00000134779	18	36777645	36829218
ENSG00000150477	18	36828950	37232174
ENSG00000101489	18	37243038	37565996
ENSG00000078142	18	41955193	42087832
ENSG00000152214	18	42743216	43115725
ENSG00000132872	18	43267077	43277537
ENSG00000152217	18	44680064	45068512
ENSG00000132874	18	45212993	45683690
ENSG00000141469	18	45687023	45752523
ENSG00000152223	18	45800475	45967348
ENSG00000197046	18	45825673	45844220
ENSG00000152229	18	45983534	46072369
ENSG00000152234	18	46080246	46104336
ENSG00000152240	18	46104324	46129591
ENSG00000152242	18	46173495	46321790
ENSG00000141622	18	46326807	46463142
ENSG00000167210	18	46476969	46657222
ENSG00000101638	18	46667819	46759259
ENSG00000078043	18	46803216	46920162
ENSG00000167216	18	46917178	47103480
ENSG00000206181	18	47032525	47035623
ENSG00000167220	18	47076100	47151108
ENSG00000267228	18	47108186	47176347
ENSG00000134049	18	47152832	47176383
ENSG00000215474	18	47206054	47251662
ENSG00000175387	18	47808955	47931571
ENSG00000184828	18	48025765	48410754
ENSG00000134030	18	48539003	48863219
ENSG00000101665	18	48919851	48952028
ENSG00000141627	18	49036385	49461349
ENSG00000177576	18	49477241	49487265
ENSG00000215472	18	49481679	49492481
ENSG00000265681	18	49488344	49492566
ENSG00000101670	18	49560697	49599187
ENSG00000167315	18	49781712	49813967
ENSG00000266997	18	49795791	49837625
ENSG00000167306	18	49822787	50195210
ENSG00000172361	18	50227191	50266543
ENSG00000141644	18	50266741	50281848
ENSG00000154832	18	50282329	50287864
ENSG00000154839	18	50374994	50394178
ENSG00000141639	18	50559449	50731832
ENSG00000134042	18	50795118	50843114
ENSG00000082212	18	50878662	50954259
ENSG00000141642	18	50967987	51000737
ENSG00000267699	18	50968017	51058146
ENSG00000141646	18	51028526	51085047
ENSG00000176624	18	51174548	51218335
ENSG00000187323	18	52340195	53535901
ENSG00000134046	18	54151604	54224789
ENSG00000101751	18	54269481	54321268
ENSG00000174448	18	54324356	54357966
ENSG00000166845	18	54357898	54385220
ENSG00000178690	18	54587755	54599890
ENSG00000041353	18	54717855	54895518
ENSG00000166510	18	54901025	54959521
ENSG00000196628	18	55222183	55664789
ENSG00000091164	18	56597207	56651602
ENSG00000091157	18	56651246	57029813
ENSG00000228075	18	57147085	57150412
ENSG00000177511	18	57352428	57371733
ENSG00000119547	18	57435372	57491300
ENSG00000066926	18	57544375	57586944
ENSG00000134440	18	57589518	57622215
ENSG00000081923	18	57646424	57803562
ENSG00000049759	18	58043978	58401542
ENSG00000198796	18	58481239	58629249
ENSG00000172175	18	58671424	58754479
ENSG00000074657	18	58862598	58986482
ENSG00000166562	18	59139468	59158852
ENSG00000134443	18	59219982	59230792
ENSG00000134438	18	59267033	59274088
ENSG00000166569	18	59275154	59318657
ENSG00000074695	18	59327821	59359419
ENSG00000183287	18	59430937	59698156
ENSG00000141682	18	59899642	59904307
ENSG00000166603	18	60371060	60372777
ENSG00000101542	18	61333423	61555781
ENSG00000176641	18	61808065	61895099
ENSG00000197563	18	61905253	62187120
ENSG00000134444	18	62187253	62310251
ENSG00000141655	18	62325084	62391290
ENSG00000141664	18	62522992	62587711
ENSG00000081913	18	62715422	62980435
ENSG00000171791	18	63123344	63320217
ENSG00000119537	18	63327564	63367617
ENSG00000119541	18	63389117	63422523
ENSG00000206075	18	63476815	63505087
ENSG00000166634	18	63542367	63569331
ENSG00000197641	18	63586652	63604641
ENSG00000206073	18	63637257	63644265
ENSG00000206072	18	63647577	63726434
ENSG00000057149	18	63652582	63661895
ENSG00000166396	18	63752933	63805378
ENSG00000197632	18	63871690	63903890
ENSG00000289724	18	63897172	63917492
ENSG00000242550	18	63907956	63936113
ENSG00000221887	18	63949275	63981776
ENSG00000166401	18	63970027	64019967
ENSG00000081138	18	65750250	65890339
ENSG00000071991	18	66501081	66604440
ENSG00000171451	18	67506585	67516792
ENSG00000166479	18	68673686	68715212
ENSG00000150636	18	68715136	69090600
ENSG00000206052	18	69400739	69849089
ENSG00000150637	18	69831156	69961805
ENSG00000176225	18	70003029	70206099
ENSG00000170677	18	70288874	70330201
ENSG00000141668	18	72533696	72638523
ENSG00000166342	18	72742312	72868148
ENSG00000141665	18	74073342	74147869
ENSG00000075336	18	74148510	74160533
ENSG00000166347	18	74250844	74292031
ENSG00000206043	18	74315837	74359191
ENSG00000187773	18	74434099	74457946
ENSG00000133313	18	74494110	74523563
ENSG00000150656	18	74534398	74594852
ENSG00000215421	18	74597846	75065673
ENSG00000180011	18	75137006	75209609
ENSG00000179981	18	75210753	75290131
ENSG00000206026	18	75409474	75427705
ENSG00000101493	18	76357680	76496134
ENSG00000130856	18	76822365	76972903
ENSG00000197971	18	76978825	77133685
ENSG00000166573	18	77249742	77277902
ENSG00000256463	18	78979417	79002679
ENSG00000166377	18	79069257	79378393
ENSG00000131196	18	79395854	79531340
ENSG00000060069	18	79679779	79756610
ENSG00000178342	18	79797902	79900186
ENSG00000122490	18	79901155	79951679
ENSG00000226742	18	79964580	79970825
ENSG00000141759	18	79970689	80033951
ENSG00000267127	18	80034344	80097090
ENSG00000101546	18	80034387	80050653
ENSG00000101544	18	80109260	80147525
ENSG00000178184	18	80157230	80247596
ENSG00000176695	19	107102	117104
ENSG00000141934	19	278502	291423
ENSG00000105556	19	305571	344826
ENSG00000105549	19	361745	376028
ENSG00000183186	19	405441	409216
ENSG00000129946	19	416313	461102
ENSG00000181781	19	462726	474985
ENSG00000099866	19	489174	505345
ENSG00000141933	19	507486	520848
ENSG00000099804	19	531433	542094
ENSG00000197540	19	544032	549926
ENSG00000172270	19	571275	583500
ENSG00000099822	19	589879	617161
ENSG00000099821	19	617166	633621
ENSG00000070388	19	639877	644375
ENSG00000070423	19	647524	663338
ENSG00000070404	19	676364	683795
ENSG00000185198	19	685544	695500
ENSG00000099864	19	708904	748331
ENSG00000099812	19	748402	764365
ENSG00000011304	19	797073	812329
ENSG00000129951	19	810906	822621
ENSG00000172232	19	825095	832020
ENSG00000196415	19	840997	848257
ENSG00000197561	19	850949	856249
ENSG00000197766	19	859424	869494
ENSG00000175221	19	867628	893224
ENSG00000198858	19	896501	913247
ENSG00000116014	19	917285	921007
ENSG00000116017	19	924526	975941
ENSG00000065268	19	984246	998440
ENSG00000116032	19	1000417	1009734
ENSG00000182087	19	1009613	1021272
ENSG00000064666	19	1026268	1039079
ENSG00000064687	19	1039995	1065574
ENSG00000180448	19	1065921	1087831
ENSG00000099817	19	1085102	1095488
ENSG00000167468	19	1103980	1106793
ENSG00000064932	19	1107632	1174297
ENSG00000118046	19	1177556	1228433
ENSG00000099625	19	1228280	1239467
ENSG00000099624	19	1241732	1244830
ENSG00000167470	19	1248314	1259147
ENSG00000099622	19	1259382	1274882
ENSG00000310576	19	1275507	1279246
ENSG00000228300	19	1276019	1279246
ENSG00000099617	19	1285871	1301433
ENSG00000160953	19	1354291	1378436
ENSG00000115286	19	1383525	1395592
ENSG00000130005	19	1397024	1401733
ENSG00000071626	19	1407531	1435689
ENSG00000115268	19	1438147	1440510
ENSG00000115266	19	1446300	1473246
ENSG00000119559	19	1461141	1479567
ENSG00000115257	19	1481426	1490754
ENSG00000115255	19	1491014	1497930
ENSG00000185761	19	1503043	1513606
ENSG00000185988	19	1507976	1536048
ENSG00000181588	19	1554670	1568354
ENSG00000071655	19	1573594	1592913
ENSG00000267059	19	1578337	1605447
ENSG00000127540	19	1593985	1605502
ENSG00000071564	19	1609289	1652913
ENSG00000205922	19	1753504	1780990
ENSG00000130270	19	1781759	1812297
ENSG00000079313	19	1815246	1848495
ENSG00000129911	19	1852397	1863921
ENSG00000129968	19	1876808	1885620
ENSG00000213638	19	1905212	1913450
ENSG00000227500	19	1905212	1926015
ENSG00000133275	19	1940913	1981341
ENSG00000133243	19	1985436	2034883
ENSG00000099875	19	2037463	2061222
ENSG00000172081	19	2071012	2096681
ENSG00000099840	19	2096413	2099595
ENSG00000065000	19	2100980	2164470
ENSG00000104885	19	2163931	2232580
ENSG00000104886	19	2229979	2237706
ENSG00000104897	19	2236811	2248679
ENSG00000104899	19	2249307	2252075
ENSG00000167476	19	2252072	2269761
ENSG00000104904	19	2269507	2273494
ENSG00000273734	19	2269523	2341174
ENSG00000188305	19	2274624	2282211
ENSG00000220008	19	2287162	2308179
ENSG00000130332	19	2321505	2328632
ENSG00000005206	19	2328344	2355102
ENSG00000178297	19	2360236	2426263
ENSG00000099800	19	2425622	2427595
ENSG00000176619	19	2427636	2456994
ENSG00000099860	19	2476120	2478807
ENSG00000176533	19	2511212	2702729
ENSG00000176490	19	2714564	2721440
ENSG00000267001	19	2717767	2740050
ENSG00000141873	19	2732202	2740073
ENSG00000104969	19	2754709	2783392
ENSG00000172009	19	2785442	2815809
ENSG00000172006	19	2819851	2836737
ENSG00000186300	19	2841435	2860473
ENSG00000172000	19	2867290	2883447
ENSG00000171970	19	2900912	2919104
ENSG00000175691	19	2931135	2944973
ENSG00000104953	19	2977536	2995181
ENSG00000065717	19	2997630	3047637
ENSG00000104964	19	3052906	3063114
ENSG00000088256	19	3094318	3124003
ENSG00000060558	19	3136025	3163751
ENSG00000125910	19	3172344	3180334
ENSG00000125912	19	3185561	3209577
ENSG00000161082	19	3224634	3297078
ENSG00000141905	19	3314401	3469219
ENSG00000095932	19	3473984	3480559
ENSG00000284638	19	3482108	3483443
ENSG00000129932	19	3490819	3507205
ENSG00000105325	19	3506268	3538336
ENSG00000161091	19	3538259	3574292
ENSG00000183397	19	3539167	3544032
ENSG00000064961	19	3572690	3579090
ENSG00000179855	19	3585472	3593543
ENSG00000006638	19	3594504	3606902
ENSG00000105298	19	3610641	3626835
ENSG00000186111	19	3630179	3700508
ENSG00000105289	19	3708308	3750815
ENSG00000011132	19	3750770	3761702
ENSG00000183617	19	3761839	3769035
ENSG00000173976	19	3769087	3772240
ENSG00000007264	19	3777967	3802131
ENSG00000105278	19	3804022	3869057
ENSG00000167654	19	3879862	3928084
ENSG00000077009	19	3932992	3943083
ENSG00000167657	19	3958451	3971132
ENSG00000167658	19	3976042	3985481
ENSG00000105229	19	4007688	4039388
ENSG00000178951	19	4041417	4067638
ENSG00000126934	19	4090314	4124240
ENSG00000060566	19	4152947	4173059
ENSG00000077463	19	4174102	4182606
ENSG00000089847	19	4182628	4224820
ENSG00000105246	19	4229265	4238169
ENSG00000105248	19	4247060	4269093
ENSG00000105251	19	4279011	4290730
ENSG00000167664	19	4292225	4302433
ENSG00000105255	19	4304585	4323846
ENSG00000178078	19	4324038	4342788
ENSG00000008382	19	4343525	4360088
ENSG00000141985	19	4360365	4400575
ENSG00000167670	19	4402520	4445020
ENSG00000167671	19	4444997	4457796
ENSG00000167674	19	4472242	4502227
ENSG00000167676	19	4502180	4520381
ENSG00000214456	19	4522525	4535287
ENSG00000267385	19	4528425	4540069
ENSG00000171236	19	4536400	4540106
ENSG00000167680	19	4542586	4581797
ENSG00000185361	19	4639501	4655570
ENSG00000074842	19	4641372	4670405
ENSG00000142002	19	4674339	4724675
ENSG00000141965	19	4791732	4801275
ENSG00000127666	19	4815930	4831751
ENSG00000105355	19	4838332	4867719
ENSG00000205784	19	4890435	4902950
ENSG00000276043	19	4903078	4962156
ENSG00000127663	19	4969104	5153613
ENSG00000105426	19	5158493	5340943
ENSG00000105428	19	5455415	5456858
ENSG00000223573	19	5552721	5578351
ENSG00000130254	19	5586979	5624048
ENSG00000160633	19	5622961	5668480
ENSG00000130255	19	5674945	5691883
ENSG00000174917	19	5678412	5680942
ENSG00000167733	19	5680602	5688526
ENSG00000196365	19	5691832	5720574
ENSG00000174898	19	5720635	5778736
ENSG00000212123	19	5782958	5784754
ENSG00000267157	19	5784003	5785621
ENSG00000141994	19	5784830	5791227
ENSG00000171119	19	5805051	5828326
ENSG00000156413	19	5830359	5839724
ENSG00000171124	19	5842255	5851537
ENSG00000130383	19	5865824	5870542
ENSG00000267740	19	5866169	5903789
ENSG00000174886	19	5891205	5904008
ENSG00000187650	19	5904721	5910855
ENSG00000267314	19	5904839	5914709
ENSG00000105519	19	5912337	5916213
ENSG00000031823	19	5916136	5978290
ENSG00000087903	19	5993162	6199574
ENSG00000130377	19	6135245	6193096
ENSG00000130382	19	6210375	6280031
ENSG00000167769	19	6306028	6333614
ENSG00000125656	19	6361425	6370244
ENSG00000125652	19	6372713	6377263
ENSG00000125650	19	6375146	6379060
ENSG00000125651	19	6379543	6393983
ENSG00000088247	19	6413100	6424826
ENSG00000181240	19	6426035	6433781
ENSG00000125648	19	6436066	6465205
ENSG00000130545	19	6463775	6467241
ENSG00000205744	19	6467205	6482559
ENSG00000104833	19	6494306	6502850
ENSG00000125657	19	6530983	6535928
ENSG00000125726	19	6583181	6604105
ENSG00000125735	19	6658083	6670623
ENSG00000125730	19	6677702	6730564
ENSG00000125734	19	6729912	6737667
ENSG00000125733	19	6737923	6751532
ENSG00000125731	19	6751897	6768111
ENSG00000141968	19	6772674	6857368
ENSG00000174837	19	6887528	6940461
ENSG00000196589	19	7018967	7021433
ENSG00000237247	19	7030576	7033013
ENSG00000205718	19	7037747	7040181
ENSG00000230522	19	7049319	7051737
ENSG00000182315	19	7056205	7069667
ENSG00000130544	19	7069414	7096208
ENSG00000171105	19	7112253	7294445
ENSG00000104880	19	7348929	7472487
ENSG00000104883	19	7476867	7497451
ENSG00000198723	19	7492974	7509032
ENSG00000267952	19	7507050	7519624
ENSG00000198816	19	7515290	7521029
ENSG00000090674	19	7522609	7534011
ENSG00000268614	19	7533593	7540061
ENSG00000032444	19	7534002	7561766
ENSG00000076826	19	7595824	7618354
ENSG00000076924	19	7619521	7629575
ENSG00000229833	19	7629709	7631958
ENSG00000268400	19	7629794	7647479
ENSG00000174788	19	7631609	7635833
ENSG00000076944	19	7636770	7647877
ENSG00000104918	19	7669042	7670458
ENSG00000183019	19	7677054	7679836
ENSG00000269711	19	7678499	7682856
ENSG00000181029	19	7680821	7687705
ENSG00000104921	19	7688756	7702148
ENSG00000182566	19	7728941	7733908
ENSG00000288669	19	7728956	7745664
ENSG00000090659	19	7739991	7747625
ENSG00000104938	19	7763029	7769608
ENSG00000142459	19	7830180	7864982
ENSG00000183248	19	7868717	7874676
ENSG00000171017	19	7888498	7902023
ENSG00000076984	19	7903821	7914482
ENSG00000260001	19	7914758	7919099
ENSG00000104976	19	7920312	7923252
ENSG00000178531	19	7924489	7926176
ENSG00000104980	19	7926713	7943775
ENSG00000066044	19	7958571	8006064
ENSG00000131142	19	8052291	8062667
ENSG00000142449	19	8065400	8149695
ENSG00000090661	19	8206734	8263718
ENSG00000167775	19	8302121	8308381
ENSG00000233927	19	8307758	8323569
ENSG00000167774	19	8308281	8321381
ENSG00000267855	19	8308591	8321402
ENSG00000186994	19	8322580	8343283
ENSG00000167772	19	8363221	8374373
ENSG00000185236	19	8389979	8405877
ENSG00000099785	19	8411458	8439019
ENSG00000099783	19	8444765	8489120
ENSG00000133246	19	8490054	8502658
ENSG00000133250	19	8509676	8514179
ENSG00000142347	19	8517461	8577475
ENSG00000142303	19	8580238	8610848
ENSG00000268480	19	8630631	8681153
ENSG00000181786	19	8697398	8698797
ENSG00000181733	19	8721632	8732162
ENSG00000167785	19	8806168	8832321
ENSG00000170948	19	8832363	8843342
ENSG00000181143	19	8848636	9010440
ENSG00000170929	19	9087059	9095671
ENSG00000170923	19	9100405	9107477
ENSG00000161807	19	9114826	9115765
ENSG00000170920	19	9126010	9126952
ENSG00000130803	19	9140375	9163426
ENSG00000188000	19	9178977	9188820
ENSG00000174667	19	9210274	9219591
ENSG00000237521	19	9247342	9252627
ENSG00000196110	19	9291138	9309840
ENSG00000188321	19	9323715	9351164
ENSG00000270011	19	9324172	9382619
ENSG00000188629	19	9362999	9382619
ENSG00000174652	19	9412208	9435603
ENSG00000198028	19	9464957	9498628
ENSG00000130818	19	9523221	9538828
ENSG00000197961	19	9560327	9584547
ENSG00000171469	19	9590379	9622603
ENSG00000171466	19	9641805	9675108
ENSG00000196605	19	9749544	9793182
ENSG00000127452	19	9810265	9827818
ENSG00000198258	19	9827885	9830371
ENSG00000127445	19	9835255	9849692
ENSG00000105088	19	9853715	9936561
ENSG00000080573	19	9959559	10010513
ENSG00000080511	19	10013247	10022281
ENSG00000130813	19	10086015	10093254
ENSG00000130812	19	10092333	10106614
ENSG00000243207	19	10106221	10114782
ENSG00000130810	19	10106298	10112815
ENSG00000244165	19	10111687	10118087
ENSG00000130811	19	10115008	10119953
ENSG00000130816	19	10133340	10231288
ENSG00000267534	19	10221431	10231333
ENSG00000105364	19	10251899	10260062
ENSG00000090339	19	10271091	10286619
ENSG00000105371	19	10286944	10288524
ENSG00000105376	19	10289938	10296780
ENSG00000220201	19	10304801	10309882
ENSG00000167807	19	10305425	10316011
ENSG00000267673	19	10309896	10316028
ENSG00000267303	19	10315469	10320680
ENSG00000161847	19	10316210	10333550
ENSG00000076662	19	10333774	10339849
ENSG00000105397	19	10350526	10380610
ENSG00000105401	19	10391088	10420226
ENSG00000065989	19	10416771	10469818
ENSG00000079999	19	10484510	10503560
ENSG00000180739	19	10512740	10517983
ENSG00000130734	19	10543531	10553558
ENSG00000129347	19	10553083	10566033
ENSG00000129355	19	10566458	10569061
ENSG00000129354	19	10569429	10587319
ENSG00000129353	19	10602455	10644561
ENSG00000129351	19	10654259	10692417
ENSG00000213339	19	10701428	10713749
ENSG00000079805	19	10717965	10834211
ENSG00000099203	19	10832065	10836332
ENSG00000214212	19	10836565	10869798
ENSG00000142453	19	10871445	10923083
ENSG00000130733	19	10918917	10928706
ENSG00000142444	19	10928714	10933537
ENSG00000127616	19	10960822	11079428
ENSG00000130164	19	11089416	11133832
ENSG00000161888	19	11131417	11155817
ENSG00000197256	19	11164262	11197947
ENSG00000130158	19	11199293	11262535
ENSG00000130173	19	11237500	11245480
ENSG00000130167	19	11296137	11326998
ENSG00000105514	19	11322045	11346435
ENSG00000105518	19	11342773	11346536
ENSG00000183401	19	11344682	11354950
ENSG00000105520	19	11355384	11365700
ENSG00000173928	19	11374656	11379196
ENSG00000187266	19	11377205	11384345
ENSG00000205517	19	11384339	11419374
ENSG00000198003	19	11420602	11435784
ENSG00000130175	19	11422367	11450971
ENSG00000196361	19	11451324	11481053
ENSG00000267477	19	11466238	11505700
ENSG00000161914	19	11483132	11505841
ENSG00000130159	19	11505914	11540139
ENSG00000130176	19	11538765	11550325
ENSG00000130165	19	11551145	11559327
ENSG00000198551	19	11559372	11622584
ENSG00000102575	19	11574651	11579995
ENSG00000197933	19	11721261	11739029
ENSG00000197044	19	11766998	11784080
ENSG00000177599	19	11797640	11809624
ENSG00000171295	19	11814255	11835569
ENSG00000171291	19	11848714	11883752
ENSG00000198429	19	11887757	11919846
ENSG00000196757	19	11925062	11950776
ENSG00000267179	19	11925073	11979292
ENSG00000197054	19	11965028	11983130
ENSG00000286098	19	11987639	12078108
ENSG00000197647	19	11988496	12035743
ENSG00000257355	19	12017886	12052969
ENSG00000257446	19	12040990	12052985
ENSG00000223547	19	12064688	12081567
ENSG00000286132	19	12075325	12113327
ENSG00000132010	19	12092841	12140357
ENSG00000213297	19	12132115	12156733
ENSG00000257591	19	12142086	12156834
ENSG00000196646	19	12163050	12189873
ENSG00000197857	19	12224684	12294885
ENSG00000188868	19	12317475	12333725
ENSG00000198342	19	12345942	12365907
ENSG00000196466	19	12390014	12401282
ENSG00000268870	19	12391947	12441084
ENSG00000180855	19	12429704	12441023
ENSG00000269755	19	12433101	12484818
ENSG00000242852	19	12461182	12513856
ENSG00000196826	19	12461557	12551476
ENSG00000249709	19	12524901	12551544
ENSG00000269693	19	12525718	12580977
ENSG00000188033	19	12575830	12640100
ENSG00000173875	19	12610914	12633842
ENSG00000104774	19	12643829	12666764
ENSG00000269242	19	12643829	12648399
ENSG00000269590	19	12664826	12669399
ENSG00000123154	19	12666800	12675834
ENSG00000105583	19	12668063	12669469
ENSG00000285589	19	12668069	12681836
ENSG00000095059	19	12673409	12681903
ENSG00000132004	19	12687799	12696661
ENSG00000283980	19	12687996	12688424
ENSG00000105576	19	12699109	12724013
ENSG00000123144	19	12730638	12734749
ENSG00000198356	19	12737137	12748327
ENSG00000039987	19	12751671	12758460
ENSG00000095066	19	12762638	12872742
ENSG00000171223	19	12791484	12793317
ENSG00000167815	19	12796815	12801884
ENSG00000284491	19	12802029	12813583
ENSG00000104889	19	12806503	12813646
ENSG00000132026	19	12825475	12838364
ENSG00000105613	19	12833858	12874954
ENSG00000105612	19	12875207	12881597
ENSG00000105610	19	12884403	12887203
ENSG00000105607	19	12891126	12915263
ENSG00000161860	19	12898784	12919308
ENSG00000179115	19	12921136	12934039
ENSG00000179218	19	12938576	12944527
ENSG00000179262	19	12945714	12953648
ENSG00000179271	19	12950699	12957335
ENSG00000179284	19	12965157	12974762
ENSG00000008441	19	12995399	13098798
ENSG00000104903	19	13099026	13103190
ENSG00000104907	19	13104897	13117569
ENSG00000160877	19	13116466	13141149
ENSG00000104915	19	13144056	13150385
ENSG00000160888	19	13150401	13156983
ENSG00000141837	19	13206440	13624491
ENSG00000104957	19	13731744	13763300
ENSG00000037757	19	13764496	13774284
ENSG00000104979	19	13774437	13778775
ENSG00000132003	19	13795393	13832256
ENSG00000187556	19	13862061	13880759
ENSG00000132016	19	13882341	13906574
ENSG00000132024	19	13906158	13930886
ENSG00000132000	19	13931181	13953394
ENSG00000132017	19	13952457	13961451
ENSG00000132005	19	13961527	14007086
ENSG00000171136	19	14028146	14031554
ENSG00000104998	19	14031642	14053225
ENSG00000187867	19	14053361	14062151
ENSG00000141854	19	14072106	14075064
ENSG00000188032	19	14081622	14085877
ENSG00000141858	19	14086760	14091038
ENSG00000072062	19	14091686	14118086
ENSG00000289762	19	14112322	14112478
ENSG00000105011	19	14119510	14136624
ENSG00000072071	19	14147741	14206854
ENSG00000123146	19	14380499	14408731
ENSG00000123136	19	14408796	14419387
ENSG00000123143	19	14433051	14471874
ENSG00000160951	19	14472464	14477274
ENSG00000123159	19	14477757	14496166
ENSG00000132002	19	14513787	14560393
ENSG00000099797	19	14517083	14565990
ENSG00000099795	19	14566076	14572081
ENSG00000187912	19	14583082	14612037
ENSG00000131355	19	14599078	14690029
ENSG00000160961	19	14689799	14733748
ENSG00000127507	19	14731150	14778562
ENSG00000127530	19	14789258	14835378
ENSG00000188269	19	14826239	14835287
ENSG00000127515	19	14840464	14848924
ENSG00000185385	19	14878201	14886134
ENSG00000127529	19	14941487	14942450
ENSG00000105143	19	14950022	15022992
ENSG00000160994	19	15010724	15023278
ENSG00000105141	19	15049478	15058295
ENSG00000094661	19	15082209	15092972
ENSG00000105137	19	15107294	15114990
ENSG00000105135	19	15114972	15125803
ENSG00000074181	19	15159036	15201006
ENSG00000105131	19	15226897	15233593
ENSG00000141867	19	15235517	15332549
ENSG00000105127	19	15353383	15379864
ENSG00000011243	19	15380044	15419143
ENSG00000011451	19	15419976	15450040
ENSG00000105122	19	15451622	15464585
ENSG00000161031	19	15468623	15498958
ENSG00000171954	19	15508475	15552319
ENSG00000186526	19	15615216	15630641
ENSG00000186529	19	15640793	15662827
ENSG00000186204	19	15673016	15698821
ENSG00000171942	19	15728022	15729054
ENSG00000171936	19	15737983	15742345
ENSG00000172519	19	15787659	15800359
ENSG00000186723	19	15804547	15815666
ENSG00000186115	19	15877891	15900530
ENSG00000171903	19	15912365	15934935
ENSG00000176231	19	15944297	15950352
ENSG00000167460	19	16067019	16103013
ENSG00000167461	19	16111651	16134237
ENSG00000196684	19	16134026	16158577
ENSG00000141977	19	16161366	16173527
ENSG00000105058	19	16185376	16192050
ENSG00000072958	19	16197852	16245908
ENSG00000127528	19	16324611	16328687
ENSG00000127527	19	16354589	16472087
ENSG00000269058	19	16479059	16496169
ENSG00000141979	19	16479065	16628206
ENSG00000105072	19	16496383	16521371
ENSG00000085872	19	16517880	16542549
ENSG00000127526	19	16549829	16572434
ENSG00000105085	19	16574905	16629064
ENSG00000268790	19	16577640	16660117
ENSG00000214046	19	16630742	16660444
ENSG00000072954	19	16660368	16690043
ENSG00000188039	19	16719845	16817965
ENSG00000127511	19	16829385	16880357
ENSG00000127533	19	16888842	16892608
ENSG00000160111	19	16892949	17026984
ENSG00000131351	19	17049727	17075627
ENSG00000099331	19	17075726	17214539
ENSG00000053501	19	17215335	17220247
ENSG00000099330	19	17226196	17229221
ENSG00000160113	19	17229205	17245955
ENSG00000269095	19	17235938	17255450
ENSG00000130307	19	17249169	17282788
ENSG00000105393	19	17267341	17281251
ENSG00000269307	19	17267416	17282968
ENSG00000160117	19	17281643	17287651
ENSG00000127220	19	17292129	17310238
ENSG00000130312	19	17292541	17306849
ENSG00000130311	19	17309516	17323317
ENSG00000074855	19	17323221	17334866
ENSG00000130299	19	17334918	17342737
ENSG00000130300	19	17351448	17377358
ENSG00000269720	19	17387194	17394203
ENSG00000130303	19	17402931	17407395
ENSG00000141971	19	17405720	17436366
ENSG00000188051	19	17435507	17448681
ENSG00000269035	19	17436609	17460806
ENSG00000171773	19	17455423	17460928
ENSG00000130304	19	17467664	17506192
ENSG00000130313	19	17511605	17521290
ENSG00000167483	19	17523299	17553841
ENSG00000130309	19	17555588	17583164
ENSG00000130477	19	17601325	17688384
ENSG00000130479	19	17719240	17734517
ENSG00000130475	19	17747699	17788574
ENSG00000179913	19	17794695	17814177
ENSG00000248099	19	17816510	17821576
ENSG00000105639	19	17824778	17848073
ENSG00000105640	19	17859866	17871285
ENSG00000105641	19	17871937	17895176
ENSG00000007080	19	17932586	17944916
ENSG00000105642	19	17947482	18000087
ENSG00000105643	19	18001124	18015696
ENSG00000096996	19	18058993	18098946
ENSG00000099308	19	18097747	18151694
ENSG00000105647	19	18153153	18170543
ENSG00000268173	19	18153156	18178119
ENSG00000216490	19	18173148	18178124
ENSG00000254858	19	18193195	18196950
ENSG00000105649	19	18196750	18204057
ENSG00000285188	19	18207959	18255421
ENSG00000105650	19	18207963	18248202
ENSG00000284797	19	18249948	18255402
ENSG00000130518	19	18257096	18274502
ENSG00000130522	19	18279692	18281624
ENSG00000130520	19	18306229	18323114
ENSG00000130517	19	18340560	18369952
ENSG00000130513	19	18374729	18389178
ENSG00000175489	19	18390349	18397624
ENSG00000130511	19	18418862	18434565
ENSG00000105655	19	18434386	18438311
ENSG00000105656	19	18442661	18522118
ENSG00000105701	19	18531749	18544266
ENSG00000105700	19	18557681	18569389
ENSG00000221983	19	18571720	18577552
ENSG00000006016	19	18572218	18607743
ENSG00000006015	19	18588683	18592344
ENSG00000105696	19	18607333	18621052
ENSG00000167487	19	18637016	18671723
ENSG00000105662	19	18683573	18782335
ENSG00000105664	19	18782771	18791314
ENSG00000005007	19	18831903	18868234
ENSG00000130283	19	18868543	18896160
ENSG00000223802	19	18868543	18896729
ENSG00000105669	19	18899509	18919409
ENSG00000268193	19	18907011	18934399
ENSG00000105671	19	18919665	18929191
ENSG00000051128	19	18929199	18941730
ENSG00000064607	19	18990885	19061649
ENSG00000105676	19	19033573	19060313
ENSG00000181035	19	19061695	19113032
ENSG00000064545	19	19119146	19138515
ENSG00000213999	19	19145561	19192591
ENSG00000064489	19	19145567	19192160
ENSG00000254901	19	19163146	19192593
ENSG00000064490	19	19191955	19202846
ENSG00000184162	19	19201407	19203731
ENSG00000130287	19	19211946	19252249
ENSG00000187664	19	19254729	19262829
ENSG00000213996	19	19263383	19273408
ENSG00000105705	19	19276016	19320513
ENSG00000129933	19	19320809	19358756
ENSG00000167491	19	19385636	19508934
ENSG00000178093	19	19512394	19515555
ENSG00000186010	19	19515726	19529056
ENSG00000258674	19	19516225	19536078
ENSG00000250067	19	19528849	19537586
ENSG00000160161	19	19538246	19546661
ENSG00000105717	19	19561705	19618748
ENSG00000064547	19	19623637	19628932
ENSG00000089639	19	19629471	19643671
ENSG00000105726	19	19645194	19663702
ENSG00000181896	19	19668779	19683511
ENSG00000105708	19	19708128	19733121
ENSG00000081665	19	19761036	19821786
ENSG00000256771	19	19865810	19897772
ENSG00000184635	19	19900886	19963466
ENSG00000197124	19	19995129	20039535
ENSG00000213988	19	20077931	20132735
ENSG00000256229	19	20167180	20201891
ENSG00000293570	19	20358161	20371962
ENSG00000237440	19	20528986	20565842
ENSG00000188171	19	20619937	20661605
ENSG00000160229	19	20776268	20858315
ENSG00000105750	19	20923220	20954501
ENSG00000118620	19	21020612	21060925
ENSG00000160352	19	21077067	21126742
ENSG00000196705	19	21141999	21196055
ENSG00000182141	19	21284031	21329445
ENSG00000172687	19	21358925	21388584
ENSG00000196268	19	21397078	21428598
ENSG00000269237	19	21405157	21491268
ENSG00000197013	19	21496680	21556272
ENSG00000197020	19	21722769	21767630
ENSG00000198521	19	21804935	21852127
ENSG00000160321	19	21932870	22010996
ENSG00000197134	19	22052428	22123404
ENSG00000196109	19	22178484	22215803
ENSG00000196350	19	22286439	22317178
ENSG00000197360	19	22391017	22532487
ENSG00000229676	19	22634316	22667673
ENSG00000213973	19	22752181	22784153
ENSG00000268696	19	22832289	22858669
ENSG00000269067	19	22972745	23003192
ENSG00000183850	19	23075208	23149791
ENSG00000196081	19	23219259	23250410
ENSG00000283201	19	23222753	23274223
ENSG00000167232	19	23304989	23395529
ENSG00000197372	19	23525629	23687236
ENSG00000196172	19	23739193	23758929
ENSG00000288920	19	23762942	23871164
ENSG00000213967	19	23914872	23945161
ENSG00000213096	19	24033403	24179010
ENSG00000169021	19	29202809	29213153
ENSG00000187135	19	29524737	29564555
ENSG00000105171	19	29606281	29617239
ENSG00000166289	19	29665396	29675499
ENSG00000131943	19	29691268	29716062
ENSG00000105173	19	29811469	29824315
ENSG00000105176	19	29923642	30017783
ENSG00000198597	19	30224797	30713588
ENSG00000121297	19	31149977	31349816
ENSG00000168813	19	32345592	32387669
ENSG00000178904	19	32405541	32485897
ENSG00000105185	19	32581060	32587455
ENSG00000105186	19	32596998	32676599
ENSG00000186326	19	32675846	32678302
ENSG00000213965	19	32691784	32714103
ENSG00000173809	19	32719733	32829582
ENSG00000021488	19	32830506	32869807
ENSG00000121289	19	32875923	32972017
ENSG00000131944	19	32972207	32978723
ENSG00000131941	19	32978590	33064890
ENSG00000076650	19	33080897	33130958
ENSG00000166359	19	33132090	33175801
ENSG00000130881	19	33177601	33209924
ENSG00000130876	19	33208654	33225855
ENSG00000245848	19	33299932	33302536
ENSG00000153879	19	33373683	33382688
ENSG00000124299	19	33386948	33521825
ENSG00000124302	19	33621940	33773511
ENSG00000153885	19	33795931	33815765
ENSG00000257103	19	34172411	34229515
ENSG00000166398	19	34254541	34355611
ENSG00000105220	19	34359478	34402415
ENSG00000266953	19	34396313	34409366
ENSG00000126249	19	34404384	34426171
ENSG00000126261	19	34428350	34471253
ENSG00000142279	19	34481680	34512306
ENSG00000205209	19	34590642	34677161
ENSG00000089335	19	34677082	34687067
ENSG00000197841	19	34734153	34750439
ENSG00000153896	19	34758071	34773255
ENSG00000168661	19	34926885	34945174
ENSG00000180884	19	34956165	34964295
ENSG00000089351	19	34994535	35027408
ENSG00000105711	19	35030442	35040457
ENSG00000105707	19	35040504	35066594
ENSG00000285526	19	35106508	35124299
ENSG00000089356	19	35115519	35125655
ENSG00000153902	19	35124505	35142453
ENSG00000266964	19	35133985	35143111
ENSG00000221946	19	35143146	35154305
ENSG00000089327	19	35154438	35171798
ENSG00000177558	19	35224798	35228741
ENSG00000105699	19	35248328	35267969
ENSG00000105698	19	35268483	35279823
ENSG00000105697	19	35280714	35285148
ENSG00000105695	19	35291645	35316934
ENSG00000012124	19	35319259	35347363
ENSG00000126266	19	35347900	35353866
ENSG00000185897	19	35358346	35360491
ENSG00000126251	19	35371066	35372964
ENSG00000126262	19	35443905	35451769
ENSG00000188508	19	35487322	35495560
ENSG00000161249	19	35497218	35513706
ENSG00000189001	19	35523365	35528353
ENSG00000105679	19	35533453	35545321
ENSG00000105677	19	35545598	35547529
ENSG00000105675	19	35549337	35563660
ENSG00000283758	19	35586159	35587298
ENSG00000249115	19	35612733	35625357
ENSG00000126254	19	35628987	35638929
ENSG00000105672	19	35641728	35644873
ENSG00000126267	19	35648228	35662892
ENSG00000105668	19	35666514	35678483
ENSG00000011590	19	35704556	35717050
ENSG00000272333	19	35717971	35738882
ENSG00000126246	19	35738796	35742461
ENSG00000267120	19	35739250	35745434
ENSG00000161265	19	35742462	35745462
ENSG00000205155	19	35745068	35747521
ENSG00000188223	19	35745676	35754521
ENSG00000267796	19	35748359	35754521
ENSG00000004776	19	35754564	35758081
ENSG00000167595	19	35758141	35771400
ENSG00000004777	19	35774530	35788824
ENSG00000250799	19	35799973	35813301
ENSG00000161270	19	35825370	35869289
ENSG00000126259	19	35851367	35867147
ENSG00000105290	19	35867897	35879805
ENSG00000167604	19	35887127	35902305
ENSG00000126264	19	35899015	35904379
ENSG00000011600	19	35904396	35908320
ENSG00000126243	19	35935356	35946626
ENSG00000205138	19	35995186	35996314
ENSG00000181392	19	36000543	36008833
ENSG00000239382	19	36009111	36014299
ENSG00000105270	19	36014658	36033345
ENSG00000161277	19	36033391	36054741
ENSG00000075702	19	36054647	36105114
ENSG00000105261	19	36111114	36113713
ENSG00000105258	19	36111815	36115215
ENSG00000105254	19	36114287	36125950
ENSG00000126247	19	36139951	36150358
ENSG00000161281	19	36150285	36152701
ENSG00000196357	19	36181540	36246259
ENSG00000167635	19	36214600	36239971
ENSG00000142065	19	36334451	36379210
ENSG00000181007	19	36383118	36418926
ENSG00000186017	19	36445117	36489904
ENSG00000254004	19	36510685	36528698
ENSG00000186020	19	36534772	36605556
ENSG00000161298	19	36604815	36634116
ENSG00000197808	19	36636616	36666855
ENSG00000189042	19	36687266	36762845
ENSG00000267041	19	36714381	36772859
ENSG00000197863	19	36816902	36850799
ENSG00000251247	19	36850336	36913031
ENSG00000291239	19	36850856	36998684
ENSG00000185869	19	36888050	36916293
ENSG00000198453	19	36916309	37005039
ENSG00000197050	19	37007817	37130370
ENSG00000267360	19	37093017	37210514
ENSG00000196967	19	37106732	37172743
ENSG00000245680	19	37181143	37218155
ENSG00000188283	19	37217924	37248742
ENSG00000181666	19	37312835	37369419
ENSG00000189164	19	37371059	37393068
ENSG00000196437	19	37410876	37469284
ENSG00000171827	19	37467506	37488654
ENSG00000188227	19	37506394	37548764
ENSG00000171817	19	37551404	37614181
ENSG00000180479	19	37554778	37595149
ENSG00000120784	19	37613643	37692339
ENSG00000267552	19	37689863	37719190
ENSG00000198182	19	37696347	37719782
ENSG00000189144	19	37735831	37817302
ENSG00000171804	19	37884821	37906679
ENSG00000105738	19	37907198	38208371
ENSG00000011332	19	38211004	38229731
ENSG00000167642	19	38244033	38292617
ENSG00000167641	19	38250854	38256617
ENSG00000267748	19	38289149	38304912
ENSG00000167645	19	38303556	38317275
ENSG00000167644	19	38304156	38305013
ENSG00000099337	19	38319811	38333555
ENSG00000099338	19	38335773	38370945
ENSG00000099341	19	38374561	38383852
ENSG00000179168	19	38384265	38388276
ENSG00000188766	19	38388419	38399590
ENSG00000130244	19	38403091	38409090
ENSG00000171777	19	38409049	38426307
ENSG00000196218	19	38433689	38595275
ENSG00000104814	19	38587639	38619163
ENSG00000178982	19	38619053	38636961
ENSG00000130402	19	38647513	38731591
ENSG00000182472	19	38730185	38769906
ENSG00000205076	19	38770966	38773544
ENSG00000178934	19	38789189	38791756
ENSG00000171747	19	38801669	38813072
ENSG00000104823	19	38815413	38831876
ENSG00000268083	19	38817469	38840180
ENSG00000104824	19	38836368	38852349
ENSG00000187994	19	38867828	38878277
ENSG00000068903	19	38878553	38900503
ENSG00000104825	19	38899698	38908895
ENSG00000262484	19	38908978	38912254
ENSG00000104835	19	38915263	38930781
ENSG00000269547	19	38915402	38949857
ENSG00000128626	19	38930915	38937408
ENSG00000269190	19	38941399	38976775
ENSG00000161243	19	38990712	39033775
ENSG00000183760	19	39083911	39111499
ENSG00000130669	19	39125726	39182818
ENSG00000188505	19	39196915	39201886
ENSG00000179751	19	39202823	39204285
ENSG00000197110	19	39243453	39245252
ENSG00000272395	19	39246312	39248858
ENSG00000183709	19	39268394	39270190
ENSG00000182393	19	39296405	39298675
ENSG00000128011	19	39306564	39320968
ENSG00000130755	19	39328349	39342374
ENSG00000179134	19	39342402	39385712
ENSG00000006712	19	39385627	39391156
ENSG00000063322	19	39391301	39400643
ENSG00000128016	19	39406410	39411637
ENSG00000090924	19	39412544	39428417
ENSG00000105193	19	39433134	39436133
ENSG00000196235	19	39436154	39476672
ENSG00000105197	19	39479793	39493787
ENSG00000090932	19	39498893	39508483
ENSG00000186838	19	39515137	39520677
ENSG00000176401	19	39525525	39532883
ENSG00000176396	19	39536436	39540235
ENSG00000105198	19	39602488	39607478
ENSG00000249861	19	39655906	39660649
ENSG00000006659	19	39704357	39727562
ENSG00000105205	19	39731253	39755239
ENSG00000213921	19	39776593	39786293
ENSG00000105204	19	39825348	39834203
ENSG00000291312	19	39830480	39831958
ENSG00000105202	19	39834441	39846442
ENSG00000275395	19	39863321	39934636
ENSG00000013275	19	39970988	39982816
ENSG00000187187	19	39984132	40021040
ENSG00000128000	19	40023077	40056307
ENSG00000197782	19	40069150	40091142
ENSG00000130758	19	40191410	40215581
ENSG00000174521	19	40216056	40218523
ENSG00000105219	19	40222206	40226699
ENSG00000105221	19	40230315	40285538
ENSG00000160392	19	40294425	40348549
ENSG00000105223	19	40348451	40389474
ENSG00000160396	19	40379269	40390183
ENSG00000105227	19	40393762	40415072
ENSG00000197019	19	40421587	40426003
ENSG00000167565	19	40440640	40445116
ENSG00000090013	19	40446756	40465828
ENSG00000160460	19	40466239	40576466
ENSG00000160410	19	40576842	40591401
ENSG00000090006	19	40592881	40629823
ENSG00000105245	19	40665903	40690974
ENSG00000123815	19	40691512	40725786
ENSG00000086544	19	40716962	40740862
ENSG00000188493	19	40740854	40751815
ENSG00000077312	19	40750583	40765395
ENSG00000261857	19	40768995	40777492
ENSG00000268975	19	40771646	40796945
ENSG00000167578	19	40778189	40798692
ENSG00000171570	19	40778240	40808420
ENSG00000269858	19	40798994	40857710
ENSG00000268797	19	40801295	40898284
ENSG00000255974	19	40841913	40850495
ENSG00000198077	19	40873523	40882754
ENSG00000197408	19	40991129	41018415
ENSG00000197838	19	41088449	41096197
ENSG00000197446	19	41114430	41128383
ENSG00000167600	19	41192909	41207542
ENSG00000167601	19	41218932	41261768
ENSG00000105323	19	41262494	41307789
ENSG00000105329	19	41288201	41353963
ENSG00000142039	19	41310147	41334016
ENSG00000255730	19	41350851	41425003
ENSG00000142046	19	41350883	41384744
ENSG00000123810	19	41354415	41364167
ENSG00000077348	19	41367171	41397443
ENSG00000248098	19	41397790	41425094
ENSG00000177191	19	41422876	41428732
ENSG00000105341	19	41431315	41440719
ENSG00000204978	19	41443150	41444767
ENSG00000007129	19	41549516	41586846
ENSG00000105352	19	41619012	41627084
ENSG00000007306	19	41666627	41706978
ENSG00000105388	19	41708583	41730521
ENSG00000267881	19	41708655	41756739
ENSG00000086548	19	41750975	41772213
ENSG00000170956	19	41796585	41811559
ENSG00000273111	19	41837071	41844720
ENSG00000142025	19	41844741	41852335
ENSG00000105372	19	41859846	41872933
ENSG00000105369	19	41877102	41881374
ENSG00000076928	19	41883061	41930152
ENSG00000268041	19	41907702	41928451
ENSG00000105404	19	41956679	41959392
ENSG00000285505	19	41956877	41994234
ENSG00000105409	19	41966580	41997499
ENSG00000105737	19	41998313	42070242
ENSG00000105732	19	42068475	42083098
ENSG00000028277	19	42086108	42196587
ENSG00000160570	19	42198591	42220142
ENSG00000288671	19	42215131	42232151
ENSG00000167625	19	42216772	42231889
ENSG00000105723	19	42226223	42242627
ENSG00000268643	19	42234581	42255134
ENSG00000105722	19	42247567	42255174
ENSG00000079432	19	42268506	42295803
ENSG00000079462	19	42297021	42303548
ENSG00000188368	19	42302096	42310823
ENSG00000167619	19	42313297	42325066
ENSG00000105429	19	42325516	42378771
ENSG00000105427	19	42387017	42390301
ENSG00000079435	19	42401495	42427390
ENSG00000189377	19	42427993	42443031
ENSG00000079385	19	42507228	42561236
ENSG00000124469	19	42580241	42595057
ENSG00000221826	19	42709082	42740526
ENSG00000124467	19	42752684	42765713
ENSG00000231924	19	42866460	42879824
ENSG00000170848	19	42902058	42919565
ENSG00000221878	19	42924128	42937209
ENSG00000243130	19	43000000	43026572
ENSG00000242221	19	43032683	43083047
ENSG00000204941	19	43159947	43186602
ENSG00000243137	19	43180628	43207301
ENSG00000183668	19	43211789	43269565
ENSG00000204936	19	43353684	43364399
ENSG00000131126	19	43401494	43418615
ENSG00000124466	19	43460785	43465610
ENSG00000176531	19	43473623	43505303
ENSG00000105755	19	43506711	43527261
ENSG00000176472	19	43525495	43541815
ENSG00000073050	19	43543304	43580475
ENSG00000268361	19	43554690	43593038
ENSG00000234465	19	43575799	43583966
ENSG00000167378	19	43584365	43596152
ENSG00000124444	19	43593803	43601191
ENSG00000226763	19	43596615	43614500
ENSG00000131116	19	43607221	43619916
ENSG00000105767	19	43622053	43639860
ENSG00000011422	19	43645670	43670549
ENSG00000124449	19	43716074	43720023
ENSG00000105771	19	43727981	43755607
ENSG00000104783	19	43766515	43781264
ENSG00000159871	19	43785872	43827208
ENSG00000167637	19	43827295	43852019
ENSG00000176222	19	43864319	43901833
ENSG00000124459	19	43910547	43935308
ENSG00000159905	19	43951202	43972741
ENSG00000204920	19	43967860	43998328
ENSG00000159882	19	44002932	44013926
ENSG00000159885	19	44025324	44033224
ENSG00000267022	19	44025352	44087320
ENSG00000178386	19	44051365	44069310
ENSG00000186026	19	44072136	44089615
ENSG00000267680	19	44094324	44111684
ENSG00000256294	19	44112179	44135475
ENSG00000263002	19	44141353	44160841
ENSG00000167380	19	44165067	44178383
ENSG00000131115	19	44207473	44238181
ENSG00000159917	19	44228727	44305048
ENSG00000159915	19	44259861	44277045
ENSG00000062370	19	44307662	44367219
ENSG00000267173	19	44329693	44401610
ENSG00000267508	19	44382296	44401626
ENSG00000278318	19	44417517	44448580
ENSG00000167384	19	44470955	44500549
ENSG00000273777	19	44501675	44529790
ENSG00000216588	19	44613561	44636789
ENSG00000073008	19	44643796	44666164
ENSG00000186567	19	44662276	44684372
ENSG00000213892	19	44699149	44710720
ENSG00000069399	19	44747703	44760046
ENSG00000142273	19	44777843	44802303
ENSG00000187244	19	44809038	44821423
ENSG00000130202	19	44846173	44890136
ENSG00000130204	19	44890567	44903697
ENSG00000130203	19	44903785	44909398
ENSG00000130208	19	44913131	44920056
ENSG00000234906	19	44936124	44949587
ENSG00000267467	19	44942232	44945498
ENSG00000224916	19	44942236	44949567
ENSG00000104853	19	44954583	44993344
ENSG00000104856	19	45001429	45038196
ENSG00000104859	19	45039040	45070958
ENSG00000170684	19	45071498	45076487
ENSG00000142252	19	45075573	45091520
ENSG00000007047	19	45079286	45305286
ENSG00000104866	19	45091394	45148079
ENSG00000179846	19	45149742	45160984
ENSG00000189114	19	45152809	45216935
ENSG00000007255	19	45162926	45178270
ENSG00000283632	19	45210598	45245431
ENSG00000104879	19	45306409	45323374
ENSG00000104892	19	45333432	45351539
ENSG00000104884	19	45349771	45370920
ENSG00000104881	19	45379632	45406369
ENSG00000117877	19	45406642	45410739
ENSG00000012061	19	45407331	45479057
ENSG00000125740	19	45467987	45475181
ENSG00000125744	19	45485290	45497057
ENSG00000213889	19	45488775	45503131
ENSG00000125753	19	45506577	45527841
ENSG00000125741	19	45527765	45602214
ENSG00000177464	19	45588563	45602558
ENSG00000125746	19	45606992	45645619
ENSG00000010310	19	45668205	45683724
ENSG00000125743	19	45677905	45692571
ENSG00000011478	19	45692401	45703991
ENSG00000177051	19	45710622	45730933
ENSG00000237452	19	45733437	45764543
ENSG00000177045	19	45764765	45769254
ENSG00000104936	19	45769707	45782796
ENSG00000268434	19	45779435	45785975
ENSG00000185800	19	45782942	45792951
ENSG00000104941	19	45795711	45815310
ENSG00000125755	19	45815408	45866864
ENSG00000170608	19	45863987	45873800
ENSG00000170604	19	45883606	45886143
ENSG00000176182	19	45890018	45902810
ENSG00000188425	19	45913212	45914780
ENSG00000104967	19	45933732	45974046
ENSG00000104983	19	45995442	46021320
ENSG00000008438	19	46019151	46023369
ENSG00000204869	19	46039180	46077120
ENSG00000204866	19	46079124	46161300
ENSG00000188624	19	46120065	46124700
ENSG00000188293	19	46229730	46231245
ENSG00000124440	19	46297024	46343435
ENSG00000011485	19	46346992	46393002
ENSG00000169515	19	46410327	46413566
ENSG00000277531	19	46424695	46428938
ENSG00000182013	19	46466489	46471574
ENSG00000204851	19	46486904	46495881
ENSG00000160014	19	46601072	46610797
ENSG00000160013	19	46618548	46625536
ENSG00000167414	19	46633945	46639625
ENSG00000197380	19	46646870	46661201
ENSG00000105287	19	46673659	46717146
ENSG00000090372	19	46719505	46746996
ENSG00000181027	19	46746044	46776990
ENSG00000105281	19	46758392	46788619
ENSG00000042753	19	46838134	46850964
ENSG00000160007	19	46860431	47005079
ENSG00000130751	19	47019472	47047244
ENSG00000130748	19	47045907	47048652
ENSG00000130749	19	47064185	47113778
ENSG00000142230	19	47113272	47210638
ENSG00000105327	19	47220820	47233021
ENSG00000105321	19	47255978	47274057
ENSG00000257704	19	47274371	47277757
ENSG00000197405	19	47290021	47322077
ENSG00000134830	19	47332146	47347331
ENSG00000134815	19	47349278	47383257
ENSG00000105419	19	47403115	47419532
ENSG00000118160	19	47428015	47472186
ENSG00000118162	19	47475139	47484267
ENSG00000105402	19	47484528	47515124
ENSG00000118156	19	47520636	47573150
ENSG00000063169	19	47608194	47703279
ENSG00000024422	19	47713386	47745091
ENSG00000105373	19	47745479	47758210
ENSG00000178980	19	47778506	47784688
ENSG00000178928	19	47801230	47819053
ENSG00000105392	19	47819777	47843332
ENSG00000259009	19	47859233	47861723
ENSG00000105398	19	47870325	47886481
ENSG00000188334	19	47968044	47992172
ENSG00000169393	19	47994630	48025156
ENSG00000105507	19	48029381	48044081
ENSG00000105499	19	48047841	48111392
ENSG00000105486	19	48115442	48170656
ENSG00000185453	19	48170643	48197626
ENSG00000105483	19	48180768	48255978
ENSG00000178150	19	48270039	48289294
ENSG00000105479	19	48296353	48321973
ENSG00000142227	19	48321308	48330562
ENSG00000161558	19	48329916	48364247
ENSG00000105467	19	48364258	48376379
ENSG00000105438	19	48382556	48393839
ENSG00000105464	19	48393666	48444933
ENSG00000105447	19	48445510	48458384
ENSG00000182324	19	48454462	48466982
ENSG00000268465	19	48465835	48472433
ENSG00000105443	19	48469201	48482316
ENSG00000142235	19	48485269	48513937
ENSG00000088002	19	48552138	48599427
ENSG00000105523	19	48599959	48615095
ENSG00000177202	19	48606740	48607964
ENSG00000063177	19	48615282	48619215
ENSG00000063176	19	48619289	48630719
ENSG00000105516	19	48630028	48637697
ENSG00000063180	19	48637944	48646388
ENSG00000142233	19	48661405	48673083
ENSG00000176920	19	48695951	48705953
ENSG00000176909	19	48711735	48719968
ENSG00000105538	19	48720569	48740618
ENSG00000182264	19	48740850	48746911
ENSG00000174951	19	48748009	48755392
ENSG00000105550	19	48755522	48758335
ENSG00000105552	19	48795059	48811068
ENSG00000087076	19	48813012	48837066
ENSG00000105559	19	48837089	48868857
ENSG00000087074	19	48872210	48879063
ENSG00000104804	19	48880963	48898746
ENSG00000104805	19	48900048	48923960
ENSG00000104808	19	48933515	48944971
ENSG00000087088	19	48954813	48961808
ENSG00000087086	19	48965273	48967898
ENSG00000104812	19	48968123	48993351
ENSG00000183207	19	48993474	49017870
ENSG00000104826	19	49015978	49017093
ENSG00000268655	19	49017966	49020551
ENSG00000104827	19	49022867	49024362
ENSG00000267335	19	49022951	49036897
ENSG00000104818	19	49031888	49033240
ENSG00000267631	19	49035567	49036897
ENSG00000189052	19	49043593	49045314
ENSG00000213030	19	49047636	49049127
ENSG00000196337	19	49054272	49058862
ENSG00000283663	19	49055791	49065078
ENSG00000225950	19	49061064	49065078
ENSG00000104848	19	49067395	49072704
ENSG00000104852	19	49085162	49108620
ENSG00000104863	19	49114322	49118465
ENSG00000221916	19	49118400	49119145
ENSG00000177380	19	49119399	49151029
ENSG00000130528	19	49151012	49155443
ENSG00000130529	19	49157735	49211843
ENSG00000063127	19	49289636	49325217
ENSG00000104894	19	49335169	49343337
ENSG00000074219	19	49340387	49362731
ENSG00000104901	19	49361781	49375122
ENSG00000161609	19	49388217	49417992
ENSG00000142538	19	49422417	49423662
ENSG00000261949	19	49423747	49428989
ENSG00000104888	19	49429397	49443199
ENSG00000104872	19	49446289	49453539
ENSG00000161618	19	49453144	49471054
ENSG00000269469	19	49462750	49486233
ENSG00000090554	19	49474148	49486235
ENSG00000142541	19	49487508	49493059
ENSG00000142534	19	49496231	49499905
ENSG00000104870	19	49506804	49526919
ENSG00000142552	19	49526532	49579705
ENSG00000142546	19	49555205	49592929
ENSG00000126460	19	49580644	49591006
ENSG00000126464	19	49591106	49626441
ENSG00000126458	19	49634553	49640213
ENSG00000126461	19	49640486	49658651
ENSG00000126456	19	49659567	49665866
ENSG00000126453	19	49664620	49673919
ENSG00000126457	19	49675784	49689031
ENSG00000224420	19	49688951	49690577
ENSG00000169169	19	49690896	49713735
ENSG00000126467	19	49739751	49763331
ENSG00000196961	19	49766910	49807116
ENSG00000010361	19	49806864	49817378
ENSG00000104973	19	49818267	49840386
ENSG00000104960	19	49850733	49860746
ENSG00000039650	19	49859880	49878353
ENSG00000204673	19	49869021	49879472
ENSG00000104946	19	49877499	49888753
ENSG00000104951	19	49889652	49929928
ENSG00000213024	19	49906823	49929928
ENSG00000269179	19	49909499	49958393
ENSG00000169136	19	49923908	49933937
ENSG00000161640	19	49948908	49961174
ENSG00000161643	19	49969598	49975821
ENSG00000105053	19	49974535	50025948
ENSG00000142528	19	50025712	50053416
ENSG00000161652	19	50152535	50163283
ENSG00000105357	19	50188179	50310547
ENSG00000131398	19	50311935	50333517
ENSG00000131408	19	50329637	50383406
ENSG00000131400	19	50358470	50369344
ENSG00000062822	19	50384202	50418020
ENSG00000142539	19	50415797	50428411
ENSG00000269404	19	50418929	50431316
ENSG00000086967	19	50432770	50466330
ENSG00000142530	19	50466783	50476868
ENSG00000161671	19	50476398	50510791
ENSG00000161677	19	50505993	50511378
ENSG00000204653	19	50511566	50514698
ENSG00000131409	19	50516890	50568437
ENSG00000213023	19	50621305	50640042
ENSG00000235034	19	50648790	50659312
ENSG00000161681	19	50659253	50719804
ENSG00000105472	19	50723281	50725721
ENSG00000142511	19	50770462	50771734
ENSG00000261341	19	50776139	50793144
ENSG00000142513	19	50790413	50795221
ENSG00000167748	19	50819144	50823789
ENSG00000174562	19	50825287	50837215
ENSG00000142515	19	50854913	50860769
ENSG00000167751	19	50861566	50880569
ENSG00000167749	19	50906349	50911397
ENSG00000167754	19	50943247	50953316
ENSG00000167755	19	50958629	50969675
ENSG00000169035	19	50976466	50984101
ENSG00000129455	19	50996005	51002713
ENSG00000269741	19	50996016	51009583
ENSG00000213022	19	51002506	51009636
ENSG00000129451	19	51012737	51021050
ENSG00000167757	19	51022214	51028062
ENSG00000186474	19	51029090	51035232
ENSG00000167759	19	51055623	51065803
ENSG00000129437	19	51077315	51086532
ENSG00000142544	19	51095341	51108428
ENSG00000129450	19	51124869	51141055
ENSG00000168995	19	51142286	51153704
ENSG00000105383	19	51217031	51243862
ENSG00000179213	19	51246346	51269332
ENSG00000142549	19	51311637	51330893
ENSG00000186806	19	51331534	51342312
ENSG00000105379	19	51345159	51366451
ENSG00000269403	19	51350371	51368101
ENSG00000160318	19	51367096	51369005
ENSG00000105374	19	51371604	51375630
ENSG00000105370	19	51379907	51388266
ENSG00000262874	19	51388287	51390612
ENSG00000142512	19	51410018	51417860
ENSG00000105366	19	51450845	51458476
ENSG00000213822	19	51478537	51491303
ENSG00000254521	19	51491225	51501802
ENSG00000105492	19	51516900	51531858
ENSG00000105497	19	51571248	51592512
ENSG00000268500	19	51610946	51630403
ENSG00000254415	19	51639476	51646827
ENSG00000182310	19	51688344	51712389
ENSG00000105509	19	51713104	51723994
ENSG00000171051	19	51742723	51804117
ENSG00000171049	19	51752024	51771309
ENSG00000187474	19	51795129	51827763
ENSG00000161551	19	51804814	51890952
ENSG00000198093	19	51888537	51905059
ENSG00000176024	19	51927145	51948761
ENSG00000256683	19	51963977	51986862
ENSG00000197619	19	51991330	52008239
ENSG00000142556	19	52012763	52030242
ENSG00000256087	19	52031376	52095775
ENSG00000197608	19	52058488	52095775
ENSG00000204611	19	52112051	52139967
ENSG00000196267	19	52153862	52171680
ENSG00000105568	19	52170934	52229520
ENSG00000196214	19	52269557	52296048
ENSG00000198464	19	52297144	52325928
ENSG00000167554	19	52336236	52367837
ENSG00000221923	19	52369912	52393740
ENSG00000167555	19	52397840	52418414
ENSG00000198633	19	52429141	52452317
ENSG00000258405	19	52453549	52516884
ENSG00000198482	19	52527621	52564466
ENSG00000167562	19	52555820	52599930
ENSG00000269825	19	52592753	52690608
ENSG00000167766	19	52612354	52638390
ENSG00000213020	19	52701840	52735104
ENSG00000189190	19	52749940	52786838
ENSG00000198538	19	52796892	52857651
ENSG00000204604	19	52835759	52857651
ENSG00000182986	19	52860849	52897722
ENSG00000213793	19	52904413	52923498
ENSG00000221874	19	52928473	52962825
ENSG00000180257	19	52947418	52962913
ENSG00000269526	19	53013919	53016125
ENSG00000268964	19	53044729	53051682
ENSG00000170949	19	53064882	53103466
ENSG00000170954	19	53107877	53133079
ENSG00000197937	19	53124070	53159077
ENSG00000197497	19	53159211	53193391
ENSG00000197928	19	53234940	53254939
ENSG00000196131	19	53258290	53261839
ENSG00000228567	19	53266674	53267725
ENSG00000189348	19	53277460	53284949
ENSG00000213799	19	53333731	53357025
ENSG00000203326	19	53365669	53393982
ENSG00000196417	19	53389791	53430415
ENSG00000160336	19	53431946	53462811
ENSG00000198346	19	53467701	53496257
ENSG00000130844	19	53519525	53580273
ENSG00000204595	19	53600775	53637016
ENSG00000142405	19	53792137	53824405
ENSG00000179820	19	53864761	53878127
ENSG00000126583	19	53879188	53907654
ENSG00000105605	19	53909262	53943952
ENSG00000142408	19	53962935	53990217
ENSG00000130433	19	53991603	54012672
ENSG00000189068	19	54040823	54063961
ENSG00000248385	19	54069893	54081367
ENSG00000170909	19	54094666	54102694
ENSG00000170906	19	54102726	54111524
ENSG00000105619	19	54107013	54115668
ENSG00000105618	19	54115408	54131721
ENSG00000088038	19	54137708	54155710
ENSG00000105617	19	54155159	54159762
ENSG00000167608	19	54160093	54173252
ENSG00000125505	19	54173410	54189884
ENSG00000170892	19	54188462	54194540
ENSG00000170889	19	54200464	54249005
ENSG00000204577	19	54215938	54223508
ENSG00000244482	19	54236588	54242822
ENSG00000105609	19	54249419	54257341
ENSG00000131042	19	54273810	54281186
ENSG00000187116	19	54307035	54313179
ENSG00000239961	19	54333183	54339164
ENSG00000167613	19	54351382	54370560
ENSG00000167614	19	54415217	54436906
ENSG00000167615	19	54449155	54462024
ENSG00000275183	19	54461730	54463780
ENSG00000167617	19	54465024	54473318
ENSG00000167618	19	54497877	54510696
ENSG00000239998	19	54572918	54590289
ENSG00000104974	19	54593580	54603261
ENSG00000104972	19	54616307	54638024
ENSG00000186818	19	54643887	54670533
ENSG00000242019	19	54724440	54736634
ENSG00000243772	19	54738503	54753063
ENSG00000125498	19	54769791	54784334
ENSG00000189013	19	54803608	54814519
ENSG00000167633	19	54816438	54830780
ENSG00000221957	19	54832674	54848571
ENSG00000240403	19	54850431	54867211
ENSG00000186431	19	54874225	54891422
ENSG00000189430	19	54906110	54941201
ENSG00000167634	19	54923452	54966314
ENSG00000022556	19	54953128	55001144
ENSG00000088053	19	55012053	55038266
ENSG00000160439	19	55039106	55071293
ENSG00000131037	19	55072018	55090126
ENSG00000125503	19	55090911	55117681
ENSG00000105048	19	55131660	55149353
ENSG00000129991	19	55151761	55157776
ENSG00000267110	19	55154755	55160673
ENSG00000167646	19	55158659	55166724
ENSG00000129990	19	55171194	55180330
ENSG00000080031	19	55181228	55209514
ENSG00000180089	19	55226522	55228786
ENSG00000105063	19	55229774	55259072
ENSG00000133265	19	55262217	55280932
ENSG00000160469	19	55282070	55312594
ENSG00000180061	19	55309438	55334050
ENSG00000133247	19	55339365	55348124
ENSG00000160471	19	55349304	55354756
ENSG00000267706	19	55352299	55359518
ENSG00000180043	19	55354906	55363262
ENSG00000095752	19	55364380	55370465
ENSG00000160472	19	55376814	55378248
ENSG00000233493	19	55379242	55384307
ENSG00000108107	19	55383854	55403344
ENSG00000108106	19	55385309	55408166
ENSG00000187902	19	55428738	55452902
ENSG00000063241	19	55452973	55462345
ENSG00000283567	19	55462999	55464754
ENSG00000197483	19	55476595	55484489
ENSG00000090971	19	55484947	55487580
ENSG00000179954	19	55488402	55519101
ENSG00000187550	19	55528605	55537145
ENSG00000231274	19	55539016	55550286
ENSG00000218891	19	55576772	55580923
ENSG00000179943	19	55591369	55606196
ENSG00000171443	19	55599712	55603594
ENSG00000261221	19	55605500	55617271
ENSG00000179922	19	55620739	55624572
ENSG00000171425	19	55624662	55647296
ENSG00000213015	19	55635001	55643472
ENSG00000173581	19	55640965	55653163
ENSG00000063244	19	55654113	55674719
ENSG00000063245	19	55675107	55709860
ENSG00000185792	19	55708436	55738404
ENSG00000223638	19	55759041	55763426
ENSG00000229292	19	55769116	55773422
ENSG00000179873	19	55785395	55836802
ENSG00000160505	19	55836538	55881857
ENSG00000173572	19	55891697	55932338
ENSG00000179709	19	55947830	55981160
ENSG00000171487	19	55986773	56061812
ENSG00000142409	19	56087364	56121536
ENSG00000167685	19	56132597	56160899
ENSG00000197487	19	56175999	56185777
ENSG00000197213	19	56189684	56197817
ENSG00000204532	19	56202271	56209463
ENSG00000131848	19	56219668	56368385
ENSG00000267710	19	56272733	56310456
ENSG00000018869	19	56375838	56393608
ENSG00000198440	19	56397964	56436037
ENSG00000198046	19	56438629	56478101
ENSG00000196263	19	56507728	56530278
ENSG00000196867	19	56538873	56557599
ENSG00000197016	19	56567016	56588913
ENSG00000197951	19	56595255	56626835
ENSG00000293626	19	56595300	56657249
ENSG00000268182	19	56643139	56657254
ENSG00000127903	19	56661978	56671785
ENSG00000269699	19	56754333	56840757
ENSG00000198300	19	56810075	56840731
ENSG00000131864	19	57119136	57131928
ENSG00000141946	19	57134094	57145204
ENSG00000258873	19	57154019	57167487
ENSG00000083844	19	57191463	57222848
ENSG00000105146	19	57231000	57235554
ENSG00000204524	19	57240611	57274151
ENSG00000197714	19	57279924	57296359
ENSG00000178229	19	57320460	57335051
ENSG00000131845	19	57351253	57360024
ENSG00000152433	19	57363475	57379567
ENSG00000256060	19	57363476	57365511
ENSG00000268133	19	57363564	57398586
ENSG00000188785	19	57389839	57404248
ENSG00000269533	19	57389882	57419996
ENSG00000268533	19	57394181	57438459
ENSG00000186272	19	57410721	57422158
ENSG00000186230	19	57435261	57449311
ENSG00000197128	19	57436884	57477573
ENSG00000268163	19	57437968	57477538
ENSG00000178201	19	57454788	57457142
ENSG00000105136	19	57487709	57496100
ENSG00000268107	19	57487716	57517561
ENSG00000152439	19	57499875	57519629
ENSG00000121406	19	57527314	57557544
ENSG00000251369	19	57535255	57559872
ENSG00000083817	19	57571014	57578923
ENSG00000171649	19	57578454	57595042
ENSG00000183647	19	57599872	57612724
ENSG00000213762	19	57614231	57624726
ENSG00000121417	19	57630393	57644046
ENSG00000180532	19	57668933	57679154
ENSG00000204519	19	57681967	57717399
ENSG00000269026	19	57682043	57753577
ENSG00000179909	19	57696273	57709217
ENSG00000083814	19	57719749	57727650
ENSG00000152443	19	57746798	57758150
ENSG00000178935	19	57768449	57814974
ENSG00000083828	19	57769634	57819941
ENSG00000269343	19	57819704	57846240
ENSG00000268750	19	57819717	57858943
ENSG00000204514	19	57848729	57889079
ENSG00000198466	19	57849816	57865119
ENSG00000269476	19	57876763	57916593
ENSG00000173480	19	57900290	57916618
ENSG00000196724	19	57920524	57935415
ENSG00000152454	19	57939736	57947717
ENSG00000177025	19	57958435	57974536
ENSG00000166704	19	57977051	58003351
ENSG00000152467	19	58034000	58054633
ENSG00000176293	19	58059236	58086312
ENSG00000121413	19	58083316	58118429
ENSG00000181894	19	58126246	58155112
ENSG00000171606	19	58183027	58215966
ENSG00000198131	19	58228592	58278377
ENSG00000283515	19	58228912	58315185
ENSG00000278129	19	58278947	58302793
ENSG00000142396	19	58305345	58316814
ENSG00000182318	19	58326992	58342348
ENSG00000121410	19	58345176	58353504
ENSG00000174586	19	58354355	58362850
ENSG00000152475	19	58367612	58381056
ENSG00000083845	19	58380568	58394812
ENSG00000269855	19	58395654	58397081
ENSG00000171574	19	58401502	58431738
ENSG00000131849	19	58432812	58440174
ENSG00000249471	19	58450367	58459870
ENSG00000083812	19	58467050	58475438
ENSG00000083838	19	58474015	58483994
ENSG00000083807	19	58479510	58512415
ENSG00000119574	19	58513528	58538913
ENSG00000130726	19	58543738	58550775
ENSG00000130724	19	58551450	58555131
ENSG00000130725	19	58555707	58558988
ENSG00000099326	19	58561913	58573605
ENSG00000178591	20	87248	97096
ENSG00000125788	20	142588	145753
ENSG00000088782	20	157452	159165
ENSG00000185982	20	187851	189713
ENSG00000125903	20	227256	229888
ENSG00000186458	20	257715	261098
ENSG00000196476	20	270861	290780
ENSG00000247315	20	297568	300323
ENSG00000177732	20	325550	330226
ENSG00000125841	20	346693	359708
ENSG00000101255	20	362833	398966
ENSG00000125826	20	407391	432141
ENSG00000125875	20	423594	462568
ENSG00000101266	20	472496	543837
ENSG00000125878	20	603799	610318
ENSG00000271303	20	646612	653406
ENSG00000270299	20	646624	675802
ENSG00000215397	20	661594	675804
ENSG00000101276	20	758693	776017
ENSG00000125898	20	833705	857465
ENSG00000101280	20	869898	916337
ENSG00000101282	20	958450	1002512
ENSG00000125818	20	1113238	1192355
ENSG00000125895	20	1178987	1186844
ENSG00000215595	20	1203452	1209078
ENSG00000244588	20	1226025	1296423
ENSG00000101298	20	1266263	1309330
ENSG00000125775	20	1309907	1329213
ENSG00000274322	20	1317569	1393098
ENSG00000088832	20	1355815	1393166
ENSG00000088833	20	1442160	1473844
ENSG00000196209	20	1470739	1491589
ENSG00000125900	20	1534249	1557707
ENSG00000260861	20	1540142	1620011
ENSG00000101307	20	1561383	1620063
ENSG00000089012	20	1629150	1657781
ENSG00000198053	20	1892724	1940594
ENSG00000101327	20	1978755	1994694
ENSG00000125834	20	2101765	2177040
ENSG00000286022	20	2207326	2341061
ENSG00000125780	20	2295992	2341179
ENSG00000166948	20	2380899	2432755
ENSG00000125835	20	2461632	2470886
ENSG00000256566	20	2467210	2508909
ENSG00000088876	20	2471465	2525030
ENSG00000149488	20	2536571	2643582
ENSG00000101361	20	2652458	2658398
ENSG00000101365	20	2658391	2664221
ENSG00000088881	20	2692722	2760230
ENSG00000088882	20	2794067	2800837
ENSG00000241690	20	2814966	2818068
ENSG00000258713	20	2814985	2815835
ENSG00000198326	20	2816300	2820286
ENSG00000132635	20	2835068	2841192
ENSG00000215305	20	2840687	2867033
ENSG00000132670	20	2870752	3039249
ENSG00000125787	20	3042812	3045749
ENSG00000125901	20	3046014	3048256
ENSG00000101405	20	3071474	3072519
ENSG00000101200	20	3082554	3084726
ENSG00000185019	20	3107571	3160198
ENSG00000215251	20	3146517	3160198
ENSG00000088899	20	3162615	3174506
ENSG00000198171	20	3188732	3204702
ENSG00000125877	20	3208866	3227448
ENSG00000088836	20	3227415	3239582
ENSG00000088854	20	3249293	3407944
ENSG00000088812	20	3470963	3651120
ENSG00000125861	20	3659246	3663485
ENSG00000149451	20	3667960	3682251
ENSG00000088827	20	3686968	3712649
ENSG00000132622	20	3730246	3753555
ENSG00000101220	20	3751218	3768740
ENSG00000101222	20	3777502	3781450
ENSG00000125817	20	3783849	3786742
ENSG00000101224	20	3786770	3806732
ENSG00000125843	20	3811255	3828911
ENSG00000088888	20	3842692	3876125
ENSG00000125779	20	3888775	3929889
ENSG00000101236	20	3927307	4015600
ENSG00000088826	20	4120978	4187750
ENSG00000171873	20	4220281	4249307
ENSG00000171867	20	4685728	4701592
ENSG00000171864	20	4721907	4728462
ENSG00000101265	20	4780017	4823872
ENSG00000089057	20	4851727	5010315
ENSG00000089063	20	5068230	5113454
ENSG00000132646	20	5114951	5127632
ENSG00000101290	20	5126877	5197889
ENSG00000101292	20	5298869	5316961
ENSG00000125772	20	5544402	5611060
ENSG00000171984	20	5750332	5865797
ENSG00000089199	20	5911387	5925942
ENSG00000089195	20	5936918	5950568
ENSG00000125885	20	5949765	5998979
ENSG00000286235	20	5950947	6039858
ENSG00000088766	20	6005980	6046817
ENSG00000125872	20	6036478	6060315
ENSG00000101311	20	6070286	6123646
ENSG00000125845	20	6767677	6782616
ENSG00000101323	20	7845497	7940541
ENSG00000125827	20	7976688	8019831
ENSG00000182621	20	8077249	8968362
ENSG00000101333	20	9067823	9504607
ENSG00000125869	20	9514265	9530543
ENSG00000101349	20	9537368	9839078
ENSG00000132623	20	9986124	10059416
ENSG00000132639	20	10172393	10308260
ENSG00000125863	20	10401007	10434238
ENSG00000285508	20	10411651	10434238
ENSG00000285723	20	10411651	10434238
ENSG00000149346	20	10434666	10638914
ENSG00000101384	20	10637682	10674398
ENSG00000132640	20	11890721	11927054
ENSG00000172296	20	13008923	13171074
ENSG00000101230	20	13221256	13300653
ENSG00000089123	20	13387214	13639111
ENSG00000089048	20	13714320	13785411
ENSG00000101247	20	13784976	13821582
ENSG00000101251	20	13849245	13996445
ENSG00000172264	20	13995367	16053199
ENSG00000125848	20	14322536	14337645
ENSG00000089177	20	16269727	16573470
ENSG00000125870	20	16729956	16742566
ENSG00000125879	20	16748356	16770064
ENSG00000125851	20	17226105	17484580
ENSG00000125864	20	17493903	17569222
ENSG00000125868	20	17569150	17609921
ENSG00000125844	20	17613676	17682297
ENSG00000125888	20	17693670	17735875
ENSG00000089006	20	17941595	17969024
ENSG00000125850	20	17956977	18059190
ENSG00000125871	20	17968091	17991138
ENSG00000149474	20	18137226	18188846
ENSG00000232838	20	18137830	18143292
ENSG00000125846	20	18288263	18316998
ENSG00000089091	20	18383359	18467334
ENSG00000132664	20	18466876	18484650
ENSG00000089050	20	18486538	18497262
ENSG00000101310	20	18507518	18561424
ENSG00000232388	20	18567345	18570997
ENSG00000284776	20	18567451	18744218
ENSG00000125821	20	18587915	18780668
ENSG00000132631	20	18813781	18814380
ENSG00000185052	20	19212493	19724786
ENSG00000132669	20	19757592	20003574
ENSG00000173418	20	20017308	20034389
ENSG00000101343	20	20027767	20056048
ENSG00000089101	20	20052509	20360705
ENSG00000173404	20	20368102	20370951
ENSG00000188559	20	20389528	20712675
ENSG00000088970	20	21125973	21273508
ENSG00000088930	20	21303279	21390253
ENSG00000125816	20	21395150	21397528
ENSG00000125820	20	21511015	21514072
ENSG00000125813	20	21705657	21718483
ENSG00000125798	20	22580996	22585500
ENSG00000132671	20	23035310	23039239
ENSG00000178726	20	23045631	23049674
ENSG00000125810	20	23065137	23086395
ENSG00000132661	20	23350146	23354773
ENSG00000125812	20	23361985	23373086
ENSG00000125814	20	23371265	23421522
ENSG00000125823	20	23426102	23444932
ENSG00000125831	20	23450401	23453212
ENSG00000125815	20	23491099	23496012
ENSG00000101435	20	23564729	23568519
ENSG00000173335	20	23602408	23605919
ENSG00000101439	20	23626704	23638558
ENSG00000101441	20	23685638	23689040
ENSG00000170373	20	23747558	23751270
ENSG00000170369	20	23823767	23826737
ENSG00000170367	20	23875932	23880088
ENSG00000149435	20	23985048	23988781
ENSG00000101463	20	24468023	24666618
ENSG00000077984	20	24949255	24961394
ENSG00000101474	20	24962922	24992786
ENSG00000154930	20	25003362	25058982
ENSG00000100987	20	25069939	25082143
ENSG00000197586	20	25195691	25228077
ENSG00000100994	20	25248028	25298016
ENSG00000100997	20	25294740	25390924
ENSG00000101003	20	25391006	25452702
ENSG00000101004	20	25451592	25585588
ENSG00000170191	20	25612933	25624022
ENSG00000130684	20	25673193	25696886
ENSG00000215547	20	31257662	31259634
ENSG00000215545	20	31303210	31308587
ENSG00000131068	20	31368599	31373925
ENSG00000180483	20	31377157	31390718
ENSG00000204548	20	31404843	31412840
ENSG00000180424	20	31440492	31450266
ENSG00000180383	20	31465469	31476762
ENSG00000088320	20	31474977	31484919
ENSG00000101294	20	31514368	31577925
ENSG00000101898	20	31547361	31572773
ENSG00000125968	20	31573008	31606732
ENSG00000131055	20	31637579	31645029
ENSG00000171552	20	31664450	31723991
ENSG00000088325	20	31739246	31801807
ENSG00000101306	20	31819285	31834691
ENSG00000179772	20	31844301	31845606
ENSG00000149599	20	31847635	31870701
ENSG00000131044	20	31870632	31945002
ENSG00000088356	20	31944335	31952081
ENSG00000260903	20	31968149	32003389
ENSG00000101331	20	32010390	32032187
ENSG00000101336	20	32052195	32101859
ENSG00000101337	20	32109568	32174007
ENSG00000293164	20	32186475	32190362
ENSG00000126003	20	32192502	32207761
ENSG00000101346	20	32207842	32238660
ENSG00000101350	20	32277625	32335013
ENSG00000171456	20	32358264	32439321
ENSG00000197183	20	32443057	32585354
ENSG00000198547	20	32631623	32673943
ENSG00000285382	20	32632181	32743569
ENSG00000149600	20	32702646	32743979
ENSG00000088305	20	32762383	32809361
ENSG00000101367	20	32819767	32856296
ENSG00000215529	20	32858921	32961847
ENSG00000167098	20	32983771	33004435
ENSG00000078898	20	33007694	33023711
ENSG00000167104	20	33029187	33044232
ENSG00000186190	20	33053901	33073849
ENSG00000186191	20	33079641	33111753
ENSG00000131050	20	33161766	33181414
ENSG00000131059	20	33217308	33227808
ENSG00000198183	20	33235985	33243313
ENSG00000125999	20	33273478	33310384
ENSG00000101391	20	33348586	33401563
ENSG00000101400	20	33407953	33443899
ENSG00000078699	20	33490058	33650038
ENSG00000125967	20	33657085	33674475
ENSG00000149609	20	33662325	33665621
ENSG00000288649	20	33666941	33668527
ENSG00000101412	20	33675475	33686428
ENSG00000101417	20	33702756	33720414
ENSG00000131061	20	33731655	33792271
ENSG00000101421	20	33811251	33854368
ENSG00000125970	20	33993630	34108310
ENSG00000125977	20	34088307	34112286
ENSG00000101440	20	34194567	34269348
ENSG00000101444	20	34280261	34311804
ENSG00000078747	20	34363233	34511775
ENSG00000289720	20	34363269	34540925
ENSG00000125971	20	34515598	34540960
ENSG00000101460	20	34546836	34560359
ENSG00000101464	20	34560540	34698792
ENSG00000198646	20	34689095	34825741
ENSG00000078804	20	34701660	34713444
ENSG00000131067	20	34844712	34872890
ENSG00000131069	20	34872144	34927964
ENSG00000100983	20	34928430	34956029
ENSG00000078814	20	34955808	35002442
ENSG00000100991	20	34995207	35092870
ENSG00000088298	20	35113120	35147406
ENSG00000101000	20	35153328	35216255
ENSG00000126005	20	35201743	35278133
ENSG00000125966	20	35226557	35277032
ENSG00000261582	20	35267883	35280045
ENSG00000242372	20	35278889	35285011
ENSG00000125998	20	35285729	35292427
ENSG00000101019	20	35301217	35412072
ENSG00000125965	20	35433345	35454756
ENSG00000126001	20	35455129	35519282
ENSG00000125975	20	35523184	35529654
ENSG00000125991	20	35542020	35557636
ENSG00000061656	20	35615592	35621615
ENSG00000214078	20	35626029	35664964
ENSG00000272897	20	35632338	35674546
ENSG00000244462	20	35648923	35664958
ENSG00000244005	20	35668050	35699378
ENSG00000125995	20	35699226	35703941
ENSG00000131051	20	35701345	35742314
ENSG00000025293	20	35771945	35950387
ENSG00000171222	20	35953615	35959474
ENSG00000149646	20	35954562	36030702
ENSG00000088367	20	36091502	36232801
ENSG00000131043	20	36236129	36270920
ENSG00000080845	20	36306300	36528639
ENSG00000101335	20	36541480	36551952
ENSG00000118707	20	36571892	36593952
ENSG00000259399	20	36574551	36612386
ENSG00000101084	20	36605716	36612559
ENSG00000101082	20	36612316	36646221
ENSG00000101079	20	36651764	36746159
ENSG00000149636	20	36751789	36774300
ENSG00000149639	20	36777445	36863797
ENSG00000101342	20	36873059	36898933
ENSG00000101347	20	36890214	36951895
ENSG00000080839	20	36996086	37096036
ENSG00000101353	20	37101224	37179590
ENSG00000118705	20	37178394	37241632
ENSG00000118702	20	37251080	37261821
ENSG00000101363	20	37289557	37317262
ENSG00000197122	20	37344671	37406052
ENSG00000166619	20	37492470	37528102
ENSG00000053438	20	37521199	37523692
ENSG00000132792	20	37693947	37872131
ENSG00000132821	20	37902985	37945356
ENSG00000101407	20	37983005	38033463
ENSG00000101413	20	38033512	38127782
ENSG00000198959	20	38127383	38168465
ENSG00000149633	20	38210501	38261041
ENSG00000101425	20	38260139	38337507
ENSG00000129988	20	38346074	38378133
ENSG00000170471	20	38472811	38579011
ENSG00000182035	20	38581178	38588465
ENSG00000124143	20	38601773	38651037
ENSG00000101438	20	38724392	38729374
ENSG00000101442	20	38748194	38774863
ENSG00000101445	20	38804913	38923027
ENSG00000101447	20	38926310	38953108
ENSG00000101452	20	38962270	39039725
ENSG00000204103	20	40685846	40689238
ENSG00000198900	20	41028813	41124489
ENSG00000124181	20	41136929	41196803
ENSG00000174306	20	41178446	41317785
ENSG00000132793	20	41340784	41360585
ENSG00000183798	20	41359960	41366857
ENSG00000124177	20	41402081	41618557
ENSG00000196090	20	42072750	43189972
ENSG00000124193	20	43457873	43504986
ENSG00000288000	20	43458052	43541883
ENSG00000185513	20	43489440	43550956
ENSG00000277611	20	43540169	43569500
ENSG00000101049	20	43558966	43588239
ENSG00000101052	20	43590893	43647301
ENSG00000101057	20	43667003	43716497
ENSG00000124196	20	43726162	43727004
ENSG00000124191	20	43914800	44069618
ENSG00000149596	20	44097004	44189034
ENSG00000132823	20	44195937	44219959
ENSG00000124194	20	44247097	44280949
ENSG00000197296	20	44289044	44311259
ENSG00000101074	20	44337041	44351240
ENSG00000101076	20	44355437	44432847
ENSG00000124120	20	44470525	44494606
ENSG00000132824	20	44494492	44522112
ENSG00000168734	20	44531746	44624821
ENSG00000196839	20	44584894	44652254
ENSG00000064205	20	44714268	44728733
ENSG00000124249	20	44745783	44752679
ENSG00000101098	20	44751806	44810558
ENSG00000166913	20	44885674	44908717
ENSG00000101104	20	44909997	44959162
ENSG00000025772	20	44942128	44960451
ENSG00000101109	20	44966472	45084216
ENSG00000124134	20	45091212	45101190
ENSG00000175121	20	45109450	45115219
ENSG00000168703	20	45123423	45124467
ENSG00000124102	20	45174899	45176546
ENSG00000124233	20	45206971	45210607
ENSG00000124157	20	45221371	45224464
ENSG00000124107	20	45251636	45254570
ENSG00000124159	20	45293443	45312471
ENSG00000124232	20	45306838	45317826
ENSG00000124145	20	45325286	45348435
ENSG00000204070	20	45359975	45376800
ENSG00000254806	20	45363198	45410612
ENSG00000124251	20	45371802	45407891
ENSG00000244274	20	45405614	45410872
ENSG00000124155	20	45416082	45456936
ENSG00000101443	20	45469164	45481535
ENSG00000101446	20	45512459	45515624
ENSG00000243543	20	45533089	45539498
ENSG00000249139	20	45534194	45547664
ENSG00000101448	20	45540624	45547788
ENSG00000158901	20	45551151	45579328
ENSG00000180205	20	45607937	45631286
ENSG00000180305	20	45629731	45631198
ENSG00000180083	20	45648561	45670272
ENSG00000182931	20	45684649	45705021
ENSG00000168634	20	45702036	45708819
ENSG00000149651	20	45722345	45725832
ENSG00000124116	20	45747942	45791934
ENSG00000101457	20	45791935	45811429
ENSG00000175063	20	45812559	45816967
ENSG00000101470	20	45823212	45833747
ENSG00000124104	20	45833631	45843278
ENSG00000101473	20	45841707	45857437
ENSG00000132801	20	45857589	45879133
ENSG00000168612	20	45881199	45885268
ENSG00000149634	20	45886489	45887628
ENSG00000124257	20	45888000	45891222
ENSG00000064601	20	45890142	45898951
ENSG00000100979	20	45897533	45912237
ENSG00000100982	20	45934671	45948025
ENSG00000198026	20	45948651	45972360
ENSG00000100985	20	46008867	46016563
ENSG00000124140	20	46021673	46060152
ENSG00000124160	20	46060982	46089975
ENSG00000101017	20	46118238	46130380
ENSG00000149654	20	46173735	46309011
ENSG00000080189	20	46345978	46364462
ENSG00000062598	20	46366043	46432987
ENSG00000184617	20	46459439	46495560
ENSG00000198185	20	46499628	46513598
ENSG00000149635	20	46540944	46550656
ENSG00000158296	20	46557821	46684469
ENSG00000172315	20	46684342	46689666
ENSG00000197496	20	46709575	46737314
ENSG00000064655	20	46894585	47188846
ENSG00000101040	20	47209212	47357808
ENSG00000124151	20	47501847	47656879
ENSG00000196562	20	47656195	47786844
ENSG00000124126	20	48624247	48828098
ENSG00000124198	20	48921705	49036695
ENSG00000124207	20	49046244	49097035
ENSG00000124214	20	49113322	49188419
ENSG00000124228	20	49219345	49244079
ENSG00000124201	20	49237944	49278475
ENSG00000158445	20	49293392	49484572
ENSG00000124212	20	49503872	49568335
ENSG00000158470	20	49632943	49713951
ENSG00000197818	20	49812675	49892244
ENSG00000158480	20	49903389	49915761
ENSG00000124226	20	49936334	49953894
ENSG00000124216	20	49982977	49988888
ENSG00000244687	20	50081120	50115961
ENSG00000124208	20	50081122	50153639
ENSG00000240849	20	50118252	50153756
ENSG00000172216	20	50190732	50192692
ENSG00000196396	20	50510319	50585243
ENSG00000042062	20	50585178	50692023
ENSG00000124171	20	50731363	50756838
ENSG00000124243	20	50794892	50877181
ENSG00000101126	20	50854046	50931439
ENSG00000000419	20	50932895	50959147
ENSG00000124217	20	50958816	50963931
ENSG00000026559	20	51003653	51023246
ENSG00000101096	20	51386955	51563074
ENSG00000054793	20	51596510	51768718
ENSG00000101115	20	51782329	51802580
ENSG00000020256	20	52046636	52204310
ENSG00000182463	20	52972356	53495332
ENSG00000171940	20	53567069	53609909
ENSG00000064787	20	53936775	54070677
ENSG00000019186	20	54153444	54173988
ENSG00000101132	20	54207815	54228054
ENSG00000101134	20	54475457	54651173
ENSG00000054803	20	55996440	56005531
ENSG00000124089	20	56248730	56249817
ENSG00000124098	20	56358956	56368665
ENSG00000087586	20	56369380	56392568
ENSG00000101138	20	56392366	56406364
ENSG00000087589	20	56412027	56460389
ENSG00000022277	20	56468583	56519451
ENSG00000124091	20	56491490	56525927
ENSG00000124103	20	56517185	56526154
ENSG00000213714	20	56533244	56536522
ENSG00000087510	20	56629304	56639285
ENSG00000101144	20	57168746	57266682
ENSG00000054796	20	57329753	57343996
ENSG00000101146	20	57351216	57380116
ENSG00000132819	20	57391387	57409335
ENSG00000124097	20	57487957	57495368
ENSG00000124092	20	57495964	57525654
ENSG00000124253	20	57546218	57570669
ENSG00000124256	20	57603573	57620578
ENSG00000124225	20	57648390	57711538
ENSG00000124237	20	58150895	58161278
ENSG00000124227	20	58216124	58228655
ENSG00000124209	20	58309704	58367509
ENSG00000124164	20	58389112	58451103
ENSG00000198768	20	58457630	58515401
ENSG00000124222	20	58650260	58679528
ENSG00000254995	20	58651432	58715412
ENSG00000215440	20	58689123	58719240
ENSG00000087460	20	58839667	58911194
ENSG00000101158	20	58981201	58997186
ENSG00000101160	20	58985684	59008240
ENSG00000101162	20	59019377	59026656
ENSG00000124172	20	59025473	59032365
ENSG00000101166	20	59033090	59042899
ENSG00000124203	20	59123379	59259115
ENSG00000124205	20	59300211	59325994
ENSG00000087495	20	59577468	59847713
ENSG00000196074	20	59863556	59933686
ENSG00000196227	20	59933641	59952203
ENSG00000132825	20	59936661	59940307
ENSG00000124215	20	59958419	60034013
ENSG00000179242	20	61252206	61940619
ENSG00000130699	20	61953467	62065883
ENSG00000149657	20	62122415	62136730
ENSG00000101182	20	62136723	62143472
ENSG00000184402	20	62143604	62182516
ENSG00000101181	20	62183003	62203573
ENSG00000101180	20	62214958	62220305
ENSG00000130703	20	62231920	62296215
ENSG00000130706	20	62302044	62308869
ENSG00000130702	20	62307953	62367335
ENSG00000171858	20	62365596	62388682
ENSG00000149679	20	62388628	62407321
ENSG00000130701	20	62410141	62427550
ENSG00000130700	20	62463479	62476096
ENSG00000101187	20	62642438	62685787
ENSG00000101188	20	62708425	62762773
ENSG00000101189	20	62796450	62801731
ENSG00000060491	20	62804176	62814002
ENSG00000092758	20	62816242	62841166
ENSG00000101190	20	62840995	62861842
ENSG00000101191	20	62877736	62937994
ENSG00000101193	20	62937058	62948591
ENSG00000101194	20	62952643	62969590
ENSG00000125533	20	63005925	63007037
ENSG00000149658	20	63195427	63216151
ENSG00000101197	20	63235433	63240499
ENSG00000101198	20	63240782	63272696
ENSG00000101199	20	63272783	63289793
ENSG00000101203	20	63293184	63334853
ENSG00000101204	20	63343221	63378403
ENSG00000075043	20	63400206	63472691
ENSG00000101210	20	63477486	63500535
ENSG00000125534	20	63520253	63532110
ENSG00000101213	20	63526304	63537772
ENSG00000125508	20	63538487	63547754
ENSG00000125531	20	63547889	63558140
ENSG00000130589	20	63558084	63574241
ENSG00000101216	20	63587599	63628428
ENSG00000197457	20	63639703	63657684
ENSG00000258366	20	63657808	63696255
ENSG00000026036	20	63659298	63698686
ENSG00000243509	20	63696366	63698691
ENSG00000101246	20	63698620	63708664
ENSG00000197114	20	63707351	63736152
ENSG00000273154	20	63708862	63739105
ENSG00000203896	20	63736281	63739110
ENSG00000273047	20	63738268	63740400
ENSG00000125520	20	63739756	63744605
ENSG00000130584	20	63743666	63832457
ENSG00000183260	20	63861496	63862990
ENSG00000101150	20	63865197	63892268
ENSG00000101152	20	63894639	63939901
ENSG00000198276	20	63939809	63956502
ENSG00000196700	20	63956702	63969969
ENSG00000130590	20	63973608	63980010
ENSG00000101161	20	63979669	64033986
ENSG00000196421	20	64034342	64039964
ENSG00000203883	20	64047580	64050631
ENSG00000171703	20	64049834	64072354
ENSG00000171700	20	64073179	64079990
ENSG00000125510	20	64079965	64100651
ENSG00000171695	20	64083374	64084969
ENSG00000196132	20	64102220	64242255
ENSG00000125522	20	64103800	64107567
ENSG00000203880	20	64254919	64304822
ENSG00000274391	21	10521551	10606142
ENSG00000166351	21	13609775	13645825
ENSG00000188992	21	14108811	14210957
ENSG00000185272	21	14216110	14228374
ENSG00000155304	21	14368765	14383486
ENSG00000155307	21	14485226	14658823
ENSG00000180530	21	14961233	15065938
ENSG00000155313	21	15729896	15880070
ENSG00000154639	21	17512705	17623375
ENSG00000154640	21	17593223	17613016
ENSG00000154642	21	17788967	17819846
ENSG00000154645	21	17901261	18270233
ENSG00000154646	21	18269114	18485881
ENSG00000154654	21	20998407	21543347
ENSG00000154719	21	25572143	25607590
ENSG00000154721	21	25639256	25717785
ENSG00000154723	21	25693621	25735723
ENSG00000154727	21	25734568	25772462
ENSG00000142192	21	25880533	26171130
ENSG00000166265	21	26466207	26573316
ENSG00000154734	21	26835685	26845411
ENSG00000154736	21	26917920	26967643
ENSG00000156239	21	28872189	28885386
ENSG00000198862	21	28927884	28992958
ENSG00000156253	21	29003759	29019376
ENSG00000156256	21	29024627	29055848
ENSG00000156261	21	29054605	29073799
ENSG00000156265	21	29077058	29175891
ENSG00000156273	21	29194069	29630753
ENSG00000171189	21	29536931	29940035
ENSG00000156282	21	30165563	30166807
ENSG00000156284	21	30214004	30216099
ENSG00000188694	21	30281307	30282952
ENSG00000232263	21	30289143	30289516
ENSG00000197683	21	30319122	30320317
ENSG00000206107	21	30337011	30337696
ENSG00000186980	21	30348397	30348608
ENSG00000182816	21	30371388	30372273
ENSG00000198390	21	30396029	30396824
ENSG00000240432	21	30425378	30425928
ENSG00000186971	21	30430218	30431028
ENSG00000186970	21	30440273	30440871
ENSG00000184351	21	30479704	30480369
ENSG00000186965	21	30487041	30487438
ENSG00000244025	21	30491460	30492015
ENSG00000186967	21	30496822	30497167
ENSG00000186977	21	30501655	30502143
ENSG00000186925	21	30541533	30541866
ENSG00000244362	21	30560873	30561316
ENSG00000206106	21	30590103	30590399
ENSG00000212938	21	30592438	30593057
ENSG00000186930	21	30598588	30598904
ENSG00000186924	21	30601085	30601384
ENSG00000184724	21	30613429	30613932
ENSG00000244624	21	30616423	30616701
ENSG00000206105	21	30620625	30620852
ENSG00000184032	21	30635204	30635621
ENSG00000206104	21	30642862	30643138
ENSG00000231068	21	30718523	30718779
ENSG00000187026	21	30746792	30747261
ENSG00000187005	21	30755013	30755430
ENSG00000183640	21	30812695	30813276
ENSG00000274749	21	30829037	30829761
ENSG00000182591	21	30880642	30881582
ENSG00000206102	21	31038157	31038478
ENSG00000156299	21	31117983	31559979
ENSG00000142168	21	31659615	31668933
ENSG00000156304	21	31667489	31732186
ENSG00000142149	21	31872803	32044635
ENSG00000159055	21	32268219	32279100
ENSG00000170262	21	32291811	32314786
ENSG00000142207	21	32311016	32393044
ENSG00000265590	21	32402509	32612867
ENSG00000166979	21	32411690	32517160
ENSG00000242220	21	32497965	32587375
ENSG00000159079	21	32592072	32612883
ENSG00000159082	21	32628754	32728397
ENSG00000159086	21	32733897	32771856
ENSG00000205929	21	32790671	32813745
ENSG00000205927	21	33025325	33029211
ENSG00000184221	21	33070139	33072415
ENSG00000159110	21	33205280	33265677
ENSG00000249624	21	33229890	33297162
ENSG00000243646	21	33265956	33311422
ENSG00000142166	21	33324385	33359866
ENSG00000159128	21	33403203	33479350
ENSG00000142188	21	33432188	33480006
ENSG00000177692	21	33485613	33491755
ENSG00000159131	21	33498515	33543526
ENSG00000159140	21	33542212	33577483
ENSG00000159147	21	33559540	33589017
ENSG00000249209	21	33584685	33931609
ENSG00000205758	21	33589339	33643928
ENSG00000205726	21	33642398	33899863
ENSG00000241837	21	33901025	33915855
ENSG00000243927	21	34072887	34362254
ENSG00000198743	21	34073507	34106262
ENSG00000293606	21	34073507	34143039
ENSG00000159197	21	34180727	34371392
ENSG00000205670	21	34375105	34416963
ENSG00000222018	21	34400110	34401074
ENSG00000243627	21	34414492	34423953
ENSG00000180509	21	34446686	34512216
ENSG00000288711	21	34511120	34614915
ENSG00000159200	21	34513140	34615325
ENSG00000159212	21	34668964	34718229
ENSG00000159216	21	34787799	36004669
ENSG00000185917	21	36034532	36079391
ENSG00000159228	21	36069845	36073168
ENSG00000159231	21	36135040	36146571
ENSG00000142197	21	36156756	36294277
ENSG00000159256	21	36320178	36386150
ENSG00000159259	21	36385352	36419017
ENSG00000159261	21	36460614	36576571
ENSG00000159263	21	36699102	36751137
ENSG00000159267	21	36748624	36990238
ENSG00000183145	21	37006148	37019664
ENSG00000185808	21	37036531	37073822
ENSG00000182670	21	37073204	37203114
ENSG00000157538	21	37221747	37268106
ENSG00000157540	21	37365571	37526360
ENSG00000157542	21	37607371	38121347
ENSG00000157551	21	38155547	38307359
ENSG00000157554	21	38380025	38661965
ENSG00000157557	21	38805113	38824958
ENSG00000183527	21	39172418	39183519
ENSG00000185658	21	39184174	39321561
ENSG00000205581	21	39342277	39349655
ENSG00000182093	21	39377696	39428535
ENSG00000285815	21	39380330	39515508
ENSG00000157578	21	39405133	39445807
ENSG00000185437	21	39445853	39515521
ENSG00000183778	21	39556440	39673139
ENSG00000183067	21	39745181	39802288
ENSG00000183036	21	39867324	39929399
ENSG00000171587	21	40010997	40847160
ENSG00000182240	21	41167773	41282532
ENSG00000183844	21	41304210	41358093
ENSG00000183486	21	41361955	41409422
ENSG00000157601	21	41420018	41470073
ENSG00000184012	21	41464294	41531118
ENSG00000183421	21	41739367	41767111
ENSG00000141956	21	41798223	41879484
ENSG00000157617	21	41885109	41954024
ENSG00000173276	21	41986291	42010389
ENSG00000177398	21	42062957	42143455
ENSG00000160179	21	42199687	42304391
ENSG00000160180	21	42311665	42315532
ENSG00000160181	21	42346355	42350999
ENSG00000160182	21	42362280	42366543
ENSG00000160183	21	42371838	42396124
ENSG00000160185	21	42403445	42447686
ENSG00000160188	21	42472484	42496368
ENSG00000160190	21	42495992	42581442
ENSG00000160191	21	42653582	42776514
ENSG00000160193	21	42843011	42879585
ENSG00000160194	21	42879642	42913306
ENSG00000233056	21	42916801	42925632
ENSG00000160199	21	42974326	43034496
ENSG00000160200	21	43050898	43076945
ENSG00000160201	21	43092954	43107607
ENSG00000160202	21	43169006	43172812
ENSG00000142178	21	43414481	43427139
ENSG00000160207	21	43529184	43659526
ENSG00000234289	21	43565180	43565650
ENSG00000160208	21	43659540	43696082
ENSG00000160209	21	43719059	43762309
ENSG00000160213	21	43772509	43776610
ENSG00000160214	21	43789511	43821502
ENSG00000160216	21	43865079	43987594
ENSG00000288593	21	43939917	43959675
ENSG00000160218	21	44012278	44106555
ENSG00000241945	21	44107304	44131183
ENSG00000160221	21	44133608	44210116
ENSG00000160223	21	44215380	44241448
ENSG00000142182	21	44246337	44262218
ENSG00000160224	21	44285836	44298650
ENSG00000141959	21	44300015	44327379
ENSG00000160226	21	44328941	44339429
ENSG00000142185	21	44350070	44445248
ENSG00000160233	21	44455470	44463454
ENSG00000175894	21	44497891	44712288
ENSG00000215455	21	44538979	44540197
ENSG00000205445	21	44550355	44551507
ENSG00000212935	21	44557788	44558797
ENSG00000215454	21	44573727	44575373
ENSG00000241123	21	44579453	44580606
ENSG00000188155	21	44591266	44592507
ENSG00000272804	21	44600595	44602176
ENSG00000187766	21	44612077	44612956
ENSG00000221837	21	44627091	44628380
ENSG00000221859	21	44637354	44638457
ENSG00000243489	21	44646412	44647652
ENSG00000212933	21	44654211	44654661
ENSG00000205439	21	44657930	44658343
ENSG00000221864	21	44666187	44666929
ENSG00000187175	21	44681574	44682165
ENSG00000189169	21	44697170	44698046
ENSG00000184787	21	44768578	44801828
ENSG00000184900	21	44805602	44818781
ENSG00000183255	21	44849583	44873905
ENSG00000160255	21	44885946	44932081
ENSG00000160256	21	44939936	44977016
ENSG00000197381	21	45073837	45226562
ENSG00000186866	21	45263017	45287900
ENSG00000182871	21	45405116	45513723
ENSG00000173638	21	45493570	45573566
ENSG00000183570	21	45643659	45942456
ENSG00000142156	21	45981725	46005052
ENSG00000142173	21	46096720	46132853
ENSG00000160282	21	46136080	46156049
ENSG00000160284	21	46161146	46184478
ENSG00000160285	21	46187297	46228842
ENSG00000160294	21	46232687	46286619
ENSG00000182362	21	46285829	46313303
ENSG00000160298	21	46291927	46324472
ENSG00000160299	21	46324080	46445771
ENSG00000286224	21	46326286	46326493
ENSG00000160305	21	46458839	46572748
ENSG00000160307	21	46598353	46605210
ENSG00000160310	21	46635195	46666231
ENSG00000130538	22	15528190	15529141
ENSG00000198062	22	15690024	15721633
ENSG00000198445	22	16590749	16592812
ENSG00000172967	22	16783410	16851224
ENSG00000215568	22	16961934	17008224
ENSG00000177663	22	17084932	17115695
ENSG00000183307	22	17116295	17121369
ENSG00000069998	22	17132105	17165289
ENSG00000093072	22	17178788	17258237
ENSG00000099954	22	17359947	17558153
ENSG00000182902	22	17562668	17591929
ENSG00000131100	22	17592134	17630960
ENSG00000099968	22	17628846	17730857
ENSG00000015475	22	17734136	17774772
ENSG00000243156	22	17787647	18024563
ENSG00000215193	22	18077908	18105398
ENSG00000288683	22	18077987	18131722
ENSG00000183785	22	18109702	18146685
ENSG00000184979	22	18148397	18177402
ENSG00000274252	22	18516336	18518163
ENSG00000278558	22	18527800	18530575
ENSG00000275793	22	18605813	18611921
ENSG00000286175	22	18633982	18634684
ENSG00000183628	22	18905675	18916625
ENSG00000283809	22	18906236	18947734
ENSG00000100033	22	18912694	18936453
ENSG00000286025	22	19029522	19031244
ENSG00000070413	22	19036278	19122463
ENSG00000100056	22	19130277	19144686
ENSG00000206203	22	19131306	19132624
ENSG00000063515	22	19146991	19150294
ENSG00000100075	22	19175571	19178865
ENSG00000070371	22	19179317	19291776
ENSG00000100084	22	19330183	19447452
ENSG00000242259	22	19351366	19447716
ENSG00000185608	22	19431835	19436080
ENSG00000070010	22	19449897	19479697
ENSG00000093009	22	19479455	19520614
ENSG00000184113	22	19517450	19527547
ENSG00000184702	22	19714115	19724783
ENSG00000284874	22	19717218	19724774
ENSG00000203618	22	19723537	19724778
ENSG00000184058	22	19756701	19783595
ENSG00000185838	22	19781241	19854949
ENSG00000215012	22	19846136	19854941
ENSG00000184470	22	19875515	19941936
ENSG00000093010	22	19941369	19969977
ENSG00000099889	22	19969864	20016864
ENSG00000183597	22	20016613	20067964
ENSG00000128191	22	20080023	20111879
ENSG00000099899	22	20111864	20117394
ENSG00000099901	22	20115875	20128039
ENSG00000099904	22	20129454	20148009
ENSG00000234409	22	20146379	20151061
ENSG00000040608	22	20241413	20283248
ENSG00000128185	22	20312138	20320087
ENSG00000185252	22	20394113	20409408
ENSG00000244486	22	20424582	20438334
ENSG00000277971	22	20429239	20446622
ENSG00000099910	22	20441517	20496895
ENSG00000099917	22	20495911	20587634
ENSG00000241973	22	20707689	20859419
ENSG00000099937	22	20774090	20787723
ENSG00000099940	22	20858535	20891220
ENSG00000099942	22	20917351	20953749
ENSG00000183773	22	20965106	20981366
ENSG00000099949	22	20981977	20999039
ENSG00000184436	22	20999102	21002198
ENSG00000284130	22	21007197	21014303
ENSG00000291240	22	21008245	21032574
ENSG00000099957	22	21009806	21028015
ENSG00000099960	22	21028713	21032935
ENSG00000187905	22	21045939	21064170
ENSG00000286102	22	21360599	21361301
ENSG00000274600	22	21383749	21389480
ENSG00000169635	22	21416502	21451465
ENSG00000206140	22	21466421	21471271
ENSG00000183246	22	21545664	21551463
ENSG00000185651	22	21549445	21624036
ENSG00000161179	22	21628087	21630072
ENSG00000161180	22	21632714	21637331
ENSG00000128228	22	21642259	21644301
ENSG00000100023	22	21665998	21700017
ENSG00000100027	22	21697534	21735840
ENSG00000100030	22	21755535	21867682
ENSG00000100034	22	21903642	21952867
ENSG00000100038	22	21957023	21982820
ENSG00000169575	22	22244778	22245517
ENSG00000275004	22	22484419	22508817
ENSG00000169548	22	22513224	22520275
ENSG00000185686	22	22547699	22559363
ENSG00000100121	22	22644612	22647900
ENSG00000254709	22	22887778	22896113
ENSG00000100218	22	23059413	23145023
ENSG00000128266	22	23070299	23125038
ENSG00000100228	22	23145364	23165665
ENSG00000186716	22	23179702	23318039
ENSG00000128322	22	23573123	23580304
ENSG00000189269	22	23608450	23632324
ENSG00000159496	22	23688134	23699178
ENSG00000187792	22	23738680	23751732
ENSG00000128218	22	23752739	23754456
ENSG00000169314	22	23762988	23765865
ENSG00000250479	22	23765832	23767984
ENSG00000099953	22	23768224	23784324
ENSG00000099956	22	23786929	23838011
ENSG00000099958	22	23834501	23839133
ENSG00000133460	22	23856701	23886314
ENSG00000251357	22	23862186	23895225
ENSG00000099977	22	23891178	23980546
ENSG00000240972	22	23894370	23895229
ENSG00000133433	22	23957412	23961343
ENSG00000099974	22	23966879	23972560
ENSG00000099984	22	23980056	23983917
ENSG00000276950	22	23998395	24005455
ENSG00000099991	22	24011190	24178636
ENSG00000099994	22	24181449	24191988
ENSG00000099998	22	24210980	24245765
ENSG00000100014	22	24270775	24417742
ENSG00000258555	22	24270896	24442358
ENSG00000128271	22	24417877	24443179
ENSG00000100024	22	24494105	24552472
ENSG00000138867	22	24540421	24555944
ENSG00000100028	22	24555416	24584052
ENSG00000286070	22	24556005	24628989
ENSG00000178026	22	24580721	24593210
ENSG00000100031	22	24588694	24629013
ENSG00000184571	22	24719032	24774722
ENSG00000167037	22	24806065	24932152
ENSG00000206069	22	24935096	24946697
ENSG00000197077	22	24952641	25197450
ENSG00000100053	22	25199856	25207361
ENSG00000244752	22	25212562	25231872
ENSG00000100077	22	25564430	25729296
ENSG00000133454	22	25742140	26031047
ENSG00000100095	22	26169118	26383599
ENSG00000128203	22	26428727	26445017
ENSG00000100099	22	26442596	26483933
ENSG00000100104	22	26483856	26494660
ENSG00000100109	22	26490720	26512507
ENSG00000128294	22	26521994	26596719
ENSG00000100122	22	26599275	26619632
ENSG00000196431	22	26621956	26630671
ENSG00000169184	22	27748275	27801758
ENSG00000180957	22	27851421	27920136
ENSG00000100154	22	27978012	28679927
ENSG00000183765	22	28687736	28742424
ENSG00000100209	22	28742010	28757527
ENSG00000159873	22	28772672	28789303
ENSG00000100219	22	28793532	28800599
ENSG00000183579	22	28883535	29057490
ENSG00000100249	22	29058670	29061833
ENSG00000183762	22	29072935	29168335
ENSG00000186998	22	29205807	29259600
ENSG00000100263	22	29259848	29268223
ENSG00000182944	22	29268007	29300532
ENSG00000185340	22	29306392	29312789
ENSG00000100276	22	29312931	29319681
ENSG00000100280	22	29327678	29388614
ENSG00000128250	22	29438581	29442457
ENSG00000100285	22	29480207	29491392
ENSG00000100296	22	29505877	29555218
ENSG00000184117	22	29554804	29581329
ENSG00000186575	22	29603518	29698600
ENSG00000100314	22	29719996	29731835
ENSG00000100319	22	29728136	29767086
ENSG00000184076	22	29767350	29770415
ENSG00000100325	22	29788042	29838306
ENSG00000100330	22	29883139	30030870
ENSG00000176635	22	30080442	30211429
ENSG00000128342	22	30240451	30246806
ENSG00000099985	22	30262827	30266860
ENSG00000239282	22	30285112	30289696
ENSG00000248751	22	30285236	30299484
ENSG00000099992	22	30291988	30326949
ENSG00000099995	22	30331986	30356921
ENSG00000187860	22	30356629	30378675
ENSG00000099999	22	30368809	30421773
ENSG00000100003	22	30396939	30425305
ENSG00000249590	22	30409253	30428992
ENSG00000242114	22	30425621	30429060
ENSG00000100012	22	30447957	30472058
ENSG00000133488	22	30488888	30505727
ENSG00000214491	22	30522797	30546743
ENSG00000128242	22	30554630	30576212
ENSG00000100029	22	30576622	30607085
ENSG00000185339	22	30607001	30630714
ENSG00000100036	22	30635671	30669018
ENSG00000167065	22	30652049	30667889
ENSG00000184792	22	30693780	30907826
ENSG00000133422	22	30925128	30969664
ENSG00000253352	22	30969243	30979415
ENSG00000183963	22	31064103	31104759
ENSG00000198832	22	31104770	31120071
ENSG00000185133	22	31122729	31134699
ENSG00000100078	22	31130766	31140515
ENSG00000138942	22	31160147	31207021
ENSG00000182541	22	31212191	31280966
ENSG00000100100	22	31281592	31292546
ENSG00000100105	22	31325802	31346607
ENSG00000185721	22	31399513	31528742
ENSG00000184708	22	31436975	31497049
ENSG00000198089	22	31488686	31618590
ENSG00000241878	22	31618487	31662253
ENSG00000183530	22	31676254	31750209
ENSG00000100150	22	31753865	31908035
ENSG00000285404	22	31754897	31956245
ENSG00000128245	22	31944463	31957605
ENSG00000100170	22	32043048	32113031
ENSG00000205856	22	32149004	32159324
ENSG00000128253	22	32190431	32205075
ENSG00000100191	22	32216635	32255349
ENSG00000128276	22	32354883	32361163
ENSG00000100220	22	32387573	32412267
ENSG00000184459	22	32413843	32464486
ENSG00000100225	22	32474674	32499789
ENSG00000185666	22	32507818	33058390
ENSG00000100234	22	32801574	32863044
ENSG00000133424	22	33162224	33922887
ENSG00000175329	22	35066134	35087394
ENSG00000100281	22	35257450	35295809
ENSG00000100284	22	35299273	35351742
ENSG00000100292	22	35380359	35394216
ENSG00000100297	22	35400074	35452658
ENSG00000100302	22	35539794	35554005
ENSG00000198125	22	35606762	35637953
ENSG00000221963	22	35648126	35668411
ENSG00000128313	22	35717870	35729485
ENSG00000100320	22	35738734	36028826
ENSG00000128284	22	36139790	36166179
ENSG00000100336	22	36189122	36204842
ENSG00000128335	22	36220305	36239956
ENSG00000100342	22	36253069	36267532
ENSG00000100345	22	36281275	36388020
ENSG00000100348	22	36466893	36482074
ENSG00000100350	22	36487188	36507223
ENSG00000100353	22	36510845	36529247
ENSG00000166862	22	36560855	36703781
ENSG00000100360	22	36741344	36776311
ENSG00000100362	22	36800680	36819481
ENSG00000100365	22	36860793	36878069
ENSG00000100368	22	36913588	36940456
ENSG00000185264	22	36991117	37007886
ENSG00000128311	22	37010857	37024799
ENSG00000128309	22	37019633	37029830
ENSG00000100379	22	37051703	37063392
ENSG00000187045	22	37065003	37110892
ENSG00000100385	22	37118664	37176678
ENSG00000133466	22	37180164	37199387
ENSG00000278195	22	37204235	37212484
ENSG00000128340	22	37225268	37259596
ENSG00000100055	22	37282025	37315348
ENSG00000166897	22	37367958	37427598
ENSG00000100060	22	37464542	37486434
ENSG00000100065	22	37490360	37519593
ENSG00000128283	22	37555110	37571054
ENSG00000100079	22	37570244	37582618
ENSG00000100083	22	37608472	37633566
ENSG00000100092	22	37634652	37656119
ENSG00000285304	22	37639691	37666934
ENSG00000241360	22	37658713	37666936
ENSG00000100097	22	37675585	37683416
ENSG00000273899	22	37681671	37693478
ENSG00000100101	22	37686412	37726505
ENSG00000100106	22	37696981	37776583
ENSG00000189060	22	37805227	37807434
ENSG00000100116	22	37807870	37817388
ENSG00000128310	22	37822196	37825853
ENSG00000100124	22	37830851	37849329
ENSG00000100129	22	37848866	37889409
ENSG00000100139	22	37905655	37942824
ENSG00000128346	22	37943048	37953671
ENSG00000100142	22	37952605	38041934
ENSG00000100146	22	37970684	37987424
ENSG00000100151	22	38056309	38076052
ENSG00000100156	22	38078132	38084188
ENSG00000128298	22	38084650	38111017
ENSG00000184381	22	38111493	38214780
ENSG00000185022	22	38200765	38219323
ENSG00000198792	22	38215912	38273807
ENSG00000213923	22	38281745	38320046
ENSG00000283900	22	38291916	38398524
ENSG00000168135	22	38426325	38455904
ENSG00000100196	22	38468019	38483764
ENSG00000100201	22	38483436	38507662
ENSG00000100206	22	38509020	38570213
ENSG00000184949	22	38578116	38656631
ENSG00000100211	22	38656373	38673922
ENSG00000100216	22	38681922	38687686
ENSG00000100221	22	38685541	38701558
ENSG00000100226	22	38705740	38738301
ENSG00000100242	22	38733278	38794200
ENSG00000100246	22	38778503	38794200
ENSG00000221890	22	38818450	38844038
ENSG00000183741	22	38861420	38872251
ENSG00000128383	22	38952739	38963186
ENSG00000179750	22	38982345	38992806
ENSG00000244509	22	39014161	39020354
ENSG00000284554	22	39014361	39033278
ENSG00000243811	22	39020950	39034329
ENSG00000128394	22	39040602	39055974
ENSG00000239713	22	39077052	39087746
ENSG00000100298	22	39096255	39104073
ENSG00000100307	22	39119304	39152721
ENSG00000100311	22	39221744	39244984
ENSG00000100316	22	39312868	39320391
ENSG00000100321	22	39349854	39385762
ENSG00000100324	22	39399776	39437130
ENSG00000128268	22	39447125	39492196
ENSG00000100335	22	39499430	39518134
ENSG00000285025	22	39504229	39504445
ENSG00000128272	22	39519693	39522692
ENSG00000187051	22	39522876	39532828
ENSG00000100346	22	39570751	39689737
ENSG00000176177	22	39743042	39893866
ENSG00000100351	22	39901082	39973723
ENSG00000225528	22	39960395	39964907
ENSG00000133477	22	39994915	40043536
ENSG00000100354	22	40044754	40335810
ENSG00000239900	22	40346459	40390465
ENSG00000284431	22	40346527	40410056
ENSG00000100359	22	40370562	40410839
ENSG00000196588	22	40410279	40636728
ENSG00000128285	22	40679271	40682814
ENSG00000100372	22	40769628	40819404
ENSG00000100380	22	40824443	40856921
ENSG00000196236	22	40857052	40932817
ENSG00000172404	22	40859547	40862115
ENSG00000100387	22	40951275	40973541
ENSG00000100393	22	41091814	41180079
ENSG00000100395	22	41205280	41231625
ENSG00000100399	22	41229254	41241002
ENSG00000100401	22	41243472	41302746
ENSG00000100403	22	41301455	41360157
ENSG00000167074	22	41367331	41399328
ENSG00000183864	22	41433487	41447604
ENSG00000100412	22	41447828	41529275
ENSG00000100410	22	41448893	41468715
ENSG00000100413	22	41525797	41544608
ENSG00000172346	22	41560756	41577743
ENSG00000100417	22	41576884	41595277
ENSG00000100418	22	41598026	41621091
ENSG00000196419	22	41620784	41664089
ENSG00000100138	22	41666625	41690506
ENSG00000167077	22	41699492	41799458
ENSG00000100147	22	41800319	41832180
ENSG00000198911	22	41833027	41907310
ENSG00000234965	22	41906314	41915131
ENSG00000159958	22	41922030	41926808
ENSG00000100162	22	41927512	41947185
ENSG00000205704	22	41947176	41958944
ENSG00000100167	22	41969441	41998223
ENSG00000183066	22	41998723	42058458
ENSG00000198951	22	42032593	42071200
ENSG00000177096	22	42073787	42079441
ENSG00000183172	22	42079562	42090035
ENSG00000184983	22	42080334	42090886
ENSG00000100197	22	42120960	42131729
ENSG00000205702	22	42140201	42149502
ENSG00000100207	22	42160011	42343618
ENSG00000235568	22	42380405	42432427
ENSG00000189306	22	42507980	42519855
ENSG00000183569	22	42553615	42574389
ENSG00000100227	22	42582748	42614964
ENSG00000289517	22	42583834	42627690
ENSG00000100243	22	42615728	42720872
ENSG00000249222	22	42639801	42640603
ENSG00000128274	22	42691008	42721300
ENSG00000242247	22	42796500	42858108
ENSG00000100266	22	42835410	43015187
ENSG00000100271	22	43039445	43089432
ENSG00000100290	22	43110740	43129714
ENSG00000100294	22	43130625	43143403
ENSG00000100300	22	43151075	43163248
ENSG00000100304	22	43164364	43187162
ENSG00000159307	22	43197278	43343381
ENSG00000186732	22	43411194	43507852
ENSG00000186976	22	43528742	43812339
ENSG00000130540	22	43824505	43862547
ENSG00000100341	22	43878566	43892496
ENSG00000100344	22	43923759	43964490
ENSG00000100347	22	43955397	44010533
ENSG00000188677	22	43999209	44172941
ENSG00000138964	22	44172944	44219535
ENSG00000138944	22	44243663	44332011
ENSG00000188636	22	44491940	44498406
ENSG00000186654	22	44668545	44737683
ENSG00000248405	22	44702231	44862708
ENSG00000241484	22	44752545	44862803
ENSG00000056487	22	44881160	45010024
ENSG00000093000	22	45163915	45188019
ENSG00000100364	22	45192158	45240946
ENSG00000100373	22	45284922	45295876
ENSG00000100376	22	45308966	45342830
ENSG00000077935	22	45344061	45413621
ENSG00000128408	22	45413678	45437428
ENSG00000077942	22	45502236	45601983
ENSG00000130638	22	45671708	45856030
ENSG00000188064	22	45920364	45977262
ENSG00000186951	22	46149922	46243757
ENSG00000205643	22	46241403	46250899
ENSG00000130943	22	46255661	46263345
ENSG00000075234	22	46267959	46295099
ENSG00000075218	22	46296868	46330812
ENSG00000100416	22	46330873	46357346
ENSG00000075275	22	46360832	46537640
ENSG00000075240	22	46575634	46682757
ENSG00000100422	22	46684407	46738321
ENSG00000054611	22	46762615	47175701
ENSG00000219438	22	48489184	48850914
ENSG00000100425	22	49773276	49827948
ENSG00000100426	22	49853825	49897385
ENSG00000182858	22	49854501	49918475
ENSG00000184164	22	49917987	49927546
ENSG00000198355	22	49956489	49991797
ENSG00000188263	22	49991809	50012767
ENSG00000138892	22	50018573	50058300
ENSG00000100427	22	50059389	50085971
ENSG00000073146	22	50090000	50161692
ENSG00000073150	22	50170456	50180297
ENSG00000170638	22	50184715	50199602
ENSG00000073169	22	50200992	50217618
ENSG00000128159	22	50217619	50245035
ENSG00000100429	22	50245181	50251409
ENSG00000188130	22	50245184	50261853
ENSG00000185386	22	50263701	50270769
ENSG00000196576	22	50274974	50307697
ENSG00000205593	22	50308987	50327663
ENSG00000100239	22	50330657	50445092
ENSG00000100241	22	50443217	50483925
ENSG00000128165	22	50481514	50486442
ENSG00000100253	22	50486782	50490650
ENSG00000100258	22	50502945	50507753
ENSG00000025770	22	50508125	50524783
ENSG00000284194	22	50523562	50526463
ENSG00000025708	22	50525750	50530328
ENSG00000177989	22	50529708	50532592
ENSG00000130487	22	50545897	50551025
ENSG00000217442	22	50551107	50562956
ENSG00000205560	22	50567622	50578683
ENSG00000254413	22	50568867	50582967
ENSG00000100288	22	50578957	50601457
ENSG00000008735	22	50600657	50613983
ENSG00000100299	22	50622752	50628179
ENSG00000251322	22	50674406	50733214
ENSG00000100312	22	50738194	50745443
ENSG00000079974	22	50767489	50783762
